서버 시작: http://127.0.0.1:8011 (debug=True, 로컬은 자동 리로드 ON)
  · Gemini 검수 호출 : ⏸️ 꺼짐 — 일시 중단 (GEMINI_REVIEW_ENABLED)
  · Gemini 카카오발송: ⏸️ 꺼짐 — 일시 중단 (GEMINI_KAKAO_ENABLED)
  · 결정론 검수(②④) : 🟢 항상 동작 (logs/det_review/) · 경주 추천 카카오: 🟢 정상
  · Gemini 독립예측  : ✅ 켜짐
  · 선택 모듈 로드          ✅ 전부 정상
  --- 환경 플래그(자동 수집) ---
  · GEMINI_FORECAST_ENABLED    🟢 켜짐
 * Serving Flask app 'app'
 * Debug mode: on
서버 시작: http://127.0.0.1:8011 (debug=True, 로컬은 자동 리로드 ON)
  · Gemini 검수 호출 : ⏸️ 꺼짐 — 일시 중단 (GEMINI_REVIEW_ENABLED)
  · Gemini 카카오발송: ⏸️ 꺼짐 — 일시 중단 (GEMINI_KAKAO_ENABLED)
  · 결정론 검수(②④) : 🟢 항상 동작 (logs/det_review/) · 경주 추천 카카오: 🟢 정상
  · Gemini 독립예측  : ✅ 켜짐
  · 선택 모듈 로드          ✅ 전부 정상
  --- 환경 플래그(자동 수집) ---
  · GEMINI_FORECAST_ENABLED    🟢 켜짐
[주기백업] 6시간 주기 데이터 안전 백업 스레드 시작
[학습일지] 매일 22:00 학습 일지 자동 생성 스케줄러 시작
[체크리스트 카카오] 자동 발송 스케줄러 시작(매일 21:00 · 60초 폴링 · HEALTH_KAKAO_HOUR)
[다중경주] 백그라운드 시작(스케줄 30분·수집 30초·실패격리·워치독 60초)
[다중경주] 하트비트 #1 · 스케줄 ymd=20260801 (-1초 전 갱신 · 트랙 12개)
[JRA수집] 중앙경마 백그라운드 시작(60초 · 마감15분창 · type[4, 7] · 🔬관찰모드(추천 미반영))
[날씨] 자동수집 데몬 시작(30분 캐시· 키 없음→더미)
[결과 백필] 데몬 시작(20분 주기·당일 미입력 자동수집 — 한국:KRA rcTime · 일본NAR:keiba RaceMarkTable·watch 무관)
[부팅] 백그라운드 작업 기동 완료(자동수집·백업·학습·날짜정리)
[각질편성] 사세보 4경주: 선행1·선입0·추입6 → 🐌 느린 페이스
[각질편성] 사세보 4경주: 선행1·선입0·추입6 → 🐌 느린 페이스
[경륜전개] 사세보 4경주: 슬로우(단독 선행) · 라인 2개 · 페어 [[1, 4], [7, 3]]
[경륜전개] 사세보 4경주: 슬로우(단독 선행) · 라인 2개 · 페어 [[1, 4], [7, 3]]
⏸ [폴링 저장 가드] 사세보 4경주: 마감 후 readonly → 로그 저장 생략(분석·표시는 정상)
[3종 수집] 오다와라 4경주: {'quinella': 36, 'exacta': 72, 'trio': 0, 'win': 0} (history 11)
🔮 [예측] 오다와라 4경주: top3=[5, 3, 1] conf=4 · 이 경주는 2명의 선행형(5번, 1번)과 다수의 추입형이 혼재되어 있어 
[placeholder 필터] 오다와라 4경주 쌍승 껍데기 배당 3조합 제외(값: [759.9])
[각질편성] 오다와라 4경주: 선행3·선입0·추입6 → ⚡ 빠른 페이스
[경륜전개] 오다와라 4경주: 보통 · 라인 3개 · 페어 [[5, 3], [1, 7], [9, 2]]
[복승불일치 축교정] 오다와라 4경주: 축 [1, 7]로 교정(자금이탈 강등 [5]·🔴🔴)
[경륜 B라인v2] 에러(무시·보류 항목): name 'key_horses' is not defined
[자동예상] 오다와라 4경주 최종예상 저장(2026_08_01_오다와라_4경주.json)
[placeholder 필터] 오다와라 4경주 쌍승 껍데기 배당 3조합 제외(값: [759.9])
[각질편성] 오다와라 4경주: 선행3·선입0·추입6 → ⚡ 빠른 페이스
[경륜전개] 오다와라 4경주: 보통 · 라인 3개 · 페어 [[5, 3], [1, 7], [9, 2]]
[복승불일치 축교정] 오다와라 4경주: 축 [1, 7]로 교정(자금이탈 강등 [5]·🔴🔴)
[자동분석·배경] 오다와라 4경주: 마감 275초 전 재분석(rec_history 누적·cycle)
[카톡 변경알림·즉시] 오다와라 4경주 (남은 275s): 삼복승 제외: 1+3+7 · 1+4+7
[placeholder 필터] 오다와라 4경주 쌍승 껍데기 배당 3조합 제외(값: [759.9])
[각질편성] 오다와라 4경주: 선행3·선입0·추입6 → ⚡ 빠른 페이스
[경륜전개] 오다와라 4경주: 보통 · 라인 3개 · 페어 [[5, 3], [1, 7], [9, 2]]
[복승불일치 축교정] 오다와라 4경주: 축 [1, 7]로 교정(자금이탈 강등 [5]·🔴🔴)
[카카오알림] 오다와라 4경주 T-5 → 큐 적재
[각질편성] 사세보 4경주: 선행1·선입0·추입6 → 🐌 느린 페이스
[경륜전개] 사세보 4경주: 슬로우(단독 선행) · 라인 2개 · 페어 [[1, 4], [7, 3]]
[각질편성] 사세보 4경주: 선행1·선입0·추입6 → 🐌 느린 페이스
[경륜전개] 사세보 4경주: 슬로우(단독 선행) · 라인 2개 · 페어 [[1, 4], [7, 3]]
[경륜 스케줄] 20260801: 경륜장 10곳 · 경주 94개(서버 직접수집·로그인 불필요)
[각질편성] 오다와라 3경주: 선행3·선입0·추입6 → ⚡ 빠른 페이스
[경륜전개] 오다와라 3경주: 슬로우(단독 선행) · 라인 3개 · 페어 [[2, 8], [5, 1], [3, 9]]
[각질편성] 오다와라 3경주: 선행3·선입0·추입6 → ⚡ 빠른 페이스
[각질편성] 아오모리 4경주: 선행2·선입0·추입5 → 보통 페이스
[경륜전개] 오다와라 3경주: 슬로우(단독 선행) · 라인 3개 · 페어 [[2, 8], [5, 1], [3, 9]]
[경륜전개] 아오모리 4경주: 슬로우(단독 선행) · 라인 2개 · 페어 [[2, 7], [4, 1]]
[복승불일치 축교정] 아오모리 4경주: 축 [1, 4]로 교정(자금이탈 강등 [7]·🔴🔴)
[각질편성] 사세보 4경주: 선행1·선입0·추입6 → 🐌 느린 페이스
[각질편성] 사세보 4경주: 선행1·선입0·추입6 → 🐌 느린 페이스
[경륜전개] 사세보 4경주: 슬로우(단독 선행) · 라인 2개 · 페어 [[1, 4], [7, 3]]
[경륜전개] 사세보 4경주: 슬로우(단독 선행) · 라인 2개 · 페어 [[1, 4], [7, 3]]
⏸ [폴링 저장 가드] 오다와라 3경주: 마감 후 readonly → 로그 저장 생략(분석·표시는 정상)
[결과기록] 캐시 갱신 — 재파싱 1669건 / 전체 1669건
[각질편성] 호후 4경주: 선행2·선입0·추입5 → 보통 페이스
[경륜전개] 호후 4경주: 보통 · 라인 2개 · 페어 [[2, 7], [3, 4]]
[각질편성] 아오모리 5경주: 선행2·선입0·추입5 → 보통 페이스
[경륜전개] 아오모리 5경주: 보통 · 라인 2개 · 페어 [[3, 4], [5, 1]]
[복승불일치 축교정] 아오모리 5경주: 축 [1, 3]로 교정(자금이탈 강등 [6]·🔴)
[각질편성] 호후 5경주: 선행3·선입0·추입4 → ⚡ 빠른 페이스
[경륜전개] 호후 5경주: 보통 · 라인 3개 · 페어 [[5, 1], [4, 2], [3, 7]]
[각질편성] 아오모리 6경주: 선행4·선입0·추입3 → ⚡ 빠른 페이스
[경륜전개] 아오모리 6경주: 하이(주도권 경합) · 라인 4개 · 페어 [[1, 3], [7, 4], [6, 2]]
[placeholder 필터] 호후 6경주 쌍승 껍데기 배당 3조합 제외(값: [300.2])
[각질편성] 호후 6경주: 선행5·선입0·추입2 → ⚡ 빠른 페이스
[경륜전개] 호후 6경주: 보통 · 라인 5개 · 페어 [[5, 1], [4, 2]]
[각질편성] 사세보 4경주: 선행1·선입0·추입6 → 🐌 느린 페이스
[각질편성] 사세보 4경주: 선행1·선입0·추입6 → 🐌 느린 페이스
[경륜전개] 사세보 4경주: 슬로우(단독 선행) · 라인 2개 · 페어 [[1, 4], [7, 3]]
[경륜전개] 사세보 4경주: 슬로우(단독 선행) · 라인 2개 · 페어 [[1, 4], [7, 3]]
[placeholder 필터] 아오모리 7경주 쌍승 껍데기 배당 3조합 제외(값: [1703.0])
[각질편성] 아오모리 7경주: 선행5·선입0·추입2 → ⚡ 빠른 페이스
[경륜전개] 아오모리 7경주: 슬로우(단독 선행) · 라인 5개 · 페어 [[4, 5], [3, 7]]
[각질편성] 호후 7경주: 선행5·선입0·추입2 → ⚡ 빠른 페이스
[경륜전개] 호후 7경주: 하이(주도권 경합) · 라인 5개 · 페어 [[5, 2], [3, 7]]
[각질편성] 사세보 1경주: 선행2·선입0·추입5 → 보통 페이스
[경륜전개] 사세보 1경주: 보통 · 라인 2개 · 페어 [[1, 5], [6, 2]]
[각질편성] 오다와라 1경주: 선행5·선입0·추입4 → ⚡ 빠른 페이스
[경륜전개] 오다와라 1경주: 보통 · 라인 5개 · 페어 [[1, 5], [7, 3]]
[각질편성] 기후 1경주: 선행2·선입0·추입5 → 보통 페이스
[경륜전개] 기후 1경주: 보통 · 라인 2개 · 페어 [[7, 3], [1, 4]]
[각질편성] 사세보 2경주: 선행2·선입0·추입5 → 보통 페이스
[경륜전개] 사세보 2경주: 보통 · 라인 2개 · 페어 [[7, 2], [5, 1]]
[복승불일치 축교정] 사세보 2경주: 축 [2, 7]로 교정(자금이탈 강등 [1]·🔴🔴)
[각질편성] 오다와라 2경주: 선행4·선입0·추입5 → ⚡ 빠른 페이스
[경륜전개] 오다와라 2경주: 슬로우(단독 선행) · 라인 4개 · 페어 [[2, 7], [9, 1], [6, 4], [8, 3]]
[각질편성] 기후 2경주: 선행3·선입0·추입4 → ⚡ 빠른 페이스
[경륜전개] 기후 2경주: 하이(주도권 경합) · 라인 3개 · 페어 [[3, 4], [7, 2], [6, 1]]
[복승불일치 축교정] 기후 2경주: 축 [3, 4]로 교정(자금이탈 강등 [6]·🔴🔴)
[각질편성] 사세보 3경주: 선행4·선입0·추입3 → ⚡ 빠른 페이스
[경륜전개] 사세보 3경주: 하이(주도권 경합) · 라인 4개 · 페어 [[5, 1], [6, 2]]
[각질편성] 오다와라 3경주: 선행3·선입0·추입6 → ⚡ 빠른 페이스
[경륜전개] 오다와라 3경주: 슬로우(단독 선행) · 라인 3개 · 페어 [[2, 8], [5, 1], [3, 9]]
[각질편성] 기후 3경주: 선행3·선입0·추입4 → ⚡ 빠른 페이스
[경륜전개] 기후 3경주: 보통 · 라인 3개 · 페어 [[5, 7], [4, 3], [6, 1]]
[복승불일치 축교정] 기후 3경주: 축 [5, 7]로 교정(자금이탈 강등 [4]·🔴🔴)
[각질편성] 사세보 4경주: 선행1·선입0·추입6 → 🐌 느린 페이스
[경륜전개] 사세보 4경주: 슬로우(단독 선행) · 라인 2개 · 페어 [[1, 4], [7, 3]]
[placeholder 필터] 오다와라 4경주 쌍승 껍데기 배당 3조합 제외(값: [759.9])
[각질편성] 오다와라 4경주: 선행3·선입0·추입6 → ⚡ 빠른 페이스
[경륜전개] 오다와라 4경주: 보통 · 라인 3개 · 페어 [[5, 3], [1, 7], [9, 2]]
[복승불일치 축교정] 오다와라 4경주: 축 [1, 7]로 교정(자금이탈 강등 [5]·🔴🔴)
[각질편성] 사세보 4경주: 선행1·선입0·추입6 → 🐌 느린 페이스
[경륜전개] 사세보 4경주: 슬로우(단독 선행) · 라인 2개 · 페어 [[1, 4], [7, 3]]
[한국경마 스케줄] 20260801: 경마장 0곳 · 경주 0개(KRA API 감지·발주시각 미제공)
[다중경주 스케줄] 20260801: 트랙 12곳(경륜 10·한국 0 포함) · 경주 118개
[3종 수집] 오다와라 4경주: {'quinella': 36, 'exacta': 72, 'trio': 0, 'win': 0} (history 12)
[placeholder 필터] 오다와라 4경주 쌍승 껍데기 배당 3조합 제외(값: [1398.7])
[각질편성] 오다와라 4경주: 선행3·선입0·추입6 → ⚡ 빠른 페이스
[경륜전개] 오다와라 4경주: 보통 · 라인 3개 · 페어 [[5, 3], [1, 7], [9, 2]]
[경륜 추천 모순 수정] 고배당 강제조합 1건 메인→복병 이동(25배 상한)
[자동분석·배경] 오다와라 4경주: 마감 238초 전 재분석(rec_history 누적·cycle)
[카톡 변경알림·즉시] 오다와라 4경주 (남은 238s): 삼복승 제외: 1+3+7 · 1+4+7
[각질편성] 사세보 4경주: 선행1·선입0·추입6 → 🐌 느린 페이스
[경륜전개] 사세보 4경주: 슬로우(단독 선행) · 라인 2개 · 페어 [[1, 4], [7, 3]]
[각질편성] 사세보 4경주: 선행1·선입0·추입6 → 🐌 느린 페이스
[각질편성] 사세보 4경주: 선행1·선입0·추입6 → 🐌 느린 페이스
[경륜전개] 사세보 4경주: 슬로우(단독 선행) · 라인 2개 · 페어 [[1, 4], [7, 3]]
[경륜전개] 사세보 4경주: 슬로우(단독 선행) · 라인 2개 · 페어 [[1, 4], [7, 3]]
[3종 수집] 삿포로 5경주: {'quinella': 78, 'exacta': 0, 'trio': 286, 'win': 0} (history 1)
[JRA수집] 1경주 수집 · 0경주 생략(확장 우선) · 6.09초 · 🔬관찰모드
[각질편성] 사세보 4경주: 선행1·선입0·추입6 → 🐌 느린 페이스
[경륜전개] 사세보 4경주: 슬로우(단독 선행) · 라인 2개 · 페어 [[1, 4], [7, 3]]
[3종 수집] 오다와라 4경주: {'quinella': 36, 'exacta': 72, 'trio': 0, 'win': 0} (history 12)
[placeholder 필터] 오다와라 4경주 쌍승 껍데기 배당 3조합 제외(값: [1398.7])
[각질편성] 오다와라 4경주: 선행3·선입0·추입6 → ⚡ 빠른 페이스
[경륜전개] 오다와라 4경주: 보통 · 라인 3개 · 페어 [[5, 3], [1, 7], [9, 2]]
[경륜 추천 모순 수정] 고배당 강제조합 1건 메인→복병 이동(25배 상한)
[자동분석·배경] 오다와라 4경주: 마감 206초 전 재분석(rec_history 누적·cycle)
[카톡 변경알림·즉시] 오다와라 4경주 (남은 206s): 복승 추가: 3+5 / 복승 제외: 1+3
[각질편성] 사세보 4경주: 선행1·선입0·추입6 → 🐌 느린 페이스
[경륜전개] 사세보 4경주: 슬로우(단독 선행) · 라인 2개 · 페어 [[1, 4], [7, 3]]
[각질편성] 오다와라 3경주: 선행3·선입0·추입6 → ⚡ 빠른 페이스
[경륜전개] 오다와라 3경주: 슬로우(단독 선행) · 라인 3개 · 페어 [[2, 8], [5, 1], [3, 9]]
[각질편성] 오다와라 3경주: 선행3·선입0·추입6 → ⚡ 빠른 페이스
[각질편성] 아오모리 4경주: 선행2·선입0·추입5 → 보통 페이스
[경륜전개] 오다와라 3경주: 슬로우(단독 선행) · 라인 3개 · 페어 [[2, 8], [5, 1], [3, 9]]
[경륜전개] 아오모리 4경주: 슬로우(단독 선행) · 라인 2개 · 페어 [[2, 7], [4, 1]]
[각질편성] 사세보 4경주: 선행1·선입0·추입6 → 🐌 느린 페이스
[경륜전개] 사세보 4경주: 슬로우(단독 선행) · 라인 2개 · 페어 [[1, 4], [7, 3]]
[각질편성] 사세보 4경주: 선행1·선입0·추입6 → 🐌 느린 페이스
[각질편성] 사세보 4경주: 선행1·선입0·추입6 → 🐌 느린 페이스
[경륜전개] 사세보 4경주: 슬로우(단독 선행) · 라인 2개 · 페어 [[1, 4], [7, 3]]
[복승불일치 축교정] 아오모리 4경주: 축 [1, 4]로 교정(자금이탈 강등 [7]·🔴🔴)
[경륜전개] 사세보 4경주: 슬로우(단독 선행) · 라인 2개 · 페어 [[1, 4], [7, 3]]
[결과기록] 캐시 갱신 — 재파싱 1건 / 전체 1669건
[각질편성] 호후 4경주: 선행2·선입0·추입5 → 보통 페이스
[경륜전개] 호후 4경주: 보통 · 라인 2개 · 페어 [[2, 7], [3, 4]]
[각질편성] 아오모리 5경주: 선행2·선입0·추입5 → 보통 페이스
[경륜전개] 아오모리 5경주: 보통 · 라인 2개 · 페어 [[3, 4], [5, 1]]
[복승불일치 축교정] 아오모리 5경주: 축 [1, 3]로 교정(자금이탈 강등 [6]·🔴)
[각질편성] 호후 5경주: 선행3·선입0·추입4 → ⚡ 빠른 페이스
[경륜전개] 호후 5경주: 보통 · 라인 3개 · 페어 [[5, 1], [4, 2], [3, 7]]
[각질편성] 아오모리 6경주: 선행4·선입0·추입3 → ⚡ 빠른 페이스
[경륜전개] 아오모리 6경주: 하이(주도권 경합) · 라인 4개 · 페어 [[1, 3], [7, 4], [6, 2]]
[placeholder 필터] 호후 6경주 쌍승 껍데기 배당 3조합 제외(값: [300.2])
[각질편성] 호후 6경주: 선행5·선입0·추입2 → ⚡ 빠른 페이스
[경륜전개] 호후 6경주: 보통 · 라인 5개 · 페어 [[5, 1], [4, 2]]
[placeholder 필터] 아오모리 7경주 쌍승 껍데기 배당 3조합 제외(값: [1703.0])
[각질편성] 아오모리 7경주: 선행5·선입0·추입2 → ⚡ 빠른 페이스
[경륜전개] 아오모리 7경주: 슬로우(단독 선행) · 라인 5개 · 페어 [[4, 5], [3, 7]]
[각질편성] 호후 7경주: 선행5·선입0·추입2 → ⚡ 빠른 페이스
[경륜전개] 호후 7경주: 하이(주도권 경합) · 라인 5개 · 페어 [[5, 2], [3, 7]]
[각질편성] 사세보 4경주: 선행1·선입0·추입6 → 🐌 느린 페이스
[경륜전개] 사세보 4경주: 슬로우(단독 선행) · 라인 2개 · 페어 [[1, 4], [7, 3]]
[각질편성] 사세보 1경주: 선행2·선입0·추입5 → 보통 페이스
[경륜전개] 사세보 1경주: 보통 · 라인 2개 · 페어 [[1, 5], [6, 2]]
[각질편성] 오다와라 1경주: 선행5·선입0·추입4 → ⚡ 빠른 페이스
[경륜전개] 오다와라 1경주: 보통 · 라인 5개 · 페어 [[1, 5], [7, 3]]
[각질편성] 기후 1경주: 선행2·선입0·추입5 → 보통 페이스
[경륜전개] 기후 1경주: 보통 · 라인 2개 · 페어 [[7, 3], [1, 4]]
[각질편성] 사세보 2경주: 선행2·선입0·추입5 → 보통 페이스
[경륜전개] 사세보 2경주: 보통 · 라인 2개 · 페어 [[7, 2], [5, 1]]
[복승불일치 축교정] 사세보 2경주: 축 [2, 7]로 교정(자금이탈 강등 [1]·🔴🔴)
[각질편성] 오다와라 2경주: 선행4·선입0·추입5 → ⚡ 빠른 페이스
[경륜전개] 오다와라 2경주: 슬로우(단독 선행) · 라인 4개 · 페어 [[2, 7], [9, 1], [6, 4], [8, 3]]
[각질편성] 기후 2경주: 선행3·선입0·추입4 → ⚡ 빠른 페이스
[경륜전개] 기후 2경주: 하이(주도권 경합) · 라인 3개 · 페어 [[3, 4], [7, 2], [6, 1]]
[복승불일치 축교정] 기후 2경주: 축 [3, 4]로 교정(자금이탈 강등 [6]·🔴🔴)
[각질편성] 사세보 3경주: 선행4·선입0·추입3 → ⚡ 빠른 페이스
[경륜전개] 사세보 3경주: 하이(주도권 경합) · 라인 4개 · 페어 [[5, 1], [6, 2]]
[각질편성] 오다와라 3경주: 선행3·선입0·추입6 → ⚡ 빠른 페이스
[경륜전개] 오다와라 3경주: 슬로우(단독 선행) · 라인 3개 · 페어 [[2, 8], [5, 1], [3, 9]]
[각질편성] 기후 3경주: 선행3·선입0·추입4 → ⚡ 빠른 페이스
[경륜전개] 기후 3경주: 보통 · 라인 3개 · 페어 [[5, 7], [4, 3], [6, 1]]
[복승불일치 축교정] 기후 3경주: 축 [5, 7]로 교정(자금이탈 강등 [4]·🔴🔴)
[각질편성] 사세보 4경주: 선행1·선입0·추입6 → 🐌 느린 페이스
[경륜전개] 사세보 4경주: 슬로우(단독 선행) · 라인 2개 · 페어 [[1, 4], [7, 3]]
[placeholder 필터] 오다와라 4경주 쌍승 껍데기 배당 3조합 제외(값: [1398.7])
[각질편성] 오다와라 4경주: 선행3·선입0·추입6 → ⚡ 빠른 페이스
[경륜전개] 오다와라 4경주: 보통 · 라인 3개 · 페어 [[5, 3], [1, 7], [9, 2]]
[경륜 추천 모순 수정] 고배당 강제조합 1건 메인→복병 이동(25배 상한)
[각질편성] 사세보 4경주: 선행1·선입0·추입6 → 🐌 느린 페이스
[경륜전개] 사세보 4경주: 슬로우(단독 선행) · 라인 2개 · 페어 [[1, 4], [7, 3]]
[각질편성] 사세보 4경주: 선행1·선입0·추입6 → 🐌 느린 페이스
[경륜전개] 사세보 4경주: 슬로우(단독 선행) · 라인 2개 · 페어 [[1, 4], [7, 3]]
[3종 수집] 오다와라 4경주: {'quinella': 36, 'exacta': 72, 'trio': 0, 'win': 0} (history 12)
[placeholder 필터] 오다와라 4경주 쌍승 껍데기 배당 3조합 제외(값: [1398.7])
[각질편성] 오다와라 4경주: 선행3·선입0·추입6 → ⚡ 빠른 페이스
[경륜전개] 오다와라 4경주: 보통 · 라인 3개 · 페어 [[5, 3], [1, 7], [9, 2]]
[T-2분 왕축 동결] 오다와라 4경주: [3, 1] → [3, 1] 유지(cur_mb=2)
[경륜 추천 모순 수정] 고배당 강제조합 1건 메인→복병 이동(25배 상한)
[자동분석·배경] 오다와라 4경주: 마감 174초 전 재분석(rec_history 누적·cycle)
[각질편성] 사세보 4경주: 선행1·선입0·추입6 → 🐌 느린 페이스
[경륜전개] 사세보 4경주: 슬로우(단독 선행) · 라인 2개 · 페어 [[1, 4], [7, 3]]
[각질편성] 사세보 4경주: 선행1·선입0·추입6 → 🐌 느린 페이스
[경륜전개] 사세보 4경주: 슬로우(단독 선행) · 라인 2개 · 페어 [[1, 4], [7, 3]]
[3종 수집] 삿포로 5경주: {'quinella': 78, 'exacta': 0, 'trio': 286, 'win': 0} (history 2)
[JRA수집] 1경주 수집 · 0경주 생략(확장 우선) · 0.23초 · 🔬관찰모드
[각질편성] 사세보 4경주: 선행1·선입0·추입6 → 🐌 느린 페이스
[각질편성] 사세보 4경주: 선행1·선입0·추입6 → 🐌 느린 페이스
[경륜전개] 사세보 4경주: 슬로우(단독 선행) · 라인 2개 · 페어 [[1, 4], [7, 3]]
[경륜전개] 사세보 4경주: 슬로우(단독 선행) · 라인 2개 · 페어 [[1, 4], [7, 3]]
[3종 수집] 오다와라 4경주: {'quinella': 36, 'exacta': 72, 'trio': 0, 'win': 0} (history 12)
[placeholder 필터] 오다와라 4경주 쌍승 껍데기 배당 3조합 제외(값: [1398.7])
[각질편성] 오다와라 4경주: 선행3·선입0·추입6 → ⚡ 빠른 페이스
[경륜전개] 오다와라 4경주: 보통 · 라인 3개 · 페어 [[5, 3], [1, 7], [9, 2]]
[T-2분 왕축 동결] 오다와라 4경주: [3, 1] → [3, 1] 유지(cur_mb=2)
[경륜 추천 모순 수정] 고배당 강제조합 1건 메인→복병 이동(25배 상한)
[자동분석·배경] 오다와라 4경주: 마감 142초 전 재분석(rec_history 누적·cycle)
[각질편성] 사세보 4경주: 선행1·선입0·추입6 → 🐌 느린 페이스
[경륜전개] 사세보 4경주: 슬로우(단독 선행) · 라인 2개 · 페어 [[1, 4], [7, 3]]
[각질편성] 오다와라 3경주: 선행3·선입0·추입6 → ⚡ 빠른 페이스
[경륜전개] 오다와라 3경주: 슬로우(단독 선행) · 라인 3개 · 페어 [[2, 8], [5, 1], [3, 9]]
[각질편성] 아오모리 4경주: 선행2·선입0·추입5 → 보통 페이스
[각질편성] 오다와라 3경주: 선행3·선입0·추입6 → ⚡ 빠른 페이스
[경륜전개] 아오모리 4경주: 슬로우(단독 선행) · 라인 2개 · 페어 [[2, 7], [4, 1]]
[경륜전개] 오다와라 3경주: 슬로우(단독 선행) · 라인 3개 · 페어 [[2, 8], [5, 1], [3, 9]]
[복승불일치 축교정] 아오모리 4경주: 축 [1, 4]로 교정(자금이탈 강등 [7]·🔴🔴)
[각질편성] 사세보 4경주: 선행1·선입0·추입6 → 🐌 느린 페이스
[각질편성] 사세보 4경주: 선행1·선입0·추입6 → 🐌 느린 페이스
[경륜전개] 사세보 4경주: 슬로우(단독 선행) · 라인 2개 · 페어 [[1, 4], [7, 3]]
[경륜전개] 사세보 4경주: 슬로우(단독 선행) · 라인 2개 · 페어 [[1, 4], [7, 3]]
[각질편성] 사세보 4경주: 선행1·선입0·추입6 → 🐌 느린 페이스
[경륜전개] 사세보 4경주: 슬로우(단독 선행) · 라인 2개 · 페어 [[1, 4], [7, 3]]
[각질편성] 호후 4경주: 선행2·선입0·추입5 → 보통 페이스
[경륜전개] 호후 4경주: 보통 · 라인 2개 · 페어 [[2, 7], [3, 4]]
[각질편성] 아오모리 5경주: 선행2·선입0·추입5 → 보통 페이스
[경륜전개] 아오모리 5경주: 보통 · 라인 2개 · 페어 [[3, 4], [5, 1]]
[복승불일치 축교정] 아오모리 5경주: 축 [1, 3]로 교정(자금이탈 강등 [6]·🔴)
[결과기록] 캐시 갱신 — 재파싱 1건 / 전체 1669건
[각질편성] 호후 5경주: 선행3·선입0·추입4 → ⚡ 빠른 페이스
[경륜전개] 호후 5경주: 보통 · 라인 3개 · 페어 [[5, 1], [4, 2], [3, 7]]
[각질편성] 아오모리 6경주: 선행4·선입0·추입3 → ⚡ 빠른 페이스
[경륜전개] 아오모리 6경주: 하이(주도권 경합) · 라인 4개 · 페어 [[1, 3], [7, 4], [6, 2]]
[placeholder 필터] 호후 6경주 쌍승 껍데기 배당 3조합 제외(값: [300.2])
[각질편성] 호후 6경주: 선행5·선입0·추입2 → ⚡ 빠른 페이스
[경륜전개] 호후 6경주: 보통 · 라인 5개 · 페어 [[5, 1], [4, 2]]
[placeholder 필터] 아오모리 7경주 쌍승 껍데기 배당 3조합 제외(값: [1703.0])
[각질편성] 아오모리 7경주: 선행5·선입0·추입2 → ⚡ 빠른 페이스
[경륜전개] 아오모리 7경주: 슬로우(단독 선행) · 라인 5개 · 페어 [[4, 5], [3, 7]]
[각질편성] 호후 7경주: 선행5·선입0·추입2 → ⚡ 빠른 페이스
[경륜전개] 호후 7경주: 하이(주도권 경합) · 라인 5개 · 페어 [[5, 2], [3, 7]]
[각질편성] 사세보 1경주: 선행2·선입0·추입5 → 보통 페이스
[경륜전개] 사세보 1경주: 보통 · 라인 2개 · 페어 [[1, 5], [6, 2]]
[각질편성] 사세보 4경주: 선행1·선입0·추입6 → 🐌 느린 페이스
[경륜전개] 사세보 4경주: 슬로우(단독 선행) · 라인 2개 · 페어 [[1, 4], [7, 3]]
[각질편성] 오다와라 1경주: 선행5·선입0·추입4 → ⚡ 빠른 페이스
[경륜전개] 오다와라 1경주: 보통 · 라인 5개 · 페어 [[1, 5], [7, 3]]
[각질편성] 기후 1경주: 선행2·선입0·추입5 → 보통 페이스
[경륜전개] 기후 1경주: 보통 · 라인 2개 · 페어 [[7, 3], [1, 4]]
[각질편성] 사세보 2경주: 선행2·선입0·추입5 → 보통 페이스
[경륜전개] 사세보 2경주: 보통 · 라인 2개 · 페어 [[7, 2], [5, 1]]
[복승불일치 축교정] 사세보 2경주: 축 [2, 7]로 교정(자금이탈 강등 [1]·🔴🔴)
[각질편성] 오다와라 2경주: 선행4·선입0·추입5 → ⚡ 빠른 페이스
[경륜전개] 오다와라 2경주: 슬로우(단독 선행) · 라인 4개 · 페어 [[2, 7], [9, 1], [6, 4], [8, 3]]
[각질편성] 기후 2경주: 선행3·선입0·추입4 → ⚡ 빠른 페이스
[경륜전개] 기후 2경주: 하이(주도권 경합) · 라인 3개 · 페어 [[3, 4], [7, 2], [6, 1]]
[복승불일치 축교정] 기후 2경주: 축 [3, 4]로 교정(자금이탈 강등 [6]·🔴🔴)
[각질편성] 사세보 3경주: 선행4·선입0·추입3 → ⚡ 빠른 페이스
[경륜전개] 사세보 3경주: 하이(주도권 경합) · 라인 4개 · 페어 [[5, 1], [6, 2]]
[각질편성] 오다와라 3경주: 선행3·선입0·추입6 → ⚡ 빠른 페이스
[경륜전개] 오다와라 3경주: 슬로우(단독 선행) · 라인 3개 · 페어 [[2, 8], [5, 1], [3, 9]]
[각질편성] 기후 3경주: 선행3·선입0·추입4 → ⚡ 빠른 페이스
[경륜전개] 기후 3경주: 보통 · 라인 3개 · 페어 [[5, 7], [4, 3], [6, 1]]
[복승불일치 축교정] 기후 3경주: 축 [5, 7]로 교정(자금이탈 강등 [4]·🔴🔴)
[각질편성] 사세보 4경주: 선행1·선입0·추입6 → 🐌 느린 페이스
[경륜전개] 사세보 4경주: 슬로우(단독 선행) · 라인 2개 · 페어 [[1, 4], [7, 3]]
[placeholder 필터] 오다와라 4경주 쌍승 껍데기 배당 3조합 제외(값: [1398.7])
[각질편성] 오다와라 4경주: 선행3·선입0·추입6 → ⚡ 빠른 페이스
[경륜전개] 오다와라 4경주: 보통 · 라인 3개 · 페어 [[5, 3], [1, 7], [9, 2]]
[T-2분 왕축 동결] 오다와라 4경주: [3, 1] → [3, 1] 유지(cur_mb=2)
[경륜 추천 모순 수정] 고배당 강제조합 1건 메인→복병 이동(25배 상한)
[각질편성] 오다와라 3경주: 선행3·선입0·추입6 → ⚡ 빠른 페이스
[경륜전개] 오다와라 3경주: 슬로우(단독 선행) · 라인 3개 · 페어 [[2, 8], [5, 1], [3, 9]]
[각질편성] 오다와라 3경주: 선행3·선입0·추입6 → ⚡ 빠른 페이스
[경륜전개] 오다와라 3경주: 슬로우(단독 선행) · 라인 3개 · 페어 [[2, 8], [5, 1], [3, 9]]
[각질편성] 사세보 4경주: 선행1·선입0·추입6 → 🐌 느린 페이스
[경륜전개] 사세보 4경주: 슬로우(단독 선행) · 라인 2개 · 페어 [[1, 4], [7, 3]]
[각질편성] 사세보 4경주: 선행1·선입0·추입6 → 🐌 느린 페이스
[경륜전개] 사세보 4경주: 슬로우(단독 선행) · 라인 2개 · 페어 [[1, 4], [7, 3]]
[각질편성] 오다와라 3경주: 선행3·선입0·추입6 → ⚡ 빠른 페이스
[경륜전개] 오다와라 3경주: 슬로우(단독 선행) · 라인 3개 · 페어 [[2, 8], [5, 1], [3, 9]]
[각질편성] 사세보 4경주: 선행1·선입0·추입6 → 🐌 느린 페이스
[경륜전개] 사세보 4경주: 슬로우(단독 선행) · 라인 2개 · 페어 [[1, 4], [7, 3]]
[각질편성] 사세보 4경주: 선행1·선입0·추입6 → 🐌 느린 페이스
[경륜전개] 사세보 4경주: 슬로우(단독 선행) · 라인 2개 · 페어 [[1, 4], [7, 3]]
[3종 수집] 오다와라 4경주: {'quinella': 36, 'exacta': 72, 'trio': 0, 'win': 0} (history 12)
[placeholder 필터] 오다와라 4경주 쌍승 껍데기 배당 3조합 제외(값: [1429.5])
[각질편성] 오다와라 4경주: 선행3·선입0·추입6 → ⚡ 빠른 페이스
[경륜전개] 오다와라 4경주: 보통 · 라인 3개 · 페어 [[5, 3], [1, 7], [9, 2]]
[T-2분 왕축 동결] 오다와라 4경주: [3, 1] → [3, 1] 유지(cur_mb=1)
[경륜 추천 모순 수정] 고배당 강제조합 1건 메인→복병 이동(25배 상한)
[자동분석·배경] 오다와라 4경주: 마감 109초 전 재분석(rec_history 누적·cycle)
[각질편성] 오다와라 3경주: 선행3·선입0·추입6 → ⚡ 빠른 페이스
[경륜전개] 오다와라 3경주: 슬로우(단독 선행) · 라인 3개 · 페어 [[2, 8], [5, 1], [3, 9]]
[각질편성] 사세보 4경주: 선행1·선입0·추입6 → 🐌 느린 페이스
[경륜전개] 사세보 4경주: 슬로우(단독 선행) · 라인 2개 · 페어 [[1, 4], [7, 3]]
[3종 수집] 삿포로 5경주: {'quinella': 78, 'exacta': 0, 'trio': 286, 'win': 0} (history 3)
[JRA수집] 1경주 수집 · 0경주 생략(확장 우선) · 0.29초 · 🔬관찰모드
[placeholder 필터] 오다와라 4경주 쌍승 껍데기 배당 3조합 제외(값: [1429.5])
[각질편성] 오다와라 4경주: 선행3·선입0·추입6 → ⚡ 빠른 페이스
[경륜전개] 오다와라 4경주: 보통 · 라인 3개 · 페어 [[5, 3], [1, 7], [9, 2]]
[T-2분 왕축 동결] 오다와라 4경주: [3, 1] → [3, 1] 유지(cur_mb=1)
[placeholder 필터] 오다와라 4경주 쌍승 껍데기 배당 3조합 제외(값: [1429.5])
[경륜 추천 모순 수정] 고배당 강제조합 1건 메인→복병 이동(25배 상한)
[각질편성] 오다와라 4경주: 선행3·선입0·추입6 → ⚡ 빠른 페이스
[경륜전개] 오다와라 4경주: 보통 · 라인 3개 · 페어 [[5, 3], [1, 7], [9, 2]]
[T-2분 왕축 동결] 오다와라 4경주: [3, 1] → [3, 1] 유지(cur_mb=1)
[경륜 추천 모순 수정] 고배당 강제조합 1건 메인→복병 이동(25배 상한)
[placeholder 필터] 오다와라 4경주 쌍승 껍데기 배당 3조합 제외(값: [1429.5])
[각질편성] 오다와라 4경주: 선행3·선입0·추입6 → ⚡ 빠른 페이스
[경륜전개] 오다와라 4경주: 보통 · 라인 3개 · 페어 [[5, 3], [1, 7], [9, 2]]
[T-2분 왕축 동결] 오다와라 4경주: [3, 1] → [3, 1] 유지(cur_mb=1)
[경륜 추천 모순 수정] 고배당 강제조합 1건 메인→복병 이동(25배 상한)
[3종 수집] 오다와라 4경주: {'quinella': 36, 'exacta': 72, 'trio': 0, 'win': 0} (history 12)
[각질편성] 오다와라 3경주: 선행3·선입0·추입6 → ⚡ 빠른 페이스
[각질편성] 아오모리 4경주: 선행2·선입0·추입5 → 보통 페이스
[경륜전개] 오다와라 3경주: 슬로우(단독 선행) · 라인 3개 · 페어 [[2, 8], [5, 1], [3, 9]]
[경륜전개] 아오모리 4경주: 슬로우(단독 선행) · 라인 2개 · 페어 [[2, 7], [4, 1]]
[각질편성] 오다와라 3경주: 선행3·선입0·추입6 → ⚡ 빠른 페이스
[placeholder 필터] 오다와라 4경주 쌍승 껍데기 배당 4조합 제외(값: [859.9])
[경륜전개] 오다와라 3경주: 슬로우(단독 선행) · 라인 3개 · 페어 [[2, 8], [5, 1], [3, 9]]
[복승불일치 축교정] 아오모리 4경주: 축 [1, 4]로 교정(자금이탈 강등 [7]·🔴🔴)
[각질편성] 사세보 4경주: 선행1·선입0·추입6 → 🐌 느린 페이스
[경륜전개] 사세보 4경주: 슬로우(단독 선행) · 라인 2개 · 페어 [[1, 4], [7, 3]]
[각질편성] 오다와라 4경주: 선행3·선입0·추입6 → ⚡ 빠른 페이스
[각질편성] 사세보 4경주: 선행1·선입0·추입6 → 🐌 느린 페이스
[경륜전개] 오다와라 4경주: 보통 · 라인 3개 · 페어 [[5, 3], [1, 7], [9, 2]]
[각질편성] 사세보 4경주: 선행1·선입0·추입6 → 🐌 느린 페이스
[경륜전개] 사세보 4경주: 슬로우(단독 선행) · 라인 2개 · 페어 [[1, 4], [7, 3]]
[경륜전개] 사세보 4경주: 슬로우(단독 선행) · 라인 2개 · 페어 [[1, 4], [7, 3]]
[T-2분 왕축 동결] 오다와라 4경주: [3, 1] → [3, 1] 유지(cur_mb=1)
[경륜 추천 모순 수정] 고배당 강제조합 1건 메인→복병 이동(25배 상한)
[각질편성] 호후 4경주: 선행2·선입0·추입5 → 보통 페이스
[경륜전개] 호후 4경주: 보통 · 라인 2개 · 페어 [[2, 7], [3, 4]]
[결과기록] 캐시 갱신 — 재파싱 1건 / 전체 1669건
[각질편성] 아오모리 5경주: 선행2·선입0·추입5 → 보통 페이스
[경륜전개] 아오모리 5경주: 보통 · 라인 2개 · 페어 [[3, 4], [5, 1]]
[복승불일치 축교정] 아오모리 5경주: 축 [1, 3]로 교정(자금이탈 강등 [6]·🔴)
[각질편성] 호후 5경주: 선행3·선입0·추입4 → ⚡ 빠른 페이스
[경륜전개] 호후 5경주: 보통 · 라인 3개 · 페어 [[5, 1], [4, 2], [3, 7]]
[각질편성] 아오모리 6경주: 선행4·선입0·추입3 → ⚡ 빠른 페이스
[경륜전개] 아오모리 6경주: 하이(주도권 경합) · 라인 4개 · 페어 [[1, 3], [7, 4], [6, 2]]
[placeholder 필터] 호후 6경주 쌍승 껍데기 배당 3조합 제외(값: [300.2])
[각질편성] 호후 6경주: 선행5·선입0·추입2 → ⚡ 빠른 페이스
[경륜전개] 호후 6경주: 보통 · 라인 5개 · 페어 [[5, 1], [4, 2]]
[placeholder 필터] 아오모리 7경주 쌍승 껍데기 배당 3조합 제외(값: [1703.0])
[각질편성] 아오모리 7경주: 선행5·선입0·추입2 → ⚡ 빠른 페이스
[경륜전개] 아오모리 7경주: 슬로우(단독 선행) · 라인 5개 · 페어 [[4, 5], [3, 7]]
[각질편성] 호후 7경주: 선행5·선입0·추입2 → ⚡ 빠른 페이스
[경륜전개] 호후 7경주: 하이(주도권 경합) · 라인 5개 · 페어 [[5, 2], [3, 7]]
[각질편성] 사세보 1경주: 선행2·선입0·추입5 → 보통 페이스
[경륜전개] 사세보 1경주: 보통 · 라인 2개 · 페어 [[1, 5], [6, 2]]
[placeholder 필터] 오다와라 4경주 쌍승 껍데기 배당 4조합 제외(값: [859.9])
[각질편성] 오다와라 4경주: 선행3·선입0·추입6 → ⚡ 빠른 페이스
[경륜전개] 오다와라 4경주: 보통 · 라인 3개 · 페어 [[5, 3], [1, 7], [9, 2]]
[각질편성] 오다와라 1경주: 선행5·선입0·추입4 → ⚡ 빠른 페이스
[경륜전개] 오다와라 1경주: 보통 · 라인 5개 · 페어 [[1, 5], [7, 3]]
[T-2분 왕축 동결] 오다와라 4경주: [3, 1] → [3, 1] 유지(cur_mb=1)
[경륜 추천 모순 수정] 고배당 강제조합 1건 메인→복병 이동(25배 상한)
[각질편성] 기후 1경주: 선행2·선입0·추입5 → 보통 페이스
[경륜전개] 기후 1경주: 보통 · 라인 2개 · 페어 [[7, 3], [1, 4]]
[각질편성] 사세보 2경주: 선행2·선입0·추입5 → 보통 페이스
[경륜전개] 사세보 2경주: 보통 · 라인 2개 · 페어 [[7, 2], [5, 1]]
[복승불일치 축교정] 사세보 2경주: 축 [2, 7]로 교정(자금이탈 강등 [1]·🔴🔴)
[각질편성] 오다와라 2경주: 선행4·선입0·추입5 → ⚡ 빠른 페이스
[경륜전개] 오다와라 2경주: 슬로우(단독 선행) · 라인 4개 · 페어 [[2, 7], [9, 1], [6, 4], [8, 3]]
[각질편성] 기후 2경주: 선행3·선입0·추입4 → ⚡ 빠른 페이스
[경륜전개] 기후 2경주: 하이(주도권 경합) · 라인 3개 · 페어 [[3, 4], [7, 2], [6, 1]]
[복승불일치 축교정] 기후 2경주: 축 [3, 4]로 교정(자금이탈 강등 [6]·🔴🔴)
[각질편성] 사세보 3경주: 선행4·선입0·추입3 → ⚡ 빠른 페이스
[경륜전개] 사세보 3경주: 하이(주도권 경합) · 라인 4개 · 페어 [[5, 1], [6, 2]]
[각질편성] 오다와라 3경주: 선행3·선입0·추입6 → ⚡ 빠른 페이스
[경륜전개] 오다와라 3경주: 슬로우(단독 선행) · 라인 3개 · 페어 [[2, 8], [5, 1], [3, 9]]
[각질편성] 기후 3경주: 선행3·선입0·추입4 → ⚡ 빠른 페이스
[경륜전개] 기후 3경주: 보통 · 라인 3개 · 페어 [[5, 7], [4, 3], [6, 1]]
[복승불일치 축교정] 기후 3경주: 축 [5, 7]로 교정(자금이탈 강등 [4]·🔴🔴)
[각질편성] 사세보 4경주: 선행1·선입0·추입6 → 🐌 느린 페이스
[경륜전개] 사세보 4경주: 슬로우(단독 선행) · 라인 2개 · 페어 [[1, 4], [7, 3]]
[placeholder 필터] 오다와라 4경주 쌍승 껍데기 배당 4조합 제외(값: [859.9])
[각질편성] 오다와라 4경주: 선행3·선입0·추입6 → ⚡ 빠른 페이스
[경륜전개] 오다와라 4경주: 보통 · 라인 3개 · 페어 [[5, 3], [1, 7], [9, 2]]
[T-2분 왕축 동결] 오다와라 4경주: [3, 1] → [3, 1] 유지(cur_mb=1)
[경륜 추천 모순 수정] 고배당 강제조합 1건 메인→복병 이동(25배 상한)
[placeholder 필터] 오다와라 4경주 쌍승 껍데기 배당 4조합 제외(값: [859.9])
[각질편성] 오다와라 4경주: 선행3·선입0·추입6 → ⚡ 빠른 페이스
[경륜전개] 오다와라 4경주: 보통 · 라인 3개 · 페어 [[5, 3], [1, 7], [9, 2]]
[경륜 추천 모순 수정] 고배당 강제조합 1건 메인→복병 이동(25배 상한)
[placeholder 필터] 오다와라 4경주 쌍승 껍데기 배당 4조합 제외(값: [859.9])
[placeholder 필터] 오다와라 4경주 쌍승 껍데기 배당 4조합 제외(값: [859.9])
[각질편성] 오다와라 4경주: 선행3·선입0·추입6 → ⚡ 빠른 페이스
[경륜전개] 오다와라 4경주: 보통 · 라인 3개 · 페어 [[5, 3], [1, 7], [9, 2]]
[각질편성] 오다와라 4경주: 선행3·선입0·추입6 → ⚡ 빠른 페이스
[경륜전개] 오다와라 4경주: 보통 · 라인 3개 · 페어 [[5, 3], [1, 7], [9, 2]]
[경륜 추천 모순 수정] 고배당 강제조합 1건 메인→복병 이동(25배 상한)
[경륜 추천 모순 수정] 고배당 강제조합 1건 메인→복병 이동(25배 상한)
[3종 수집] 오다와라 4경주: {'quinella': 36, 'exacta': 72, 'trio': 0, 'win': 0} (history 12)
[경륜 득점갭] 기후 4경주: 1번 득점 1위 갭 5.7 → +5 가점
[경륜 전적·자동] 기후 4경주: 7두 수집(競走得点·절대등급 A/B/C/D·라인[6, 1, 4, 2, 7, 5, 3]) → 통합등급 자동 반영
[3종 수집] 기후 4경주: {'quinella': 21, 'exacta': 42, 'trio': 0, 'win': 0} (history 1)
🔮 [예측] 기후 4경주: top3=[4, 1, 2] conf=3 · 코멘트에서 언급된 2번과 6번의 선행 경쟁 가능성과 7번, 5번의 지카 
[각질편성] 기후 4경주: 선행2·선입0·추입5 → 보통 페이스
[경륜전개] 기후 4경주: 보통 · 라인 2개 · 페어 [[2, 7], [6, 1]]
[복승불일치 축교정] 기후 4경주: 축 [1, 4]로 교정(자금이탈 강등 [2]·🔴🔴)
[B라인 그물망] 기후 4경주: B라인[6, 1] 삼복승보험 [[1, 2, 6]] 추가
[자동분석·배경] 기후 4경주: 마감 585초 전 재분석(rec_history 누적·cycle)
[각질편성] 기후 4경주: 선행2·선입0·추입5 → 보통 페이스
[경륜전개] 기후 4경주: 보통 · 라인 2개 · 페어 [[2, 7], [6, 1]]
[복승불일치 축교정] 기후 4경주: 축 [1, 4]로 교정(자금이탈 강등 [2]·🔴🔴)
[B라인 그물망] 기후 4경주: B라인[6, 1] 삼복승보험 [[1, 2, 6]] 추가
[placeholder 필터] 오다와라 4경주 쌍승 껍데기 배당 4조합 제외(값: [859.9])
[각질편성] 오다와라 4경주: 선행3·선입0·추입6 → ⚡ 빠른 페이스
[경륜전개] 오다와라 4경주: 보통 · 라인 3개 · 페어 [[5, 3], [1, 7], [9, 2]]
[경륜 추천 모순 수정] 고배당 강제조합 1건 메인→복병 이동(25배 상한)
[활성정리] 끝난 경주 1건 제거(히스토리 보존): 사세보 3경주
[3종 수집] 삿포로 5경주: {'quinella': 78, 'exacta': 0, 'trio': 286, 'win': 0} (history 4)
[JRA수집] 1경주 수집 · 0경주 생략(확장 우선) · 0.35초 · 🔬관찰모드
📊 [채점] 기후 3경주: Gemini 2/3 ↔ 시장 2/3 · 놓침 [2]
📝 [복기] 기후 3경주: 2번 말의 등급 D와 최근 부진한 성적(연속 6착, 7착)으로 인해 주목하지 않았습니다.  → 규칙(4): 등급이 낮은 추입형이라도, 선행마들의 과도한 경쟁이 예상될 경우 후방 추입 변수를 과소평가하지 않는다.
[placeholder 필터] 기후 3경주 복승 껍데기 배당 5조합 제외(값: [100])
[각질편성] 기후 3경주: 선행3·선입0·추입4 → ⚡ 빠른 페이스
[경륜전개] 기후 3경주: 보통 · 라인 3개 · 페어 [[5, 7], [4, 3], [6, 1]]
[복승불일치 축교정] 기후 3경주: 축 [5, 7]로 교정(자금이탈 강등 [4]·🔴🔴)
[신호별학습] 기후 3경주 · 활성신호 ['역배열', '급락', '전적이중수렴'] · 유력마적중 복승=True 삼복승=False
[결과 수정] 기후 3경주: 기존 레코드 교체(재입력)
[복병케이스] 기후 3경주: 복병 4두 저장(입상 1)
[placeholder 필터] 기후 3경주 복승 껍데기 배당 5조합 제외(값: [100])
[각질편성] 기후 3경주: 선행3·선입0·추입4 → ⚡ 빠른 페이스
[경륜전개] 기후 3경주: 보통 · 라인 3개 · 페어 [[5, 7], [4, 3], [6, 1]]
[복승불일치 축교정] 기후 3경주: 축 [5, 7]로 교정(자금이탈 강등 [4]·🔴🔴)
[readonly 잠금] 기후 3경주: 마감 확정 파일 — corePicks/시계열 보존, result/hit만 업데이트 허용
[placeholder 필터] 오다와라 4경주 쌍승 껍데기 배당 4조합 제외(값: [859.9])
[각질편성] 오다와라 4경주: 선행3·선입0·추입6 → ⚡ 빠른 페이스
[경륜전개] 오다와라 4경주: 보통 · 라인 3개 · 페어 [[5, 3], [1, 7], [9, 2]]
[경륜 추천 모순 수정] 고배당 강제조합 1건 메인→복병 이동(25배 상한)
[패턴발견] 결과 1529경주 스캔 → 발견 패턴 10개(기준 적중률 35.4%)
[자동학습] 기후 3경주 결과 [7, 5, 2] → 추천적중 True, 급락적중 False, 전적유력마 2(적중), 제거적중 False
📊 [채점] 오다와라 3경주: Gemini 2/3 ↔ 시장 1/3 · 놓침 [5]
📝 [복기] 오다와라 3경주: 5번 '朝倉 智仁'의 각질이 선행형임을 인지했으나, 이전 성적에서의 일관성 부족으로 3번, → 규칙(3): 선행형 선수가 다수 존재할 때, 직전 경주에서 선행으로 1착을 기록한 선수를 상위권에 포함한다.
[각질편성] 오다와라 3경주: 선행3·선입0·추입6 → ⚡ 빠른 페이스
[경륜전개] 오다와라 3경주: 슬로우(단독 선행) · 라인 3개 · 페어 [[2, 8], [5, 1], [3, 9]]
[각질편성] 오다와라 3경주: 선행3·선입0·추입6 → ⚡ 빠른 페이스
[경륜전개] 오다와라 3경주: 슬로우(단독 선행) · 라인 3개 · 페어 [[2, 8], [5, 1], [3, 9]]
[각질편성] 오다와라 3경주: 선행3·선입0·추입6 → ⚡ 빠른 페이스
[placeholder 필터] 오다와라 4경주 쌍승 껍데기 배당 4조합 제외(값: [859.9])
[경륜전개] 오다와라 3경주: 슬로우(단독 선행) · 라인 3개 · 페어 [[2, 8], [5, 1], [3, 9]]
[각질편성] 아오모리 4경주: 선행2·선입0·추입5 → 보통 페이스
[경륜전개] 아오모리 4경주: 슬로우(단독 선행) · 라인 2개 · 페어 [[2, 7], [4, 1]]
[placeholder 필터] 오다와라 4경주 쌍승 껍데기 배당 4조합 제외(값: [859.9])
[복승불일치 축교정] 아오모리 4경주: 축 [1, 4]로 교정(자금이탈 강등 [7]·🔴🔴)
[각질편성] 오다와라 4경주: 선행3·선입0·추입6 → ⚡ 빠른 페이스
[placeholder 필터] 오다와라 4경주 쌍승 껍데기 배당 4조합 제외(값: [859.9])
[경륜전개] 오다와라 4경주: 보통 · 라인 3개 · 페어 [[5, 3], [1, 7], [9, 2]]
[각질편성] 오다와라 4경주: 선행3·선입0·추입6 → ⚡ 빠른 페이스
[각질편성] 오다와라 4경주: 선행3·선입0·추입6 → ⚡ 빠른 페이스
[경륜전개] 오다와라 4경주: 보통 · 라인 3개 · 페어 [[5, 3], [1, 7], [9, 2]]
[경륜전개] 오다와라 4경주: 보통 · 라인 3개 · 페어 [[5, 3], [1, 7], [9, 2]]
[경륜 추천 모순 수정] 고배당 강제조합 1건 메인→복병 이동(25배 상한)
[경륜 추천 모순 수정] 고배당 강제조합 1건 메인→복병 이동(25배 상한)
[경륜 추천 모순 수정] 고배당 강제조합 1건 메인→복병 이동(25배 상한)
[각질편성] 호후 4경주: 선행2·선입0·추입5 → 보통 페이스
[경륜전개] 호후 4경주: 보통 · 라인 2개 · 페어 [[2, 7], [3, 4]]
[각질편성] 오다와라 3경주: 선행3·선입0·추입6 → ⚡ 빠른 페이스
[경륜전개] 오다와라 3경주: 슬로우(단독 선행) · 라인 3개 · 페어 [[2, 8], [5, 1], [3, 9]]
[신호별학습] 오다와라 3경주 · 활성신호 ['역배열', '급락', '전적이중수렴'] · 유력마적중 복승=True 삼복승=True
[결과 수정] 오다와라 3경주: 기존 레코드 교체(재입력)
[복병케이스] 오다와라 3경주: 복병 5두 저장(입상 2)
[결과기록] 캐시 갱신 — 재파싱 3건 / 전체 1670건
[각질편성] 아오모리 5경주: 선행2·선입0·추입5 → 보통 페이스
[경륜전개] 아오모리 5경주: 보통 · 라인 2개 · 페어 [[3, 4], [5, 1]]
[복승불일치 축교정] 아오모리 5경주: 축 [1, 3]로 교정(자금이탈 강등 [6]·🔴)
[각질편성] 호후 5경주: 선행3·선입0·추입4 → ⚡ 빠른 페이스
[경륜전개] 호후 5경주: 보통 · 라인 3개 · 페어 [[5, 1], [4, 2], [3, 7]]
[placeholder 필터] 오다와라 4경주 쌍승 껍데기 배당 4조합 제외(값: [859.9])
[placeholder 필터] 오다와라 4경주 쌍승 껍데기 배당 4조합 제외(값: [859.9])
[각질편성] 오다와라 4경주: 선행3·선입0·추입6 → ⚡ 빠른 페이스
[경륜전개] 오다와라 4경주: 보통 · 라인 3개 · 페어 [[5, 3], [1, 7], [9, 2]]
[각질편성] 오다와라 4경주: 선행3·선입0·추입6 → ⚡ 빠른 페이스
[경륜전개] 오다와라 4경주: 보통 · 라인 3개 · 페어 [[5, 3], [1, 7], [9, 2]]
[각질편성] 아오모리 6경주: 선행4·선입0·추입3 → ⚡ 빠른 페이스
[경륜전개] 아오모리 6경주: 하이(주도권 경합) · 라인 4개 · 페어 [[1, 3], [7, 4], [6, 2]]
[3종 수집] 기후 4경주: {'quinella': 21, 'exacta': 42, 'trio': 0, 'win': 0} (history 2)
[경륜 추천 모순 수정] 고배당 강제조합 1건 메인→복병 이동(25배 상한)
[경륜 추천 모순 수정] 고배당 강제조합 1건 메인→복병 이동(25배 상한)
[placeholder 필터] 호후 6경주 쌍승 껍데기 배당 3조합 제외(값: [300.2])
[각질편성] 호후 6경주: 선행5·선입0·추입2 → ⚡ 빠른 페이스
[경륜전개] 호후 6경주: 보통 · 라인 5개 · 페어 [[5, 1], [4, 2]]
[3종 수집] 오다와라 4경주: {'quinella': 36, 'exacta': 72, 'trio': 0, 'win': 0} (history 12)
[placeholder 필터] 아오모리 7경주 쌍승 껍데기 배당 3조합 제외(값: [1703.0])
[각질편성] 아오모리 7경주: 선행5·선입0·추입2 → ⚡ 빠른 페이스
[경륜전개] 아오모리 7경주: 슬로우(단독 선행) · 라인 5개 · 페어 [[4, 5], [3, 7]]
[각질편성] 호후 7경주: 선행5·선입0·추입2 → ⚡ 빠른 페이스
[경륜전개] 호후 7경주: 하이(주도권 경합) · 라인 5개 · 페어 [[5, 2], [3, 7]]
[각질편성] 사세보 1경주: 선행2·선입0·추입5 → 보통 페이스
[각질편성] 기후 4경주: 선행2·선입0·추입5 → 보통 페이스
[경륜전개] 사세보 1경주: 보통 · 라인 2개 · 페어 [[1, 5], [6, 2]]
[경륜전개] 기후 4경주: 보통 · 라인 2개 · 페어 [[2, 7], [6, 1]]
[복승불일치 축교정] 기후 4경주: 축 [1, 4]로 교정(자금이탈 강등 [2]·🔴🔴)
[B라인 그물망] 기후 4경주: B라인[6, 1] 삼복승보험 [[1, 2, 6]] 추가
[각질편성] 오다와라 1경주: 선행5·선입0·추입4 → ⚡ 빠른 페이스
[자동분석·배경] 기후 4경주: 마감 549초 전 재분석(rec_history 누적·cycle)
[경륜전개] 오다와라 1경주: 보통 · 라인 5개 · 페어 [[1, 5], [7, 3]]
[각질편성] 기후 1경주: 선행2·선입0·추입5 → 보통 페이스
[경륜전개] 기후 1경주: 보통 · 라인 2개 · 페어 [[7, 3], [1, 4]]
[각질편성] 사세보 2경주: 선행2·선입0·추입5 → 보통 페이스
[경륜전개] 사세보 2경주: 보통 · 라인 2개 · 페어 [[7, 2], [5, 1]]
[복승불일치 축교정] 사세보 2경주: 축 [2, 7]로 교정(자금이탈 강등 [1]·🔴🔴)
[각질편성] 오다와라 2경주: 선행4·선입0·추입5 → ⚡ 빠른 페이스
[경륜전개] 오다와라 2경주: 슬로우(단독 선행) · 라인 4개 · 페어 [[2, 7], [9, 1], [6, 4], [8, 3]]
[각질편성] 기후 2경주: 선행3·선입0·추입4 → ⚡ 빠른 페이스
[경륜전개] 기후 2경주: 하이(주도권 경합) · 라인 3개 · 페어 [[3, 4], [7, 2], [6, 1]]
[복승불일치 축교정] 기후 2경주: 축 [3, 4]로 교정(자금이탈 강등 [6]·🔴🔴)
[각질편성] 사세보 3경주: 선행4·선입0·추입3 → ⚡ 빠른 페이스
[경륜전개] 사세보 3경주: 하이(주도권 경합) · 라인 4개 · 페어 [[5, 1], [6, 2]]
[각질편성] 오다와라 3경주: 선행3·선입0·추입6 → ⚡ 빠른 페이스
[경륜전개] 오다와라 3경주: 슬로우(단독 선행) · 라인 3개 · 페어 [[2, 8], [5, 1], [3, 9]]
[각질편성] 기후 3경주: 선행3·선입0·추입4 → ⚡ 빠른 페이스
[경륜전개] 기후 3경주: 보통 · 라인 3개 · 페어 [[5, 7], [4, 3], [6, 1]]
[복승불일치 축교정] 기후 3경주: 축 [5, 7]로 교정(자금이탈 강등 [4]·🔴🔴)
[각질편성] 사세보 4경주: 선행1·선입0·추입6 → 🐌 느린 페이스
[경륜전개] 사세보 4경주: 슬로우(단독 선행) · 라인 2개 · 페어 [[1, 4], [7, 3]]
[placeholder 필터] 오다와라 4경주 쌍승 껍데기 배당 4조합 제외(값: [859.9])
[각질편성] 오다와라 4경주: 선행3·선입0·추입6 → ⚡ 빠른 페이스
[경륜전개] 오다와라 4경주: 보통 · 라인 3개 · 페어 [[5, 3], [1, 7], [9, 2]]
[경륜 추천 모순 수정] 고배당 강제조합 1건 메인→복병 이동(25배 상한)
[각질편성] 오다와라 3경주: 선행3·선입0·추입6 → ⚡ 빠른 페이스
[경륜전개] 오다와라 3경주: 슬로우(단독 선행) · 라인 3개 · 페어 [[2, 8], [5, 1], [3, 9]]
[각질편성] 기후 4경주: 선행2·선입0·추입5 → 보통 페이스
[경륜전개] 기후 4경주: 보통 · 라인 2개 · 페어 [[2, 7], [6, 1]]
[복승불일치 축교정] 기후 4경주: 축 [1, 4]로 교정(자금이탈 강등 [2]·🔴🔴)
[B라인 그물망] 기후 4경주: B라인[6, 1] 삼복승보험 [[1, 2, 6]] 추가
[각질편성] 오다와라 3경주: 선행3·선입0·추입6 → ⚡ 빠른 페이스
[경륜전개] 오다와라 3경주: 슬로우(단독 선행) · 라인 3개 · 페어 [[2, 8], [5, 1], [3, 9]]
[readonly 잠금] 오다와라 3경주: 마감 확정 파일 — corePicks/시계열 보존, result/hit만 업데이트 허용
[placeholder 필터] 오다와라 4경주 쌍승 껍데기 배당 4조합 제외(값: [859.9])
[각질편성] 오다와라 4경주: 선행3·선입0·추입6 → ⚡ 빠른 페이스
[경륜전개] 오다와라 4경주: 보통 · 라인 3개 · 페어 [[5, 3], [1, 7], [9, 2]]
[readonly 잠금] 오다와라 4경주: 마감 확정 파일 — corePicks/시계열 보존, result/hit만 업데이트 허용
[마감 동결] 오다와라 4경주: 확정본 복원(출처 closed_row · 기준 12:09:53)
[placeholder 필터] 오다와라 4경주 쌍승 껍데기 배당 4조합 제외(값: [859.9])
[각질편성] 오다와라 4경주: 선행3·선입0·추입6 → ⚡ 빠른 페이스
[경륜전개] 오다와라 4경주: 보통 · 라인 3개 · 페어 [[5, 3], [1, 7], [9, 2]]
[각질편성] 기후 4경주: 선행2·선입0·추입5 → 보통 페이스
[경륜전개] 기후 4경주: 보통 · 라인 2개 · 페어 [[2, 7], [6, 1]]
[복승불일치 축교정] 기후 4경주: 축 [1, 4]로 교정(자금이탈 강등 [2]·🔴🔴)
[B라인 그물망] 기후 4경주: B라인[6, 1] 삼복승보험 [[1, 2, 6]] 추가
[패턴발견] 결과 1530경주 스캔 → 발견 패턴 10개(기준 적중률 35.5%)
[자동학습] 오다와라 3경주 결과 [3, 9, 5] → 추천적중 True, 급락적중 False, 전적유력마 1(실패), 제거적중 False
📊 [채점] 사세보 3경주: Gemini 1/3 ↔ 시장 1/3 · 놓침 [7, 3]
[데이터백업] ✅ GitHub 반영: 결과 자동백업: 기후 3경주 7-5-2
📝 [복기] 사세보 3경주: 5번 田口 勇介의 A등급 선행력을 과신하여 7번 篠原 龍馬과 3번 矢部 駿人의 선행 다툼에 → 규칙(4): 선행마들의 직접적인 최근 1착 기록과 선언 각질(도주/자재)을 비교하여 선행 주도권을 더욱 면밀히 판단한다.
[각질편성] 사세보 3경주: 선행4·선입0·추입3 → ⚡ 빠른 페이스
[일본전개] 사세보 3경주: 하이페이스 선행4 · 유력3·복병0
[신호별학습] 사세보 3경주 · 활성신호 ['급락', '전적이중수렴', '크로스역배열'] · 유력마적중 복승=False 삼복승=False
[결과 수정] 사세보 3경주: 기존 레코드 교체(재입력)
[복병케이스] 사세보 3경주: 복병 6두 저장(입상 3)
[각질편성] 사세보 3경주: 선행4·선입0·추입3 → ⚡ 빠른 페이스
[일본전개] 사세보 3경주: 하이페이스 선행4 · 유력3·복병0
[readonly 잠금] 사세보 3경주: 마감 확정 파일 — corePicks/시계열 보존, result/hit만 업데이트 허용
[각질편성] 오다와라 3경주: 선행3·선입0·추입6 → ⚡ 빠른 페이스
[경륜전개] 오다와라 3경주: 슬로우(단독 선행) · 라인 3개 · 페어 [[2, 8], [5, 1], [3, 9]]
[패턴발견] 결과 1531경주 스캔 → 발견 패턴 10개(기준 적중률 35.5%)
[자동학습] 사세보 3경주 결과 [7, 3, 4] → 추천적중 False, 급락적중 False, 전적유력마 1(실패), 제거적중 False
🔴 [joCode 미등록] 삿포로 — 결과 백필·경주 흐름 수집이 **통째로 스킵**됩니다. RaceKekka.do 를 joCode 01~89 로 조회해 <title>의 ○○競輪 로 확정 후 KEIRIN_JO 에 추가하십시오.
🔴 [joCode 미등록] 중경 — 결과 백필·경주 흐름 수집이 **통째로 스킵**됩니다. RaceKekka.do 를 joCode 01~89 로 조회해 <title>의 ○○競輪 로 확정 후 KEIRIN_JO 에 추가하십시오.
[경륜 결과 백필] 2026-08-01: 시도 6 · 성공 3 · 실패 3
  ↳ 실패: 오다와라 4경주 - 결과 미게시/파싱 실패
  ↳ 실패: 기후 4경주 - 결과 미게시/파싱 실패
  ↳ 실패: 사세보 4경주 - 결과 미게시/파싱 실패
[placeholder 필터] 오다와라 4경주 쌍승 껍데기 배당 4조합 제외(값: [859.9])
[각질편성] 오다와라 4경주: 선행3·선입0·추입6 → ⚡ 빠른 페이스
[경륜전개] 오다와라 4경주: 보통 · 라인 3개 · 페어 [[5, 3], [1, 7], [9, 2]]
⏸ [폴링 저장 가드] 오다와라 4경주: 마감 후 readonly → 로그 저장 생략(분석·표시는 정상)
[placeholder 필터] 오다와라 4경주 쌍승 껍데기 배당 4조합 제외(값: [859.9])
[각질편성] 오다와라 4경주: 선행3·선입0·추입6 → ⚡ 빠른 페이스
[경륜전개] 오다와라 4경주: 보통 · 라인 3개 · 페어 [[5, 3], [1, 7], [9, 2]]
[각질편성] 오다와라 3경주: 선행3·선입0·추입6 → ⚡ 빠른 페이스
[경륜전개] 오다와라 3경주: 슬로우(단독 선행) · 라인 3개 · 페어 [[2, 8], [5, 1], [3, 9]]
[placeholder 필터] 오다와라 4경주 쌍승 껍데기 배당 4조합 제외(값: [859.9])
[placeholder 필터] 오다와라 4경주 쌍승 껍데기 배당 4조합 제외(값: [859.9])
[각질편성] 오다와라 4경주: 선행3·선입0·추입6 → ⚡ 빠른 페이스
[각질편성] 오다와라 4경주: 선행3·선입0·추입6 → ⚡ 빠른 페이스
[경륜전개] 오다와라 4경주: 보통 · 라인 3개 · 페어 [[5, 3], [1, 7], [9, 2]]
[경륜전개] 오다와라 4경주: 보통 · 라인 3개 · 페어 [[5, 3], [1, 7], [9, 2]]
[데이터백업] ✅ GitHub 반영: 결과 자동백업: 오다와라 3경주 3-9-5
[3종 수집] 기후 4경주: {'quinella': 21, 'exacta': 42, 'trio': 0, 'win': 0} (history 3)
[3종 수집] 오다와라 4경주: {'quinella': 36, 'exacta': 72, 'trio': 0, 'win': 0} (history 12)
[각질편성] 기후 4경주: 선행2·선입0·추입5 → 보통 페이스
[경륜전개] 기후 4경주: 보통 · 라인 2개 · 페어 [[2, 7], [6, 1]]
[복승불일치 축교정] 기후 4경주: 축 [1, 4]로 교정(자금이탈 강등 [2]·🔴🔴)
[B라인 그물망] 기후 4경주: B라인[6, 1] 삼복승보험 [[1, 2, 6]] 추가
[자동분석·배경] 기후 4경주: 마감 514초 전 재분석(rec_history 누적·cycle)
[placeholder 필터] 오다와라 4경주 쌍승 껍데기 배당 4조합 제외(값: [859.9])
[각질편성] 오다와라 4경주: 선행3·선입0·추입6 → ⚡ 빠른 페이스
[경륜전개] 오다와라 4경주: 보통 · 라인 3개 · 페어 [[5, 3], [1, 7], [9, 2]]
[3종 수집] 삿포로 5경주: {'quinella': 78, 'exacta': 0, 'trio': 286, 'win': 0} (history 5)
[JRA수집] 1경주 수집 · 0경주 생략(확장 우선) · 0.42초 · 🔬관찰모드
[placeholder 필터] 오다와라 4경주 쌍승 껍데기 배당 4조합 제외(값: [859.9])
[각질편성] 오다와라 4경주: 선행3·선입0·추입6 → ⚡ 빠른 페이스
[경륜전개] 오다와라 4경주: 보통 · 라인 3개 · 페어 [[5, 3], [1, 7], [9, 2]]
[각질편성] 오다와라 3경주: 선행3·선입0·추입6 → ⚡ 빠른 페이스
[경륜전개] 오다와라 3경주: 슬로우(단독 선행) · 라인 3개 · 페어 [[2, 8], [5, 1], [3, 9]]
[각질편성] 아오모리 4경주: 선행2·선입0·추입5 → 보통 페이스
[placeholder 필터] 오다와라 4경주 쌍승 껍데기 배당 4조합 제외(값: [859.9])
[경륜전개] 아오모리 4경주: 슬로우(단독 선행) · 라인 2개 · 페어 [[2, 7], [4, 1]]
[placeholder 필터] 오다와라 4경주 쌍승 껍데기 배당 4조합 제외(값: [859.9])
[각질편성] 오다와라 3경주: 선행3·선입0·추입6 → ⚡ 빠른 페이스
[경륜전개] 오다와라 3경주: 슬로우(단독 선행) · 라인 3개 · 페어 [[2, 8], [5, 1], [3, 9]]
[각질편성] 오다와라 4경주: 선행3·선입0·추입6 → ⚡ 빠른 페이스
[placeholder 필터] 오다와라 4경주 쌍승 껍데기 배당 4조합 제외(값: [859.9])
[각질편성] 오다와라 4경주: 선행3·선입0·추입6 → ⚡ 빠른 페이스
[복승불일치 축교정] 아오모리 4경주: 축 [1, 4]로 교정(자금이탈 강등 [7]·🔴🔴)
[경륜전개] 오다와라 4경주: 보통 · 라인 3개 · 페어 [[5, 3], [1, 7], [9, 2]]
[경륜전개] 오다와라 4경주: 보통 · 라인 3개 · 페어 [[5, 3], [1, 7], [9, 2]]
[각질편성] 오다와라 4경주: 선행3·선입0·추입6 → ⚡ 빠른 페이스
[경륜전개] 오다와라 4경주: 보통 · 라인 3개 · 페어 [[5, 3], [1, 7], [9, 2]]
[각질편성] 호후 4경주: 선행2·선입0·추입5 → 보통 페이스
[경륜전개] 호후 4경주: 보통 · 라인 2개 · 페어 [[2, 7], [3, 4]]
[각질편성] 아오모리 5경주: 선행2·선입0·추입5 → 보통 페이스
[경륜전개] 아오모리 5경주: 보통 · 라인 2개 · 페어 [[3, 4], [5, 1]]
[복승불일치 축교정] 아오모리 5경주: 축 [1, 3]로 교정(자금이탈 강등 [6]·🔴)
[각질편성] 호후 5경주: 선행3·선입0·추입4 → ⚡ 빠른 페이스
[경륜전개] 호후 5경주: 보통 · 라인 3개 · 페어 [[5, 1], [4, 2], [3, 7]]
[각질편성] 아오모리 6경주: 선행4·선입0·추입3 → ⚡ 빠른 페이스
[경륜전개] 아오모리 6경주: 하이(주도권 경합) · 라인 4개 · 페어 [[1, 3], [7, 4], [6, 2]]
[placeholder 필터] 호후 6경주 쌍승 껍데기 배당 3조합 제외(값: [300.2])
[각질편성] 호후 6경주: 선행5·선입0·추입2 → ⚡ 빠른 페이스
[경륜전개] 호후 6경주: 보통 · 라인 5개 · 페어 [[5, 1], [4, 2]]
[placeholder 필터] 아오모리 7경주 쌍승 껍데기 배당 3조합 제외(값: [1703.0])
[각질편성] 아오모리 7경주: 선행5·선입0·추입2 → ⚡ 빠른 페이스
[경륜전개] 아오모리 7경주: 슬로우(단독 선행) · 라인 5개 · 페어 [[4, 5], [3, 7]]
[각질편성] 호후 7경주: 선행5·선입0·추입2 → ⚡ 빠른 페이스
[경륜전개] 호후 7경주: 하이(주도권 경합) · 라인 5개 · 페어 [[5, 2], [3, 7]]
[결과기록] 캐시 갱신 — 재파싱 4건 / 전체 1670건
[각질편성] 사세보 1경주: 선행2·선입0·추입5 → 보통 페이스
[경륜전개] 사세보 1경주: 보통 · 라인 2개 · 페어 [[1, 5], [6, 2]]
[각질편성] 오다와라 1경주: 선행5·선입0·추입4 → ⚡ 빠른 페이스
[경륜전개] 오다와라 1경주: 보통 · 라인 5개 · 페어 [[1, 5], [7, 3]]
[각질편성] 기후 1경주: 선행2·선입0·추입5 → 보통 페이스
[경륜전개] 기후 1경주: 보통 · 라인 2개 · 페어 [[7, 3], [1, 4]]
[placeholder 필터] 오다와라 4경주 쌍승 껍데기 배당 4조합 제외(값: [859.9])
[각질편성] 오다와라 4경주: 선행3·선입0·추입6 → ⚡ 빠른 페이스
[경륜전개] 오다와라 4경주: 보통 · 라인 3개 · 페어 [[5, 3], [1, 7], [9, 2]]
[각질편성] 사세보 2경주: 선행2·선입0·추입5 → 보통 페이스
[경륜전개] 사세보 2경주: 보통 · 라인 2개 · 페어 [[7, 2], [5, 1]]
[복승불일치 축교정] 사세보 2경주: 축 [2, 7]로 교정(자금이탈 강등 [1]·🔴🔴)
[각질편성] 오다와라 2경주: 선행4·선입0·추입5 → ⚡ 빠른 페이스
[경륜전개] 오다와라 2경주: 슬로우(단독 선행) · 라인 4개 · 페어 [[2, 7], [9, 1], [6, 4], [8, 3]]
[각질편성] 기후 2경주: 선행3·선입0·추입4 → ⚡ 빠른 페이스
[경륜전개] 기후 2경주: 하이(주도권 경합) · 라인 3개 · 페어 [[3, 4], [7, 2], [6, 1]]
[복승불일치 축교정] 기후 2경주: 축 [3, 4]로 교정(자금이탈 강등 [6]·🔴🔴)
[각질편성] 사세보 3경주: 선행4·선입0·추입3 → ⚡ 빠른 페이스
[경륜전개] 사세보 3경주: 하이(주도권 경합) · 라인 4개 · 페어 [[5, 1], [6, 2]]
[각질편성] 오다와라 3경주: 선행3·선입0·추입6 → ⚡ 빠른 페이스
[경륜전개] 오다와라 3경주: 슬로우(단독 선행) · 라인 3개 · 페어 [[2, 8], [5, 1], [3, 9]]
[각질편성] 기후 3경주: 선행3·선입0·추입4 → ⚡ 빠른 페이스
[경륜전개] 기후 3경주: 보통 · 라인 3개 · 페어 [[5, 7], [4, 3], [6, 1]]
[복승불일치 축교정] 기후 3경주: 축 [5, 7]로 교정(자금이탈 강등 [4]·🔴🔴)
[각질편성] 사세보 4경주: 선행1·선입0·추입6 → 🐌 느린 페이스
[경륜전개] 사세보 4경주: 슬로우(단독 선행) · 라인 2개 · 페어 [[1, 4], [7, 3]]
[placeholder 필터] 오다와라 4경주 쌍승 껍데기 배당 4조합 제외(값: [859.9])
[각질편성] 오다와라 4경주: 선행3·선입0·추입6 → ⚡ 빠른 페이스
[경륜전개] 오다와라 4경주: 보통 · 라인 3개 · 페어 [[5, 3], [1, 7], [9, 2]]
[각질편성] 기후 4경주: 선행2·선입0·추입5 → 보통 페이스
[경륜전개] 기후 4경주: 보통 · 라인 2개 · 페어 [[2, 7], [6, 1]]
[복승불일치 축교정] 기후 4경주: 축 [1, 4]로 교정(자금이탈 강등 [2]·🔴🔴)
[B라인 그물망] 기후 4경주: B라인[6, 1] 삼복승보험 [[1, 2, 6]] 추가
[다중경주] 하트비트 #11 · 스케줄 ymd=20260801 (-1초 전 갱신 · 트랙 12개)
[3종 수집] 기후 4경주: {'quinella': 21, 'exacta': 42, 'trio': 0, 'win': 0} (history 4)
[3종 수집] 오다와라 4경주: {'quinella': 36, 'exacta': 72, 'trio': 0, 'win': 0} (history 12)
[각질편성] 기후 4경주: 선행2·선입0·추입5 → 보통 페이스
[경륜전개] 기후 4경주: 보통 · 라인 2개 · 페어 [[2, 7], [6, 1]]
[복승불일치 축교정] 기후 4경주: 축 [1, 4]로 교정(자금이탈 강등 [2]·🔴🔴)
[B라인 그물망] 기후 4경주: B라인[6, 1] 삼복승보험 [[1, 2, 6]] 추가
[자동분석·배경] 기후 4경주: 마감 482초 전 재분석(rec_history 누적·cycle)
[placeholder 필터] 오다와라 4경주 쌍승 껍데기 배당 4조합 제외(값: [859.9])
[각질편성] 오다와라 4경주: 선행3·선입0·추입6 → ⚡ 빠른 페이스
[경륜전개] 오다와라 4경주: 보통 · 라인 3개 · 페어 [[5, 3], [1, 7], [9, 2]]
[placeholder 필터] 오다와라 4경주 쌍승 껍데기 배당 4조합 제외(값: [859.9])
[placeholder 필터] 오다와라 4경주 쌍승 껍데기 배당 4조합 제외(값: [859.9])
[각질편성] 오다와라 4경주: 선행3·선입0·추입6 → ⚡ 빠른 페이스
[경륜전개] 오다와라 4경주: 보통 · 라인 3개 · 페어 [[5, 3], [1, 7], [9, 2]]
[각질편성] 오다와라 4경주: 선행3·선입0·추입6 → ⚡ 빠른 페이스
[경륜전개] 오다와라 4경주: 보통 · 라인 3개 · 페어 [[5, 3], [1, 7], [9, 2]]
[placeholder 필터] 오다와라 4경주 쌍승 껍데기 배당 4조합 제외(값: [859.9])
[각질편성] 오다와라 4경주: 선행3·선입0·추입6 → ⚡ 빠른 페이스
[경륜전개] 오다와라 4경주: 보통 · 라인 3개 · 페어 [[5, 3], [1, 7], [9, 2]]
[placeholder 필터] 오다와라 4경주 쌍승 껍데기 배당 4조합 제외(값: [859.9])
[각질편성] 오다와라 4경주: 선행3·선입0·추입6 → ⚡ 빠른 페이스
[경륜전개] 오다와라 4경주: 보통 · 라인 3개 · 페어 [[5, 3], [1, 7], [9, 2]]
[3종 수집] 오다와라 4경주: {'quinella': 36, 'exacta': 72, 'trio': 0, 'win': 0} (history 12)
[placeholder 필터] 오다와라 4경주 쌍승 껍데기 배당 4조합 제외(값: [859.9])
[각질편성] 오다와라 4경주: 선행3·선입0·추입6 → ⚡ 빠른 페이스
[경륜전개] 오다와라 4경주: 보통 · 라인 3개 · 페어 [[5, 3], [1, 7], [9, 2]]
[3종 수집] 기후 4경주: {'quinella': 21, 'exacta': 42, 'trio': 0, 'win': 0} (history 5)
[각질편성] 기후 4경주: 선행2·선입0·추입5 → 보통 페이스
[경륜전개] 기후 4경주: 보통 · 라인 2개 · 페어 [[2, 7], [6, 1]]
[복승불일치 축교정] 기후 4경주: 축 [1, 4]로 교정(자금이탈 강등 [2]·🔴🔴)
[3종 수집] 삿포로 5경주: {'quinella': 78, 'exacta': 0, 'trio': 286, 'win': 0} (history 6)
[JRA수집] 1경주 수집 · 0경주 생략(확장 우선) · 0.57초 · 🔬관찰모드
[자동분석·배경] 기후 4경주: 마감 449초 전 재분석(rec_history 누적·cycle)
[각질편성] 기후 4경주: 선행2·선입0·추입5 → 보통 페이스
[경륜전개] 기후 4경주: 보통 · 라인 2개 · 페어 [[2, 7], [6, 1]]
[복승불일치 축교정] 기후 4경주: 축 [1, 4]로 교정(자금이탈 강등 [2]·🔴🔴)
[카카오알림] 기후 4경주 T-7 → 큐 적재
[placeholder 필터] 오다와라 4경주 쌍승 껍데기 배당 4조합 제외(값: [859.9])
[placeholder 필터] 오다와라 4경주 쌍승 껍데기 배당 4조합 제외(값: [859.9])
[각질편성] 오다와라 4경주: 선행3·선입0·추입6 → ⚡ 빠른 페이스
[각질편성] 오다와라 4경주: 선행3·선입0·추입6 → ⚡ 빠른 페이스
[경륜전개] 오다와라 4경주: 보통 · 라인 3개 · 페어 [[5, 3], [1, 7], [9, 2]]
[경륜전개] 오다와라 4경주: 보통 · 라인 3개 · 페어 [[5, 3], [1, 7], [9, 2]]
[각질편성] 오다와라 3경주: 선행3·선입0·추입6 → ⚡ 빠른 페이스
[경륜전개] 오다와라 3경주: 슬로우(단독 선행) · 라인 3개 · 페어 [[2, 8], [5, 1], [3, 9]]
[placeholder 필터] 오다와라 4경주 쌍승 껍데기 배당 4조합 제외(값: [859.9])
[각질편성] 오다와라 3경주: 선행3·선입0·추입6 → ⚡ 빠른 페이스
[경륜전개] 오다와라 3경주: 슬로우(단독 선행) · 라인 3개 · 페어 [[2, 8], [5, 1], [3, 9]]
[각질편성] 아오모리 4경주: 선행2·선입0·추입5 → 보통 페이스
[placeholder 필터] 오다와라 4경주 쌍승 껍데기 배당 4조합 제외(값: [859.9])
[경륜전개] 아오모리 4경주: 슬로우(단독 선행) · 라인 2개 · 페어 [[2, 7], [4, 1]]
[각질편성] 오다와라 4경주: 선행3·선입0·추입6 → ⚡ 빠른 페이스
[placeholder 필터] 오다와라 4경주 쌍승 껍데기 배당 4조합 제외(값: [859.9])
[각질편성] 오다와라 4경주: 선행3·선입0·추입6 → ⚡ 빠른 페이스
[경륜전개] 오다와라 4경주: 보통 · 라인 3개 · 페어 [[5, 3], [1, 7], [9, 2]]
[복승불일치 축교정] 아오모리 4경주: 축 [1, 4]로 교정(자금이탈 강등 [7]·🔴🔴)
[경륜전개] 오다와라 4경주: 보통 · 라인 3개 · 페어 [[5, 3], [1, 7], [9, 2]]
[각질편성] 오다와라 4경주: 선행3·선입0·추입6 → ⚡ 빠른 페이스
[경륜전개] 오다와라 4경주: 보통 · 라인 3개 · 페어 [[5, 3], [1, 7], [9, 2]]
[각질편성] 호후 4경주: 선행2·선입0·추입5 → 보통 페이스
[경륜전개] 호후 4경주: 보통 · 라인 2개 · 페어 [[2, 7], [3, 4]]
[각질편성] 아오모리 5경주: 선행2·선입0·추입5 → 보통 페이스
[경륜전개] 아오모리 5경주: 보통 · 라인 2개 · 페어 [[3, 4], [5, 1]]
[복승불일치 축교정] 아오모리 5경주: 축 [1, 3]로 교정(자금이탈 강등 [6]·🔴)
[각질편성] 호후 5경주: 선행3·선입0·추입4 → ⚡ 빠른 페이스
[경륜전개] 호후 5경주: 보통 · 라인 3개 · 페어 [[5, 1], [4, 2], [3, 7]]
[각질편성] 아오모리 6경주: 선행4·선입0·추입3 → ⚡ 빠른 페이스
[경륜전개] 아오모리 6경주: 하이(주도권 경합) · 라인 4개 · 페어 [[1, 3], [7, 4], [6, 2]]
[placeholder 필터] 호후 6경주 쌍승 껍데기 배당 3조합 제외(값: [300.2])
[각질편성] 호후 6경주: 선행5·선입0·추입2 → ⚡ 빠른 페이스
[경륜전개] 호후 6경주: 보통 · 라인 5개 · 페어 [[5, 1], [4, 2]]
[placeholder 필터] 아오모리 7경주 쌍승 껍데기 배당 3조합 제외(값: [1703.0])
[각질편성] 아오모리 7경주: 선행5·선입0·추입2 → ⚡ 빠른 페이스
[경륜전개] 아오모리 7경주: 슬로우(단독 선행) · 라인 5개 · 페어 [[4, 5], [3, 7]]
[결과기록] 캐시 갱신 — 재파싱 1건 / 전체 1670건
[각질편성] 호후 7경주: 선행5·선입0·추입2 → ⚡ 빠른 페이스
[경륜전개] 호후 7경주: 하이(주도권 경합) · 라인 5개 · 페어 [[5, 2], [3, 7]]
[각질편성] 사세보 1경주: 선행2·선입0·추입5 → 보통 페이스
[경륜전개] 사세보 1경주: 보통 · 라인 2개 · 페어 [[1, 5], [6, 2]]
[placeholder 필터] 오다와라 4경주 쌍승 껍데기 배당 4조합 제외(값: [859.9])
[각질편성] 오다와라 4경주: 선행3·선입0·추입6 → ⚡ 빠른 페이스
[경륜전개] 오다와라 4경주: 보통 · 라인 3개 · 페어 [[5, 3], [1, 7], [9, 2]]
[각질편성] 오다와라 1경주: 선행5·선입0·추입4 → ⚡ 빠른 페이스
[경륜전개] 오다와라 1경주: 보통 · 라인 5개 · 페어 [[1, 5], [7, 3]]
[각질편성] 기후 1경주: 선행2·선입0·추입5 → 보통 페이스
[경륜전개] 기후 1경주: 보통 · 라인 2개 · 페어 [[7, 3], [1, 4]]
[각질편성] 사세보 2경주: 선행2·선입0·추입5 → 보통 페이스
[경륜전개] 사세보 2경주: 보통 · 라인 2개 · 페어 [[7, 2], [5, 1]]
[복승불일치 축교정] 사세보 2경주: 축 [2, 7]로 교정(자금이탈 강등 [1]·🔴🔴)
[각질편성] 오다와라 2경주: 선행4·선입0·추입5 → ⚡ 빠른 페이스
[경륜전개] 오다와라 2경주: 슬로우(단독 선행) · 라인 4개 · 페어 [[2, 7], [9, 1], [6, 4], [8, 3]]
[각질편성] 기후 2경주: 선행3·선입0·추입4 → ⚡ 빠른 페이스
[경륜전개] 기후 2경주: 하이(주도권 경합) · 라인 3개 · 페어 [[3, 4], [7, 2], [6, 1]]
[복승불일치 축교정] 기후 2경주: 축 [3, 4]로 교정(자금이탈 강등 [6]·🔴🔴)
[각질편성] 사세보 3경주: 선행4·선입0·추입3 → ⚡ 빠른 페이스
[경륜전개] 사세보 3경주: 하이(주도권 경합) · 라인 4개 · 페어 [[5, 1], [6, 2]]
[각질편성] 오다와라 3경주: 선행3·선입0·추입6 → ⚡ 빠른 페이스
[경륜전개] 오다와라 3경주: 슬로우(단독 선행) · 라인 3개 · 페어 [[2, 8], [5, 1], [3, 9]]
[각질편성] 기후 3경주: 선행3·선입0·추입4 → ⚡ 빠른 페이스
[경륜전개] 기후 3경주: 보통 · 라인 3개 · 페어 [[5, 7], [4, 3], [6, 1]]
[복승불일치 축교정] 기후 3경주: 축 [5, 7]로 교정(자금이탈 강등 [4]·🔴🔴)
[각질편성] 사세보 4경주: 선행1·선입0·추입6 → 🐌 느린 페이스
[경륜전개] 사세보 4경주: 슬로우(단독 선행) · 라인 2개 · 페어 [[1, 4], [7, 3]]
[placeholder 필터] 오다와라 4경주 쌍승 껍데기 배당 4조합 제외(값: [859.9])
[각질편성] 오다와라 4경주: 선행3·선입0·추입6 → ⚡ 빠른 페이스
[경륜전개] 오다와라 4경주: 보통 · 라인 3개 · 페어 [[5, 3], [1, 7], [9, 2]]
[각질편성] 기후 4경주: 선행2·선입0·추입5 → 보통 페이스
[경륜전개] 기후 4경주: 보통 · 라인 2개 · 페어 [[2, 7], [6, 1]]
[복승불일치 축교정] 기후 4경주: 축 [1, 4]로 교정(자금이탈 강등 [2]·🔴🔴)
서버 시작: http://127.0.0.1:8011 (debug=True, 로컬은 자동 리로드 ON)
  · Gemini 검수 호출 : ⏸️ 꺼짐 — 일시 중단 (GEMINI_REVIEW_ENABLED)
  · Gemini 카카오발송: ⏸️ 꺼짐 — 일시 중단 (GEMINI_KAKAO_ENABLED)
  · 결정론 검수(②④) : 🟢 항상 동작 (logs/det_review/) · 경주 추천 카카오: 🟢 정상
  · Gemini 독립예측  : ✅ 켜짐
  · 선택 모듈 로드          ✅ 전부 정상
  --- 환경 플래그(자동 수집) ---
  · GEMINI_FORECAST_ENABLED    🟢 켜짐
[주기백업] 6시간 주기 데이터 안전 백업 스레드 시작
[학습일지] 매일 22:00 학습 일지 자동 생성 스케줄러 시작
[체크리스트 카카오] 자동 발송 스케줄러 시작(매일 21:00 · 60초 폴링 · HEALTH_KAKAO_HOUR)
[다중경주] 백그라운드 시작(스케줄 30분·수집 30초·실패격리·워치독 60초)
[JRA수집] 중앙경마 백그라운드 시작(60초 · 마감15분창 · type[4, 7] · 🔬관찰모드(추천 미반영))
[날씨] 자동수집 데몬 시작(30분 캐시· 키 없음→더미)
[다중경주] 하트비트 #1 · 스케줄 ymd=20260801 (-1초 전 갱신 · 트랙 12개)
[결과 백필] 데몬 시작(20분 주기·당일 미입력 자동수집 — 한국:KRA rcTime · 일본NAR:keiba RaceMarkTable·watch 무관)
[부팅] 백그라운드 작업 기동 완료(자동수집·백업·학습·날짜정리)
[3종 수집] 기후 4경주: {'quinella': 21, 'exacta': 42, 'trio': 0, 'win': 0} (history 6)
[3종 수집] 오다와라 4경주: {'quinella': 36, 'exacta': 72, 'trio': 0, 'win': 0} (history 12)
[placeholder 필터] 오다와라 4경주 쌍승 껍데기 배당 4조합 제외(값: [859.9])
[각질편성] 오다와라 4경주: 선행3·선입0·추입6 → ⚡ 빠른 페이스
[경륜전개] 오다와라 4경주: 보통 · 라인 3개 · 페어 [[5, 3], [1, 7], [9, 2]]
⏸ [폴링 저장 가드] 오다와라 4경주: 마감 후 readonly → 로그 저장 생략(분석·표시는 정상)
🔮 [예측] 기후 4경주: top3=[4, 1, 2] conf=3 · 코멘트에서 1번의 '번수전'과 4번의 '독점' 언급이 두드러지며, 2번과
🔮 [예측] 오다와라 4경주: top3=[5, 1, 3] conf=4 · 선행형이 2명(1, 5번)으로 선행 경쟁이 발생할 수 있으며, 특히 5번
[각질편성] 기후 4경주: 선행2·선입0·추입5 → 보통 페이스
[경륜전개] 기후 4경주: 보통 · 라인 2개 · 페어 [[2, 7], [6, 1]]
[복승불일치 축교정] 기후 4경주: 축 [1, 4]로 교정(자금이탈 강등 [2]·🔴🔴)
[경륜 B라인v2] 에러(무시·보류 항목): name 'key_horses' is not defined
[B라인 그물망] 기후 4경주: B라인[6, 1] 삼복승보험 [[1, 2, 6]] 추가
[자동분석·배경] 기후 4경주: 마감 421초 전 재분석(rec_history 누적·cycle)
[각질편성] 기후 4경주: 선행2·선입0·추입5 → 보통 페이스
[경륜전개] 기후 4경주: 보통 · 라인 2개 · 페어 [[2, 7], [6, 1]]
[복승불일치 축교정] 기후 4경주: 축 [1, 4]로 교정(자금이탈 강등 [2]·🔴🔴)
[B라인 그물망] 기후 4경주: B라인[6, 1] 삼복승보험 [[1, 2, 6]] 추가
[카카오알림] 기후 4경주 T-7 → 큐 적재
[placeholder 필터] 오다와라 4경주 쌍승 껍데기 배당 4조합 제외(값: [859.9])
[placeholder 필터] 오다와라 4경주 쌍승 껍데기 배당 4조합 제외(값: [859.9])
[각질편성] 오다와라 4경주: 선행3·선입0·추입6 → ⚡ 빠른 페이스
[각질편성] 오다와라 4경주: 선행3·선입0·추입6 → ⚡ 빠른 페이스
[경륜전개] 오다와라 4경주: 보통 · 라인 3개 · 페어 [[5, 3], [1, 7], [9, 2]]
[경륜전개] 오다와라 4경주: 보통 · 라인 3개 · 페어 [[5, 3], [1, 7], [9, 2]]
[경륜 스케줄] 20260801: 경륜장 10곳 · 경주 94개(서버 직접수집·로그인 불필요)
[placeholder 필터] 오다와라 4경주 쌍승 껍데기 배당 4조합 제외(값: [859.9])
[각질편성] 오다와라 4경주: 선행3·선입0·추입6 → ⚡ 빠른 페이스
[경륜전개] 오다와라 4경주: 보통 · 라인 3개 · 페어 [[5, 3], [1, 7], [9, 2]]
[placeholder 필터] 오다와라 4경주 쌍승 껍데기 배당 4조합 제외(값: [859.9])
[각질편성] 오다와라 4경주: 선행3·선입0·추입6 → ⚡ 빠른 페이스
[경륜전개] 오다와라 4경주: 보통 · 라인 3개 · 페어 [[5, 3], [1, 7], [9, 2]]
[한국경마 스케줄] 20260801: 경마장 0곳 · 경주 0개(KRA API 감지·발주시각 미제공)
[다중경주 스케줄] 20260801: 트랙 12곳(경륜 10·한국 0 포함) · 경주 118개
[3종 수집] 기후 4경주: {'quinella': 21, 'exacta': 42, 'trio': 0, 'win': 0} (history 7)
[각질편성] 기후 4경주: 선행2·선입0·추입5 → 보통 페이스
[경륜전개] 기후 4경주: 보통 · 라인 2개 · 페어 [[2, 7], [6, 1]]
[복승불일치 축교정] 기후 4경주: 축 [1, 4]로 교정(자금이탈 강등 [2]·🔴🔴)
[단통 상한] 메인 2개 · 복병이동 1개
[B라인 그물망] 기후 4경주: B라인[6, 1] 삼복승보험 [[1, 2, 6]] 추가
[자동분석·배경] 기후 4경주: 마감 385초 전 재분석(rec_history 누적·cycle)
[placeholder 필터] 오다와라 4경주 쌍승 껍데기 배당 4조합 제외(값: [859.9])
[각질편성] 오다와라 4경주: 선행3·선입0·추입6 → ⚡ 빠른 페이스
[경륜전개] 오다와라 4경주: 보통 · 라인 3개 · 페어 [[5, 3], [1, 7], [9, 2]]
[placeholder 필터] 오다와라 4경주 쌍승 껍데기 배당 4조합 제외(값: [859.9])
[placeholder 필터] 오다와라 4경주 쌍승 껍데기 배당 4조합 제외(값: [859.9])
[각질편성] 오다와라 4경주: 선행3·선입0·추입6 → ⚡ 빠른 페이스
[경륜전개] 오다와라 4경주: 보통 · 라인 3개 · 페어 [[5, 3], [1, 7], [9, 2]]
[각질편성] 오다와라 4경주: 선행3·선입0·추입6 → ⚡ 빠른 페이스
[경륜전개] 오다와라 4경주: 보통 · 라인 3개 · 페어 [[5, 3], [1, 7], [9, 2]]
[각질편성] 오다와라 3경주: 선행3·선입0·추입6 → ⚡ 빠른 페이스
[경륜전개] 오다와라 3경주: 슬로우(단독 선행) · 라인 3개 · 페어 [[2, 8], [5, 1], [3, 9]]
[placeholder 필터] 오다와라 4경주 쌍승 껍데기 배당 4조합 제외(값: [859.9])
[각질편성] 오다와라 3경주: 선행3·선입0·추입6 → ⚡ 빠른 페이스
[placeholder 필터] 오다와라 4경주 쌍승 껍데기 배당 4조합 제외(값: [859.9])
[경륜전개] 오다와라 3경주: 슬로우(단독 선행) · 라인 3개 · 페어 [[2, 8], [5, 1], [3, 9]]
[각질편성] 아오모리 4경주: 선행2·선입0·추입5 → 보통 페이스
[placeholder 필터] 오다와라 4경주 쌍승 껍데기 배당 4조합 제외(값: [859.9])
[경륜전개] 아오모리 4경주: 슬로우(단독 선행) · 라인 2개 · 페어 [[2, 7], [4, 1]]
[각질편성] 오다와라 4경주: 선행3·선입0·추입6 → ⚡ 빠른 페이스
[경륜전개] 오다와라 4경주: 보통 · 라인 3개 · 페어 [[5, 3], [1, 7], [9, 2]]
[각질편성] 오다와라 4경주: 선행3·선입0·추입6 → ⚡ 빠른 페이스
[복승불일치 축교정] 아오모리 4경주: 축 [1, 4]로 교정(자금이탈 강등 [7]·🔴🔴)
[각질편성] 오다와라 4경주: 선행3·선입0·추입6 → ⚡ 빠른 페이스
[경륜전개] 오다와라 4경주: 보통 · 라인 3개 · 페어 [[5, 3], [1, 7], [9, 2]]
[경륜전개] 오다와라 4경주: 보통 · 라인 3개 · 페어 [[5, 3], [1, 7], [9, 2]]
⏸ [폴링 저장 가드] 오다와라 3경주: 마감 후 readonly → 로그 저장 생략(분석·표시는 정상)
[결과기록] 캐시 갱신 — 재파싱 1670건 / 전체 1670건
[각질편성] 호후 4경주: 선행2·선입0·추입5 → 보통 페이스
[경륜전개] 호후 4경주: 보통 · 라인 2개 · 페어 [[2, 7], [3, 4]]
[각질편성] 아오모리 5경주: 선행2·선입0·추입5 → 보통 페이스
[경륜전개] 아오모리 5경주: 보통 · 라인 2개 · 페어 [[3, 4], [5, 1]]
[복승불일치 축교정] 아오모리 5경주: 축 [1, 3]로 교정(자금이탈 강등 [6]·🔴)
[각질편성] 호후 5경주: 선행3·선입0·추입4 → ⚡ 빠른 페이스
[경륜전개] 호후 5경주: 보통 · 라인 3개 · 페어 [[5, 1], [4, 2], [3, 7]]
[각질편성] 아오모리 6경주: 선행4·선입0·추입3 → ⚡ 빠른 페이스
[경륜전개] 아오모리 6경주: 하이(주도권 경합) · 라인 4개 · 페어 [[1, 3], [7, 4], [6, 2]]
[placeholder 필터] 호후 6경주 쌍승 껍데기 배당 3조합 제외(값: [300.2])
[각질편성] 호후 6경주: 선행5·선입0·추입2 → ⚡ 빠른 페이스
[경륜전개] 호후 6경주: 보통 · 라인 5개 · 페어 [[5, 1], [4, 2]]
[placeholder 필터] 오다와라 4경주 쌍승 껍데기 배당 4조합 제외(값: [859.9])
[각질편성] 오다와라 4경주: 선행3·선입0·추입6 → ⚡ 빠른 페이스
[경륜전개] 오다와라 4경주: 보통 · 라인 3개 · 페어 [[5, 3], [1, 7], [9, 2]]
[placeholder 필터] 아오모리 7경주 쌍승 껍데기 배당 3조합 제외(값: [1703.0])
[각질편성] 아오모리 7경주: 선행5·선입0·추입2 → ⚡ 빠른 페이스
[경륜전개] 아오모리 7경주: 슬로우(단독 선행) · 라인 5개 · 페어 [[4, 5], [3, 7]]
[각질편성] 호후 7경주: 선행5·선입0·추입2 → ⚡ 빠른 페이스
[경륜전개] 호후 7경주: 하이(주도권 경합) · 라인 5개 · 페어 [[5, 2], [3, 7]]
[각질편성] 사세보 1경주: 선행2·선입0·추입5 → 보통 페이스
[경륜전개] 사세보 1경주: 보통 · 라인 2개 · 페어 [[1, 5], [6, 2]]
[각질편성] 오다와라 1경주: 선행5·선입0·추입4 → ⚡ 빠른 페이스
[경륜전개] 오다와라 1경주: 보통 · 라인 5개 · 페어 [[1, 5], [7, 3]]
[각질편성] 기후 1경주: 선행2·선입0·추입5 → 보통 페이스
[경륜전개] 기후 1경주: 보통 · 라인 2개 · 페어 [[7, 3], [1, 4]]
[각질편성] 사세보 2경주: 선행2·선입0·추입5 → 보통 페이스
[경륜전개] 사세보 2경주: 보통 · 라인 2개 · 페어 [[7, 2], [5, 1]]
[복승불일치 축교정] 사세보 2경주: 축 [2, 7]로 교정(자금이탈 강등 [1]·🔴🔴)
[각질편성] 오다와라 2경주: 선행4·선입0·추입5 → ⚡ 빠른 페이스
[경륜전개] 오다와라 2경주: 슬로우(단독 선행) · 라인 4개 · 페어 [[2, 7], [9, 1], [6, 4], [8, 3]]
[각질편성] 기후 2경주: 선행3·선입0·추입4 → ⚡ 빠른 페이스
[경륜전개] 기후 2경주: 하이(주도권 경합) · 라인 3개 · 페어 [[3, 4], [7, 2], [6, 1]]
[복승불일치 축교정] 기후 2경주: 축 [3, 4]로 교정(자금이탈 강등 [6]·🔴🔴)
[각질편성] 사세보 3경주: 선행4·선입0·추입3 → ⚡ 빠른 페이스
[경륜전개] 사세보 3경주: 하이(주도권 경합) · 라인 4개 · 페어 [[5, 1], [6, 2]]
[각질편성] 오다와라 3경주: 선행3·선입0·추입6 → ⚡ 빠른 페이스
[경륜전개] 오다와라 3경주: 슬로우(단독 선행) · 라인 3개 · 페어 [[2, 8], [5, 1], [3, 9]]
[각질편성] 기후 3경주: 선행3·선입0·추입4 → ⚡ 빠른 페이스
[경륜전개] 기후 3경주: 보통 · 라인 3개 · 페어 [[5, 7], [4, 3], [6, 1]]
[복승불일치 축교정] 기후 3경주: 축 [5, 7]로 교정(자금이탈 강등 [4]·🔴🔴)
[각질편성] 사세보 4경주: 선행1·선입0·추입6 → 🐌 느린 페이스
[경륜전개] 사세보 4경주: 슬로우(단독 선행) · 라인 2개 · 페어 [[1, 4], [7, 3]]
[placeholder 필터] 오다와라 4경주 쌍승 껍데기 배당 4조합 제외(값: [859.9])
[각질편성] 오다와라 4경주: 선행3·선입0·추입6 → ⚡ 빠른 페이스
[경륜전개] 오다와라 4경주: 보통 · 라인 3개 · 페어 [[5, 3], [1, 7], [9, 2]]
[각질편성] 기후 4경주: 선행2·선입0·추입5 → 보통 페이스
[경륜전개] 기후 4경주: 보통 · 라인 2개 · 페어 [[2, 7], [6, 1]]
[복승불일치 축교정] 기후 4경주: 축 [1, 4]로 교정(자금이탈 강등 [2]·🔴🔴)
[단통 상한] 메인 2개 · 복병이동 1개
[B라인 그물망] 기후 4경주: B라인[6, 1] 삼복승보험 [[1, 2, 6]] 추가
[3종 수집] 삿포로 5경주: {'quinella': 78, 'exacta': 0, 'trio': 286, 'win': 0} (history 7)
[placeholder 필터] 오다와라 4경주 쌍승 껍데기 배당 4조합 제외(값: [859.9])
[각질편성] 오다와라 4경주: 선행3·선입0·추입6 → ⚡ 빠른 페이스
[경륜전개] 오다와라 4경주: 보통 · 라인 3개 · 페어 [[5, 3], [1, 7], [9, 2]]
[JRA수집] 1경주 수집 · 0경주 생략(확장 우선) · 5.85초 · 🔬관찰모드
[3종 수집] 기후 4경주: {'quinella': 21, 'exacta': 42, 'trio': 0, 'win': 0} (history 8)
[각질편성] 기후 4경주: 선행2·선입0·추입5 → 보통 페이스
[경륜전개] 기후 4경주: 보통 · 라인 2개 · 페어 [[2, 7], [6, 1]]
[복승불일치 축교정] 기후 4경주: 축 [1, 4]로 교정(자금이탈 강등 [2]·🔴🔴)
[단통 상한] 메인 2개 · 복병이동 1개
[B라인 그물망] 기후 4경주: B라인[6, 1] 삼복승보험 [[1, 2, 6]] 추가
[자동분석·배경] 기후 4경주: 마감 352초 전 재분석(rec_history 누적·cycle)
[placeholder 필터] 오다와라 4경주 쌍승 껍데기 배당 4조합 제외(값: [859.9])
[placeholder 필터] 오다와라 4경주 쌍승 껍데기 배당 4조합 제외(값: [859.9])
[각질편성] 오다와라 4경주: 선행3·선입0·추입6 → ⚡ 빠른 페이스
[각질편성] 오다와라 4경주: 선행3·선입0·추입6 → ⚡ 빠른 페이스
[경륜전개] 오다와라 4경주: 보통 · 라인 3개 · 페어 [[5, 3], [1, 7], [9, 2]]
[경륜전개] 오다와라 4경주: 보통 · 라인 3개 · 페어 [[5, 3], [1, 7], [9, 2]]
[placeholder 필터] 오다와라 4경주 쌍승 껍데기 배당 4조합 제외(값: [859.9])
[각질편성] 오다와라 4경주: 선행3·선입0·추입6 → ⚡ 빠른 페이스
[경륜전개] 오다와라 4경주: 보통 · 라인 3개 · 페어 [[5, 3], [1, 7], [9, 2]]
[placeholder 필터] 오다와라 4경주 쌍승 껍데기 배당 4조합 제외(값: [859.9])
[각질편성] 오다와라 4경주: 선행3·선입0·추입6 → ⚡ 빠른 페이스
[경륜전개] 오다와라 4경주: 보통 · 라인 3개 · 페어 [[5, 3], [1, 7], [9, 2]]
[3종 수집] 기후 4경주: {'quinella': 21, 'exacta': 42, 'trio': 0, 'win': 0} (history 9)
[각질편성] 기후 4경주: 선행2·선입0·추입5 → 보통 페이스
[경륜전개] 기후 4경주: 보통 · 라인 2개 · 페어 [[2, 7], [6, 1]]
[복승불일치 축교정] 기후 4경주: 축 [1, 4]로 교정(자금이탈 강등 [2]·🔴🔴)
[단통 상한] 메인 2개 · 복병이동 1개
[B라인 그물망] 기후 4경주: B라인[6, 1] 삼복승보험 [[1, 2, 6]] 추가
[자동분석·배경] 기후 4경주: 마감 320초 전 재분석(rec_history 누적·cycle)
[각질편성] 기후 4경주: 선행2·선입0·추입5 → 보통 페이스
[경륜전개] 기후 4경주: 보통 · 라인 2개 · 페어 [[2, 7], [6, 1]]
[복승불일치 축교정] 기후 4경주: 축 [1, 4]로 교정(자금이탈 강등 [2]·🔴🔴)
[단통 상한] 메인 2개 · 복병이동 1개
[B라인 그물망] 기후 4경주: B라인[6, 1] 삼복승보험 [[1, 2, 6]] 추가
[카카오알림] 기후 4경주 T-5 → 큐 적재
[placeholder 필터] 오다와라 4경주 쌍승 껍데기 배당 4조합 제외(값: [859.9])
[placeholder 필터] 오다와라 4경주 쌍승 껍데기 배당 4조합 제외(값: [859.9])
[각질편성] 오다와라 4경주: 선행3·선입0·추입6 → ⚡ 빠른 페이스
[각질편성] 오다와라 4경주: 선행3·선입0·추입6 → ⚡ 빠른 페이스
[경륜전개] 오다와라 4경주: 보통 · 라인 3개 · 페어 [[5, 3], [1, 7], [9, 2]]
[경륜전개] 오다와라 4경주: 보통 · 라인 3개 · 페어 [[5, 3], [1, 7], [9, 2]]
[각질편성] 오다와라 3경주: 선행3·선입0·추입6 → ⚡ 빠른 페이스
[경륜전개] 오다와라 3경주: 슬로우(단독 선행) · 라인 3개 · 페어 [[2, 8], [5, 1], [3, 9]]
[각질편성] 오다와라 3경주: 선행3·선입0·추입6 → ⚡ 빠른 페이스
[placeholder 필터] 오다와라 4경주 쌍승 껍데기 배당 4조합 제외(값: [859.9])
[placeholder 필터] 오다와라 4경주 쌍승 껍데기 배당 4조합 제외(값: [859.9])
[경륜전개] 오다와라 3경주: 슬로우(단독 선행) · 라인 3개 · 페어 [[2, 8], [5, 1], [3, 9]]
[각질편성] 아오모리 4경주: 선행2·선입0·추입5 → 보통 페이스
[placeholder 필터] 오다와라 4경주 쌍승 껍데기 배당 4조합 제외(값: [859.9])
[경륜전개] 아오모리 4경주: 슬로우(단독 선행) · 라인 2개 · 페어 [[2, 7], [4, 1]]
[각질편성] 오다와라 4경주: 선행3·선입0·추입6 → ⚡ 빠른 페이스
[각질편성] 오다와라 4경주: 선행3·선입0·추입6 → ⚡ 빠른 페이스
[경륜전개] 오다와라 4경주: 보통 · 라인 3개 · 페어 [[5, 3], [1, 7], [9, 2]]
[경륜전개] 오다와라 4경주: 보통 · 라인 3개 · 페어 [[5, 3], [1, 7], [9, 2]]
[복승불일치 축교정] 아오모리 4경주: 축 [1, 4]로 교정(자금이탈 강등 [7]·🔴🔴)
[각질편성] 오다와라 4경주: 선행3·선입0·추입6 → ⚡ 빠른 페이스
[경륜전개] 오다와라 4경주: 보통 · 라인 3개 · 페어 [[5, 3], [1, 7], [9, 2]]
[결과기록] 캐시 갱신 — 재파싱 1건 / 전체 1670건
[각질편성] 호후 4경주: 선행2·선입0·추입5 → 보통 페이스
[경륜전개] 호후 4경주: 보통 · 라인 2개 · 페어 [[2, 7], [3, 4]]
[각질편성] 아오모리 5경주: 선행2·선입0·추입5 → 보통 페이스
[경륜전개] 아오모리 5경주: 보통 · 라인 2개 · 페어 [[3, 4], [5, 1]]
[복승불일치 축교정] 아오모리 5경주: 축 [1, 3]로 교정(자금이탈 강등 [6]·🔴)
[각질편성] 호후 5경주: 선행3·선입0·추입4 → ⚡ 빠른 페이스
[경륜전개] 호후 5경주: 보통 · 라인 3개 · 페어 [[5, 1], [4, 2], [3, 7]]
[각질편성] 아오모리 6경주: 선행4·선입0·추입3 → ⚡ 빠른 페이스
[경륜전개] 아오모리 6경주: 하이(주도권 경합) · 라인 4개 · 페어 [[1, 3], [7, 4], [6, 2]]
[placeholder 필터] 호후 6경주 쌍승 껍데기 배당 3조합 제외(값: [300.2])
[각질편성] 호후 6경주: 선행5·선입0·추입2 → ⚡ 빠른 페이스
[경륜전개] 호후 6경주: 보통 · 라인 5개 · 페어 [[5, 1], [4, 2]]
[placeholder 필터] 아오모리 7경주 쌍승 껍데기 배당 3조합 제외(값: [1703.0])
[각질편성] 아오모리 7경주: 선행5·선입0·추입2 → ⚡ 빠른 페이스
[경륜전개] 아오모리 7경주: 슬로우(단독 선행) · 라인 5개 · 페어 [[4, 5], [3, 7]]
[각질편성] 호후 7경주: 선행5·선입0·추입2 → ⚡ 빠른 페이스
[경륜전개] 호후 7경주: 하이(주도권 경합) · 라인 5개 · 페어 [[5, 2], [3, 7]]
[각질편성] 사세보 1경주: 선행2·선입0·추입5 → 보통 페이스
[경륜전개] 사세보 1경주: 보통 · 라인 2개 · 페어 [[1, 5], [6, 2]]
[placeholder 필터] 오다와라 4경주 쌍승 껍데기 배당 4조합 제외(값: [859.9])
[각질편성] 오다와라 4경주: 선행3·선입0·추입6 → ⚡ 빠른 페이스
[경륜전개] 오다와라 4경주: 보통 · 라인 3개 · 페어 [[5, 3], [1, 7], [9, 2]]
[각질편성] 오다와라 1경주: 선행5·선입0·추입4 → ⚡ 빠른 페이스
[경륜전개] 오다와라 1경주: 보통 · 라인 5개 · 페어 [[1, 5], [7, 3]]
[각질편성] 기후 1경주: 선행2·선입0·추입5 → 보통 페이스
[경륜전개] 기후 1경주: 보통 · 라인 2개 · 페어 [[7, 3], [1, 4]]
[각질편성] 사세보 2경주: 선행2·선입0·추입5 → 보통 페이스
[경륜전개] 사세보 2경주: 보통 · 라인 2개 · 페어 [[7, 2], [5, 1]]
[복승불일치 축교정] 사세보 2경주: 축 [2, 7]로 교정(자금이탈 강등 [1]·🔴🔴)
[각질편성] 오다와라 2경주: 선행4·선입0·추입5 → ⚡ 빠른 페이스
[경륜전개] 오다와라 2경주: 슬로우(단독 선행) · 라인 4개 · 페어 [[2, 7], [9, 1], [6, 4], [8, 3]]
[각질편성] 기후 2경주: 선행3·선입0·추입4 → ⚡ 빠른 페이스
[경륜전개] 기후 2경주: 하이(주도권 경합) · 라인 3개 · 페어 [[3, 4], [7, 2], [6, 1]]
[복승불일치 축교정] 기후 2경주: 축 [3, 4]로 교정(자금이탈 강등 [6]·🔴🔴)
[각질편성] 사세보 3경주: 선행4·선입0·추입3 → ⚡ 빠른 페이스
[경륜전개] 사세보 3경주: 하이(주도권 경합) · 라인 4개 · 페어 [[5, 1], [6, 2]]
[각질편성] 오다와라 3경주: 선행3·선입0·추입6 → ⚡ 빠른 페이스
[경륜전개] 오다와라 3경주: 슬로우(단독 선행) · 라인 3개 · 페어 [[2, 8], [5, 1], [3, 9]]
[각질편성] 기후 3경주: 선행3·선입0·추입4 → ⚡ 빠른 페이스
[경륜전개] 기후 3경주: 보통 · 라인 3개 · 페어 [[5, 7], [4, 3], [6, 1]]
[복승불일치 축교정] 기후 3경주: 축 [5, 7]로 교정(자금이탈 강등 [4]·🔴🔴)
[각질편성] 사세보 4경주: 선행1·선입0·추입6 → 🐌 느린 페이스
[경륜전개] 사세보 4경주: 슬로우(단독 선행) · 라인 2개 · 페어 [[1, 4], [7, 3]]
[placeholder 필터] 오다와라 4경주 쌍승 껍데기 배당 4조합 제외(값: [859.9])
[각질편성] 오다와라 4경주: 선행3·선입0·추입6 → ⚡ 빠른 페이스
[경륜전개] 오다와라 4경주: 보통 · 라인 3개 · 페어 [[5, 3], [1, 7], [9, 2]]
[각질편성] 기후 4경주: 선행2·선입0·추입5 → 보통 페이스
[경륜전개] 기후 4경주: 보통 · 라인 2개 · 페어 [[2, 7], [6, 1]]
[복승불일치 축교정] 기후 4경주: 축 [1, 4]로 교정(자금이탈 강등 [2]·🔴🔴)
[단통 상한] 메인 2개 · 복병이동 1개
[B라인 그물망] 기후 4경주: B라인[6, 1] 삼복승보험 [[1, 2, 6]] 추가
[placeholder 필터] 오다와라 4경주 쌍승 껍데기 배당 4조합 제외(값: [859.9])
[각질편성] 오다와라 4경주: 선행3·선입0·추입6 → ⚡ 빠른 페이스
[경륜전개] 오다와라 4경주: 보통 · 라인 3개 · 페어 [[5, 3], [1, 7], [9, 2]]
[3종 수집] 삿포로 5경주: {'quinella': 78, 'exacta': 0, 'trio': 286, 'win': 0} (history 8)
[JRA수집] 1경주 수집 · 0경주 생략(확장 우선) · 0.33초 · 🔬관찰모드
[placeholder 필터] 오다와라 4경주 쌍승 껍데기 배당 4조합 제외(값: [859.9])
[placeholder 필터] 오다와라 4경주 쌍승 껍데기 배당 4조합 제외(값: [859.9])
[각질편성] 오다와라 4경주: 선행3·선입0·추입6 → ⚡ 빠른 페이스
[각질편성] 오다와라 4경주: 선행3·선입0·추입6 → ⚡ 빠른 페이스
[경륜전개] 오다와라 4경주: 보통 · 라인 3개 · 페어 [[5, 3], [1, 7], [9, 2]]
[경륜전개] 오다와라 4경주: 보통 · 라인 3개 · 페어 [[5, 3], [1, 7], [9, 2]]
[3종 수집] 기후 4경주: {'quinella': 21, 'exacta': 42, 'trio': 0, 'win': 0} (history 10)
[각질편성] 기후 4경주: 선행2·선입0·추입5 → 보통 페이스
[경륜전개] 기후 4경주: 보통 · 라인 2개 · 페어 [[2, 7], [6, 1]]
[복승불일치 축교정] 기후 4경주: 축 [1, 4]로 교정(자금이탈 강등 [2]·🔴🔴)
[단통 상한] 메인 1개 · 복병이동 2개
[B라인 그물망] 기후 4경주: B라인[6, 1] 삼복승보험 [[1, 2, 6]] 추가
[자동예상] 기후 4경주 최종예상 저장(2026_08_01_기후_4경주.json)
[각질편성] 기후 4경주: 선행2·선입0·추입5 → 보통 페이스
[경륜전개] 기후 4경주: 보통 · 라인 2개 · 페어 [[2, 7], [6, 1]]
[복승불일치 축교정] 기후 4경주: 축 [1, 4]로 교정(자금이탈 강등 [2]·🔴🔴)
[단통 상한] 메인 1개 · 복병이동 2개
[B라인 그물망] 기후 4경주: B라인[6, 1] 삼복승보험 [[1, 2, 6]] 추가
[자동분석·배경] 기후 4경주: 마감 288초 전 재분석(rec_history 누적·cycle)
[placeholder 필터] 오다와라 4경주 쌍승 껍데기 배당 4조합 제외(값: [859.9])
[각질편성] 오다와라 4경주: 선행3·선입0·추입6 → ⚡ 빠른 페이스
[경륜전개] 오다와라 4경주: 보통 · 라인 3개 · 페어 [[5, 3], [1, 7], [9, 2]]
[placeholder 필터] 오다와라 4경주 쌍승 껍데기 배당 4조합 제외(값: [859.9])
[각질편성] 오다와라 4경주: 선행3·선입0·추입6 → ⚡ 빠른 페이스
[경륜전개] 오다와라 4경주: 보통 · 라인 3개 · 페어 [[5, 3], [1, 7], [9, 2]]
[placeholder 필터] 오다와라 4경주 쌍승 껍데기 배당 4조합 제외(값: [859.9])
[placeholder 필터] 오다와라 4경주 쌍승 껍데기 배당 4조합 제외(값: [859.9])
[각질편성] 오다와라 4경주: 선행3·선입0·추입6 → ⚡ 빠른 페이스
[각질편성] 오다와라 4경주: 선행3·선입0·추입6 → ⚡ 빠른 페이스
[경륜전개] 오다와라 4경주: 보통 · 라인 3개 · 페어 [[5, 3], [1, 7], [9, 2]]
[경륜전개] 오다와라 4경주: 보통 · 라인 3개 · 페어 [[5, 3], [1, 7], [9, 2]]
[활성정리] 끝난 경주 1건 제거(히스토리 보존): 오다와라 3경주
[3종 수집] 기후 4경주: {'quinella': 21, 'exacta': 42, 'trio': 0, 'win': 0} (history 11)
[각질편성] 기후 4경주: 선행2·선입0·추입5 → 보통 페이스
[경륜전개] 기후 4경주: 보통 · 라인 2개 · 페어 [[2, 7], [6, 1]]
[복승불일치 축교정] 기후 4경주: 축 [1, 4]로 교정(자금이탈 강등 [2]·🔴🔴)
[단통 상한] 메인 1개 · 복병이동 2개
[B라인 그물망] 기후 4경주: B라인[6, 1] 삼복승보험 [[1, 2, 6]] 추가
[자동분석·배경] 기후 4경주: 마감 255초 전 재분석(rec_history 누적·cycle)
[placeholder 필터] 오다와라 4경주 쌍승 껍데기 배당 4조합 제외(값: [859.9])
[placeholder 필터] 오다와라 4경주 쌍승 껍데기 배당 4조합 제외(값: [859.9])
[각질편성] 아오모리 4경주: 선행2·선입0·추입5 → 보통 페이스
[경륜전개] 아오모리 4경주: 슬로우(단독 선행) · 라인 2개 · 페어 [[2, 7], [4, 1]]
[placeholder 필터] 오다와라 4경주 쌍승 껍데기 배당 4조합 제외(값: [859.9])
[각질편성] 오다와라 4경주: 선행3·선입0·추입6 → ⚡ 빠른 페이스
[각질편성] 오다와라 4경주: 선행3·선입0·추입6 → ⚡ 빠른 페이스
[경륜전개] 오다와라 4경주: 보통 · 라인 3개 · 페어 [[5, 3], [1, 7], [9, 2]]
[경륜전개] 오다와라 4경주: 보통 · 라인 3개 · 페어 [[5, 3], [1, 7], [9, 2]]
[복승불일치 축교정] 아오모리 4경주: 축 [1, 4]로 교정(자금이탈 강등 [7]·🔴🔴)
[각질편성] 오다와라 4경주: 선행3·선입0·추입6 → ⚡ 빠른 페이스
[경륜전개] 오다와라 4경주: 보통 · 라인 3개 · 페어 [[5, 3], [1, 7], [9, 2]]
[카톡 변경알림·즉시] 기후 4경주 (남은 255s): 삼복승 제외: 1+3+4 · 1+4+6
[각질편성] 호후 4경주: 선행2·선입0·추입5 → 보통 페이스
[경륜전개] 호후 4경주: 보통 · 라인 2개 · 페어 [[2, 7], [3, 4]]
[각질편성] 아오모리 5경주: 선행2·선입0·추입5 → 보통 페이스
[경륜전개] 아오모리 5경주: 보통 · 라인 2개 · 페어 [[3, 4], [5, 1]]
[복승불일치 축교정] 아오모리 5경주: 축 [1, 3]로 교정(자금이탈 강등 [6]·🔴)
[각질편성] 호후 5경주: 선행3·선입0·추입4 → ⚡ 빠른 페이스
[경륜전개] 호후 5경주: 보통 · 라인 3개 · 페어 [[5, 1], [4, 2], [3, 7]]
[각질편성] 아오모리 6경주: 선행4·선입0·추입3 → ⚡ 빠른 페이스
[경륜전개] 아오모리 6경주: 하이(주도권 경합) · 라인 4개 · 페어 [[1, 3], [7, 4], [6, 2]]
[결과기록] 캐시 갱신 — 재파싱 1건 / 전체 1670건
[placeholder 필터] 호후 6경주 쌍승 껍데기 배당 3조합 제외(값: [300.2])
[각질편성] 호후 6경주: 선행5·선입0·추입2 → ⚡ 빠른 페이스
[경륜전개] 호후 6경주: 보통 · 라인 5개 · 페어 [[5, 1], [4, 2]]
[placeholder 필터] 아오모리 7경주 쌍승 껍데기 배당 3조합 제외(값: [1703.0])
[각질편성] 아오모리 7경주: 선행5·선입0·추입2 → ⚡ 빠른 페이스
[경륜전개] 아오모리 7경주: 슬로우(단독 선행) · 라인 5개 · 페어 [[4, 5], [3, 7]]
[각질편성] 호후 7경주: 선행5·선입0·추입2 → ⚡ 빠른 페이스
[경륜전개] 호후 7경주: 하이(주도권 경합) · 라인 5개 · 페어 [[5, 2], [3, 7]]
[각질편성] 사세보 1경주: 선행2·선입0·추입5 → 보통 페이스
[경륜전개] 사세보 1경주: 보통 · 라인 2개 · 페어 [[1, 5], [6, 2]]
[각질편성] 오다와라 1경주: 선행5·선입0·추입4 → ⚡ 빠른 페이스
[경륜전개] 오다와라 1경주: 보통 · 라인 5개 · 페어 [[1, 5], [7, 3]]
[각질편성] 기후 1경주: 선행2·선입0·추입5 → 보통 페이스
[경륜전개] 기후 1경주: 보통 · 라인 2개 · 페어 [[7, 3], [1, 4]]
[각질편성] 사세보 2경주: 선행2·선입0·추입5 → 보통 페이스
[경륜전개] 사세보 2경주: 보통 · 라인 2개 · 페어 [[7, 2], [5, 1]]
[복승불일치 축교정] 사세보 2경주: 축 [2, 7]로 교정(자금이탈 강등 [1]·🔴🔴)
[placeholder 필터] 오다와라 4경주 쌍승 껍데기 배당 4조합 제외(값: [859.9])
[각질편성] 오다와라 4경주: 선행3·선입0·추입6 → ⚡ 빠른 페이스
[경륜전개] 오다와라 4경주: 보통 · 라인 3개 · 페어 [[5, 3], [1, 7], [9, 2]]
[각질편성] 오다와라 2경주: 선행4·선입0·추입5 → ⚡ 빠른 페이스
[경륜전개] 오다와라 2경주: 슬로우(단독 선행) · 라인 4개 · 페어 [[2, 7], [9, 1], [6, 4], [8, 3]]
[각질편성] 기후 2경주: 선행3·선입0·추입4 → ⚡ 빠른 페이스
[경륜전개] 기후 2경주: 하이(주도권 경합) · 라인 3개 · 페어 [[3, 4], [7, 2], [6, 1]]
[복승불일치 축교정] 기후 2경주: 축 [3, 4]로 교정(자금이탈 강등 [6]·🔴🔴)
[각질편성] 사세보 3경주: 선행4·선입0·추입3 → ⚡ 빠른 페이스
[경륜전개] 사세보 3경주: 하이(주도권 경합) · 라인 4개 · 페어 [[5, 1], [6, 2]]
[각질편성] 오다와라 3경주: 선행3·선입0·추입6 → ⚡ 빠른 페이스
[경륜전개] 오다와라 3경주: 슬로우(단독 선행) · 라인 3개 · 페어 [[2, 8], [5, 1], [3, 9]]
[각질편성] 기후 3경주: 선행3·선입0·추입4 → ⚡ 빠른 페이스
[경륜전개] 기후 3경주: 보통 · 라인 3개 · 페어 [[5, 7], [4, 3], [6, 1]]
[복승불일치 축교정] 기후 3경주: 축 [5, 7]로 교정(자금이탈 강등 [4]·🔴🔴)
[각질편성] 사세보 4경주: 선행1·선입0·추입6 → 🐌 느린 페이스
[경륜전개] 사세보 4경주: 슬로우(단독 선행) · 라인 2개 · 페어 [[1, 4], [7, 3]]
[placeholder 필터] 오다와라 4경주 쌍승 껍데기 배당 4조합 제외(값: [859.9])
[각질편성] 오다와라 4경주: 선행3·선입0·추입6 → ⚡ 빠른 페이스
[경륜전개] 오다와라 4경주: 보통 · 라인 3개 · 페어 [[5, 3], [1, 7], [9, 2]]
[각질편성] 기후 4경주: 선행2·선입0·추입5 → 보통 페이스
[경륜전개] 기후 4경주: 보통 · 라인 2개 · 페어 [[2, 7], [6, 1]]
[복승불일치 축교정] 기후 4경주: 축 [1, 4]로 교정(자금이탈 강등 [2]·🔴🔴)
[단통 상한] 메인 1개 · 복병이동 2개
[B라인 그물망] 기후 4경주: B라인[6, 1] 삼복승보험 [[1, 2, 6]] 추가
[placeholder 필터] 오다와라 4경주 쌍승 껍데기 배당 4조합 제외(값: [859.9])
[각질편성] 오다와라 4경주: 선행3·선입0·추입6 → ⚡ 빠른 페이스
[경륜전개] 오다와라 4경주: 보통 · 라인 3개 · 페어 [[5, 3], [1, 7], [9, 2]]
[3종 수집] 삿포로 5경주: {'quinella': 78, 'exacta': 0, 'trio': 286, 'win': 0} (history 9)
[JRA수집] 1경주 수집 · 0경주 생략(확장 우선) · 0.26초 · 🔬관찰모드
[placeholder 필터] 오다와라 4경주 쌍승 껍데기 배당 4조합 제외(값: [859.9])
[각질편성] 오다와라 4경주: 선행3·선입0·추입6 → ⚡ 빠른 페이스
[경륜전개] 오다와라 4경주: 보통 · 라인 3개 · 페어 [[5, 3], [1, 7], [9, 2]]
[3종 수집] 기후 4경주: {'quinella': 21, 'exacta': 42, 'trio': 0, 'win': 0} (history 12)
[각질편성] 기후 4경주: 선행2·선입0·추입5 → 보통 페이스
[경륜전개] 기후 4경주: 보통 · 라인 2개 · 페어 [[2, 7], [6, 1]]
[복승불일치 축교정] 기후 4경주: 축 [1, 4]로 교정(자금이탈 강등 [2]·🔴🔴)
[단통 상한] 메인 1개 · 복병이동 2개
[B라인 그물망] 기후 4경주: B라인[6, 1] 삼복승보험 [[1, 2, 6]] 추가
[자동분석·배경] 기후 4경주: 마감 223초 전 재분석(rec_history 누적·cycle)
[카톡 변경알림·즉시] 기후 4경주 (남은 223s): 복승 추가: 1+6
[placeholder 필터] 오다와라 4경주 쌍승 껍데기 배당 4조합 제외(값: [859.9])
[placeholder 필터] 오다와라 4경주 쌍승 껍데기 배당 4조합 제외(값: [859.9])
[각질편성] 오다와라 4경주: 선행3·선입0·추입6 → ⚡ 빠른 페이스
[각질편성] 오다와라 4경주: 선행3·선입0·추입6 → ⚡ 빠른 페이스
[경륜전개] 오다와라 4경주: 보통 · 라인 3개 · 페어 [[5, 3], [1, 7], [9, 2]]
[경륜전개] 오다와라 4경주: 보통 · 라인 3개 · 페어 [[5, 3], [1, 7], [9, 2]]
[placeholder 필터] 오다와라 4경주 쌍승 껍데기 배당 4조합 제외(값: [859.9])
[각질편성] 오다와라 4경주: 선행3·선입0·추입6 → ⚡ 빠른 페이스
[경륜전개] 오다와라 4경주: 보통 · 라인 3개 · 페어 [[5, 3], [1, 7], [9, 2]]
[placeholder 필터] 오다와라 4경주 쌍승 껍데기 배당 4조합 제외(값: [859.9])
[각질편성] 오다와라 4경주: 선행3·선입0·추입6 → ⚡ 빠른 페이스
[경륜전개] 오다와라 4경주: 보통 · 라인 3개 · 페어 [[5, 3], [1, 7], [9, 2]]
[placeholder 필터] 오다와라 4경주 쌍승 껍데기 배당 4조합 제외(값: [859.9])
[placeholder 필터] 오다와라 4경주 쌍승 껍데기 배당 4조합 제외(값: [859.9])
[각질편성] 오다와라 4경주: 선행3·선입0·추입6 → ⚡ 빠른 페이스
[각질편성] 오다와라 4경주: 선행3·선입0·추입6 → ⚡ 빠른 페이스
[경륜전개] 오다와라 4경주: 보통 · 라인 3개 · 페어 [[5, 3], [1, 7], [9, 2]]
[경륜전개] 오다와라 4경주: 보통 · 라인 3개 · 페어 [[5, 3], [1, 7], [9, 2]]
[각질편성] 아오모리 4경주: 선행2·선입0·추입5 → 보통 페이스
[placeholder 필터] 오다와라 4경주 쌍승 껍데기 배당 4조합 제외(값: [859.9])
[경륜전개] 아오모리 4경주: 슬로우(단독 선행) · 라인 2개 · 페어 [[2, 7], [4, 1]]
[placeholder 필터] 오다와라 4경주 쌍승 껍데기 배당 4조합 제외(값: [859.9])
[각질편성] 오다와라 4경주: 선행3·선입0·추입6 → ⚡ 빠른 페이스
[복승불일치 축교정] 아오모리 4경주: 축 [1, 4]로 교정(자금이탈 강등 [7]·🔴🔴)
[각질편성] 오다와라 4경주: 선행3·선입0·추입6 → ⚡ 빠른 페이스
[경륜전개] 오다와라 4경주: 보통 · 라인 3개 · 페어 [[5, 3], [1, 7], [9, 2]]
[경륜전개] 오다와라 4경주: 보통 · 라인 3개 · 페어 [[5, 3], [1, 7], [9, 2]]
[placeholder 필터] 오다와라 4경주 쌍승 껍데기 배당 4조합 제외(값: [859.9])
[각질편성] 오다와라 4경주: 선행3·선입0·추입6 → ⚡ 빠른 페이스
[경륜전개] 오다와라 4경주: 보통 · 라인 3개 · 페어 [[5, 3], [1, 7], [9, 2]]
[각질편성] 호후 4경주: 선행2·선입0·추입5 → 보통 페이스
[경륜전개] 호후 4경주: 보통 · 라인 2개 · 페어 [[2, 7], [3, 4]]
[각질편성] 아오모리 5경주: 선행2·선입0·추입5 → 보통 페이스
[경륜전개] 아오모리 5경주: 보통 · 라인 2개 · 페어 [[3, 4], [5, 1]]
[복승불일치 축교정] 아오모리 5경주: 축 [1, 3]로 교정(자금이탈 강등 [6]·🔴)
[결과기록] 캐시 갱신 — 재파싱 1건 / 전체 1670건
[각질편성] 호후 5경주: 선행3·선입0·추입4 → ⚡ 빠른 페이스
[경륜전개] 호후 5경주: 보통 · 라인 3개 · 페어 [[5, 1], [4, 2], [3, 7]]
[각질편성] 아오모리 6경주: 선행4·선입0·추입3 → ⚡ 빠른 페이스
[경륜전개] 아오모리 6경주: 하이(주도권 경합) · 라인 4개 · 페어 [[1, 3], [7, 4], [6, 2]]
[placeholder 필터] 호후 6경주 쌍승 껍데기 배당 3조합 제외(값: [300.2])
[각질편성] 호후 6경주: 선행5·선입0·추입2 → ⚡ 빠른 페이스
[경륜전개] 호후 6경주: 보통 · 라인 5개 · 페어 [[5, 1], [4, 2]]
[placeholder 필터] 아오모리 7경주 쌍승 껍데기 배당 3조합 제외(값: [1703.0])
[각질편성] 아오모리 7경주: 선행5·선입0·추입2 → ⚡ 빠른 페이스
[경륜전개] 아오모리 7경주: 슬로우(단독 선행) · 라인 5개 · 페어 [[4, 5], [3, 7]]
[3종 수집] 기후 4경주: {'quinella': 21, 'exacta': 42, 'trio': 0, 'win': 0} (history 12)
[각질편성] 호후 7경주: 선행5·선입0·추입2 → ⚡ 빠른 페이스
[경륜전개] 호후 7경주: 하이(주도권 경합) · 라인 5개 · 페어 [[5, 2], [3, 7]]
[placeholder 필터] 오다와라 4경주 쌍승 껍데기 배당 4조합 제외(값: [859.9])
[placeholder 필터] 오다와라 4경주 쌍승 껍데기 배당 4조합 제외(값: [859.9])
[각질편성] 오다와라 4경주: 선행3·선입0·추입6 → ⚡ 빠른 페이스
[각질편성] 오다와라 4경주: 선행3·선입0·추입6 → ⚡ 빠른 페이스
[경륜전개] 오다와라 4경주: 보통 · 라인 3개 · 페어 [[5, 3], [1, 7], [9, 2]]
[경륜전개] 오다와라 4경주: 보통 · 라인 3개 · 페어 [[5, 3], [1, 7], [9, 2]]
[각질편성] 사세보 1경주: 선행2·선입0·추입5 → 보통 페이스
[경륜전개] 사세보 1경주: 보통 · 라인 2개 · 페어 [[1, 5], [6, 2]]
[각질편성] 오다와라 1경주: 선행5·선입0·추입4 → ⚡ 빠른 페이스
[경륜전개] 오다와라 1경주: 보통 · 라인 5개 · 페어 [[1, 5], [7, 3]]
[각질편성] 기후 4경주: 선행2·선입0·추입5 → 보통 페이스
[경륜전개] 기후 4경주: 보통 · 라인 2개 · 페어 [[2, 7], [6, 1]]
[복승불일치 축교정] 기후 4경주: 축 [1, 4]로 교정(자금이탈 강등 [2]·🔴🔴)
[단통 상한] 메인 1개 · 복병이동 2개
[B라인 그물망] 기후 4경주: B라인[6, 1] 삼복승보험 [[1, 2, 6]] 추가
[각질편성] 기후 1경주: 선행2·선입0·추입5 → 보통 페이스
[경륜전개] 기후 1경주: 보통 · 라인 2개 · 페어 [[7, 3], [1, 4]]
[자동분석·배경] 기후 4경주: 마감 191초 전 재분석(rec_history 누적·cycle)
[각질편성] 사세보 2경주: 선행2·선입0·추입5 → 보통 페이스
[경륜전개] 사세보 2경주: 보통 · 라인 2개 · 페어 [[7, 2], [5, 1]]
[복승불일치 축교정] 사세보 2경주: 축 [2, 7]로 교정(자금이탈 강등 [1]·🔴🔴)
[각질편성] 오다와라 2경주: 선행4·선입0·추입5 → ⚡ 빠른 페이스
[경륜전개] 오다와라 2경주: 슬로우(단독 선행) · 라인 4개 · 페어 [[2, 7], [9, 1], [6, 4], [8, 3]]
[각질편성] 기후 2경주: 선행3·선입0·추입4 → ⚡ 빠른 페이스
[경륜전개] 기후 2경주: 하이(주도권 경합) · 라인 3개 · 페어 [[3, 4], [7, 2], [6, 1]]
[복승불일치 축교정] 기후 2경주: 축 [3, 4]로 교정(자금이탈 강등 [6]·🔴🔴)
[각질편성] 사세보 3경주: 선행4·선입0·추입3 → ⚡ 빠른 페이스
[경륜전개] 사세보 3경주: 하이(주도권 경합) · 라인 4개 · 페어 [[5, 1], [6, 2]]
[각질편성] 오다와라 3경주: 선행3·선입0·추입6 → ⚡ 빠른 페이스
[경륜전개] 오다와라 3경주: 슬로우(단독 선행) · 라인 3개 · 페어 [[2, 8], [5, 1], [3, 9]]
[각질편성] 기후 3경주: 선행3·선입0·추입4 → ⚡ 빠른 페이스
[경륜전개] 기후 3경주: 보통 · 라인 3개 · 페어 [[5, 7], [4, 3], [6, 1]]
[복승불일치 축교정] 기후 3경주: 축 [5, 7]로 교정(자금이탈 강등 [4]·🔴🔴)
[각질편성] 사세보 4경주: 선행1·선입0·추입6 → 🐌 느린 페이스
[경륜전개] 사세보 4경주: 슬로우(단독 선행) · 라인 2개 · 페어 [[1, 4], [7, 3]]
[placeholder 필터] 오다와라 4경주 쌍승 껍데기 배당 4조합 제외(값: [859.9])
[각질편성] 오다와라 4경주: 선행3·선입0·추입6 → ⚡ 빠른 페이스
[경륜전개] 오다와라 4경주: 보통 · 라인 3개 · 페어 [[5, 3], [1, 7], [9, 2]]
[각질편성] 기후 4경주: 선행2·선입0·추입5 → 보통 페이스
[경륜전개] 기후 4경주: 보통 · 라인 2개 · 페어 [[2, 7], [6, 1]]
[복승불일치 축교정] 기후 4경주: 축 [1, 4]로 교정(자금이탈 강등 [2]·🔴🔴)
[단통 상한] 메인 1개 · 복병이동 2개
[B라인 그물망] 기후 4경주: B라인[6, 1] 삼복승보험 [[1, 2, 6]] 추가
[placeholder 필터] 오다와라 4경주 쌍승 껍데기 배당 4조합 제외(값: [859.9])
[각질편성] 오다와라 4경주: 선행3·선입0·추입6 → ⚡ 빠른 페이스
[경륜전개] 오다와라 4경주: 보통 · 라인 3개 · 페어 [[5, 3], [1, 7], [9, 2]]
[3종 수집] 삿포로 5경주: {'quinella': 78, 'exacta': 0, 'trio': 286, 'win': 0} (history 10)
[JRA수집] 1경주 수집 · 0경주 생략(확장 우선) · 0.47초 · 🔬관찰모드
[placeholder 필터] 오다와라 4경주 쌍승 껍데기 배당 4조합 제외(값: [859.9])
[각질편성] 오다와라 4경주: 선행3·선입0·추입6 → ⚡ 빠른 페이스
[경륜전개] 오다와라 4경주: 보통 · 라인 3개 · 페어 [[5, 3], [1, 7], [9, 2]]
[placeholder 필터] 오다와라 4경주 쌍승 껍데기 배당 4조합 제외(값: [859.9])
[placeholder 필터] 오다와라 4경주 쌍승 껍데기 배당 4조합 제외(값: [859.9])
[각질편성] 오다와라 4경주: 선행3·선입0·추입6 → ⚡ 빠른 페이스
[경륜전개] 오다와라 4경주: 보통 · 라인 3개 · 페어 [[5, 3], [1, 7], [9, 2]]
[각질편성] 오다와라 4경주: 선행3·선입0·추입6 → ⚡ 빠른 페이스
[경륜전개] 오다와라 4경주: 보통 · 라인 3개 · 페어 [[5, 3], [1, 7], [9, 2]]
[3종 수집] 기후 4경주: {'quinella': 21, 'exacta': 42, 'trio': 0, 'win': 0} (history 12)
[placeholder 필터] 기후 4경주 쌍승 껍데기 배당 3조합 제외(값: [119.8])
[각질편성] 기후 4경주: 선행2·선입0·추입5 → 보통 페이스
[경륜전개] 기후 4경주: 보통 · 라인 2개 · 페어 [[2, 7], [6, 1]]
[복승불일치 축교정] 기후 4경주: 축 [1, 4]로 교정(자금이탈 강등 [2]·🔴🔴)
[T-2분 왕축 동결] 기후 4경주: [1, 4] → [1, 4] 유지(cur_mb=2)
[경륜 추천 모순 수정] 고배당 강제조합 1건 메인→복병 이동(25배 상한)
[B라인 그물망] 기후 4경주: B라인[6, 1] 삼복승보험 [[1, 2, 6]] 추가
[자동분석·배경] 기후 4경주: 마감 156초 전 재분석(rec_history 누적·cycle)
[placeholder 필터] 오다와라 4경주 쌍승 껍데기 배당 4조합 제외(값: [859.9])
[각질편성] 오다와라 4경주: 선행3·선입0·추입6 → ⚡ 빠른 페이스
[경륜전개] 오다와라 4경주: 보통 · 라인 3개 · 페어 [[5, 3], [1, 7], [9, 2]]
[placeholder 필터] 오다와라 4경주 쌍승 껍데기 배당 4조합 제외(값: [859.9])
[각질편성] 오다와라 4경주: 선행3·선입0·추입6 → ⚡ 빠른 페이스
[경륜전개] 오다와라 4경주: 보통 · 라인 3개 · 페어 [[5, 3], [1, 7], [9, 2]]
[placeholder 필터] 오다와라 4경주 쌍승 껍데기 배당 4조합 제외(값: [859.9])
[placeholder 필터] 오다와라 4경주 쌍승 껍데기 배당 4조합 제외(값: [859.9])
[각질편성] 아오모리 4경주: 선행2·선입0·추입5 → 보통 페이스
[placeholder 필터] 오다와라 4경주 쌍승 껍데기 배당 4조합 제외(값: [859.9])
[placeholder 필터] 오다와라 4경주 쌍승 껍데기 배당 4조합 제외(값: [859.9])
[각질편성] 오다와라 4경주: 선행3·선입0·추입6 → ⚡ 빠른 페이스
[각질편성] 오다와라 4경주: 선행3·선입0·추입6 → ⚡ 빠른 페이스
[경륜전개] 아오모리 4경주: 슬로우(단독 선행) · 라인 2개 · 페어 [[2, 7], [4, 1]]
[경륜전개] 오다와라 4경주: 보통 · 라인 3개 · 페어 [[5, 3], [1, 7], [9, 2]]
[경륜전개] 오다와라 4경주: 보통 · 라인 3개 · 페어 [[5, 3], [1, 7], [9, 2]]
[placeholder 필터] 오다와라 4경주 쌍승 껍데기 배당 4조합 제외(값: [859.9])
[각질편성] 오다와라 4경주: 선행3·선입0·추입6 → ⚡ 빠른 페이스
[각질편성] 오다와라 4경주: 선행3·선입0·추입6 → ⚡ 빠른 페이스
[경륜전개] 오다와라 4경주: 보통 · 라인 3개 · 페어 [[5, 3], [1, 7], [9, 2]]
[복승불일치 축교정] 아오모리 4경주: 축 [1, 4]로 교정(자금이탈 강등 [7]·🔴🔴)
[경륜전개] 오다와라 4경주: 보통 · 라인 3개 · 페어 [[5, 3], [1, 7], [9, 2]]
[각질편성] 오다와라 4경주: 선행3·선입0·추입6 → ⚡ 빠른 페이스
[경륜전개] 오다와라 4경주: 보통 · 라인 3개 · 페어 [[5, 3], [1, 7], [9, 2]]
[각질편성] 호후 4경주: 선행2·선입0·추입5 → 보통 페이스
[경륜전개] 호후 4경주: 보통 · 라인 2개 · 페어 [[2, 7], [3, 4]]
[각질편성] 아오모리 5경주: 선행2·선입0·추입5 → 보통 페이스
[경륜전개] 아오모리 5경주: 보통 · 라인 2개 · 페어 [[3, 4], [5, 1]]
[복승불일치 축교정] 아오모리 5경주: 축 [1, 3]로 교정(자금이탈 강등 [6]·🔴)
[각질편성] 호후 5경주: 선행3·선입0·추입4 → ⚡ 빠른 페이스
[경륜전개] 호후 5경주: 보통 · 라인 3개 · 페어 [[5, 1], [4, 2], [3, 7]]
[결과기록] 캐시 갱신 — 재파싱 1건 / 전체 1670건
[각질편성] 아오모리 6경주: 선행4·선입0·추입3 → ⚡ 빠른 페이스
[경륜전개] 아오모리 6경주: 하이(주도권 경합) · 라인 4개 · 페어 [[1, 3], [7, 4], [6, 2]]
[placeholder 필터] 호후 6경주 쌍승 껍데기 배당 3조합 제외(값: [300.2])
[각질편성] 호후 6경주: 선행5·선입0·추입2 → ⚡ 빠른 페이스
[경륜전개] 호후 6경주: 보통 · 라인 5개 · 페어 [[5, 1], [4, 2]]
[placeholder 필터] 아오모리 7경주 쌍승 껍데기 배당 3조합 제외(값: [1703.0])
[각질편성] 아오모리 7경주: 선행5·선입0·추입2 → ⚡ 빠른 페이스
[경륜전개] 아오모리 7경주: 슬로우(단독 선행) · 라인 5개 · 페어 [[4, 5], [3, 7]]
[각질편성] 호후 7경주: 선행5·선입0·추입2 → ⚡ 빠른 페이스
[경륜전개] 호후 7경주: 하이(주도권 경합) · 라인 5개 · 페어 [[5, 2], [3, 7]]
[각질편성] 사세보 1경주: 선행2·선입0·추입5 → 보통 페이스
[경륜전개] 사세보 1경주: 보통 · 라인 2개 · 페어 [[1, 5], [6, 2]]
[각질편성] 오다와라 1경주: 선행5·선입0·추입4 → ⚡ 빠른 페이스
[경륜전개] 오다와라 1경주: 보통 · 라인 5개 · 페어 [[1, 5], [7, 3]]
[placeholder 필터] 오다와라 4경주 쌍승 껍데기 배당 4조합 제외(값: [859.9])
[placeholder 필터] 오다와라 4경주 쌍승 껍데기 배당 4조합 제외(값: [859.9])
[각질편성] 오다와라 4경주: 선행3·선입0·추입6 → ⚡ 빠른 페이스
[각질편성] 오다와라 4경주: 선행3·선입0·추입6 → ⚡ 빠른 페이스
[경륜전개] 오다와라 4경주: 보통 · 라인 3개 · 페어 [[5, 3], [1, 7], [9, 2]]
[경륜전개] 오다와라 4경주: 보통 · 라인 3개 · 페어 [[5, 3], [1, 7], [9, 2]]
[각질편성] 기후 1경주: 선행2·선입0·추입5 → 보통 페이스
[경륜전개] 기후 1경주: 보통 · 라인 2개 · 페어 [[7, 3], [1, 4]]
[각질편성] 사세보 2경주: 선행2·선입0·추입5 → 보통 페이스
[경륜전개] 사세보 2경주: 보통 · 라인 2개 · 페어 [[7, 2], [5, 1]]
[복승불일치 축교정] 사세보 2경주: 축 [2, 7]로 교정(자금이탈 강등 [1]·🔴🔴)
[각질편성] 오다와라 2경주: 선행4·선입0·추입5 → ⚡ 빠른 페이스
[경륜전개] 오다와라 2경주: 슬로우(단독 선행) · 라인 4개 · 페어 [[2, 7], [9, 1], [6, 4], [8, 3]]
[각질편성] 기후 2경주: 선행3·선입0·추입4 → ⚡ 빠른 페이스
[경륜전개] 기후 2경주: 하이(주도권 경합) · 라인 3개 · 페어 [[3, 4], [7, 2], [6, 1]]
[복승불일치 축교정] 기후 2경주: 축 [3, 4]로 교정(자금이탈 강등 [6]·🔴🔴)
[각질편성] 사세보 3경주: 선행4·선입0·추입3 → ⚡ 빠른 페이스
[경륜전개] 사세보 3경주: 하이(주도권 경합) · 라인 4개 · 페어 [[5, 1], [6, 2]]
[각질편성] 오다와라 3경주: 선행3·선입0·추입6 → ⚡ 빠른 페이스
[경륜전개] 오다와라 3경주: 슬로우(단독 선행) · 라인 3개 · 페어 [[2, 8], [5, 1], [3, 9]]
[각질편성] 기후 3경주: 선행3·선입0·추입4 → ⚡ 빠른 페이스
[경륜전개] 기후 3경주: 보통 · 라인 3개 · 페어 [[5, 7], [4, 3], [6, 1]]
[복승불일치 축교정] 기후 3경주: 축 [5, 7]로 교정(자금이탈 강등 [4]·🔴🔴)
[각질편성] 사세보 4경주: 선행1·선입0·추입6 → 🐌 느린 페이스
[경륜전개] 사세보 4경주: 슬로우(단독 선행) · 라인 2개 · 페어 [[1, 4], [7, 3]]
[placeholder 필터] 오다와라 4경주 쌍승 껍데기 배당 4조합 제외(값: [859.9])
[각질편성] 오다와라 4경주: 선행3·선입0·추입6 → ⚡ 빠른 페이스
[경륜전개] 오다와라 4경주: 보통 · 라인 3개 · 페어 [[5, 3], [1, 7], [9, 2]]
[placeholder 필터] 기후 4경주 쌍승 껍데기 배당 3조합 제외(값: [119.8])
[각질편성] 기후 4경주: 선행2·선입0·추입5 → 보통 페이스
[경륜전개] 기후 4경주: 보통 · 라인 2개 · 페어 [[2, 7], [6, 1]]
[복승불일치 축교정] 기후 4경주: 축 [1, 4]로 교정(자금이탈 강등 [2]·🔴🔴)
[T-2분 왕축 동결] 기후 4경주: [1, 4] → [1, 4] 유지(cur_mb=2)
[경륜 추천 모순 수정] 고배당 강제조합 1건 메인→복병 이동(25배 상한)
[B라인 그물망] 기후 4경주: B라인[6, 1] 삼복승보험 [[1, 2, 6]] 추가
[placeholder 필터] 오다와라 4경주 쌍승 껍데기 배당 4조합 제외(값: [859.9])
[각질편성] 오다와라 4경주: 선행3·선입0·추입6 → ⚡ 빠른 페이스
[경륜전개] 오다와라 4경주: 보통 · 라인 3개 · 페어 [[5, 3], [1, 7], [9, 2]]
[3종 수집] 기후 4경주: {'quinella': 21, 'exacta': 42, 'trio': 0, 'win': 0} (history 12)
[각질편성] 기후 4경주: 선행2·선입0·추입5 → 보통 페이스
[경륜전개] 기후 4경주: 보통 · 라인 2개 · 페어 [[2, 7], [6, 1]]
[복승불일치 축교정] 기후 4경주: 축 [1, 4]로 교정(자금이탈 강등 [2]·🔴🔴)
[T-2분 왕축 동결] 기후 4경주: [1, 4] → [1, 4] 유지(cur_mb=2)
[경륜 추천 모순 수정] 고배당 강제조합 1건 메인→복병 이동(25배 상한)
[B라인 그물망] 기후 4경주: B라인[6, 1] 삼복승보험 [[1, 3, 6]] 추가
[자동분석·배경] 기후 4경주: 마감 124초 전 재분석(rec_history 누적·cycle)
[placeholder 필터] 오다와라 4경주 쌍승 껍데기 배당 4조합 제외(값: [859.9])
[각질편성] 오다와라 4경주: 선행3·선입0·추입6 → ⚡ 빠른 페이스
[경륜전개] 오다와라 4경주: 보통 · 라인 3개 · 페어 [[5, 3], [1, 7], [9, 2]]
[placeholder 필터] 오다와라 4경주 쌍승 껍데기 배당 4조합 제외(값: [859.9])
[각질편성] 오다와라 4경주: 선행3·선입0·추입6 → ⚡ 빠른 페이스
[경륜전개] 오다와라 4경주: 보통 · 라인 3개 · 페어 [[5, 3], [1, 7], [9, 2]]
[각질편성] 기후 4경주: 선행2·선입0·추입5 → 보통 페이스
[경륜전개] 기후 4경주: 보통 · 라인 2개 · 페어 [[2, 7], [6, 1]]
[복승불일치 축교정] 기후 4경주: 축 [1, 4]로 교정(자금이탈 강등 [2]·🔴🔴)
[T-2분 왕축 동결] 기후 4경주: [1, 4] → [1, 4] 유지(cur_mb=1)
[경륜 추천 모순 수정] 고배당 강제조합 1건 메인→복병 이동(25배 상한)
[B라인 그물망] 기후 4경주: B라인[6, 1] 삼복승보험 [[1, 3, 6]] 추가
[3종 수집] 삿포로 5경주: {'quinella': 78, 'exacta': 0, 'trio': 286, 'win': 0} (history 11)
[JRA수집] 1경주 수집 · 0경주 생략(확장 우선) · 0.24초 · 🔬관찰모드
[placeholder 필터] 오다와라 4경주 쌍승 껍데기 배당 4조합 제외(값: [859.9])
[각질편성] 오다와라 4경주: 선행3·선입0·추입6 → ⚡ 빠른 페이스
[경륜전개] 오다와라 4경주: 보통 · 라인 3개 · 페어 [[5, 3], [1, 7], [9, 2]]
[placeholder 필터] 오다와라 4경주 쌍승 껍데기 배당 4조합 제외(값: [859.9])
[각질편성] 오다와라 4경주: 선행3·선입0·추입6 → ⚡ 빠른 페이스
[경륜전개] 오다와라 4경주: 보통 · 라인 3개 · 페어 [[5, 3], [1, 7], [9, 2]]
[placeholder 필터] 오다와라 4경주 쌍승 껍데기 배당 4조합 제외(값: [859.9])
[각질편성] 오다와라 4경주: 선행3·선입0·추입6 → ⚡ 빠른 페이스
[경륜전개] 오다와라 4경주: 보통 · 라인 3개 · 페어 [[5, 3], [1, 7], [9, 2]]
[placeholder 필터] 오다와라 4경주 쌍승 껍데기 배당 4조합 제외(값: [859.9])
[각질편성] 오다와라 4경주: 선행3·선입0·추입6 → ⚡ 빠른 페이스
[경륜전개] 오다와라 4경주: 보통 · 라인 3개 · 페어 [[5, 3], [1, 7], [9, 2]]
[placeholder 필터] 오다와라 4경주 쌍승 껍데기 배당 4조합 제외(값: [859.9])
[각질편성] 오다와라 4경주: 선행3·선입0·추입6 → ⚡ 빠른 페이스
[경륜전개] 오다와라 4경주: 보통 · 라인 3개 · 페어 [[5, 3], [1, 7], [9, 2]]
[다중경주] 하트비트 #11 · 스케줄 ymd=20260801 (-1초 전 갱신 · 트랙 12개)
[3종 수집] 기후 4경주: {'quinella': 21, 'exacta': 42, 'trio': 0, 'win': 0} (history 12)
[각질편성] 기후 4경주: 선행2·선입0·추입5 → 보통 페이스
[경륜전개] 기후 4경주: 보통 · 라인 2개 · 페어 [[2, 7], [6, 1]]
[복승불일치 축교정] 기후 4경주: 축 [1, 4]로 교정(자금이탈 강등 [2]·🔴🔴)
[T-2분 왕축 동결] 기후 4경주: [1, 4] → [1, 4] 유지(cur_mb=1)
[경륜 추천 모순 수정] 고배당 강제조합 1건 메인→복병 이동(25배 상한)
[B라인 그물망] 기후 4경주: B라인[6, 1] 삼복승보험 [[1, 3, 6]] 추가
[자동분석·배경] 기후 4경주: 마감 91초 전 재분석(rec_history 누적·cycle)
[placeholder 필터] 오다와라 4경주 쌍승 껍데기 배당 4조합 제외(값: [859.9])
[placeholder 필터] 오다와라 4경주 쌍승 껍데기 배당 4조합 제외(값: [859.9])
[각질편성] 오다와라 4경주: 선행3·선입0·추입6 → ⚡ 빠른 페이스
[각질편성] 오다와라 4경주: 선행3·선입0·추입6 → ⚡ 빠른 페이스
[경륜전개] 오다와라 4경주: 보통 · 라인 3개 · 페어 [[5, 3], [1, 7], [9, 2]]
[경륜전개] 오다와라 4경주: 보통 · 라인 3개 · 페어 [[5, 3], [1, 7], [9, 2]]
[placeholder 필터] 오다와라 4경주 쌍승 껍데기 배당 4조합 제외(값: [859.9])
[각질편성] 오다와라 4경주: 선행3·선입0·추입6 → ⚡ 빠른 페이스
[경륜전개] 오다와라 4경주: 보통 · 라인 3개 · 페어 [[5, 3], [1, 7], [9, 2]]
[placeholder 필터] 오다와라 4경주 쌍승 껍데기 배당 4조합 제외(값: [859.9])
[placeholder 필터] 오다와라 4경주 쌍승 껍데기 배당 4조합 제외(값: [859.9])
[각질편성] 오다와라 4경주: 선행3·선입0·추입6 → ⚡ 빠른 페이스
[각질편성] 오다와라 4경주: 선행3·선입0·추입6 → ⚡ 빠른 페이스
[경륜전개] 오다와라 4경주: 보통 · 라인 3개 · 페어 [[5, 3], [1, 7], [9, 2]]
[경륜전개] 오다와라 4경주: 보통 · 라인 3개 · 페어 [[5, 3], [1, 7], [9, 2]]
[각질편성] 아오모리 4경주: 선행2·선입0·추입5 → 보통 페이스
[경륜전개] 아오모리 4경주: 슬로우(단독 선행) · 라인 2개 · 페어 [[2, 7], [4, 1]]
[placeholder 필터] 오다와라 4경주 쌍승 껍데기 배당 4조합 제외(값: [859.9])
[placeholder 필터] 오다와라 4경주 쌍승 껍데기 배당 4조합 제외(값: [859.9])
[placeholder 필터] 오다와라 4경주 쌍승 껍데기 배당 4조합 제외(값: [859.9])
[각질편성] 오다와라 4경주: 선행3·선입0·추입6 → ⚡ 빠른 페이스
[복승불일치 축교정] 아오모리 4경주: 축 [1, 4]로 교정(자금이탈 강등 [7]·🔴🔴)
[경륜전개] 오다와라 4경주: 보통 · 라인 3개 · 페어 [[5, 3], [1, 7], [9, 2]]
[각질편성] 오다와라 4경주: 선행3·선입0·추입6 → ⚡ 빠른 페이스
[각질편성] 오다와라 4경주: 선행3·선입0·추입6 → ⚡ 빠른 페이스
[경륜전개] 오다와라 4경주: 보통 · 라인 3개 · 페어 [[5, 3], [1, 7], [9, 2]]
[경륜전개] 오다와라 4경주: 보통 · 라인 3개 · 페어 [[5, 3], [1, 7], [9, 2]]
[각질편성] 호후 4경주: 선행2·선입0·추입5 → 보통 페이스
[경륜전개] 호후 4경주: 보통 · 라인 2개 · 페어 [[2, 7], [3, 4]]
[각질편성] 아오모리 5경주: 선행2·선입0·추입5 → 보통 페이스
[경륜전개] 아오모리 5경주: 보통 · 라인 2개 · 페어 [[3, 4], [5, 1]]
[복승불일치 축교정] 아오모리 5경주: 축 [1, 3]로 교정(자금이탈 강등 [6]·🔴)
[각질편성] 호후 5경주: 선행3·선입0·추입4 → ⚡ 빠른 페이스
[경륜전개] 호후 5경주: 보통 · 라인 3개 · 페어 [[5, 1], [4, 2], [3, 7]]
[각질편성] 아오모리 6경주: 선행4·선입0·추입3 → ⚡ 빠른 페이스
[경륜전개] 아오모리 6경주: 하이(주도권 경합) · 라인 4개 · 페어 [[1, 3], [7, 4], [6, 2]]
[결과기록] 캐시 갱신 — 재파싱 1건 / 전체 1670건
[placeholder 필터] 호후 6경주 쌍승 껍데기 배당 3조합 제외(값: [300.2])
[각질편성] 호후 6경주: 선행5·선입0·추입2 → ⚡ 빠른 페이스
[경륜전개] 호후 6경주: 보통 · 라인 5개 · 페어 [[5, 1], [4, 2]]
[placeholder 필터] 아오모리 7경주 쌍승 껍데기 배당 3조합 제외(값: [1703.0])
[각질편성] 아오모리 7경주: 선행5·선입0·추입2 → ⚡ 빠른 페이스
[경륜전개] 아오모리 7경주: 슬로우(단독 선행) · 라인 5개 · 페어 [[4, 5], [3, 7]]
[각질편성] 호후 7경주: 선행5·선입0·추입2 → ⚡ 빠른 페이스
[경륜전개] 호후 7경주: 하이(주도권 경합) · 라인 5개 · 페어 [[5, 2], [3, 7]]
[각질편성] 사세보 1경주: 선행2·선입0·추입5 → 보통 페이스
[경륜전개] 사세보 1경주: 보통 · 라인 2개 · 페어 [[1, 5], [6, 2]]
[각질편성] 오다와라 1경주: 선행5·선입0·추입4 → ⚡ 빠른 페이스
[경륜전개] 오다와라 1경주: 보통 · 라인 5개 · 페어 [[1, 5], [7, 3]]
[각질편성] 기후 1경주: 선행2·선입0·추입5 → 보통 페이스
[경륜전개] 기후 1경주: 보통 · 라인 2개 · 페어 [[7, 3], [1, 4]]
[placeholder 필터] 오다와라 4경주 쌍승 껍데기 배당 4조합 제외(값: [859.9])
[각질편성] 오다와라 4경주: 선행3·선입0·추입6 → ⚡ 빠른 페이스
[경륜전개] 오다와라 4경주: 보통 · 라인 3개 · 페어 [[5, 3], [1, 7], [9, 2]]
[각질편성] 사세보 2경주: 선행2·선입0·추입5 → 보통 페이스
[경륜전개] 사세보 2경주: 보통 · 라인 2개 · 페어 [[7, 2], [5, 1]]
[복승불일치 축교정] 사세보 2경주: 축 [2, 7]로 교정(자금이탈 강등 [1]·🔴🔴)
[각질편성] 오다와라 2경주: 선행4·선입0·추입5 → ⚡ 빠른 페이스
[경륜전개] 오다와라 2경주: 슬로우(단독 선행) · 라인 4개 · 페어 [[2, 7], [9, 1], [6, 4], [8, 3]]
[각질편성] 기후 2경주: 선행3·선입0·추입4 → ⚡ 빠른 페이스
[경륜전개] 기후 2경주: 하이(주도권 경합) · 라인 3개 · 페어 [[3, 4], [7, 2], [6, 1]]
[복승불일치 축교정] 기후 2경주: 축 [3, 4]로 교정(자금이탈 강등 [6]·🔴🔴)
[각질편성] 사세보 3경주: 선행4·선입0·추입3 → ⚡ 빠른 페이스
[경륜전개] 사세보 3경주: 하이(주도권 경합) · 라인 4개 · 페어 [[5, 1], [6, 2]]
[각질편성] 오다와라 3경주: 선행3·선입0·추입6 → ⚡ 빠른 페이스
[경륜전개] 오다와라 3경주: 슬로우(단독 선행) · 라인 3개 · 페어 [[2, 8], [5, 1], [3, 9]]
[각질편성] 기후 3경주: 선행3·선입0·추입4 → ⚡ 빠른 페이스
[경륜전개] 기후 3경주: 보통 · 라인 3개 · 페어 [[5, 7], [4, 3], [6, 1]]
[복승불일치 축교정] 기후 3경주: 축 [5, 7]로 교정(자금이탈 강등 [4]·🔴🔴)
[각질편성] 사세보 4경주: 선행1·선입0·추입6 → 🐌 느린 페이스
[경륜전개] 사세보 4경주: 슬로우(단독 선행) · 라인 2개 · 페어 [[1, 4], [7, 3]]
[placeholder 필터] 오다와라 4경주 쌍승 껍데기 배당 4조합 제외(값: [859.9])
[각질편성] 오다와라 4경주: 선행3·선입0·추입6 → ⚡ 빠른 페이스
[경륜전개] 오다와라 4경주: 보통 · 라인 3개 · 페어 [[5, 3], [1, 7], [9, 2]]
[각질편성] 기후 4경주: 선행2·선입0·추입5 → 보통 페이스
[경륜전개] 기후 4경주: 보통 · 라인 2개 · 페어 [[2, 7], [6, 1]]
[복승불일치 축교정] 기후 4경주: 축 [1, 4]로 교정(자금이탈 강등 [2]·🔴🔴)
[T-2분 왕축 동결] 기후 4경주: [1, 4] → [1, 4] 유지(cur_mb=1)
[경륜 추천 모순 수정] 고배당 강제조합 1건 메인→복병 이동(25배 상한)
[B라인 그물망] 기후 4경주: B라인[6, 1] 삼복승보험 [[1, 3, 6]] 추가
[T-2분 왕축 동결] 삿포로 5경주: [7, 5] → [7, 5] 유지(cur_mb=2)
[placeholder 필터] 오다와라 4경주 쌍승 껍데기 배당 4조합 제외(값: [859.9])
[placeholder 필터] 오다와라 4경주 쌍승 껍데기 배당 4조합 제외(값: [859.9])
[각질편성] 오다와라 4경주: 선행3·선입0·추입6 → ⚡ 빠른 페이스
[각질편성] 오다와라 4경주: 선행3·선입0·추입6 → ⚡ 빠른 페이스
[경륜전개] 오다와라 4경주: 보통 · 라인 3개 · 페어 [[5, 3], [1, 7], [9, 2]]
[경륜전개] 오다와라 4경주: 보통 · 라인 3개 · 페어 [[5, 3], [1, 7], [9, 2]]
[경륜 득점갭] 사세보 5경주: 7번 득점 1위 갭 3.3 → +5 가점
[다중경주] 저장 실패: [WinError 5] 액세스가 거부되었습니다: 'C:\\Users\\Administrator\\Desktop\\경마분석서버\\data\\multi_race_store.json.tmp' -> 'C:\\Users\\Administrator\\Desktop\\경마분석서버\\data\\multi_race_store.json'
[경륜 전적·자동] 사세보 5경주: 7두 수집(競走得点·절대등급 A/B/C/D·라인[1, 7, 3, 5, 6, 4, 2]) → 통합등급 자동 반영
[3종 수집] 사세보 5경주: {'quinella': 21, 'exacta': 42, 'trio': 0, 'win': 0} (history 1)
[3종 수집] 기후 4경주: {'quinella': 21, 'exacta': 42, 'trio': 0, 'win': 0} (history 12)
🔮 [예측] 사세보 5경주: top3=[1, 4, 6] conf=4 · 이 경주는 7두 경주로 선행형 2명과 젖히기형 1명이 섞여 있어 전개 구
[각질편성] 기후 4경주: 선행2·선입0·추입5 → 보통 페이스
[경륜전개] 기후 4경주: 보통 · 라인 2개 · 페어 [[2, 7], [6, 1]]
[복승불일치 축교정] 기후 4경주: 축 [1, 4]로 교정(자금이탈 강등 [2]·🔴🔴)
[경륜 추천 모순 수정] 고배당 강제조합 1건 메인→복병 이동(25배 상한)
[경륜 추천 개수] 7명 → 메인 3개(상한 3) · 복병 이동 1개
[B라인 그물망] 기후 4경주: B라인[6, 1] 삼복승보험 [[1, 3, 6]] 추가
⚠️ [수신값 검증] 삿포로 5경주 · 배당 열 밀림 의심(인접 조합 값 일치) → 이 틱 급락 계산 보류(배당은 저장)
[3종 수집] 삿포로 5경주: {'quinella': 78, 'exacta': 0, 'trio': 286, 'win': 0} (history 12)
[JRA수집] 1경주 수집 · 0경주 생략(확장 우선) · 0.62초 · 🔬관찰모드
[자동분석·배경] 기후 4경주: 마감 59초 전 재분석(rec_history 누적·cycle)
[placeholder 필터] 사세보 5경주 쌍승 껍데기 배당 3조합 제외(값: [272.3])
[각질편성] 사세보 5경주: 선행3·선입0·추입4 → ⚡ 빠른 페이스
[경륜전개] 사세보 5경주: 보통 · 라인 3개 · 페어 [[1, 7], [4, 2]]
🔎 [결정론 검수] 사세보 5경주: B라인누락
[자동분석·배경] 사세보 5경주: 마감 599초 전 재분석(rec_history 누적·cycle)
[placeholder 필터] 사세보 5경주 쌍승 껍데기 배당 3조합 제외(값: [272.3])
[각질편성] 사세보 5경주: 선행3·선입0·추입4 → ⚡ 빠른 페이스
[경륜전개] 사세보 5경주: 보통 · 라인 3개 · 페어 [[1, 7], [4, 2]]
[placeholder 필터] 오다와라 4경주 쌍승 껍데기 배당 4조합 제외(값: [859.9])
[각질편성] 오다와라 4경주: 선행3·선입0·추입6 → ⚡ 빠른 페이스
[경륜전개] 오다와라 4경주: 보통 · 라인 3개 · 페어 [[5, 3], [1, 7], [9, 2]]
[placeholder 필터] 오다와라 4경주 쌍승 껍데기 배당 4조합 제외(값: [859.9])
[각질편성] 오다와라 4경주: 선행3·선입0·추입6 → ⚡ 빠른 페이스
[경륜전개] 오다와라 4경주: 보통 · 라인 3개 · 페어 [[5, 3], [1, 7], [9, 2]]
[placeholder 필터] 오다와라 4경주 쌍승 껍데기 배당 4조합 제외(값: [859.9])
[각질편성] 오다와라 4경주: 선행3·선입0·추입6 → ⚡ 빠른 페이스
[경륜전개] 오다와라 4경주: 보통 · 라인 3개 · 페어 [[5, 3], [1, 7], [9, 2]]
[3종 수집] 사세보 5경주: {'quinella': 21, 'exacta': 42, 'trio': 0, 'win': 0} (history 2)
[3종 수집] 기후 4경주: {'quinella': 21, 'exacta': 42, 'trio': 0, 'win': 0} (history 12)
[각질편성] 사세보 5경주: 선행3·선입0·추입4 → ⚡ 빠른 페이스
[경륜전개] 사세보 5경주: 보통 · 라인 3개 · 페어 [[1, 7], [4, 2]]
[단통 상한] 메인 2개 · 복병이동 0개
[자동분석·배경] 사세보 5경주: 마감 563초 전 재분석(rec_history 누적·cycle)
[placeholder 필터] 오다와라 4경주 쌍승 껍데기 배당 4조합 제외(값: [859.9])
[placeholder 필터] 오다와라 4경주 쌍승 껍데기 배당 4조합 제외(값: [859.9])
[각질편성] 오다와라 4경주: 선행3·선입0·추입6 → ⚡ 빠른 페이스
[각질편성] 오다와라 4경주: 선행3·선입0·추입6 → ⚡ 빠른 페이스
[경륜전개] 오다와라 4경주: 보통 · 라인 3개 · 페어 [[5, 3], [1, 7], [9, 2]]
[경륜전개] 오다와라 4경주: 보통 · 라인 3개 · 페어 [[5, 3], [1, 7], [9, 2]]
[placeholder 필터] 오다와라 4경주 쌍승 껍데기 배당 4조합 제외(값: [859.9])
[각질편성] 오다와라 4경주: 선행3·선입0·추입6 → ⚡ 빠른 페이스
[placeholder 필터] 오다와라 4경주 쌍승 껍데기 배당 4조합 제외(값: [859.9])
[경륜전개] 오다와라 4경주: 보통 · 라인 3개 · 페어 [[5, 3], [1, 7], [9, 2]]
[각질편성] 오다와라 4경주: 선행3·선입0·추입6 → ⚡ 빠른 페이스
[placeholder 필터] 오다와라 4경주 쌍승 껍데기 배당 4조합 제외(값: [859.9])
[placeholder 필터] 오다와라 4경주 쌍승 껍데기 배당 4조합 제외(값: [859.9])
[경륜전개] 오다와라 4경주: 보통 · 라인 3개 · 페어 [[5, 3], [1, 7], [9, 2]]
[각질편성] 아오모리 4경주: 선행2·선입0·추입5 → 보통 페이스
[각질편성] 오다와라 4경주: 선행3·선입0·추입6 → ⚡ 빠른 페이스
[placeholder 필터] 오다와라 4경주 쌍승 껍데기 배당 4조합 제외(값: [859.9])
[각질편성] 오다와라 4경주: 선행3·선입0·추입6 → ⚡ 빠른 페이스
[경륜전개] 아오모리 4경주: 슬로우(단독 선행) · 라인 2개 · 페어 [[2, 7], [4, 1]]
[경륜전개] 오다와라 4경주: 보통 · 라인 3개 · 페어 [[5, 3], [1, 7], [9, 2]]
[경륜전개] 오다와라 4경주: 보통 · 라인 3개 · 페어 [[5, 3], [1, 7], [9, 2]]
[각질편성] 오다와라 4경주: 선행3·선입0·추입6 → ⚡ 빠른 페이스
[경륜전개] 오다와라 4경주: 보통 · 라인 3개 · 페어 [[5, 3], [1, 7], [9, 2]]
[복승불일치 축교정] 아오모리 4경주: 축 [1, 4]로 교정(자금이탈 강등 [7]·🔴🔴)
[각질편성] 호후 4경주: 선행2·선입0·추입5 → 보통 페이스
[경륜전개] 호후 4경주: 보통 · 라인 2개 · 페어 [[2, 7], [3, 4]]
[각질편성] 아오모리 5경주: 선행2·선입0·추입5 → 보통 페이스
[경륜전개] 아오모리 5경주: 보통 · 라인 2개 · 페어 [[3, 4], [5, 1]]
[복승불일치 축교정] 아오모리 5경주: 축 [1, 3]로 교정(자금이탈 강등 [6]·🔴)
[각질편성] 호후 5경주: 선행3·선입0·추입4 → ⚡ 빠른 페이스
[경륜전개] 호후 5경주: 보통 · 라인 3개 · 페어 [[5, 1], [4, 2], [3, 7]]
[결과기록] 캐시 갱신 — 재파싱 2건 / 전체 1671건
[각질편성] 아오모리 6경주: 선행4·선입0·추입3 → ⚡ 빠른 페이스
[경륜전개] 아오모리 6경주: 하이(주도권 경합) · 라인 4개 · 페어 [[1, 3], [7, 4], [6, 2]]
[placeholder 필터] 호후 6경주 쌍승 껍데기 배당 3조합 제외(값: [300.2])
[각질편성] 호후 6경주: 선행5·선입0·추입2 → ⚡ 빠른 페이스
[경륜전개] 호후 6경주: 보통 · 라인 5개 · 페어 [[5, 1], [4, 2]]
[placeholder 필터] 아오모리 7경주 쌍승 껍데기 배당 3조합 제외(값: [1703.0])
[각질편성] 아오모리 7경주: 선행5·선입0·추입2 → ⚡ 빠른 페이스
[경륜전개] 아오모리 7경주: 슬로우(단독 선행) · 라인 5개 · 페어 [[4, 5], [3, 7]]
[각질편성] 호후 7경주: 선행5·선입0·추입2 → ⚡ 빠른 페이스
[경륜전개] 호후 7경주: 하이(주도권 경합) · 라인 5개 · 페어 [[5, 2], [3, 7]]
[각질편성] 사세보 1경주: 선행2·선입0·추입5 → 보통 페이스
[경륜전개] 사세보 1경주: 보통 · 라인 2개 · 페어 [[1, 5], [6, 2]]
[placeholder 필터] 오다와라 4경주 쌍승 껍데기 배당 4조합 제외(값: [859.9])
[각질편성] 오다와라 4경주: 선행3·선입0·추입6 → ⚡ 빠른 페이스
[경륜전개] 오다와라 4경주: 보통 · 라인 3개 · 페어 [[5, 3], [1, 7], [9, 2]]
[각질편성] 오다와라 1경주: 선행5·선입0·추입4 → ⚡ 빠른 페이스
[경륜전개] 오다와라 1경주: 보통 · 라인 5개 · 페어 [[1, 5], [7, 3]]
[각질편성] 기후 1경주: 선행2·선입0·추입5 → 보통 페이스
[경륜전개] 기후 1경주: 보통 · 라인 2개 · 페어 [[7, 3], [1, 4]]
[각질편성] 사세보 2경주: 선행2·선입0·추입5 → 보통 페이스
[경륜전개] 사세보 2경주: 보통 · 라인 2개 · 페어 [[7, 2], [5, 1]]
[복승불일치 축교정] 사세보 2경주: 축 [2, 7]로 교정(자금이탈 강등 [1]·🔴🔴)
[각질편성] 오다와라 2경주: 선행4·선입0·추입5 → ⚡ 빠른 페이스
[경륜전개] 오다와라 2경주: 슬로우(단독 선행) · 라인 4개 · 페어 [[2, 7], [9, 1], [6, 4], [8, 3]]
[각질편성] 기후 2경주: 선행3·선입0·추입4 → ⚡ 빠른 페이스
[경륜전개] 기후 2경주: 하이(주도권 경합) · 라인 3개 · 페어 [[3, 4], [7, 2], [6, 1]]
[복승불일치 축교정] 기후 2경주: 축 [3, 4]로 교정(자금이탈 강등 [6]·🔴🔴)
[각질편성] 사세보 3경주: 선행4·선입0·추입3 → ⚡ 빠른 페이스
[경륜전개] 사세보 3경주: 하이(주도권 경합) · 라인 4개 · 페어 [[5, 1], [6, 2]]
[각질편성] 오다와라 3경주: 선행3·선입0·추입6 → ⚡ 빠른 페이스
[경륜전개] 오다와라 3경주: 슬로우(단독 선행) · 라인 3개 · 페어 [[2, 8], [5, 1], [3, 9]]
[각질편성] 기후 3경주: 선행3·선입0·추입4 → ⚡ 빠른 페이스
[경륜전개] 기후 3경주: 보통 · 라인 3개 · 페어 [[5, 7], [4, 3], [6, 1]]
[복승불일치 축교정] 기후 3경주: 축 [5, 7]로 교정(자금이탈 강등 [4]·🔴🔴)
[각질편성] 사세보 4경주: 선행1·선입0·추입6 → 🐌 느린 페이스
[경륜전개] 사세보 4경주: 슬로우(단독 선행) · 라인 2개 · 페어 [[1, 4], [7, 3]]
[placeholder 필터] 오다와라 4경주 쌍승 껍데기 배당 4조합 제외(값: [859.9])
[각질편성] 오다와라 4경주: 선행3·선입0·추입6 → ⚡ 빠른 페이스
[경륜전개] 오다와라 4경주: 보통 · 라인 3개 · 페어 [[5, 3], [1, 7], [9, 2]]
[각질편성] 기후 4경주: 선행2·선입0·추입5 → 보통 페이스
[경륜전개] 기후 4경주: 보통 · 라인 2개 · 페어 [[2, 7], [6, 1]]
[복승불일치 축교정] 기후 4경주: 축 [1, 4]로 교정(자금이탈 강등 [2]·🔴🔴)
[경륜 추천 모순 수정] 고배당 강제조합 1건 메인→복병 이동(25배 상한)
[경륜 추천 개수] 7명 → 메인 3개(상한 3) · 복병 이동 1개
[B라인 그물망] 기후 4경주: B라인[6, 1] 삼복승보험 [[1, 3, 6]] 추가
[각질편성] 사세보 5경주: 선행3·선입0·추입4 → ⚡ 빠른 페이스
[경륜전개] 사세보 5경주: 보통 · 라인 3개 · 페어 [[1, 7], [4, 2]]
[단통 상한] 메인 2개 · 복병이동 0개
[placeholder 필터] 삿포로 5경주 복승 껍데기 배당 12조합 제외(값: [99999.9])
[T-2분 왕축 동결] 삿포로 5경주: [7, 5] → [7, 5] 유지(cur_mb=1)
[복병 이동 상한] 5+10 306.8배 > 특별상한 50.0배 → 💎 노출 제외(참고)
[복병 이동 상한] 7+10 275.2배 > 특별상한 50.0배 → 💎 노출 제외(참고)
[경륜 추천 모순 수정] 고배당 강제조합 2건 메인→복병 이동(25배 상한)
[placeholder 필터] 오다와라 4경주 쌍승 껍데기 배당 4조합 제외(값: [859.9])
[각질편성] 오다와라 4경주: 선행3·선입0·추입6 → ⚡ 빠른 페이스
[경륜전개] 오다와라 4경주: 보통 · 라인 3개 · 페어 [[5, 3], [1, 7], [9, 2]]
[3종 수집] 삿포로 5경주: {'quinella': 78, 'exacta': 0, 'trio': 286, 'win': 0} (history 12)
[JRA수집] 1경주 수집 · 0경주 생략(확장 우선) · 0.22초 · 🔬관찰모드
[3종 수집] 사세보 5경주: {'quinella': 21, 'exacta': 42, 'trio': 0, 'win': 0} (history 3)
[3종 수집] 기후 4경주: {'quinella': 21, 'exacta': 42, 'trio': 0, 'win': 0} (history 12)
[placeholder 필터] 사세보 5경주 쌍승 껍데기 배당 3조합 제외(값: [272.3])
[각질편성] 사세보 5경주: 선행3·선입0·추입4 → ⚡ 빠른 페이스
[경륜전개] 사세보 5경주: 보통 · 라인 3개 · 페어 [[1, 7], [4, 2]]
[단통 상한] 메인 2개 · 복병이동 0개
[자동분석·배경] 사세보 5경주: 마감 530초 전 재분석(rec_history 누적·cycle)
[placeholder 필터] 오다와라 4경주 쌍승 껍데기 배당 4조합 제외(값: [859.9])
[placeholder 필터] 오다와라 4경주 쌍승 껍데기 배당 4조합 제외(값: [859.9])
[각질편성] 오다와라 4경주: 선행3·선입0·추입6 → ⚡ 빠른 페이스
[경륜전개] 오다와라 4경주: 보통 · 라인 3개 · 페어 [[5, 3], [1, 7], [9, 2]]
[각질편성] 오다와라 4경주: 선행3·선입0·추입6 → ⚡ 빠른 페이스
[경륜전개] 오다와라 4경주: 보통 · 라인 3개 · 페어 [[5, 3], [1, 7], [9, 2]]
[placeholder 필터] 오다와라 4경주 쌍승 껍데기 배당 4조합 제외(값: [859.9])
[각질편성] 오다와라 4경주: 선행3·선입0·추입6 → ⚡ 빠른 페이스
[경륜전개] 오다와라 4경주: 보통 · 라인 3개 · 페어 [[5, 3], [1, 7], [9, 2]]
[placeholder 필터] 오다와라 4경주 쌍승 껍데기 배당 4조합 제외(값: [859.9])
[각질편성] 오다와라 4경주: 선행3·선입0·추입6 → ⚡ 빠른 페이스
[경륜전개] 오다와라 4경주: 보통 · 라인 3개 · 페어 [[5, 3], [1, 7], [9, 2]]
[placeholder 필터] 오다와라 4경주 쌍승 껍데기 배당 4조합 제외(값: [859.9])
[각질편성] 오다와라 4경주: 선행3·선입0·추입6 → ⚡ 빠른 페이스
[경륜전개] 오다와라 4경주: 보통 · 라인 3개 · 페어 [[5, 3], [1, 7], [9, 2]]
[3종 수집] 기후 4경주: {'quinella': 21, 'exacta': 42, 'trio': 0, 'win': 0} (history 12)
[3종 수집] 사세보 5경주: {'quinella': 21, 'exacta': 42, 'trio': 0, 'win': 0} (history 4)
[각질편성] 사세보 5경주: 선행3·선입0·추입4 → ⚡ 빠른 페이스
[경륜전개] 사세보 5경주: 보통 · 라인 3개 · 페어 [[1, 7], [4, 2]]
[단통 상한] 메인 2개 · 복병이동 0개
[자동분석·배경] 사세보 5경주: 마감 498초 전 재분석(rec_history 누적·cycle)
[각질편성] 기후 4경주: 선행2·선입0·추입5 → 보통 페이스
[경륜전개] 기후 4경주: 보통 · 라인 2개 · 페어 [[2, 7], [6, 1]]
[placeholder 필터] 오다와라 4경주 쌍승 껍데기 배당 4조합 제외(값: [859.9])
[각질편성] 오다와라 4경주: 선행3·선입0·추입6 → ⚡ 빠른 페이스
[경륜전개] 오다와라 4경주: 보통 · 라인 3개 · 페어 [[5, 3], [1, 7], [9, 2]]
[placeholder 필터] 오다와라 4경주 쌍승 껍데기 배당 4조합 제외(값: [859.9])
[각질편성] 오다와라 4경주: 선행3·선입0·추입6 → ⚡ 빠른 페이스
[placeholder 필터] 오다와라 4경주 쌍승 껍데기 배당 4조합 제외(값: [859.9])
[경륜전개] 오다와라 4경주: 보통 · 라인 3개 · 페어 [[5, 3], [1, 7], [9, 2]]
[placeholder 필터] 오다와라 4경주 쌍승 껍데기 배당 4조합 제외(값: [859.9])
[각질편성] 아오모리 4경주: 선행2·선입0·추입5 → 보통 페이스
[경륜전개] 아오모리 4경주: 슬로우(단독 선행) · 라인 2개 · 페어 [[2, 7], [4, 1]]
[각질편성] 오다와라 4경주: 선행3·선입0·추입6 → ⚡ 빠른 페이스
[각질편성] 오다와라 4경주: 선행3·선입0·추입6 → ⚡ 빠른 페이스
[placeholder 필터] 오다와라 4경주 쌍승 껍데기 배당 4조합 제외(값: [859.9])
[복승불일치 축교정] 아오모리 4경주: 축 [1, 4]로 교정(자금이탈 강등 [7]·🔴🔴)
[경륜전개] 오다와라 4경주: 보통 · 라인 3개 · 페어 [[5, 3], [1, 7], [9, 2]]
[경륜전개] 오다와라 4경주: 보통 · 라인 3개 · 페어 [[5, 3], [1, 7], [9, 2]]
[각질편성] 오다와라 4경주: 선행3·선입0·추입6 → ⚡ 빠른 페이스
[경륜전개] 오다와라 4경주: 보통 · 라인 3개 · 페어 [[5, 3], [1, 7], [9, 2]]
[각질편성] 호후 4경주: 선행2·선입0·추입5 → 보통 페이스
[경륜전개] 호후 4경주: 보통 · 라인 2개 · 페어 [[2, 7], [3, 4]]
[각질편성] 아오모리 5경주: 선행2·선입0·추입5 → 보통 페이스
[경륜전개] 아오모리 5경주: 보통 · 라인 2개 · 페어 [[3, 4], [5, 1]]
[복승불일치 축교정] 아오모리 5경주: 축 [1, 3]로 교정(자금이탈 강등 [6]·🔴)
[각질편성] 호후 5경주: 선행3·선입0·추입4 → ⚡ 빠른 페이스
[경륜전개] 호후 5경주: 보통 · 라인 3개 · 페어 [[5, 1], [4, 2], [3, 7]]
[각질편성] 아오모리 6경주: 선행4·선입0·추입3 → ⚡ 빠른 페이스
[경륜전개] 아오모리 6경주: 하이(주도권 경합) · 라인 4개 · 페어 [[1, 3], [7, 4], [6, 2]]
[결과기록] 캐시 갱신 — 재파싱 1건 / 전체 1671건
[placeholder 필터] 호후 6경주 쌍승 껍데기 배당 3조합 제외(값: [300.2])
[각질편성] 호후 6경주: 선행5·선입0·추입2 → ⚡ 빠른 페이스
[경륜전개] 호후 6경주: 보통 · 라인 5개 · 페어 [[5, 1], [4, 2]]
[placeholder 필터] 아오모리 7경주 쌍승 껍데기 배당 3조합 제외(값: [1703.0])
[각질편성] 아오모리 7경주: 선행5·선입0·추입2 → ⚡ 빠른 페이스
[경륜전개] 아오모리 7경주: 슬로우(단독 선행) · 라인 5개 · 페어 [[4, 5], [3, 7]]
[각질편성] 호후 7경주: 선행5·선입0·추입2 → ⚡ 빠른 페이스
[경륜전개] 호후 7경주: 하이(주도권 경합) · 라인 5개 · 페어 [[5, 2], [3, 7]]
[각질편성] 사세보 1경주: 선행2·선입0·추입5 → 보통 페이스
[경륜전개] 사세보 1경주: 보통 · 라인 2개 · 페어 [[1, 5], [6, 2]]
[placeholder 필터] 오다와라 4경주 쌍승 껍데기 배당 4조합 제외(값: [859.9])
[placeholder 필터] 오다와라 4경주 쌍승 껍데기 배당 4조합 제외(값: [859.9])
[각질편성] 오다와라 4경주: 선행3·선입0·추입6 → ⚡ 빠른 페이스
[각질편성] 오다와라 4경주: 선행3·선입0·추입6 → ⚡ 빠른 페이스
[경륜전개] 오다와라 4경주: 보통 · 라인 3개 · 페어 [[5, 3], [1, 7], [9, 2]]
[경륜전개] 오다와라 4경주: 보통 · 라인 3개 · 페어 [[5, 3], [1, 7], [9, 2]]
[각질편성] 오다와라 1경주: 선행5·선입0·추입4 → ⚡ 빠른 페이스
[경륜전개] 오다와라 1경주: 보통 · 라인 5개 · 페어 [[1, 5], [7, 3]]
[각질편성] 기후 1경주: 선행2·선입0·추입5 → 보통 페이스
[경륜전개] 기후 1경주: 보통 · 라인 2개 · 페어 [[7, 3], [1, 4]]
[각질편성] 사세보 2경주: 선행2·선입0·추입5 → 보통 페이스
[경륜전개] 사세보 2경주: 보통 · 라인 2개 · 페어 [[7, 2], [5, 1]]
[복승불일치 축교정] 사세보 2경주: 축 [2, 7]로 교정(자금이탈 강등 [1]·🔴🔴)
[각질편성] 오다와라 2경주: 선행4·선입0·추입5 → ⚡ 빠른 페이스
[경륜전개] 오다와라 2경주: 슬로우(단독 선행) · 라인 4개 · 페어 [[2, 7], [9, 1], [6, 4], [8, 3]]
[각질편성] 기후 2경주: 선행3·선입0·추입4 → ⚡ 빠른 페이스
[경륜전개] 기후 2경주: 하이(주도권 경합) · 라인 3개 · 페어 [[3, 4], [7, 2], [6, 1]]
[복승불일치 축교정] 기후 2경주: 축 [3, 4]로 교정(자금이탈 강등 [6]·🔴🔴)
[각질편성] 사세보 3경주: 선행4·선입0·추입3 → ⚡ 빠른 페이스
[경륜전개] 사세보 3경주: 하이(주도권 경합) · 라인 4개 · 페어 [[5, 1], [6, 2]]
[각질편성] 오다와라 3경주: 선행3·선입0·추입6 → ⚡ 빠른 페이스
[경륜전개] 오다와라 3경주: 슬로우(단독 선행) · 라인 3개 · 페어 [[2, 8], [5, 1], [3, 9]]
[각질편성] 기후 3경주: 선행3·선입0·추입4 → ⚡ 빠른 페이스
[경륜전개] 기후 3경주: 보통 · 라인 3개 · 페어 [[5, 7], [4, 3], [6, 1]]
[복승불일치 축교정] 기후 3경주: 축 [5, 7]로 교정(자금이탈 강등 [4]·🔴🔴)
[각질편성] 사세보 4경주: 선행1·선입0·추입6 → 🐌 느린 페이스
[경륜전개] 사세보 4경주: 슬로우(단독 선행) · 라인 2개 · 페어 [[1, 4], [7, 3]]
[placeholder 필터] 오다와라 4경주 쌍승 껍데기 배당 4조합 제외(값: [859.9])
[각질편성] 오다와라 4경주: 선행3·선입0·추입6 → ⚡ 빠른 페이스
[경륜전개] 오다와라 4경주: 보통 · 라인 3개 · 페어 [[5, 3], [1, 7], [9, 2]]
[각질편성] 기후 4경주: 선행2·선입0·추입5 → 보통 페이스
[경륜전개] 기후 4경주: 보통 · 라인 2개 · 페어 [[2, 7], [6, 1]]
[각질편성] 사세보 5경주: 선행3·선입0·추입4 → ⚡ 빠른 페이스
[경륜전개] 사세보 5경주: 보통 · 라인 3개 · 페어 [[1, 7], [4, 2]]
[단통 상한] 메인 2개 · 복병이동 0개
[placeholder 필터] 삿포로 5경주 복승 껍데기 배당 12조합 제외(값: [99999.9])
[복병 이동 상한] 5+10 321.4배 > 특별상한 50.0배 → 💎 노출 제외(참고)
[복병 이동 상한] 7+10 284.7배 > 특별상한 50.0배 → 💎 노출 제외(참고)
[경륜 추천 모순 수정] 고배당 강제조합 2건 메인→복병 이동(25배 상한)
[placeholder 필터] 오다와라 4경주 쌍승 껍데기 배당 4조합 제외(값: [859.9])
[각질편성] 오다와라 4경주: 선행3·선입0·추입6 → ⚡ 빠른 페이스
[경륜전개] 오다와라 4경주: 보통 · 라인 3개 · 페어 [[5, 3], [1, 7], [9, 2]]
[3종 수집] 삿포로 5경주: {'quinella': 78, 'exacta': 0, 'trio': 286, 'win': 0} (history 12)
[JRA수집] 1경주 수집 · 0경주 생략(확장 우선) · 0.35초 · 🔬관찰모드
[placeholder 필터] 오다와라 4경주 쌍승 껍데기 배당 4조합 제외(값: [859.9])
[각질편성] 오다와라 4경주: 선행3·선입0·추입6 → ⚡ 빠른 페이스
[경륜전개] 오다와라 4경주: 보통 · 라인 3개 · 페어 [[5, 3], [1, 7], [9, 2]]
[3종 수집] 기후 4경주: {'quinella': 21, 'exacta': 42, 'trio': 0, 'win': 0} (history 12)
[3종 수집] 사세보 5경주: {'quinella': 21, 'exacta': 42, 'trio': 0, 'win': 0} (history 5)
[각질편성] 사세보 5경주: 선행3·선입0·추입4 → ⚡ 빠른 페이스
[경륜전개] 사세보 5경주: 보통 · 라인 3개 · 페어 [[1, 7], [4, 2]]
[경륜 추천 모순 수정] 고배당 강제조합 1건 메인→복병 이동(25배 상한)
[단통 상한] 메인 2개 · 복병이동 0개
[삼복승 축보험] 편성 스킵(무시): cannot access local variable '_tri_odds' where it is not associated with a value
[자동분석·배경] 사세보 5경주: 마감 465초 전 재분석(rec_history 누적·cycle)
[placeholder 필터] 오다와라 4경주 쌍승 껍데기 배당 4조합 제외(값: [859.9])
[placeholder 필터] 오다와라 4경주 쌍승 껍데기 배당 4조합 제외(값: [859.9])
[각질편성] 오다와라 4경주: 선행3·선입0·추입6 → ⚡ 빠른 페이스
[각질편성] 오다와라 4경주: 선행3·선입0·추입6 → ⚡ 빠른 페이스
[경륜전개] 오다와라 4경주: 보통 · 라인 3개 · 페어 [[5, 3], [1, 7], [9, 2]]
[경륜전개] 오다와라 4경주: 보통 · 라인 3개 · 페어 [[5, 3], [1, 7], [9, 2]]
[각질편성] 기후 4경주: 선행2·선입0·추입5 → 보통 페이스
[경륜전개] 기후 4경주: 보통 · 라인 2개 · 페어 [[2, 7], [6, 1]]
[각질편성] 기후 4경주: 선행2·선입0·추입5 → 보통 페이스
[경륜전개] 기후 4경주: 보통 · 라인 2개 · 페어 [[2, 7], [6, 1]]
[readonly 잠금] 기후 4경주: 마감 확정 파일 — corePicks/시계열 보존, result/hit만 업데이트 허용
[마감 동결] 기후 4경주: 확정본 복원(출처 closed_row · 기준 12:18:06)
⏸ [폴링 저장 가드] 기후 4경주: 마감 후 readonly → 로그 저장 생략(분석·표시는 정상)
[각질편성] 기후 4경주: 선행2·선입0·추입5 → 보통 페이스
[경륜전개] 기후 4경주: 보통 · 라인 2개 · 페어 [[2, 7], [6, 1]]
[placeholder 필터] 오다와라 4경주 쌍승 껍데기 배당 4조합 제외(값: [859.9])
[각질편성] 오다와라 4경주: 선행3·선입0·추입6 → ⚡ 빠른 페이스
[placeholder 필터] 오다와라 4경주 쌍승 껍데기 배당 4조합 제외(값: [859.9])
[경륜전개] 오다와라 4경주: 보통 · 라인 3개 · 페어 [[5, 3], [1, 7], [9, 2]]
[각질편성] 오다와라 4경주: 선행3·선입0·추입6 → ⚡ 빠른 페이스
[경륜전개] 오다와라 4경주: 보통 · 라인 3개 · 페어 [[5, 3], [1, 7], [9, 2]]
[placeholder 필터] 오다와라 4경주 쌍승 껍데기 배당 4조합 제외(값: [859.9])
[각질편성] 아오모리 4경주: 선행2·선입0·추입5 → 보통 페이스
[placeholder 필터] 오다와라 4경주 쌍승 껍데기 배당 4조합 제외(값: [859.9])
[경륜전개] 아오모리 4경주: 슬로우(단독 선행) · 라인 2개 · 페어 [[2, 7], [4, 1]]
[각질편성] 오다와라 4경주: 선행3·선입0·추입6 → ⚡ 빠른 페이스
[placeholder 필터] 오다와라 4경주 쌍승 껍데기 배당 4조합 제외(값: [859.9])
[복승불일치 축교정] 아오모리 4경주: 축 [1, 4]로 교정(자금이탈 강등 [7]·🔴🔴)
[각질편성] 기후 4경주: 선행2·선입0·추입5 → 보통 페이스
[경륜전개] 오다와라 4경주: 보통 · 라인 3개 · 페어 [[5, 3], [1, 7], [9, 2]]
[각질편성] 오다와라 4경주: 선행3·선입0·추입6 → ⚡ 빠른 페이스
[경륜전개] 기후 4경주: 보통 · 라인 2개 · 페어 [[2, 7], [6, 1]]
[경륜전개] 오다와라 4경주: 보통 · 라인 3개 · 페어 [[5, 3], [1, 7], [9, 2]]
[각질편성] 오다와라 4경주: 선행3·선입0·추입6 → ⚡ 빠른 페이스
[경륜전개] 오다와라 4경주: 보통 · 라인 3개 · 페어 [[5, 3], [1, 7], [9, 2]]
[각질편성] 호후 4경주: 선행2·선입0·추입5 → 보통 페이스
[경륜전개] 호후 4경주: 보통 · 라인 2개 · 페어 [[2, 7], [3, 4]]
[3종 수집] 기후 4경주: {'quinella': 21, 'exacta': 42, 'trio': 0, 'win': 0} (history 12)
[3종 수집] 사세보 5경주: {'quinella': 21, 'exacta': 42, 'trio': 0, 'win': 0} (history 6)
[각질편성] 사세보 5경주: 선행3·선입0·추입4 → ⚡ 빠른 페이스
[경륜전개] 사세보 5경주: 보통 · 라인 3개 · 페어 [[1, 7], [4, 2]]
[경륜 추천 모순 수정] 고배당 강제조합 1건 메인→복병 이동(25배 상한)
[단통 상한] 메인 2개 · 복병이동 0개
[자동분석·배경] 사세보 5경주: 마감 433초 전 재분석(rec_history 누적·cycle)
[각질편성] 사세보 5경주: 선행3·선입0·추입4 → ⚡ 빠른 페이스
[경륜전개] 사세보 5경주: 보통 · 라인 3개 · 페어 [[1, 7], [4, 2]]
[경륜 추천 모순 수정] 고배당 강제조합 1건 메인→복병 이동(25배 상한)
[단통 상한] 메인 2개 · 복병이동 0개
[카카오알림] 사세보 5경주 T-7 → 큐 적재
[결과기록] 캐시 갱신 — 재파싱 2건 / 전체 1671건
[각질편성] 아오모리 5경주: 선행2·선입0·추입5 → 보통 페이스
[경륜전개] 아오모리 5경주: 보통 · 라인 2개 · 페어 [[3, 4], [5, 1]]
[복승불일치 축교정] 아오모리 5경주: 축 [1, 3]로 교정(자금이탈 강등 [6]·🔴)
[각질편성] 호후 5경주: 선행3·선입0·추입4 → ⚡ 빠른 페이스
[경륜전개] 호후 5경주: 보통 · 라인 3개 · 페어 [[5, 1], [4, 2], [3, 7]]
[각질편성] 기후 4경주: 선행2·선입0·추입5 → 보통 페이스
[경륜전개] 기후 4경주: 보통 · 라인 2개 · 페어 [[2, 7], [6, 1]]
[각질편성] 아오모리 6경주: 선행4·선입0·추입3 → ⚡ 빠른 페이스
[경륜전개] 아오모리 6경주: 하이(주도권 경합) · 라인 4개 · 페어 [[1, 3], [7, 4], [6, 2]]
[placeholder 필터] 호후 6경주 쌍승 껍데기 배당 3조합 제외(값: [300.2])
[각질편성] 호후 6경주: 선행5·선입0·추입2 → ⚡ 빠른 페이스
[경륜전개] 호후 6경주: 보통 · 라인 5개 · 페어 [[5, 1], [4, 2]]
[placeholder 필터] 아오모리 7경주 쌍승 껍데기 배당 3조합 제외(값: [1703.0])
[각질편성] 아오모리 7경주: 선행5·선입0·추입2 → ⚡ 빠른 페이스
[경륜전개] 아오모리 7경주: 슬로우(단독 선행) · 라인 5개 · 페어 [[4, 5], [3, 7]]
[각질편성] 호후 7경주: 선행5·선입0·추입2 → ⚡ 빠른 페이스
[경륜전개] 호후 7경주: 하이(주도권 경합) · 라인 5개 · 페어 [[5, 2], [3, 7]]
[각질편성] 사세보 1경주: 선행2·선입0·추입5 → 보통 페이스
[경륜전개] 사세보 1경주: 보통 · 라인 2개 · 페어 [[1, 5], [6, 2]]
[각질편성] 오다와라 1경주: 선행5·선입0·추입4 → ⚡ 빠른 페이스
[경륜전개] 오다와라 1경주: 보통 · 라인 5개 · 페어 [[1, 5], [7, 3]]
[각질편성] 기후 1경주: 선행2·선입0·추입5 → 보통 페이스
[경륜전개] 기후 1경주: 보통 · 라인 2개 · 페어 [[7, 3], [1, 4]]
[각질편성] 사세보 2경주: 선행2·선입0·추입5 → 보통 페이스
[경륜전개] 사세보 2경주: 보통 · 라인 2개 · 페어 [[7, 2], [5, 1]]
[복승불일치 축교정] 사세보 2경주: 축 [2, 7]로 교정(자금이탈 강등 [1]·🔴🔴)
[각질편성] 오다와라 2경주: 선행4·선입0·추입5 → ⚡ 빠른 페이스
[경륜전개] 오다와라 2경주: 슬로우(단독 선행) · 라인 4개 · 페어 [[2, 7], [9, 1], [6, 4], [8, 3]]
[각질편성] 기후 2경주: 선행3·선입0·추입4 → ⚡ 빠른 페이스
[경륜전개] 기후 2경주: 하이(주도권 경합) · 라인 3개 · 페어 [[3, 4], [7, 2], [6, 1]]
[복승불일치 축교정] 기후 2경주: 축 [3, 4]로 교정(자금이탈 강등 [6]·🔴🔴)
[각질편성] 사세보 3경주: 선행4·선입0·추입3 → ⚡ 빠른 페이스
[경륜전개] 사세보 3경주: 하이(주도권 경합) · 라인 4개 · 페어 [[5, 1], [6, 2]]
[각질편성] 오다와라 3경주: 선행3·선입0·추입6 → ⚡ 빠른 페이스
[경륜전개] 오다와라 3경주: 슬로우(단독 선행) · 라인 3개 · 페어 [[2, 8], [5, 1], [3, 9]]
[각질편성] 기후 3경주: 선행3·선입0·추입4 → ⚡ 빠른 페이스
[경륜전개] 기후 3경주: 보통 · 라인 3개 · 페어 [[5, 7], [4, 3], [6, 1]]
[복승불일치 축교정] 기후 3경주: 축 [5, 7]로 교정(자금이탈 강등 [4]·🔴🔴)
[각질편성] 사세보 4경주: 선행1·선입0·추입6 → 🐌 느린 페이스
[경륜전개] 사세보 4경주: 슬로우(단독 선행) · 라인 2개 · 페어 [[1, 4], [7, 3]]
[placeholder 필터] 오다와라 4경주 쌍승 껍데기 배당 4조합 제외(값: [859.9])
[각질편성] 오다와라 4경주: 선행3·선입0·추입6 → ⚡ 빠른 페이스
[경륜전개] 오다와라 4경주: 보통 · 라인 3개 · 페어 [[5, 3], [1, 7], [9, 2]]
[각질편성] 기후 4경주: 선행2·선입0·추입5 → 보통 페이스
[경륜전개] 기후 4경주: 보통 · 라인 2개 · 페어 [[2, 7], [6, 1]]
[각질편성] 사세보 5경주: 선행3·선입0·추입4 → ⚡ 빠른 페이스
[경륜전개] 사세보 5경주: 보통 · 라인 3개 · 페어 [[1, 7], [4, 2]]
[경륜 추천 모순 수정] 고배당 강제조합 1건 메인→복병 이동(25배 상한)
[단통 상한] 메인 2개 · 복병이동 0개
[삼복승 축보험] 편성 스킵(무시): cannot access local variable '_tri_odds' where it is not associated with a value
🔎 [결정론 검수] 사세보 5경주: B라인누락
[placeholder 필터] 삿포로 5경주 복승 껍데기 배당 12조합 제외(값: [99999.9])
[각질편성] 기후 4경주: 선행2·선입0·추입5 → 보통 페이스
[경륜전개] 기후 4경주: 보통 · 라인 2개 · 페어 [[2, 7], [6, 1]]
[3종 수집] 삿포로 5경주: {'quinella': 78, 'exacta': 0, 'trio': 286, 'win': 0} (history 12)
[JRA수집] 1경주 수집 · 0경주 생략(확장 우선) · 0.41초 · 🔬관찰모드
[각질편성] 기후 4경주: 선행2·선입0·추입5 → 보통 페이스
[각질편성] 기후 4경주: 선행2·선입0·추입5 → 보통 페이스
[경륜전개] 기후 4경주: 보통 · 라인 2개 · 페어 [[2, 7], [6, 1]]
[경륜전개] 기후 4경주: 보통 · 라인 2개 · 페어 [[2, 7], [6, 1]]
[각질편성] 기후 4경주: 선행2·선입0·추입5 → 보통 페이스
[경륜전개] 기후 4경주: 보통 · 라인 2개 · 페어 [[2, 7], [6, 1]]
[3종 수집] 사세보 5경주: {'quinella': 21, 'exacta': 42, 'trio': 0, 'win': 0} (history 7)
[각질편성] 사세보 5경주: 선행3·선입0·추입4 → ⚡ 빠른 페이스
[경륜전개] 사세보 5경주: 보통 · 라인 3개 · 페어 [[1, 7], [4, 2]]
[경륜 추천 모순 수정] 고배당 강제조합 1건 메인→복병 이동(25배 상한)
[단통 상한] 메인 2개 · 복병이동 0개
[자동분석·배경] 사세보 5경주: 마감 399초 전 재분석(rec_history 누적·cycle)
[각질편성] 기후 4경주: 선행2·선입0·추입5 → 보통 페이스
[경륜전개] 기후 4경주: 보통 · 라인 2개 · 페어 [[2, 7], [6, 1]]
[각질편성] 기후 4경주: 선행2·선입0·추입5 → 보통 페이스
[각질편성] 기후 4경주: 선행2·선입0·추입5 → 보통 페이스
[경륜전개] 기후 4경주: 보통 · 라인 2개 · 페어 [[2, 7], [6, 1]]
[경륜전개] 기후 4경주: 보통 · 라인 2개 · 페어 [[2, 7], [6, 1]]
[placeholder 필터] 오다와라 4경주 쌍승 껍데기 배당 4조합 제외(값: [859.9])
[각질편성] 오다와라 4경주: 선행3·선입0·추입6 → ⚡ 빠른 페이스
[placeholder 필터] 오다와라 4경주 쌍승 껍데기 배당 4조합 제외(값: [859.9])
[경륜전개] 오다와라 4경주: 보통 · 라인 3개 · 페어 [[5, 3], [1, 7], [9, 2]]
[placeholder 필터] 오다와라 4경주 쌍승 껍데기 배당 4조합 제외(값: [859.9])
[각질편성] 아오모리 4경주: 선행2·선입0·추입5 → 보통 페이스
[각질편성] 오다와라 4경주: 선행3·선입0·추입6 → ⚡ 빠른 페이스
[경륜전개] 아오모리 4경주: 슬로우(단독 선행) · 라인 2개 · 페어 [[2, 7], [4, 1]]
[각질편성] 오다와라 4경주: 선행3·선입0·추입6 → ⚡ 빠른 페이스[경륜전개] 오다와라 4경주: 보통 · 라인 3개 · 페어 [[5, 3], [1, 7], [9, 2]]

[각질편성] 기후 4경주: 선행2·선입0·추입5 → 보통 페이스
[경륜전개] 오다와라 4경주: 보통 · 라인 3개 · 페어 [[5, 3], [1, 7], [9, 2]]
[경륜전개] 기후 4경주: 보통 · 라인 2개 · 페어 [[2, 7], [6, 1]]
[복승불일치 축교정] 아오모리 4경주: 축 [1, 4]로 교정(자금이탈 강등 [7]·🔴🔴)
[각질편성] 기후 4경주: 선행2·선입0·추입5 → 보통 페이스
[경륜전개] 기후 4경주: 보통 · 라인 2개 · 페어 [[2, 7], [6, 1]]
[각질편성] 호후 4경주: 선행2·선입0·추입5 → 보통 페이스
[경륜전개] 호후 4경주: 보통 · 라인 2개 · 페어 [[2, 7], [3, 4]]
[각질편성] 아오모리 5경주: 선행2·선입0·추입5 → 보통 페이스
[경륜전개] 아오모리 5경주: 보통 · 라인 2개 · 페어 [[3, 4], [5, 1]]
[복승불일치 축교정] 아오모리 5경주: 축 [1, 3]로 교정(자금이탈 강등 [6]·🔴)
[각질편성] 호후 5경주: 선행3·선입0·추입4 → ⚡ 빠른 페이스
[경륜전개] 호후 5경주: 보통 · 라인 3개 · 페어 [[5, 1], [4, 2], [3, 7]]
[각질편성] 아오모리 6경주: 선행4·선입0·추입3 → ⚡ 빠른 페이스
[경륜전개] 아오모리 6경주: 하이(주도권 경합) · 라인 4개 · 페어 [[1, 3], [7, 4], [6, 2]]
[placeholder 필터] 호후 6경주 쌍승 껍데기 배당 3조합 제외(값: [300.2])
[각질편성] 호후 6경주: 선행5·선입0·추입2 → ⚡ 빠른 페이스
[경륜전개] 호후 6경주: 보통 · 라인 5개 · 페어 [[5, 1], [4, 2]]
[placeholder 필터] 아오모리 7경주 쌍승 껍데기 배당 3조합 제외(값: [1703.0])
[각질편성] 아오모리 7경주: 선행5·선입0·추입2 → ⚡ 빠른 페이스
[경륜전개] 아오모리 7경주: 슬로우(단독 선행) · 라인 5개 · 페어 [[4, 5], [3, 7]]
[각질편성] 호후 7경주: 선행5·선입0·추입2 → ⚡ 빠른 페이스
[경륜전개] 호후 7경주: 하이(주도권 경합) · 라인 5개 · 페어 [[5, 2], [3, 7]]
[결과기록] 캐시 갱신 — 재파싱 1건 / 전체 1671건
[각질편성] 사세보 1경주: 선행2·선입0·추입5 → 보통 페이스
[경륜전개] 사세보 1경주: 보통 · 라인 2개 · 페어 [[1, 5], [6, 2]]
[각질편성] 기후 4경주: 선행2·선입0·추입5 → 보통 페이스
[경륜전개] 기후 4경주: 보통 · 라인 2개 · 페어 [[2, 7], [6, 1]]
[각질편성] 오다와라 1경주: 선행5·선입0·추입4 → ⚡ 빠른 페이스
[경륜전개] 오다와라 1경주: 보통 · 라인 5개 · 페어 [[1, 5], [7, 3]]
[각질편성] 기후 1경주: 선행2·선입0·추입5 → 보통 페이스
[경륜전개] 기후 1경주: 보통 · 라인 2개 · 페어 [[7, 3], [1, 4]]
[각질편성] 사세보 2경주: 선행2·선입0·추입5 → 보통 페이스
[경륜전개] 사세보 2경주: 보통 · 라인 2개 · 페어 [[7, 2], [5, 1]]
[복승불일치 축교정] 사세보 2경주: 축 [2, 7]로 교정(자금이탈 강등 [1]·🔴🔴)
[각질편성] 오다와라 2경주: 선행4·선입0·추입5 → ⚡ 빠른 페이스
[경륜전개] 오다와라 2경주: 슬로우(단독 선행) · 라인 4개 · 페어 [[2, 7], [9, 1], [6, 4], [8, 3]]
[각질편성] 기후 2경주: 선행3·선입0·추입4 → ⚡ 빠른 페이스
[경륜전개] 기후 2경주: 하이(주도권 경합) · 라인 3개 · 페어 [[3, 4], [7, 2], [6, 1]]
[복승불일치 축교정] 기후 2경주: 축 [3, 4]로 교정(자금이탈 강등 [6]·🔴🔴)
[각질편성] 사세보 3경주: 선행4·선입0·추입3 → ⚡ 빠른 페이스
[경륜전개] 사세보 3경주: 하이(주도권 경합) · 라인 4개 · 페어 [[5, 1], [6, 2]]
[각질편성] 오다와라 3경주: 선행3·선입0·추입6 → ⚡ 빠른 페이스
[경륜전개] 오다와라 3경주: 슬로우(단독 선행) · 라인 3개 · 페어 [[2, 8], [5, 1], [3, 9]]
[각질편성] 기후 3경주: 선행3·선입0·추입4 → ⚡ 빠른 페이스
[경륜전개] 기후 3경주: 보통 · 라인 3개 · 페어 [[5, 7], [4, 3], [6, 1]]
[복승불일치 축교정] 기후 3경주: 축 [5, 7]로 교정(자금이탈 강등 [4]·🔴🔴)
[각질편성] 사세보 4경주: 선행1·선입0·추입6 → 🐌 느린 페이스
[경륜전개] 사세보 4경주: 슬로우(단독 선행) · 라인 2개 · 페어 [[1, 4], [7, 3]]
[활성정리] 끝난 경주 1건 제거(히스토리 보존): 기후 3경주
[3종 수집] 사세보 5경주: {'quinella': 21, 'exacta': 42, 'trio': 0, 'win': 0} (history 8)
[placeholder 필터] 오다와라 4경주 쌍승 껍데기 배당 4조합 제외(값: [859.9])
[각질편성] 오다와라 4경주: 선행3·선입0·추입6 → ⚡ 빠른 페이스
[경륜전개] 오다와라 4경주: 보통 · 라인 3개 · 페어 [[5, 3], [1, 7], [9, 2]]
[각질편성] 사세보 5경주: 선행3·선입0·추입4 → ⚡ 빠른 페이스
[경륜전개] 사세보 5경주: 보통 · 라인 3개 · 페어 [[1, 7], [4, 2]]
[각질편성] 기후 4경주: 선행2·선입0·추입5 → 보통 페이스
[경륜전개] 기후 4경주: 보통 · 라인 2개 · 페어 [[2, 7], [6, 1]]
[경륜 추천 모순 수정] 고배당 강제조합 1건 메인→복병 이동(25배 상한)
[단통 상한] 메인 2개 · 복병이동 0개
🔎 [결정론 검수] 사세보 5경주: B라인누락
[각질편성] 사세보 5경주: 선행3·선입0·추입4 → ⚡ 빠른 페이스
[경륜전개] 사세보 5경주: 보통 · 라인 3개 · 페어 [[1, 7], [4, 2]]
[자동분석·배경] 사세보 5경주: 마감 367초 전 재분석(rec_history 누적·cycle)
[각질편성] 기후 4경주: 선행2·선입0·추입5 → 보통 페이스
[경륜전개] 기후 4경주: 보통 · 라인 2개 · 페어 [[2, 7], [6, 1]]
[경륜 추천 모순 수정] 고배당 강제조합 1건 메인→복병 이동(25배 상한)
[단통 상한] 메인 2개 · 복병이동 0개
[placeholder 필터] 삿포로 5경주 복승 껍데기 배당 12조합 제외(값: [99999.9])
[각질편성] 기후 4경주: 선행2·선입0·추입5 → 보통 페이스
[경륜전개] 기후 4경주: 보통 · 라인 2개 · 페어 [[2, 7], [6, 1]]
[3종 수집] 삿포로 5경주: {'quinella': 78, 'exacta': 0, 'trio': 286, 'win': 0} (history 12)
[JRA수집] 1경주 수집 · 0경주 생략(확장 우선) · 0.27초 · 🔬관찰모드
[각질편성] 기후 4경주: 선행2·선입0·추입5 → 보통 페이스
[각질편성] 기후 4경주: 선행2·선입0·추입5 → 보통 페이스
[경륜전개] 기후 4경주: 보통 · 라인 2개 · 페어 [[2, 7], [6, 1]]
[경륜전개] 기후 4경주: 보통 · 라인 2개 · 페어 [[2, 7], [6, 1]]
[각질편성] 기후 4경주: 선행2·선입0·추입5 → 보통 페이스
[경륜전개] 기후 4경주: 보통 · 라인 2개 · 페어 [[2, 7], [6, 1]]
[3종 수집] 사세보 5경주: {'quinella': 21, 'exacta': 42, 'trio': 0, 'win': 0} (history 9)
[각질편성] 사세보 5경주: 선행3·선입0·추입4 → ⚡ 빠른 페이스
[경륜전개] 사세보 5경주: 보통 · 라인 3개 · 페어 [[1, 7], [4, 2]]
[경륜 추천 모순 수정] 고배당 강제조합 1건 메인→복병 이동(25배 상한)
[단통 상한] 메인 2개 · 복병이동 0개
[자동분석·배경] 사세보 5경주: 마감 332초 전 재분석(rec_history 누적·cycle)
[각질편성] 기후 4경주: 선행2·선입0·추입5 → 보통 페이스
[경륜전개] 기후 4경주: 보통 · 라인 2개 · 페어 [[2, 7], [6, 1]]
[각질편성] 기후 4경주: 선행2·선입0·추입5 → 보통 페이스
[각질편성] 기후 4경주: 선행2·선입0·추입5 → 보통 페이스
[경륜전개] 기후 4경주: 보통 · 라인 2개 · 페어 [[2, 7], [6, 1]]
[경륜전개] 기후 4경주: 보통 · 라인 2개 · 페어 [[2, 7], [6, 1]]
[placeholder 필터] 오다와라 4경주 쌍승 껍데기 배당 4조합 제외(값: [859.9])
[각질편성] 오다와라 4경주: 선행3·선입0·추입6 → ⚡ 빠른 페이스
[경륜전개] 오다와라 4경주: 보통 · 라인 3개 · 페어 [[5, 3], [1, 7], [9, 2]]
[placeholder 필터] 오다와라 4경주 쌍승 껍데기 배당 4조합 제외(값: [859.9])
[placeholder 필터] 오다와라 4경주 쌍승 껍데기 배당 4조합 제외(값: [859.9])
[각질편성] 오다와라 4경주: 선행3·선입0·추입6 → ⚡ 빠른 페이스
[경륜전개] 오다와라 4경주: 보통 · 라인 3개 · 페어 [[5, 3], [1, 7], [9, 2]]
[각질편성] 아오모리 4경주: 선행2·선입0·추입5 → 보통 페이스
[각질편성] 기후 4경주: 선행2·선입0·추입5 → 보통 페이스
[각질편성] 오다와라 4경주: 선행3·선입0·추입6 → ⚡ 빠른 페이스
[경륜전개] 아오모리 4경주: 슬로우(단독 선행) · 라인 2개 · 페어 [[2, 7], [4, 1]]
[경륜전개] 기후 4경주: 보통 · 라인 2개 · 페어 [[2, 7], [6, 1]]
[경륜전개] 오다와라 4경주: 보통 · 라인 3개 · 페어 [[5, 3], [1, 7], [9, 2]]
[복승불일치 축교정] 아오모리 4경주: 축 [1, 4]로 교정(자금이탈 강등 [7]·🔴🔴)
[각질편성] 기후 4경주: 선행2·선입0·추입5 → 보통 페이스
[경륜전개] 기후 4경주: 보통 · 라인 2개 · 페어 [[2, 7], [6, 1]]
[각질편성] 호후 4경주: 선행2·선입0·추입5 → 보통 페이스
[경륜전개] 호후 4경주: 보통 · 라인 2개 · 페어 [[2, 7], [3, 4]]
[각질편성] 아오모리 5경주: 선행2·선입0·추입5 → 보통 페이스
[경륜전개] 아오모리 5경주: 보통 · 라인 2개 · 페어 [[3, 4], [5, 1]]
[복승불일치 축교정] 아오모리 5경주: 축 [1, 3]로 교정(자금이탈 강등 [6]·🔴)
[각질편성] 호후 5경주: 선행3·선입0·추입4 → ⚡ 빠른 페이스
[경륜전개] 호후 5경주: 보통 · 라인 3개 · 페어 [[5, 1], [4, 2], [3, 7]]
[각질편성] 아오모리 6경주: 선행4·선입0·추입3 → ⚡ 빠른 페이스
[경륜전개] 아오모리 6경주: 하이(주도권 경합) · 라인 4개 · 페어 [[1, 3], [7, 4], [6, 2]]
[placeholder 필터] 호후 6경주 쌍승 껍데기 배당 3조합 제외(값: [300.2])
[각질편성] 호후 6경주: 선행5·선입0·추입2 → ⚡ 빠른 페이스
[경륜전개] 호후 6경주: 보통 · 라인 5개 · 페어 [[5, 1], [4, 2]]
[placeholder 필터] 아오모리 7경주 쌍승 껍데기 배당 3조합 제외(값: [1703.0])
[각질편성] 아오모리 7경주: 선행5·선입0·추입2 → ⚡ 빠른 페이스
[경륜전개] 아오모리 7경주: 슬로우(단독 선행) · 라인 5개 · 페어 [[4, 5], [3, 7]]
[각질편성] 호후 7경주: 선행5·선입0·추입2 → ⚡ 빠른 페이스
[경륜전개] 호후 7경주: 하이(주도권 경합) · 라인 5개 · 페어 [[5, 2], [3, 7]]
[각질편성] 사세보 1경주: 선행2·선입0·추입5 → 보통 페이스
[경륜전개] 사세보 1경주: 보통 · 라인 2개 · 페어 [[1, 5], [6, 2]]
[각질편성] 기후 4경주: 선행2·선입0·추입5 → 보통 페이스
[경륜전개] 기후 4경주: 보통 · 라인 2개 · 페어 [[2, 7], [6, 1]]
[결과기록] 캐시 갱신 — 재파싱 1건 / 전체 1671건
[각질편성] 오다와라 1경주: 선행5·선입0·추입4 → ⚡ 빠른 페이스
[경륜전개] 오다와라 1경주: 보통 · 라인 5개 · 페어 [[1, 5], [7, 3]]
[각질편성] 기후 1경주: 선행2·선입0·추입5 → 보통 페이스
[경륜전개] 기후 1경주: 보통 · 라인 2개 · 페어 [[7, 3], [1, 4]]
[각질편성] 사세보 2경주: 선행2·선입0·추입5 → 보통 페이스
[경륜전개] 사세보 2경주: 보통 · 라인 2개 · 페어 [[7, 2], [5, 1]]
[복승불일치 축교정] 사세보 2경주: 축 [2, 7]로 교정(자금이탈 강등 [1]·🔴🔴)
[각질편성] 오다와라 2경주: 선행4·선입0·추입5 → ⚡ 빠른 페이스
[경륜전개] 오다와라 2경주: 슬로우(단독 선행) · 라인 4개 · 페어 [[2, 7], [9, 1], [6, 4], [8, 3]]
[각질편성] 기후 2경주: 선행3·선입0·추입4 → ⚡ 빠른 페이스
[경륜전개] 기후 2경주: 하이(주도권 경합) · 라인 3개 · 페어 [[3, 4], [7, 2], [6, 1]]
[복승불일치 축교정] 기후 2경주: 축 [3, 4]로 교정(자금이탈 강등 [6]·🔴🔴)
[각질편성] 사세보 3경주: 선행4·선입0·추입3 → ⚡ 빠른 페이스
[경륜전개] 사세보 3경주: 하이(주도권 경합) · 라인 4개 · 페어 [[5, 1], [6, 2]]
[각질편성] 오다와라 3경주: 선행3·선입0·추입6 → ⚡ 빠른 페이스
[경륜전개] 오다와라 3경주: 슬로우(단독 선행) · 라인 3개 · 페어 [[2, 8], [5, 1], [3, 9]]
[각질편성] 기후 3경주: 선행3·선입0·추입4 → ⚡ 빠른 페이스
[경륜전개] 기후 3경주: 보통 · 라인 3개 · 페어 [[5, 7], [4, 3], [6, 1]]
[복승불일치 축교정] 기후 3경주: 축 [5, 7]로 교정(자금이탈 강등 [4]·🔴🔴)
[각질편성] 사세보 4경주: 선행1·선입0·추입6 → 🐌 느린 페이스
[경륜전개] 사세보 4경주: 슬로우(단독 선행) · 라인 2개 · 페어 [[1, 4], [7, 3]]
[placeholder 필터] 오다와라 4경주 쌍승 껍데기 배당 4조합 제외(값: [859.9])
[각질편성] 오다와라 4경주: 선행3·선입0·추입6 → ⚡ 빠른 페이스
[경륜전개] 오다와라 4경주: 보통 · 라인 3개 · 페어 [[5, 3], [1, 7], [9, 2]]
[각질편성] 기후 4경주: 선행2·선입0·추입5 → 보통 페이스
[경륜전개] 기후 4경주: 보통 · 라인 2개 · 페어 [[2, 7], [6, 1]]
[각질편성] 사세보 5경주: 선행3·선입0·추입4 → ⚡ 빠른 페이스
[경륜전개] 사세보 5경주: 보통 · 라인 3개 · 페어 [[1, 7], [4, 2]]
[경륜 추천 모순 수정] 고배당 강제조합 1건 메인→복병 이동(25배 상한)
[단통 상한] 메인 2개 · 복병이동 0개
[placeholder 필터] 삿포로 5경주 복승 껍데기 배당 12조합 제외(값: [99999.9])
[다중경주] 하트비트 #21 · 스케줄 ymd=20260801 (-1초 전 갱신 · 트랙 12개)
[3종 수집] 사세보 5경주: {'quinella': 21, 'exacta': 42, 'trio': 0, 'win': 0} (history 10)
[각질편성] 사세보 5경주: 선행3·선입0·추입4 → ⚡ 빠른 페이스
[경륜전개] 사세보 5경주: 보통 · 라인 3개 · 페어 [[1, 7], [4, 2]]
[단통 상한] 메인 2개 · 복병이동 0개
🔎 [결정론 검수] 사세보 5경주: B라인누락
[각질편성] 기후 4경주: 선행2·선입0·추입5 → 보통 페이스
[경륜전개] 기후 4경주: 보통 · 라인 2개 · 페어 [[2, 7], [6, 1]]
[자동분석·배경] 사세보 5경주: 마감 300초 전 재분석(rec_history 누적·cycle)
[각질편성] 사세보 5경주: 선행3·선입0·추입4 → ⚡ 빠른 페이스
[경륜전개] 사세보 5경주: 보통 · 라인 3개 · 페어 [[1, 7], [4, 2]]
[단통 상한] 메인 2개 · 복병이동 0개
[카카오알림] 사세보 5경주 T-5 → 큐 적재
[각질편성] 기후 4경주: 선행2·선입0·추입5 → 보통 페이스
[각질편성] 기후 4경주: 선행2·선입0·추입5 → 보통 페이스
[경륜전개] 기후 4경주: 보통 · 라인 2개 · 페어 [[2, 7], [6, 1]]
[경륜전개] 기후 4경주: 보통 · 라인 2개 · 페어 [[2, 7], [6, 1]]
[각질편성] 기후 4경주: 선행2·선입0·추입5 → 보통 페이스
[경륜전개] 기후 4경주: 보통 · 라인 2개 · 페어 [[2, 7], [6, 1]]
[각질편성] 기후 4경주: 선행2·선입0·추입5 → 보통 페이스
[경륜전개] 기후 4경주: 보통 · 라인 2개 · 페어 [[2, 7], [6, 1]]
[3종 수집] 사세보 5경주: {'quinella': 21, 'exacta': 42, 'trio': 0, 'win': 0} (history 11)
[각질편성] 사세보 5경주: 선행3·선입0·추입4 → ⚡ 빠른 페이스
[경륜전개] 사세보 5경주: 보통 · 라인 3개 · 페어 [[1, 7], [4, 2]]
[복병 이동 상한] 2+7 79.1배 > 특별상한 50.0배 → 💎 노출 제외(참고)
[경륜 추천 모순 수정] 고배당 강제조합 1건 메인→복병 이동(25배 상한)
[단통 상한] 메인 2개 · 복병이동 0개
[자동예상] 사세보 5경주 최종예상 저장(2026_08_01_사세보_5경주.json)
[각질편성] 사세보 5경주: 선행3·선입0·추입4 → ⚡ 빠른 페이스
[경륜전개] 사세보 5경주: 보통 · 라인 3개 · 페어 [[1, 7], [4, 2]]
[복병 이동 상한] 2+7 79.1배 > 특별상한 50.0배 → 💎 노출 제외(참고)
[경륜 추천 모순 수정] 고배당 강제조합 1건 메인→복병 이동(25배 상한)
[단통 상한] 메인 2개 · 복병이동 0개
[자동분석·배경] 사세보 5경주: 마감 267초 전 재분석(rec_history 누적·cycle)
[카톡 변경알림·즉시] 사세보 5경주 (남은 267s): 삼복승 제외: 1+2+7 · 1+6+7
[각질편성] 기후 4경주: 선행2·선입0·추입5 → 보통 페이스
[경륜전개] 기후 4경주: 보통 · 라인 2개 · 페어 [[2, 7], [6, 1]]
[placeholder 필터] 오다와라 4경주 쌍승 껍데기 배당 4조합 제외(값: [859.9])
[각질편성] 오다와라 4경주: 선행3·선입0·추입6 → ⚡ 빠른 페이스
[placeholder 필터] 오다와라 4경주 쌍승 껍데기 배당 4조합 제외(값: [859.9])
[경륜전개] 오다와라 4경주: 보통 · 라인 3개 · 페어 [[5, 3], [1, 7], [9, 2]]
[각질편성] 오다와라 4경주: 선행3·선입0·추입6 → ⚡ 빠른 페이스
[placeholder 필터] 오다와라 4경주 쌍승 껍데기 배당 4조합 제외(값: [859.9])
[각질편성] 아오모리 4경주: 선행2·선입0·추입5 → 보통 페이스
[경륜전개] 오다와라 4경주: 보통 · 라인 3개 · 페어 [[5, 3], [1, 7], [9, 2]]
[경륜전개] 아오모리 4경주: 슬로우(단독 선행) · 라인 2개 · 페어 [[2, 7], [4, 1]]
[각질편성] 오다와라 4경주: 선행3·선입0·추입6 → ⚡ 빠른 페이스
[경륜전개] 오다와라 4경주: 보통 · 라인 3개 · 페어 [[5, 3], [1, 7], [9, 2]]
[각질편성] 기후 4경주: 선행2·선입0·추입5 → 보통 페이스
[복승불일치 축교정] 아오모리 4경주: 축 [1, 4]로 교정(자금이탈 강등 [7]·🔴🔴)
[경륜전개] 기후 4경주: 보통 · 라인 2개 · 페어 [[2, 7], [6, 1]]
[각질편성] 기후 4경주: 선행2·선입0·추입5 → 보통 페이스
[경륜전개] 기후 4경주: 보통 · 라인 2개 · 페어 [[2, 7], [6, 1]]
[각질편성] 호후 4경주: 선행2·선입0·추입5 → 보통 페이스
[경륜전개] 호후 4경주: 보통 · 라인 2개 · 페어 [[2, 7], [3, 4]]
[각질편성] 아오모리 5경주: 선행2·선입0·추입5 → 보통 페이스
[경륜전개] 아오모리 5경주: 보통 · 라인 2개 · 페어 [[3, 4], [5, 1]]
[복승불일치 축교정] 아오모리 5경주: 축 [1, 3]로 교정(자금이탈 강등 [6]·🔴)
[각질편성] 호후 5경주: 선행3·선입0·추입4 → ⚡ 빠른 페이스
[경륜전개] 호후 5경주: 보통 · 라인 3개 · 페어 [[5, 1], [4, 2], [3, 7]]
[각질편성] 아오모리 6경주: 선행4·선입0·추입3 → ⚡ 빠른 페이스
[경륜전개] 아오모리 6경주: 하이(주도권 경합) · 라인 4개 · 페어 [[1, 3], [7, 4], [6, 2]]
[placeholder 필터] 호후 6경주 쌍승 껍데기 배당 3조합 제외(값: [300.2])
[각질편성] 호후 6경주: 선행5·선입0·추입2 → ⚡ 빠른 페이스
[경륜전개] 호후 6경주: 보통 · 라인 5개 · 페어 [[5, 1], [4, 2]]
[placeholder 필터] 아오모리 7경주 쌍승 껍데기 배당 3조합 제외(값: [1703.0])
[각질편성] 아오모리 7경주: 선행5·선입0·추입2 → ⚡ 빠른 페이스
[경륜전개] 아오모리 7경주: 슬로우(단독 선행) · 라인 5개 · 페어 [[4, 5], [3, 7]]
[각질편성] 호후 7경주: 선행5·선입0·추입2 → ⚡ 빠른 페이스
[경륜전개] 호후 7경주: 하이(주도권 경합) · 라인 5개 · 페어 [[5, 2], [3, 7]]
[각질편성] 사세보 1경주: 선행2·선입0·추입5 → 보통 페이스
[경륜전개] 사세보 1경주: 보통 · 라인 2개 · 페어 [[1, 5], [6, 2]]
[각질편성] 오다와라 1경주: 선행5·선입0·추입4 → ⚡ 빠른 페이스
[경륜전개] 오다와라 1경주: 보통 · 라인 5개 · 페어 [[1, 5], [7, 3]]
[각질편성] 기후 1경주: 선행2·선입0·추입5 → 보통 페이스
[경륜전개] 기후 1경주: 보통 · 라인 2개 · 페어 [[7, 3], [1, 4]]
[각질편성] 기후 4경주: 선행2·선입0·추입5 → 보통 페이스
[각질편성] 기후 4경주: 선행2·선입0·추입5 → 보통 페이스
[경륜전개] 기후 4경주: 보통 · 라인 2개 · 페어 [[2, 7], [6, 1]]
[경륜전개] 기후 4경주: 보통 · 라인 2개 · 페어 [[2, 7], [6, 1]]
[결과기록] 캐시 갱신 — 재파싱 1건 / 전체 1671건
[각질편성] 사세보 2경주: 선행2·선입0·추입5 → 보통 페이스
[경륜전개] 사세보 2경주: 보통 · 라인 2개 · 페어 [[7, 2], [5, 1]]
[복승불일치 축교정] 사세보 2경주: 축 [2, 7]로 교정(자금이탈 강등 [1]·🔴🔴)
[각질편성] 오다와라 2경주: 선행4·선입0·추입5 → ⚡ 빠른 페이스
[경륜전개] 오다와라 2경주: 슬로우(단독 선행) · 라인 4개 · 페어 [[2, 7], [9, 1], [6, 4], [8, 3]]
[각질편성] 기후 2경주: 선행3·선입0·추입4 → ⚡ 빠른 페이스
[경륜전개] 기후 2경주: 하이(주도권 경합) · 라인 3개 · 페어 [[3, 4], [7, 2], [6, 1]]
[복승불일치 축교정] 기후 2경주: 축 [3, 4]로 교정(자금이탈 강등 [6]·🔴🔴)
[각질편성] 사세보 3경주: 선행4·선입0·추입3 → ⚡ 빠른 페이스
[경륜전개] 사세보 3경주: 하이(주도권 경합) · 라인 4개 · 페어 [[5, 1], [6, 2]]
[각질편성] 오다와라 3경주: 선행3·선입0·추입6 → ⚡ 빠른 페이스
[경륜전개] 오다와라 3경주: 슬로우(단독 선행) · 라인 3개 · 페어 [[2, 8], [5, 1], [3, 9]]
[각질편성] 기후 3경주: 선행3·선입0·추입4 → ⚡ 빠른 페이스
[경륜전개] 기후 3경주: 보통 · 라인 3개 · 페어 [[5, 7], [4, 3], [6, 1]]
[복승불일치 축교정] 기후 3경주: 축 [5, 7]로 교정(자금이탈 강등 [4]·🔴🔴)
[각질편성] 사세보 4경주: 선행1·선입0·추입6 → 🐌 느린 페이스
[경륜전개] 사세보 4경주: 슬로우(단독 선행) · 라인 2개 · 페어 [[1, 4], [7, 3]]
[placeholder 필터] 오다와라 4경주 쌍승 껍데기 배당 4조합 제외(값: [859.9])
[각질편성] 오다와라 4경주: 선행3·선입0·추입6 → ⚡ 빠른 페이스
[경륜전개] 오다와라 4경주: 보통 · 라인 3개 · 페어 [[5, 3], [1, 7], [9, 2]]
[각질편성] 기후 4경주: 선행2·선입0·추입5 → 보통 페이스
[경륜전개] 기후 4경주: 보통 · 라인 2개 · 페어 [[2, 7], [6, 1]]
[각질편성] 사세보 5경주: 선행3·선입0·추입4 → ⚡ 빠른 페이스
[경륜전개] 사세보 5경주: 보통 · 라인 3개 · 페어 [[1, 7], [4, 2]]
[복병 이동 상한] 2+7 79.1배 > 특별상한 50.0배 → 💎 노출 제외(참고)
[경륜 추천 모순 수정] 고배당 강제조합 1건 메인→복병 이동(25배 상한)
[단통 상한] 메인 2개 · 복병이동 0개
[placeholder 필터] 삿포로 5경주 복승 껍데기 배당 12조합 제외(값: [99999.9])
[각질편성] 기후 4경주: 선행2·선입0·추입5 → 보통 페이스
[경륜전개] 기후 4경주: 보통 · 라인 2개 · 페어 [[2, 7], [6, 1]]
[3종 수집] 사세보 5경주: {'quinella': 21, 'exacta': 42, 'trio': 0, 'win': 0} (history 12)
[placeholder 필터] 사세보 5경주 쌍승 껍데기 배당 3조합 제외(값: [247.4])
[각질편성] 사세보 5경주: 선행3·선입0·추입4 → ⚡ 빠른 페이스
[경륜전개] 사세보 5경주: 보통 · 라인 3개 · 페어 [[1, 7], [4, 2]]
[복병 이동 상한] 2+7 104.3배 > 특별상한 50.0배 → 💎 노출 제외(참고)
[경륜 추천 모순 수정] 고배당 강제조합 2건 메인→복병 이동(25배 상한)
[단통 상한] 메인 2개 · 복병이동 0개
[자동분석·배경] 사세보 5경주: 마감 235초 전 재분석(rec_history 누적·cycle)
[각질편성] 기후 4경주: 선행2·선입0·추입5 → 보통 페이스
[경륜전개] 기후 4경주: 보통 · 라인 2개 · 페어 [[2, 7], [6, 1]]
[각질편성] 기후 4경주: 선행2·선입0·추입5 → 보통 페이스
[각질편성] 기후 4경주: 선행2·선입0·추입5 → 보통 페이스
[경륜전개] 기후 4경주: 보통 · 라인 2개 · 페어 [[2, 7], [6, 1]]
[경륜전개] 기후 4경주: 보통 · 라인 2개 · 페어 [[2, 7], [6, 1]]
[각질편성] 기후 4경주: 선행2·선입0·추입5 → 보통 페이스
[경륜전개] 기후 4경주: 보통 · 라인 2개 · 페어 [[2, 7], [6, 1]]
[3종 수집] 사세보 5경주: {'quinella': 21, 'exacta': 42, 'trio': 0, 'win': 0} (history 12)
[placeholder 필터] 사세보 5경주 쌍승 껍데기 배당 3조합 제외(값: [247.4])
[각질편성] 사세보 5경주: 선행3·선입0·추입4 → ⚡ 빠른 페이스
[경륜전개] 사세보 5경주: 보통 · 라인 3개 · 페어 [[1, 7], [4, 2]]
[복병 이동 상한] 2+7 104.3배 > 특별상한 50.0배 → 💎 노출 제외(참고)
[경륜 추천 모순 수정] 고배당 강제조합 2건 메인→복병 이동(25배 상한)
[단통 상한] 메인 2개 · 복병이동 0개
🔎 [결정론 검수] 사세보 5경주: B라인누락
[자동분석·배경] 사세보 5경주: 마감 202초 전 재분석(rec_history 누적·cycle)
[각질편성] 기후 4경주: 선행2·선입0·추입5 → 보통 페이스
[경륜전개] 기후 4경주: 보통 · 라인 2개 · 페어 [[2, 7], [6, 1]]
[placeholder 필터] 오다와라 4경주 쌍승 껍데기 배당 4조합 제외(값: [859.9])
[placeholder 필터] 오다와라 4경주 쌍승 껍데기 배당 4조합 제외(값: [859.9])
[각질편성] 오다와라 4경주: 선행3·선입0·추입6 → ⚡ 빠른 페이스
[경륜전개] 오다와라 4경주: 보통 · 라인 3개 · 페어 [[5, 3], [1, 7], [9, 2]]
[각질편성] 오다와라 4경주: 선행3·선입0·추입6 → ⚡ 빠른 페이스
[각질편성] 아오모리 4경주: 선행2·선입0·추입5 → 보통 페이스
[경륜전개] 아오모리 4경주: 슬로우(단독 선행) · 라인 2개 · 페어 [[2, 7], [4, 1]]
[경륜전개] 오다와라 4경주: 보통 · 라인 3개 · 페어 [[5, 3], [1, 7], [9, 2]]
[복승불일치 축교정] 아오모리 4경주: 축 [1, 4]로 교정(자금이탈 강등 [7]·🔴🔴)
[각질편성] 기후 4경주: 선행2·선입0·추입5 → 보통 페이스
[각질편성] 기후 4경주: 선행2·선입0·추입5 → 보통 페이스
[경륜전개] 기후 4경주: 보통 · 라인 2개 · 페어 [[2, 7], [6, 1]]
[각질편성] 기후 4경주: 선행2·선입0·추입5 → 보통 페이스
[경륜전개] 기후 4경주: 보통 · 라인 2개 · 페어 [[2, 7], [6, 1]]
[경륜전개] 기후 4경주: 보통 · 라인 2개 · 페어 [[2, 7], [6, 1]]
[각질편성] 호후 4경주: 선행2·선입0·추입5 → 보통 페이스
[경륜전개] 호후 4경주: 보통 · 라인 2개 · 페어 [[2, 7], [3, 4]]
[각질편성] 아오모리 5경주: 선행2·선입0·추입5 → 보통 페이스
[경륜전개] 아오모리 5경주: 보통 · 라인 2개 · 페어 [[3, 4], [5, 1]]
[복승불일치 축교정] 아오모리 5경주: 축 [1, 3]로 교정(자금이탈 강등 [6]·🔴)
[각질편성] 호후 5경주: 선행3·선입0·추입4 → ⚡ 빠른 페이스
[경륜전개] 호후 5경주: 보통 · 라인 3개 · 페어 [[5, 1], [4, 2], [3, 7]]
[각질편성] 아오모리 6경주: 선행4·선입0·추입3 → ⚡ 빠른 페이스
[경륜전개] 아오모리 6경주: 하이(주도권 경합) · 라인 4개 · 페어 [[1, 3], [7, 4], [6, 2]]
[placeholder 필터] 호후 6경주 쌍승 껍데기 배당 3조합 제외(값: [300.2])
[각질편성] 호후 6경주: 선행5·선입0·추입2 → ⚡ 빠른 페이스
[경륜전개] 호후 6경주: 보통 · 라인 5개 · 페어 [[5, 1], [4, 2]]
[placeholder 필터] 아오모리 7경주 쌍승 껍데기 배당 3조합 제외(값: [1703.0])
[각질편성] 아오모리 7경주: 선행5·선입0·추입2 → ⚡ 빠른 페이스
[경륜전개] 아오모리 7경주: 슬로우(단독 선행) · 라인 5개 · 페어 [[4, 5], [3, 7]]
[각질편성] 호후 7경주: 선행5·선입0·추입2 → ⚡ 빠른 페이스
[경륜전개] 호후 7경주: 하이(주도권 경합) · 라인 5개 · 페어 [[5, 2], [3, 7]]
[각질편성] 사세보 1경주: 선행2·선입0·추입5 → 보통 페이스
[경륜전개] 사세보 1경주: 보통 · 라인 2개 · 페어 [[1, 5], [6, 2]]
[각질편성] 오다와라 1경주: 선행5·선입0·추입4 → ⚡ 빠른 페이스
[경륜전개] 오다와라 1경주: 보통 · 라인 5개 · 페어 [[1, 5], [7, 3]]
[각질편성] 기후 1경주: 선행2·선입0·추입5 → 보통 페이스
[경륜전개] 기후 1경주: 보통 · 라인 2개 · 페어 [[7, 3], [1, 4]]
[각질편성] 기후 4경주: 선행2·선입0·추입5 → 보통 페이스
[경륜전개] 기후 4경주: 보통 · 라인 2개 · 페어 [[2, 7], [6, 1]]
[각질편성] 기후 4경주: 선행2·선입0·추입5 → 보통 페이스
[경륜전개] 기후 4경주: 보통 · 라인 2개 · 페어 [[2, 7], [6, 1]]
[결과기록] 캐시 갱신 — 재파싱 1건 / 전체 1671건
[각질편성] 사세보 2경주: 선행2·선입0·추입5 → 보통 페이스
[경륜전개] 사세보 2경주: 보통 · 라인 2개 · 페어 [[7, 2], [5, 1]]
[복승불일치 축교정] 사세보 2경주: 축 [2, 7]로 교정(자금이탈 강등 [1]·🔴🔴)
[각질편성] 오다와라 2경주: 선행4·선입0·추입5 → ⚡ 빠른 페이스
[경륜전개] 오다와라 2경주: 슬로우(단독 선행) · 라인 4개 · 페어 [[2, 7], [9, 1], [6, 4], [8, 3]]
[각질편성] 기후 2경주: 선행3·선입0·추입4 → ⚡ 빠른 페이스
[경륜전개] 기후 2경주: 하이(주도권 경합) · 라인 3개 · 페어 [[3, 4], [7, 2], [6, 1]]
[복승불일치 축교정] 기후 2경주: 축 [3, 4]로 교정(자금이탈 강등 [6]·🔴🔴)
[각질편성] 사세보 3경주: 선행4·선입0·추입3 → ⚡ 빠른 페이스
[경륜전개] 사세보 3경주: 하이(주도권 경합) · 라인 4개 · 페어 [[5, 1], [6, 2]]
[각질편성] 오다와라 3경주: 선행3·선입0·추입6 → ⚡ 빠른 페이스
[경륜전개] 오다와라 3경주: 슬로우(단독 선행) · 라인 3개 · 페어 [[2, 8], [5, 1], [3, 9]]
[각질편성] 기후 3경주: 선행3·선입0·추입4 → ⚡ 빠른 페이스
[경륜전개] 기후 3경주: 보통 · 라인 3개 · 페어 [[5, 7], [4, 3], [6, 1]]
[복승불일치 축교정] 기후 3경주: 축 [5, 7]로 교정(자금이탈 강등 [4]·🔴🔴)
[각질편성] 사세보 4경주: 선행1·선입0·추입6 → 🐌 느린 페이스
[경륜전개] 사세보 4경주: 슬로우(단독 선행) · 라인 2개 · 페어 [[1, 4], [7, 3]]
[placeholder 필터] 오다와라 4경주 쌍승 껍데기 배당 4조합 제외(값: [859.9])
[각질편성] 오다와라 4경주: 선행3·선입0·추입6 → ⚡ 빠른 페이스
[경륜전개] 오다와라 4경주: 보통 · 라인 3개 · 페어 [[5, 3], [1, 7], [9, 2]]
[각질편성] 기후 4경주: 선행2·선입0·추입5 → 보통 페이스
[경륜전개] 기후 4경주: 보통 · 라인 2개 · 페어 [[2, 7], [6, 1]]
[placeholder 필터] 사세보 5경주 쌍승 껍데기 배당 3조합 제외(값: [247.4])
[각질편성] 사세보 5경주: 선행3·선입0·추입4 → ⚡ 빠른 페이스
[경륜전개] 사세보 5경주: 보통 · 라인 3개 · 페어 [[1, 7], [4, 2]]
[복병 이동 상한] 2+7 104.3배 > 특별상한 50.0배 → 💎 노출 제외(참고)
[경륜 추천 모순 수정] 고배당 강제조합 2건 메인→복병 이동(25배 상한)
[단통 상한] 메인 2개 · 복병이동 0개
[placeholder 필터] 삿포로 5경주 복승 껍데기 배당 12조합 제외(값: [99999.9])
[각질편성] 기후 4경주: 선행2·선입0·추입5 → 보통 페이스
[경륜전개] 기후 4경주: 보통 · 라인 2개 · 페어 [[2, 7], [6, 1]]
[3종 수집] 사세보 5경주: {'quinella': 21, 'exacta': 42, 'trio': 0, 'win': 0} (history 12)
[각질편성] 사세보 5경주: 선행3·선입0·추입4 → ⚡ 빠른 페이스
[경륜전개] 사세보 5경주: 보통 · 라인 3개 · 페어 [[1, 7], [4, 2]]
[T-2분 왕축 동결] 사세보 5경주: [2, 6] → [2, 6] 유지(cur_mb=2)
[복병 이동 상한] 2+7 110.6배 > 특별상한 50.0배 → 💎 노출 제외(참고)
[경륜 추천 모순 수정] 고배당 강제조합 2건 메인→복병 이동(25배 상한)
[단통 상한] 메인 2개 · 복병이동 0개
[자동분석·배경] 사세보 5경주: 마감 170초 전 재분석(rec_history 누적·cycle)
[각질편성] 기후 4경주: 선행2·선입0·추입5 → 보통 페이스
[경륜전개] 기후 4경주: 보통 · 라인 2개 · 페어 [[2, 7], [6, 1]]
[각질편성] 기후 4경주: 선행2·선입0·추입5 → 보통 페이스
[각질편성] 기후 4경주: 선행2·선입0·추입5 → 보통 페이스
[경륜전개] 기후 4경주: 보통 · 라인 2개 · 페어 [[2, 7], [6, 1]]
[경륜전개] 기후 4경주: 보통 · 라인 2개 · 페어 [[2, 7], [6, 1]]
[각질편성] 기후 4경주: 선행2·선입0·추입5 → 보통 페이스
[경륜전개] 기후 4경주: 보통 · 라인 2개 · 페어 [[2, 7], [6, 1]]
[각질편성] 기후 4경주: 선행2·선입0·추입5 → 보통 페이스
[경륜전개] 기후 4경주: 보통 · 라인 2개 · 페어 [[2, 7], [6, 1]]
[3종 수집] 사세보 5경주: {'quinella': 21, 'exacta': 42, 'trio': 0, 'win': 0} (history 12)
[각질편성] 사세보 5경주: 선행3·선입0·추입4 → ⚡ 빠른 페이스
[경륜전개] 사세보 5경주: 보통 · 라인 3개 · 페어 [[1, 7], [4, 2]]
[복병 이동 상한] 2+7 110.6배 > 특별상한 50.0배 → 💎 노출 제외(참고)
[경륜 추천 모순 수정] 고배당 강제조합 2건 메인→복병 이동(25배 상한)
[단통 상한] 메인 2개 · 복병이동 0개
🔎 [결정론 검수] 사세보 5경주: B라인누락
[자동분석·배경] 사세보 5경주: 마감 138초 전 재분석(rec_history 누적·cycle)
[placeholder 필터] 오다와라 4경주 쌍승 껍데기 배당 4조합 제외(값: [859.9])
[각질편성] 오다와라 4경주: 선행3·선입0·추입6 → ⚡ 빠른 페이스
[경륜전개] 오다와라 4경주: 보통 · 라인 3개 · 페어 [[5, 3], [1, 7], [9, 2]]
[placeholder 필터] 오다와라 4경주 쌍승 껍데기 배당 4조합 제외(값: [859.9])
[각질편성] 오다와라 4경주: 선행3·선입0·추입6 → ⚡ 빠른 페이스
[각질편성] 아오모리 4경주: 선행2·선입0·추입5 → 보통 페이스
[경륜전개] 오다와라 4경주: 보통 · 라인 3개 · 페어 [[5, 3], [1, 7], [9, 2]]
[경륜전개] 아오모리 4경주: 슬로우(단독 선행) · 라인 2개 · 페어 [[2, 7], [4, 1]]
[각질편성] 기후 4경주: 선행2·선입0·추입5 → 보통 페이스
[각질편성] 기후 4경주: 선행2·선입0·추입5 → 보통 페이스
[경륜전개] 기후 4경주: 보통 · 라인 2개 · 페어 [[2, 7], [6, 1]]
[복승불일치 축교정] 아오모리 4경주: 축 [1, 4]로 교정(자금이탈 강등 [7]·🔴🔴)
[경륜전개] 기후 4경주: 보통 · 라인 2개 · 페어 [[2, 7], [6, 1]]
[각질편성] 기후 4경주: 선행2·선입0·추입5 → 보통 페이스
[경륜전개] 기후 4경주: 보통 · 라인 2개 · 페어 [[2, 7], [6, 1]]
[각질편성] 호후 4경주: 선행2·선입0·추입5 → 보통 페이스
[경륜전개] 호후 4경주: 보통 · 라인 2개 · 페어 [[2, 7], [3, 4]]
[각질편성] 아오모리 5경주: 선행2·선입0·추입5 → 보통 페이스
[경륜전개] 아오모리 5경주: 보통 · 라인 2개 · 페어 [[3, 4], [5, 1]]
[복승불일치 축교정] 아오모리 5경주: 축 [1, 3]로 교정(자금이탈 강등 [6]·🔴)
[각질편성] 호후 5경주: 선행3·선입0·추입4 → ⚡ 빠른 페이스
[경륜전개] 호후 5경주: 보통 · 라인 3개 · 페어 [[5, 1], [4, 2], [3, 7]]
[각질편성] 아오모리 6경주: 선행4·선입0·추입3 → ⚡ 빠른 페이스
[경륜전개] 아오모리 6경주: 하이(주도권 경합) · 라인 4개 · 페어 [[1, 3], [7, 4], [6, 2]]
[placeholder 필터] 호후 6경주 쌍승 껍데기 배당 3조합 제외(값: [300.2])
[각질편성] 호후 6경주: 선행5·선입0·추입2 → ⚡ 빠른 페이스
[경륜전개] 호후 6경주: 보통 · 라인 5개 · 페어 [[5, 1], [4, 2]]
[placeholder 필터] 아오모리 7경주 쌍승 껍데기 배당 3조합 제외(값: [1703.0])
[각질편성] 아오모리 7경주: 선행5·선입0·추입2 → ⚡ 빠른 페이스
[경륜전개] 아오모리 7경주: 슬로우(단독 선행) · 라인 5개 · 페어 [[4, 5], [3, 7]]
[각질편성] 호후 7경주: 선행5·선입0·추입2 → ⚡ 빠른 페이스
[경륜전개] 호후 7경주: 하이(주도권 경합) · 라인 5개 · 페어 [[5, 2], [3, 7]]
[각질편성] 사세보 1경주: 선행2·선입0·추입5 → 보통 페이스
[경륜전개] 사세보 1경주: 보통 · 라인 2개 · 페어 [[1, 5], [6, 2]]
[각질편성] 오다와라 1경주: 선행5·선입0·추입4 → ⚡ 빠른 페이스
[경륜전개] 오다와라 1경주: 보통 · 라인 5개 · 페어 [[1, 5], [7, 3]]
[각질편성] 기후 1경주: 선행2·선입0·추입5 → 보통 페이스
[경륜전개] 기후 1경주: 보통 · 라인 2개 · 페어 [[7, 3], [1, 4]]
[각질편성] 기후 4경주: 선행2·선입0·추입5 → 보통 페이스
[경륜전개] 기후 4경주: 보통 · 라인 2개 · 페어 [[2, 7], [6, 1]]
[각질편성] 사세보 2경주: 선행2·선입0·추입5 → 보통 페이스
[경륜전개] 사세보 2경주: 보통 · 라인 2개 · 페어 [[7, 2], [5, 1]]
[복승불일치 축교정] 사세보 2경주: 축 [2, 7]로 교정(자금이탈 강등 [1]·🔴🔴)
[결과기록] 캐시 갱신 — 재파싱 1건 / 전체 1671건
[각질편성] 오다와라 2경주: 선행4·선입0·추입5 → ⚡ 빠른 페이스
[경륜전개] 오다와라 2경주: 슬로우(단독 선행) · 라인 4개 · 페어 [[2, 7], [9, 1], [6, 4], [8, 3]]
[각질편성] 기후 2경주: 선행3·선입0·추입4 → ⚡ 빠른 페이스
[경륜전개] 기후 2경주: 하이(주도권 경합) · 라인 3개 · 페어 [[3, 4], [7, 2], [6, 1]]
[복승불일치 축교정] 기후 2경주: 축 [3, 4]로 교정(자금이탈 강등 [6]·🔴🔴)
[각질편성] 사세보 3경주: 선행4·선입0·추입3 → ⚡ 빠른 페이스
[경륜전개] 사세보 3경주: 하이(주도권 경합) · 라인 4개 · 페어 [[5, 1], [6, 2]]
[각질편성] 오다와라 3경주: 선행3·선입0·추입6 → ⚡ 빠른 페이스
[경륜전개] 오다와라 3경주: 슬로우(단독 선행) · 라인 3개 · 페어 [[2, 8], [5, 1], [3, 9]]
[각질편성] 기후 3경주: 선행3·선입0·추입4 → ⚡ 빠른 페이스
[경륜전개] 기후 3경주: 보통 · 라인 3개 · 페어 [[5, 7], [4, 3], [6, 1]]
[복승불일치 축교정] 기후 3경주: 축 [5, 7]로 교정(자금이탈 강등 [4]·🔴🔴)
[각질편성] 사세보 4경주: 선행1·선입0·추입6 → 🐌 느린 페이스
[경륜전개] 사세보 4경주: 슬로우(단독 선행) · 라인 2개 · 페어 [[1, 4], [7, 3]]
[placeholder 필터] 오다와라 4경주 쌍승 껍데기 배당 4조합 제외(값: [859.9])
[각질편성] 오다와라 4경주: 선행3·선입0·추입6 → ⚡ 빠른 페이스
[경륜전개] 오다와라 4경주: 보통 · 라인 3개 · 페어 [[5, 3], [1, 7], [9, 2]]
[각질편성] 기후 4경주: 선행2·선입0·추입5 → 보통 페이스
[경륜전개] 기후 4경주: 보통 · 라인 2개 · 페어 [[2, 7], [6, 1]]
[각질편성] 사세보 5경주: 선행3·선입0·추입4 → ⚡ 빠른 페이스
[경륜전개] 사세보 5경주: 보통 · 라인 3개 · 페어 [[1, 7], [4, 2]]
[복병 이동 상한] 2+7 110.6배 > 특별상한 50.0배 → 💎 노출 제외(참고)
[경륜 추천 모순 수정] 고배당 강제조합 2건 메인→복병 이동(25배 상한)
[단통 상한] 메인 2개 · 복병이동 0개
[placeholder 필터] 삿포로 5경주 복승 껍데기 배당 12조합 제외(값: [99999.9])
[placeholder 필터] 오다와라 4경주 쌍승 껍데기 배당 4조합 제외(값: [859.9])
[각질편성] 오다와라 4경주: 선행3·선입0·추입6 → ⚡ 빠른 페이스
[경륜전개] 오다와라 4경주: 보통 · 라인 3개 · 페어 [[5, 3], [1, 7], [9, 2]]
[placeholder 필터] 오다와라 4경주 쌍승 껍데기 배당 4조합 제외(값: [859.9])
[각질편성] 오다와라 4경주: 선행3·선입0·추입6 → ⚡ 빠른 페이스
[경륜전개] 오다와라 4경주: 보통 · 라인 3개 · 페어 [[5, 3], [1, 7], [9, 2]]
[각질편성] 기후 4경주: 선행2·선입0·추입5 → 보통 페이스
[경륜전개] 기후 4경주: 보통 · 라인 2개 · 페어 [[2, 7], [6, 1]]
[각질편성] 기후 4경주: 선행2·선입0·추입5 → 보통 페이스
[경륜전개] 기후 4경주: 보통 · 라인 2개 · 페어 [[2, 7], [6, 1]]
[placeholder 필터] 오다와라 4경주 쌍승 껍데기 배당 4조합 제외(값: [859.9])
[각질편성] 오다와라 4경주: 선행3·선입0·추입6 → ⚡ 빠른 페이스
[경륜전개] 오다와라 4경주: 보통 · 라인 3개 · 페어 [[5, 3], [1, 7], [9, 2]]
[각질편성] 기후 4경주: 선행2·선입0·추입5 → 보통 페이스
[경륜전개] 기후 4경주: 보통 · 라인 2개 · 페어 [[2, 7], [6, 1]]
[각질편성] 기후 4경주: 선행2·선입0·추입5 → 보통 페이스
[경륜전개] 기후 4경주: 보통 · 라인 2개 · 페어 [[2, 7], [6, 1]]
[3종 수집] 사세보 5경주: {'quinella': 21, 'exacta': 42, 'trio': 0, 'win': 0} (history 12)
[각질편성] 사세보 5경주: 선행3·선입0·추입4 → ⚡ 빠른 페이스
[경륜전개] 사세보 5경주: 보통 · 라인 3개 · 페어 [[1, 7], [4, 2]]
[복병 이동 상한] 2+7 111.2배 > 특별상한 50.0배 → 💎 노출 제외(참고)
[경륜 추천 모순 수정] 고배당 강제조합 2건 메인→복병 이동(25배 상한)
[단통 상한] 메인 2개 · 복병이동 0개
[자동분석·배경] 사세보 5경주: 마감 107초 전 재분석(rec_history 누적·cycle)
[placeholder 필터] 오다와라 4경주 쌍승 껍데기 배당 4조합 제외(값: [859.9])
[각질편성] 오다와라 4경주: 선행3·선입0·추입6 → ⚡ 빠른 페이스
[경륜전개] 오다와라 4경주: 보통 · 라인 3개 · 페어 [[5, 3], [1, 7], [9, 2]]
[각질편성] 기후 4경주: 선행2·선입0·추입5 → 보통 페이스
[경륜전개] 기후 4경주: 보통 · 라인 2개 · 페어 [[2, 7], [6, 1]]
[각질편성] 사세보 5경주: 선행3·선입0·추입4 → ⚡ 빠른 페이스
[경륜전개] 사세보 5경주: 보통 · 라인 3개 · 페어 [[1, 7], [4, 2]]
[복병 이동 상한] 2+7 111.2배 > 특별상한 50.0배 → 💎 노출 제외(참고)
[경륜 추천 모순 수정] 고배당 강제조합 2건 메인→복병 이동(25배 상한)
[단통 상한] 메인 2개 · 복병이동 0개
[각질편성] 사세보 5경주: 선행3·선입0·추입4 → ⚡ 빠른 페이스
[경륜전개] 사세보 5경주: 보통 · 라인 3개 · 페어 [[1, 7], [4, 2]]
[복병 이동 상한] 2+7 111.2배 > 특별상한 50.0배 → 💎 노출 제외(참고)
[경륜 추천 모순 수정] 고배당 강제조합 2건 메인→복병 이동(25배 상한)
[단통 상한] 메인 2개 · 복병이동 0개
[각질편성] 사세보 5경주: 선행3·선입0·추입4 → ⚡ 빠른 페이스
[경륜전개] 사세보 5경주: 보통 · 라인 3개 · 페어 [[1, 7], [4, 2]]
[복병 이동 상한] 2+7 111.2배 > 특별상한 50.0배 → 💎 노출 제외(참고)
[경륜 추천 모순 수정] 고배당 강제조합 2건 메인→복병 이동(25배 상한)
[단통 상한] 메인 2개 · 복병이동 0개
[3종 수집] 사세보 5경주: {'quinella': 21, 'exacta': 42, 'trio': 0, 'win': 0} (history 12)
[placeholder 필터] 오다와라 4경주 쌍승 껍데기 배당 4조합 제외(값: [859.9])
[placeholder 필터] 오다와라 4경주 쌍승 껍데기 배당 4조합 제외(값: [859.9])
[각질편성] 오다와라 4경주: 선행3·선입0·추입6 → ⚡ 빠른 페이스
[경륜전개] 오다와라 4경주: 보통 · 라인 3개 · 페어 [[5, 3], [1, 7], [9, 2]]
[각질편성] 오다와라 4경주: 선행3·선입0·추입6 → ⚡ 빠른 페이스
[경륜전개] 오다와라 4경주: 보통 · 라인 3개 · 페어 [[5, 3], [1, 7], [9, 2]]
[각질편성] 아오모리 4경주: 선행2·선입0·추입5 → 보통 페이스
[각질편성] 기후 4경주: 선행2·선입0·추입5 → 보통 페이스
[경륜전개] 아오모리 4경주: 슬로우(단독 선행) · 라인 2개 · 페어 [[2, 7], [4, 1]]
[각질편성] 사세보 5경주: 선행3·선입0·추입4 → ⚡ 빠른 페이스
[경륜전개] 기후 4경주: 보통 · 라인 2개 · 페어 [[2, 7], [6, 1]]
[경륜전개] 사세보 5경주: 보통 · 라인 3개 · 페어 [[1, 7], [4, 2]]
[복승불일치 축교정] 아오모리 4경주: 축 [1, 4]로 교정(자금이탈 강등 [7]·🔴🔴)
[각질편성] 기후 4경주: 선행2·선입0·추입5 → 보통 페이스
[경륜전개] 기후 4경주: 보통 · 라인 2개 · 페어 [[2, 7], [6, 1]]
[각질편성] 기후 4경주: 선행2·선입0·추입5 → 보통 페이스
[경륜전개] 기후 4경주: 보통 · 라인 2개 · 페어 [[2, 7], [6, 1]]
[복병 이동 상한] 2+7 111.2배 > 특별상한 50.0배 → 💎 노출 제외(참고)
[경륜 추천 모순 수정] 고배당 강제조합 2건 메인→복병 이동(25배 상한)
[단통 상한] 메인 2개 · 복병이동 0개
[삼복승 축보험] 편성 스킵(무시): cannot access local variable '_tri_odds' where it is not associated with a value
[각질편성] 호후 4경주: 선행2·선입0·추입5 → 보통 페이스
[경륜전개] 호후 4경주: 보통 · 라인 2개 · 페어 [[2, 7], [3, 4]]
[placeholder 필터] 삿포로 5경주 복승 껍데기 배당 12조합 제외(값: [99999.9])
[KRA] 30초 자동수집 데몬 시작(watch 등록 경주만 대상)
[각질편성] 아오모리 5경주: 선행2·선입0·추입5 → 보통 페이스
[경륜전개] 아오모리 5경주: 보통 · 라인 2개 · 페어 [[3, 4], [5, 1]]
[복승불일치 축교정] 아오모리 5경주: 축 [1, 3]로 교정(자금이탈 강등 [6]·🔴)
[한국 전적] 삿포로 5경주: 11두 저장(PDF, 전적 11두)
[placeholder 필터] 삿포로 5경주 복승 껍데기 배당 12조합 제외(값: [99999.9])
[잔존마 필터] 삿포로 5경주: 전적 11두 → 배당 출전마 10두 (배당 없는 마번 제외: [4])
[각질편성] 삿포로 5경주: 선행0·선입0·추입0 → 🐌 느린 페이스
[각질편성] 호후 5경주: 선행3·선입0·추입4 → ⚡ 빠른 페이스
[경륜전개] 호후 5경주: 보통 · 라인 3개 · 페어 [[5, 1], [4, 2], [3, 7]]
[각질편성] 아오모리 6경주: 선행4·선입0·추입3 → ⚡ 빠른 페이스
[경륜전개] 아오모리 6경주: 하이(주도권 경합) · 라인 4개 · 페어 [[1, 3], [7, 4], [6, 2]]
[placeholder 필터] 호후 6경주 쌍승 껍데기 배당 3조합 제외(값: [300.2])
[각질편성] 호후 6경주: 선행5·선입0·추입2 → ⚡ 빠른 페이스
[경륜전개] 호후 6경주: 보통 · 라인 5개 · 페어 [[5, 1], [4, 2]]
[placeholder 필터] 아오모리 7경주 쌍승 껍데기 배당 3조합 제외(값: [1703.0])
[각질편성] 아오모리 7경주: 선행5·선입0·추입2 → ⚡ 빠른 페이스
[경륜전개] 아오모리 7경주: 슬로우(단독 선행) · 라인 5개 · 페어 [[4, 5], [3, 7]]
[각질편성] 사세보 5경주: 선행3·선입0·추입4 → ⚡ 빠른 페이스
[경륜전개] 사세보 5경주: 보통 · 라인 3개 · 페어 [[1, 7], [4, 2]]
[각질편성] 호후 7경주: 선행5·선입0·추입2 → ⚡ 빠른 페이스
[한국이력 검역] 거부 — 파일=부산 5R / 본문 raceKey=삿포로 5경주 (경마장 불일치)
[경륜전개] 호후 7경주: 하이(주도권 경합) · 라인 5개 · 페어 [[5, 2], [3, 7]]
[복병 이동 상한] 2+7 111.2배 > 특별상한 50.0배 → 💎 노출 제외(참고)
[경륜 추천 모순 수정] 고배당 강제조합 2건 메인→복병 이동(25배 상한)
[단통 상한] 메인 2개 · 복병이동 0개
[삼복승 축보험] 편성 스킵(무시): cannot access local variable '_tri_odds' where it is not associated with a value
[결과기록] 캐시 갱신 — 재파싱 2건 / 전체 1672건
[각질편성] 사세보 1경주: 선행2·선입0·추입5 → 보통 페이스
[경륜전개] 사세보 1경주: 보통 · 라인 2개 · 페어 [[1, 5], [6, 2]]
[각질편성] 오다와라 1경주: 선행5·선입0·추입4 → ⚡ 빠른 페이스
[경륜전개] 오다와라 1경주: 보통 · 라인 5개 · 페어 [[1, 5], [7, 3]]
[각질편성] 기후 1경주: 선행2·선입0·추입5 → 보통 페이스
[경륜전개] 기후 1경주: 보통 · 라인 2개 · 페어 [[7, 3], [1, 4]]
[각질편성] 사세보 2경주: 선행2·선입0·추입5 → 보통 페이스
[경륜전개] 사세보 2경주: 보통 · 라인 2개 · 페어 [[7, 2], [5, 1]]
[복승불일치 축교정] 사세보 2경주: 축 [2, 7]로 교정(자금이탈 강등 [1]·🔴🔴)
[각질편성] 오다와라 2경주: 선행4·선입0·추입5 → ⚡ 빠른 페이스
[경륜전개] 오다와라 2경주: 슬로우(단독 선행) · 라인 4개 · 페어 [[2, 7], [9, 1], [6, 4], [8, 3]]
[각질편성] 기후 2경주: 선행3·선입0·추입4 → ⚡ 빠른 페이스
[경륜전개] 기후 2경주: 하이(주도권 경합) · 라인 3개 · 페어 [[3, 4], [7, 2], [6, 1]]
[복승불일치 축교정] 기후 2경주: 축 [3, 4]로 교정(자금이탈 강등 [6]·🔴🔴)
[각질편성] 사세보 3경주: 선행4·선입0·추입3 → ⚡ 빠른 페이스
[경륜전개] 사세보 3경주: 하이(주도권 경합) · 라인 4개 · 페어 [[5, 1], [6, 2]]
[각질편성] 오다와라 3경주: 선행3·선입0·추입6 → ⚡ 빠른 페이스
[경륜전개] 오다와라 3경주: 슬로우(단독 선행) · 라인 3개 · 페어 [[2, 8], [5, 1], [3, 9]]
[각질편성] 기후 3경주: 선행3·선입0·추입4 → ⚡ 빠른 페이스
[경륜전개] 기후 3경주: 보통 · 라인 3개 · 페어 [[5, 7], [4, 3], [6, 1]]
[복승불일치 축교정] 기후 3경주: 축 [5, 7]로 교정(자금이탈 강등 [4]·🔴🔴)
[각질편성] 사세보 4경주: 선행1·선입0·추입6 → 🐌 느린 페이스
[경륜전개] 사세보 4경주: 슬로우(단독 선행) · 라인 2개 · 페어 [[1, 4], [7, 3]]
[placeholder 필터] 오다와라 4경주 쌍승 껍데기 배당 4조합 제외(값: [859.9])
[각질편성] 오다와라 4경주: 선행3·선입0·추입6 → ⚡ 빠른 페이스
[경륜전개] 오다와라 4경주: 보통 · 라인 3개 · 페어 [[5, 3], [1, 7], [9, 2]]
[각질편성] 기후 4경주: 선행2·선입0·추입5 → 보통 페이스
[경륜전개] 기후 4경주: 보통 · 라인 2개 · 페어 [[2, 7], [6, 1]]
[각질편성] 사세보 5경주: 선행3·선입0·추입4 → ⚡ 빠른 페이스
[경륜전개] 사세보 5경주: 보통 · 라인 3개 · 페어 [[1, 7], [4, 2]]
[복병 이동 상한] 2+7 111.2배 > 특별상한 50.0배 → 💎 노출 제외(참고)
[경륜 추천 모순 수정] 고배당 강제조합 2건 메인→복병 이동(25배 상한)
[단통 상한] 메인 2개 · 복병이동 0개
[삼복승 축보험] 편성 스킵(무시): cannot access local variable '_tri_odds' where it is not associated with a value
[placeholder 필터] 삿포로 5경주 복승 껍데기 배당 12조합 제외(값: [99999.9])
[잔존마 필터] 삿포로 5경주: 전적 11두 → 배당 출전마 10두 (배당 없는 마번 제외: [4])
[각질편성] 삿포로 5경주: 선행0·선입0·추입0 → 🐌 느린 페이스
[각질편성] 사세보 5경주: 선행3·선입0·추입4 → ⚡ 빠른 페이스
[경륜전개] 사세보 5경주: 보통 · 라인 3개 · 페어 [[1, 7], [4, 2]]
[복병 이동 상한] 2+7 111.2배 > 특별상한 50.0배 → 💎 노출 제외(참고)
[경륜 추천 모순 수정] 고배당 강제조합 2건 메인→복병 이동(25배 상한)
[단통 상한] 메인 2개 · 복병이동 0개
[삼복승 축보험] 편성 스킵(무시): cannot access local variable '_tri_odds' where it is not associated with a value
[각질편성] 사세보 5경주: 선행3·선입0·추입4 → ⚡ 빠른 페이스
[경륜전개] 사세보 5경주: 보통 · 라인 3개 · 페어 [[1, 7], [4, 2]]
[각질편성] 사세보 5경주: 선행3·선입0·추입4 → ⚡ 빠른 페이스
[경륜전개] 사세보 5경주: 보통 · 라인 3개 · 페어 [[1, 7], [4, 2]]
[복병 이동 상한] 2+7 111.2배 > 특별상한 50.0배 → 💎 노출 제외(참고)
[경륜 추천 모순 수정] 고배당 강제조합 2건 메인→복병 이동(25배 상한)
[단통 상한] 메인 2개 · 복병이동 0개
[삼복승 축보험] 편성 스킵(무시): cannot access local variable '_tri_odds' where it is not associated with a value
[복병 이동 상한] 2+7 111.2배 > 특별상한 50.0배 → 💎 노출 제외(참고)
[경륜 추천 모순 수정] 고배당 강제조합 2건 메인→복병 이동(25배 상한)
[단통 상한] 메인 2개 · 복병이동 0개
[삼복승 축보험] 편성 스킵(무시): cannot access local variable '_tri_odds' where it is not associated with a value
[분석로그] 저장 실패: [WinError 32] 다른 프로세스가 파일을 사용 중이기 때문에 프로세스가 액세스 할 수 없습니다: 'C:\\Users\\Administrator\\Desktop\\경마분석서버\\data\\analysis_log\\2026_08_01_사세보_5경주.json.tmp' -> 'C:\\Users\\Administrator\\Desktop\\경마분석서버\\data\\analysis_log\\2026_08_01_사세보_5경주.json'
[3종 수집] 사세보 5경주: {'quinella': 21, 'exacta': 42, 'trio': 0, 'win': 0} (history 12)
[경륜 득점갭] 오다와라 5경주: 5번 득점 1위 갭 6.2 → +5 가점
[경륜 전적·자동] 오다와라 5경주: 9두 수집(競走得点·절대등급 A/B/C/D·라인[1, 8, 6, 2, 5, 9, 3, 7, 4]) → 통합등급 자동 반영
[3종 수집] 오다와라 5경주: {'quinella': 36, 'exacta': 72, 'trio': 0, 'win': 0} (history 1)
[placeholder 필터] 삿포로 5경주 복승 껍데기 배당 12조합 제외(값: [99999.9])
[잔존마 필터] 삿포로 5경주: 전적 11두 → 배당 출전마 10두 (배당 없는 마번 제외: [4])
[각질편성] 삿포로 5경주: 선행0·선입0·추입0 → 🐌 느린 페이스
[한국 전적] 삿포로 5경주: 11두 저장(PDF, 전적 11두)
[placeholder 필터] 삿포로 5경주 복승 껍데기 배당 12조합 제외(값: [99999.9])
[잔존마 필터] 삿포로 5경주: 전적 11두 → 배당 출전마 10두 (배당 없는 마번 제외: [4])
[각질편성] 삿포로 5경주: 선행0·선입0·추입0 → 🐌 느린 페이스
[각질편성] 사세보 5경주: 선행3·선입0·추입4 → ⚡ 빠른 페이스
[경륜전개] 사세보 5경주: 보통 · 라인 3개 · 페어 [[1, 7], [4, 2]]
[복병 이동 상한] 2+7 111.2배 > 특별상한 50.0배 → 💎 노출 제외(참고)
[경륜 추천 모순 수정] 고배당 강제조합 2건 메인→복병 이동(25배 상한)
[단통 상한] 메인 2개 · 복병이동 0개
[삼복승 축보험] 편성 스킵(무시): cannot access local variable '_tri_odds' where it is not associated with a value
[한국이력 검역] 거부 — 파일=부산 5R / 본문 raceKey=삿포로 5경주 (경마장 불일치)
🔮 [예측] 오다와라 5경주: top3=[2, 5, 3] conf=4 · 2번 청양(선행)과 1번 시마카와(선행)가 있으나, 코멘트에서 2번 청양
[placeholder 필터] 오다와라 5경주 쌍승 껍데기 배당 3조합 제외(값: [561.0])
[각질편성] 오다와라 5경주: 선행3·선입0·추입6 → ⚡ 빠른 페이스
[경륜전개] 오다와라 5경주: 슬로우(단독 선행) · 라인 3개 · 페어 [[2, 5], [1, 8], [3, 7]]
[복승불일치 축교정] 오다와라 5경주: 축 [2, 5]로 교정(자금이탈 강등 [7]·🔴🔴)
[자동분석·배경] 오다와라 5경주: 마감 584초 전 재분석(rec_history 누적·cycle)
[placeholder 필터] 오다와라 5경주 쌍승 껍데기 배당 3조합 제외(값: [561.0])
[각질편성] 오다와라 5경주: 선행3·선입0·추입6 → ⚡ 빠른 페이스
[경륜전개] 오다와라 5경주: 슬로우(단독 선행) · 라인 3개 · 페어 [[2, 5], [1, 8], [3, 7]]
[복승불일치 축교정] 오다와라 5경주: 축 [2, 5]로 교정(자금이탈 강등 [7]·🔴🔴)
[각질편성] 사세보 5경주: 선행3·선입0·추입4 → ⚡ 빠른 페이스
[경륜전개] 사세보 5경주: 보통 · 라인 3개 · 페어 [[1, 7], [4, 2]]
[복병 이동 상한] 2+7 111.2배 > 특별상한 50.0배 → 💎 노출 제외(참고)
[경륜 추천 모순 수정] 고배당 강제조합 2건 메인→복병 이동(25배 상한)
[단통 상한] 메인 2개 · 복병이동 0개
[삼복승 축보험] 편성 스킵(무시): cannot access local variable '_tri_odds' where it is not associated with a value
[각질편성] 사세보 5경주: 선행3·선입0·추입4 → ⚡ 빠른 페이스
[경륜전개] 사세보 5경주: 보통 · 라인 3개 · 페어 [[1, 7], [4, 2]]
[복병 이동 상한] 2+7 111.2배 > 특별상한 50.0배 → 💎 노출 제외(참고)
[경륜 추천 모순 수정] 고배당 강제조합 2건 메인→복병 이동(25배 상한)
[단통 상한] 메인 2개 · 복병이동 0개
[삼복승 축보험] 편성 스킵(무시): cannot access local variable '_tri_odds' where it is not associated with a value
[placeholder 필터] 오다와라 4경주 쌍승 껍데기 배당 4조합 제외(값: [859.9])
[각질편성] 오다와라 4경주: 선행3·선입0·추입6 → ⚡ 빠른 페이스
[경륜전개] 오다와라 4경주: 보통 · 라인 3개 · 페어 [[5, 3], [1, 7], [9, 2]]
[placeholder 필터] 오다와라 4경주 쌍승 껍데기 배당 4조합 제외(값: [859.9])
[각질편성] 아오모리 4경주: 선행2·선입0·추입5 → 보통 페이스
[경륜전개] 아오모리 4경주: 슬로우(단독 선행) · 라인 2개 · 페어 [[2, 7], [4, 1]]
[각질편성] 오다와라 4경주: 선행3·선입0·추입6 → ⚡ 빠른 페이스
[각질편성] 사세보 5경주: 선행3·선입0·추입4 → ⚡ 빠른 페이스
[각질편성] 사세보 5경주: 선행3·선입0·추입4 → ⚡ 빠른 페이스
[경륜전개] 오다와라 4경주: 보통 · 라인 3개 · 페어 [[5, 3], [1, 7], [9, 2]]
[경륜전개] 사세보 5경주: 보통 · 라인 3개 · 페어 [[1, 7], [4, 2]]
[복승불일치 축교정] 아오모리 4경주: 축 [1, 4]로 교정(자금이탈 강등 [7]·🔴🔴)
[경륜전개] 사세보 5경주: 보통 · 라인 3개 · 페어 [[1, 7], [4, 2]]
[각질편성] 사세보 5경주: 선행3·선입0·추입4 → ⚡ 빠른 페이스
[경륜전개] 사세보 5경주: 보통 · 라인 3개 · 페어 [[1, 7], [4, 2]]
[복병 이동 상한] 2+7 111.2배 > 특별상한 50.0배 → 💎 노출 제외(참고)
[경륜 추천 모순 수정] 고배당 강제조합 2건 메인→복병 이동(25배 상한)
[단통 상한] 메인 2개 · 복병이동 0개
[삼복승 축보험] 편성 스킵(무시): cannot access local variable '_tri_odds' where it is not associated with a value
[복병 이동 상한] 2+7 111.2배 > 특별상한 50.0배 → 💎 노출 제외(참고)
[경륜 추천 모순 수정] 고배당 강제조합 2건 메인→복병 이동(25배 상한)
[단통 상한] 메인 2개 · 복병이동 0개
[삼복승 축보험] 편성 스킵(무시): cannot access local variable '_tri_odds' where it is not associated with a value
[복병 이동 상한] 2+7 111.2배 > 특별상한 50.0배 → 💎 노출 제외(참고)
[경륜 추천 모순 수정] 고배당 강제조합 2건 메인→복병 이동(25배 상한)
[단통 상한] 메인 2개 · 복병이동 0개
[삼복승 축보험] 편성 스킵(무시): cannot access local variable '_tri_odds' where it is not associated with a value
[각질편성] 호후 4경주: 선행2·선입0·추입5 → 보통 페이스
[경륜전개] 호후 4경주: 보통 · 라인 2개 · 페어 [[2, 7], [3, 4]]
[각질편성] 아오모리 5경주: 선행2·선입0·추입5 → 보통 페이스
[경륜전개] 아오모리 5경주: 보통 · 라인 2개 · 페어 [[3, 4], [5, 1]]
[placeholder 필터] 삿포로 5경주 복승 껍데기 배당 12조합 제외(값: [99999.9])
[복승불일치 축교정] 아오모리 5경주: 축 [1, 3]로 교정(자금이탈 강등 [6]·🔴)
[잔존마 필터] 삿포로 5경주: 전적 11두 → 배당 출전마 10두 (배당 없는 마번 제외: [4])
[각질편성] 삿포로 5경주: 선행0·선입0·추입0 → 🐌 느린 페이스
[placeholder 필터] 오다와라 4경주 쌍승 껍데기 배당 4조합 제외(값: [859.9])
[각질편성] 오다와라 4경주: 선행3·선입0·추입6 → ⚡ 빠른 페이스
[경륜전개] 오다와라 4경주: 보통 · 라인 3개 · 페어 [[5, 3], [1, 7], [9, 2]]
[한국 전적] 삿포로 5경주: 11두 저장(PDF, 전적 11두)
[placeholder 필터] 삿포로 5경주 복승 껍데기 배당 12조합 제외(값: [99999.9])
[잔존마 필터] 삿포로 5경주: 전적 11두 → 배당 출전마 10두 (배당 없는 마번 제외: [4])
[각질편성] 삿포로 5경주: 선행0·선입0·추입0 → 🐌 느린 페이스
[각질편성] 호후 5경주: 선행3·선입0·추입4 → ⚡ 빠른 페이스
[경륜전개] 호후 5경주: 보통 · 라인 3개 · 페어 [[5, 1], [4, 2], [3, 7]]
[각질편성] 사세보 5경주: 선행3·선입0·추입4 → ⚡ 빠른 페이스
[각질편성] 사세보 5경주: 선행3·선입0·추입4 → ⚡ 빠른 페이스
[경륜전개] 사세보 5경주: 보통 · 라인 3개 · 페어 [[1, 7], [4, 2]]
[경륜전개] 사세보 5경주: 보통 · 라인 3개 · 페어 [[1, 7], [4, 2]]
[한국이력 검역] 거부 — 파일=부산 5R / 본문 raceKey=삿포로 5경주 (경마장 불일치)
[복병 이동 상한] 2+7 111.2배 > 특별상한 50.0배 → 💎 노출 제외(참고)
[경륜 추천 모순 수정] 고배당 강제조합 2건 메인→복병 이동(25배 상한)
[단통 상한] 메인 2개 · 복병이동 0개
[삼복승 축보험] 편성 스킵(무시): cannot access local variable '_tri_odds' where it is not associated with a value
[복병 이동 상한] 2+7 111.2배 > 특별상한 50.0배 → 💎 노출 제외(참고)
[경륜 추천 모순 수정] 고배당 강제조합 2건 메인→복병 이동(25배 상한)
[단통 상한] 메인 2개 · 복병이동 0개
[삼복승 축보험] 편성 스킵(무시): cannot access local variable '_tri_odds' where it is not associated with a value
[분석로그] 저장 실패: [WinError 2] 지정된 파일을 찾을 수 없습니다: 'C:\\Users\\Administrator\\Desktop\\경마분석서버\\data\\analysis_log\\2026_08_01_사세보_5경주.json.tmp' -> 'C:\\Users\\Administrator\\Desktop\\경마분석서버\\data\\analysis_log\\2026_08_01_사세보_5경주.json'
[결과기록] 캐시 갱신 — 재파싱 3건 / 전체 1673건
[각질편성] 아오모리 6경주: 선행4·선입0·추입3 → ⚡ 빠른 페이스
[경륜전개] 아오모리 6경주: 하이(주도권 경합) · 라인 4개 · 페어 [[1, 3], [7, 4], [6, 2]]
[placeholder 필터] 호후 6경주 쌍승 껍데기 배당 3조합 제외(값: [300.2])
[각질편성] 호후 6경주: 선행5·선입0·추입2 → ⚡ 빠른 페이스
[경륜전개] 호후 6경주: 보통 · 라인 5개 · 페어 [[5, 1], [4, 2]]
[placeholder 필터] 아오모리 7경주 쌍승 껍데기 배당 3조합 제외(값: [1703.0])
[각질편성] 아오모리 7경주: 선행5·선입0·추입2 → ⚡ 빠른 페이스
[경륜전개] 아오모리 7경주: 슬로우(단독 선행) · 라인 5개 · 페어 [[4, 5], [3, 7]]
[각질편성] 호후 7경주: 선행5·선입0·추입2 → ⚡ 빠른 페이스
[경륜전개] 호후 7경주: 하이(주도권 경합) · 라인 5개 · 페어 [[5, 2], [3, 7]]
[각질편성] 사세보 1경주: 선행2·선입0·추입5 → 보통 페이스
[경륜전개] 사세보 1경주: 보통 · 라인 2개 · 페어 [[1, 5], [6, 2]]
[3종 수집] 사세보 5경주: {'quinella': 21, 'exacta': 42, 'trio': 0, 'win': 0} (history 12)
[각질편성] 오다와라 1경주: 선행5·선입0·추입4 → ⚡ 빠른 페이스
[경륜전개] 오다와라 1경주: 보통 · 라인 5개 · 페어 [[1, 5], [7, 3]]
[3종 수집] 오다와라 5경주: {'quinella': 36, 'exacta': 72, 'trio': 0, 'win': 0} (history 2)
[각질편성] 기후 1경주: 선행2·선입0·추입5 → 보통 페이스
[경륜전개] 기후 1경주: 보통 · 라인 2개 · 페어 [[7, 3], [1, 4]]
[각질편성] 사세보 2경주: 선행2·선입0·추입5 → 보통 페이스
[경륜전개] 사세보 2경주: 보통 · 라인 2개 · 페어 [[7, 2], [5, 1]]
[복승불일치 축교정] 사세보 2경주: 축 [2, 7]로 교정(자금이탈 강등 [1]·🔴🔴)
[각질편성] 오다와라 2경주: 선행4·선입0·추입5 → ⚡ 빠른 페이스
[경륜전개] 오다와라 2경주: 슬로우(단독 선행) · 라인 4개 · 페어 [[2, 7], [9, 1], [6, 4], [8, 3]]
[placeholder 필터] 오다와라 5경주 쌍승 껍데기 배당 10조합 제외(값: [147.9, 198.5, 871.3])
[각질편성] 오다와라 5경주: 선행3·선입0·추입6 → ⚡ 빠른 페이스
[경륜전개] 오다와라 5경주: 슬로우(단독 선행) · 라인 3개 · 페어 [[2, 5], [1, 8], [3, 7]]
[복승불일치 축교정] 오다와라 5경주: 축 [2, 5]로 교정(자금이탈 강등 [7]·🔴🔴)
[각질편성] 기후 2경주: 선행3·선입0·추입4 → ⚡ 빠른 페이스
[경륜전개] 기후 2경주: 하이(주도권 경합) · 라인 3개 · 페어 [[3, 4], [7, 2], [6, 1]]
[복승불일치 축교정] 기후 2경주: 축 [3, 4]로 교정(자금이탈 강등 [6]·🔴🔴)
[자동분석·배경] 오다와라 5경주: 마감 546초 전 재분석(rec_history 누적·cycle)
[각질편성] 사세보 3경주: 선행4·선입0·추입3 → ⚡ 빠른 페이스
[경륜전개] 사세보 3경주: 하이(주도권 경합) · 라인 4개 · 페어 [[5, 1], [6, 2]]
[각질편성] 오다와라 3경주: 선행3·선입0·추입6 → ⚡ 빠른 페이스
[경륜전개] 오다와라 3경주: 슬로우(단독 선행) · 라인 3개 · 페어 [[2, 8], [5, 1], [3, 9]]
[placeholder 필터] 오다와라 4경주 쌍승 껍데기 배당 4조합 제외(값: [859.9])
[각질편성] 오다와라 4경주: 선행3·선입0·추입6 → ⚡ 빠른 페이스
[경륜전개] 오다와라 4경주: 보통 · 라인 3개 · 페어 [[5, 3], [1, 7], [9, 2]]
[각질편성] 사세보 5경주: 선행3·선입0·추입4 → ⚡ 빠른 페이스
[경륜전개] 사세보 5경주: 보통 · 라인 3개 · 페어 [[1, 7], [4, 2]]
[각질편성] 기후 3경주: 선행3·선입0·추입4 → ⚡ 빠른 페이스
[경륜전개] 기후 3경주: 보통 · 라인 3개 · 페어 [[5, 7], [4, 3], [6, 1]]
[복승불일치 축교정] 기후 3경주: 축 [5, 7]로 교정(자금이탈 강등 [4]·🔴🔴)
[복병 이동 상한] 2+7 111.2배 > 특별상한 50.0배 → 💎 노출 제외(참고)
[경륜 추천 모순 수정] 고배당 강제조합 2건 메인→복병 이동(25배 상한)
[단통 상한] 메인 2개 · 복병이동 0개
[삼복승 축보험] 편성 스킵(무시): cannot access local variable '_tri_odds' where it is not associated with a value
[각질편성] 사세보 4경주: 선행1·선입0·추입6 → 🐌 느린 페이스
[경륜전개] 사세보 4경주: 슬로우(단독 선행) · 라인 2개 · 페어 [[1, 4], [7, 3]]
[placeholder 필터] 오다와라 4경주 쌍승 껍데기 배당 4조합 제외(값: [859.9])
[각질편성] 오다와라 4경주: 선행3·선입0·추입6 → ⚡ 빠른 페이스
[경륜전개] 오다와라 4경주: 보통 · 라인 3개 · 페어 [[5, 3], [1, 7], [9, 2]]
[각질편성] 기후 4경주: 선행2·선입0·추입5 → 보통 페이스
[경륜전개] 기후 4경주: 보통 · 라인 2개 · 페어 [[2, 7], [6, 1]]
[각질편성] 사세보 5경주: 선행3·선입0·추입4 → ⚡ 빠른 페이스
[경륜전개] 사세보 5경주: 보통 · 라인 3개 · 페어 [[1, 7], [4, 2]]
[placeholder 필터] 오다와라 5경주 쌍승 껍데기 배당 3조합 제외(값: [561.0])
[각질편성] 오다와라 5경주: 선행3·선입0·추입6 → ⚡ 빠른 페이스
[경륜전개] 오다와라 5경주: 슬로우(단독 선행) · 라인 3개 · 페어 [[2, 5], [1, 8], [3, 7]]
[복승불일치 축교정] 오다와라 5경주: 축 [2, 5]로 교정(자금이탈 강등 [7]·🔴🔴)
[placeholder 필터] 삿포로 5경주 복승 껍데기 배당 12조합 제외(값: [99999.9])
[잔존마 필터] 삿포로 5경주: 전적 11두 → 배당 출전마 10두 (배당 없는 마번 제외: [4])
[각질편성] 삿포로 5경주: 선행0·선입0·추입0 → 🐌 느린 페이스
[각질편성] 사세보 5경주: 선행3·선입0·추입4 → ⚡ 빠른 페이스
[경륜전개] 사세보 5경주: 보통 · 라인 3개 · 페어 [[1, 7], [4, 2]]
[placeholder 필터] 오다와라 5경주 쌍승 껍데기 배당 10조합 제외(값: [147.9, 198.5, 871.3])
[각질편성] 오다와라 5경주: 선행3·선입0·추입6 → ⚡ 빠른 페이스
[경륜전개] 오다와라 5경주: 슬로우(단독 선행) · 라인 3개 · 페어 [[2, 5], [1, 8], [3, 7]]
[복승불일치 축교정] 오다와라 5경주: 축 [2, 5]로 교정(자금이탈 강등 [7]·🔴🔴)
[placeholder 필터] 오다와라 4경주 쌍승 껍데기 배당 4조합 제외(값: [859.9])
[각질편성] 오다와라 4경주: 선행3·선입0·추입6 → ⚡ 빠른 페이스
[경륜전개] 오다와라 4경주: 보통 · 라인 3개 · 페어 [[5, 3], [1, 7], [9, 2]]
[각질편성] 사세보 5경주: 선행3·선입0·추입4 → ⚡ 빠른 페이스
[경륜전개] 사세보 5경주: 보통 · 라인 3개 · 페어 [[1, 7], [4, 2]]
[각질편성] 사세보 5경주: 선행3·선입0·추입4 → ⚡ 빠른 페이스
[경륜전개] 사세보 5경주: 보통 · 라인 3개 · 페어 [[1, 7], [4, 2]]
[readonly 잠금] 사세보 5경주: 마감 확정 파일 — corePicks/시계열 보존, result/hit만 업데이트 허용
[마감 동결] 사세보 5경주: 확정본 복원(출처 closed_row · 기준 12:27:59)
⏸ [폴링 저장 가드] 사세보 5경주: 마감 후 readonly → 로그 저장 생략(분석·표시는 정상)
[placeholder 필터] 오다와라 4경주 쌍승 껍데기 배당 4조합 제외(값: [859.9])
[각질편성] 오다와라 4경주: 선행3·선입0·추입6 → ⚡ 빠른 페이스
[경륜전개] 오다와라 4경주: 보통 · 라인 3개 · 페어 [[5, 3], [1, 7], [9, 2]]
[다중경주] 하트비트 #31 · 스케줄 ymd=20260801 (-1초 전 갱신 · 트랙 12개)
[3종 수집] 오다와라 5경주: {'quinella': 36, 'exacta': 72, 'trio': 0, 'win': 0} (history 3)
[3종 수집] 사세보 5경주: {'quinella': 21, 'exacta': 42, 'trio': 0, 'win': 0} (history 12)
[각질편성] 오다와라 5경주: 선행3·선입0·추입6 → ⚡ 빠른 페이스
[경륜전개] 오다와라 5경주: 슬로우(단독 선행) · 라인 3개 · 페어 [[2, 5], [1, 8], [3, 7]]
[복승불일치 축교정] 오다와라 5경주: 축 [2, 5]로 교정(자금이탈 강등 [7]·🔴🔴)
[자동분석·배경] 오다와라 5경주: 마감 512초 전 재분석(rec_history 누적·cycle)
[placeholder 필터] 오다와라 4경주 쌍승 껍데기 배당 4조합 제외(값: [859.9])
[placeholder 필터] 오다와라 4경주 쌍승 껍데기 배당 4조합 제외(값: [859.9])
[각질편성] 아오모리 4경주: 선행2·선입0·추입5 → 보통 페이스
[placeholder 필터] 삿포로 5경주 복승 껍데기 배당 12조합 제외(값: [99999.9])
[경륜전개] 아오모리 4경주: 슬로우(단독 선행) · 라인 2개 · 페어 [[2, 7], [4, 1]]
[각질편성] 오다와라 4경주: 선행3·선입0·추입6 → ⚡ 빠른 페이스
[각질편성] 오다와라 4경주: 선행3·선입0·추입6 → ⚡ 빠른 페이스
[경륜전개] 오다와라 4경주: 보통 · 라인 3개 · 페어 [[5, 3], [1, 7], [9, 2]]
[경륜전개] 오다와라 4경주: 보통 · 라인 3개 · 페어 [[5, 3], [1, 7], [9, 2]]
[각질편성] 사세보 5경주: 선행3·선입0·추입4 → ⚡ 빠른 페이스
[복승불일치 축교정] 아오모리 4경주: 축 [1, 4]로 교정(자금이탈 강등 [7]·🔴🔴)
[경륜전개] 사세보 5경주: 보통 · 라인 3개 · 페어 [[1, 7], [4, 2]]
[잔존마 필터] 삿포로 5경주: 전적 11두 → 배당 출전마 10두 (배당 없는 마번 제외: [4])
[각질편성] 삿포로 5경주: 선행0·선입0·추입0 → 🐌 느린 페이스
[각질편성] 호후 4경주: 선행2·선입0·추입5 → 보통 페이스
[경륜전개] 호후 4경주: 보통 · 라인 2개 · 페어 [[2, 7], [3, 4]]
[각질편성] 아오모리 5경주: 선행2·선입0·추입5 → 보통 페이스
[경륜전개] 아오모리 5경주: 보통 · 라인 2개 · 페어 [[3, 4], [5, 1]]
[복승불일치 축교정] 아오모리 5경주: 축 [1, 3]로 교정(자금이탈 강등 [6]·🔴)
[각질편성] 호후 5경주: 선행3·선입0·추입4 → ⚡ 빠른 페이스
[경륜전개] 호후 5경주: 보통 · 라인 3개 · 페어 [[5, 1], [4, 2], [3, 7]]
[각질편성] 아오모리 6경주: 선행4·선입0·추입3 → ⚡ 빠른 페이스
[경륜전개] 아오모리 6경주: 하이(주도권 경합) · 라인 4개 · 페어 [[1, 3], [7, 4], [6, 2]]
[placeholder 필터] 호후 6경주 쌍승 껍데기 배당 3조합 제외(값: [300.2])
[각질편성] 호후 6경주: 선행5·선입0·추입2 → ⚡ 빠른 페이스
[경륜전개] 호후 6경주: 보통 · 라인 5개 · 페어 [[5, 1], [4, 2]]
[placeholder 필터] 아오모리 7경주 쌍승 껍데기 배당 3조합 제외(값: [1703.0])
[각질편성] 아오모리 7경주: 선행5·선입0·추입2 → ⚡ 빠른 페이스
[경륜전개] 아오모리 7경주: 슬로우(단독 선행) · 라인 5개 · 페어 [[4, 5], [3, 7]]
[각질편성] 호후 7경주: 선행5·선입0·추입2 → ⚡ 빠른 페이스
[경륜전개] 호후 7경주: 하이(주도권 경합) · 라인 5개 · 페어 [[5, 2], [3, 7]]
[각질편성] 사세보 1경주: 선행2·선입0·추입5 → 보통 페이스
[경륜전개] 사세보 1경주: 보통 · 라인 2개 · 페어 [[1, 5], [6, 2]]
[각질편성] 오다와라 1경주: 선행5·선입0·추입4 → ⚡ 빠른 페이스
[경륜전개] 오다와라 1경주: 보통 · 라인 5개 · 페어 [[1, 5], [7, 3]]
[각질편성] 기후 1경주: 선행2·선입0·추입5 → 보통 페이스
[경륜전개] 기후 1경주: 보통 · 라인 2개 · 페어 [[7, 3], [1, 4]]
[각질편성] 사세보 2경주: 선행2·선입0·추입5 → 보통 페이스
[경륜전개] 사세보 2경주: 보통 · 라인 2개 · 페어 [[7, 2], [5, 1]]
[복승불일치 축교정] 사세보 2경주: 축 [2, 7]로 교정(자금이탈 강등 [1]·🔴🔴)
[각질편성] 오다와라 2경주: 선행4·선입0·추입5 → ⚡ 빠른 페이스
[경륜전개] 오다와라 2경주: 슬로우(단독 선행) · 라인 4개 · 페어 [[2, 7], [9, 1], [6, 4], [8, 3]]
[각질편성] 기후 2경주: 선행3·선입0·추입4 → ⚡ 빠른 페이스
[경륜전개] 기후 2경주: 하이(주도권 경합) · 라인 3개 · 페어 [[3, 4], [7, 2], [6, 1]]
[복승불일치 축교정] 기후 2경주: 축 [3, 4]로 교정(자금이탈 강등 [6]·🔴🔴)
[각질편성] 사세보 3경주: 선행4·선입0·추입3 → ⚡ 빠른 페이스
[경륜전개] 사세보 3경주: 하이(주도권 경합) · 라인 4개 · 페어 [[5, 1], [6, 2]]
[각질편성] 오다와라 3경주: 선행3·선입0·추입6 → ⚡ 빠른 페이스
[경륜전개] 오다와라 3경주: 슬로우(단독 선행) · 라인 3개 · 페어 [[2, 8], [5, 1], [3, 9]]
[각질편성] 기후 3경주: 선행3·선입0·추입4 → ⚡ 빠른 페이스
[경륜전개] 기후 3경주: 보통 · 라인 3개 · 페어 [[5, 7], [4, 3], [6, 1]]
[복승불일치 축교정] 기후 3경주: 축 [5, 7]로 교정(자금이탈 강등 [4]·🔴🔴)
[결과기록] 캐시 갱신 — 재파싱 3건 / 전체 1673건
[각질편성] 사세보 4경주: 선행1·선입0·추입6 → 🐌 느린 페이스
[경륜전개] 사세보 4경주: 슬로우(단독 선행) · 라인 2개 · 페어 [[1, 4], [7, 3]]
[placeholder 필터] 오다와라 4경주 쌍승 껍데기 배당 4조합 제외(값: [859.9])
[각질편성] 오다와라 4경주: 선행3·선입0·추입6 → ⚡ 빠른 페이스
[경륜전개] 오다와라 4경주: 보통 · 라인 3개 · 페어 [[5, 3], [1, 7], [9, 2]]
[각질편성] 기후 4경주: 선행2·선입0·추입5 → 보통 페이스
[경륜전개] 기후 4경주: 보통 · 라인 2개 · 페어 [[2, 7], [6, 1]]
[각질편성] 사세보 5경주: 선행3·선입0·추입4 → ⚡ 빠른 페이스
[경륜전개] 사세보 5경주: 보통 · 라인 3개 · 페어 [[1, 7], [4, 2]]
[각질편성] 오다와라 5경주: 선행3·선입0·추입6 → ⚡ 빠른 페이스
[경륜전개] 오다와라 5경주: 슬로우(단독 선행) · 라인 3개 · 페어 [[2, 5], [1, 8], [3, 7]]
[복승불일치 축교정] 오다와라 5경주: 축 [2, 5]로 교정(자금이탈 강등 [7]·🔴🔴)
[placeholder 필터] 삿포로 5경주 복승 껍데기 배당 12조합 제외(값: [99999.9])
[잔존마 필터] 삿포로 5경주: 전적 11두 → 배당 출전마 10두 (배당 없는 마번 제외: [4])
[각질편성] 삿포로 5경주: 선행0·선입0·추입0 → 🐌 느린 페이스
[3종 수집] 오다와라 5경주: {'quinella': 36, 'exacta': 72, 'trio': 0, 'win': 0} (history 4)
[3종 수집] 사세보 5경주: {'quinella': 21, 'exacta': 42, 'trio': 0, 'win': 0} (history 12)
[각질편성] 오다와라 5경주: 선행3·선입0·추입6 → ⚡ 빠른 페이스
[경륜전개] 오다와라 5경주: 슬로우(단독 선행) · 라인 3개 · 페어 [[2, 5], [1, 8], [3, 7]]
[복승불일치 축교정] 오다와라 5경주: 축 [2, 5]로 교정(자금이탈 강등 [7]·🔴🔴)
[자동분석·배경] 오다와라 5경주: 마감 479초 전 재분석(rec_history 누적·cycle)
[각질편성] 사세보 5경주: 선행3·선입0·추입4 → ⚡ 빠른 페이스
[경륜전개] 사세보 5경주: 보통 · 라인 3개 · 페어 [[1, 7], [4, 2]]
[3종 수집] 사세보 5경주: {'quinella': 21, 'exacta': 42, 'trio': 0, 'win': 0} (history 12)
[3종 수집] 오다와라 5경주: {'quinella': 36, 'exacta': 72, 'trio': 0, 'win': 0} (history 5)
[각질편성] 오다와라 5경주: 선행3·선입0·추입6 → ⚡ 빠른 페이스
[경륜전개] 오다와라 5경주: 슬로우(단독 선행) · 라인 3개 · 페어 [[2, 5], [1, 8], [3, 7]]
[복승불일치 축교정] 오다와라 5경주: 축 [2, 5]로 교정(자금이탈 강등 [7]·🔴🔴)
[경륜 추천 모순 수정] 고배당 강제조합 1건 메인→복병 이동(25배 상한)
[자동분석·배경] 오다와라 5경주: 마감 446초 전 재분석(rec_history 누적·cycle)
[각질편성] 오다와라 5경주: 선행3·선입0·추입6 → ⚡ 빠른 페이스
[경륜전개] 오다와라 5경주: 슬로우(단독 선행) · 라인 3개 · 페어 [[2, 5], [1, 8], [3, 7]]
[복승불일치 축교정] 오다와라 5경주: 축 [2, 5]로 교정(자금이탈 강등 [7]·🔴🔴)
[경륜 추천 모순 수정] 고배당 강제조합 1건 메인→복병 이동(25배 상한)
[카카오알림] 오다와라 5경주 T-7 → 큐 적재
🔴 [joCode 미등록] 삿포로 — 결과 백필·경주 흐름 수집이 **통째로 스킵**됩니다. RaceKekka.do 를 joCode 01~89 로 조회해 <title>의 ○○競輪 로 확정 후 KEIRIN_JO 에 추가하십시오.
📊 [채점] 오다와라 4경주: Gemini 1/3 ↔ 시장 2/3 · 놓침 [7, 2]
📝 [복기] 오다와라 4경주: 7번 東 龍之介는 G3에서 선발, 특선 경주에서 1착을 기록하는 등 최근 컨디션이 매우 좋 → 규칙(4): 선행 경쟁으로 빠른 페이스가 예상될 때, 라인 후미의 추입형 선수 중 최근 1착 기록이 있는 선수들의 역전 
[placeholder 필터] 오다와라 4경주 쌍승 껍데기 배당 4조합 제외(값: [859.9])
[각질편성] 오다와라 4경주: 선행3·선입0·추입6 → ⚡ 빠른 페이스
[경륜전개] 오다와라 4경주: 보통 · 라인 3개 · 페어 [[5, 3], [1, 7], [9, 2]]
[신호별학습] 오다와라 4경주 · 활성신호 ['급락', '전적이중수렴'] · 유력마적중 복승=False 삼복승=False
[결과 수정] 오다와라 4경주: 기존 레코드 교체(재입력)
[복병케이스] 오다와라 4경주: 복병 6두 저장(입상 1)
[placeholder 필터] 오다와라 4경주 쌍승 껍데기 배당 4조합 제외(값: [859.9])
[각질편성] 오다와라 4경주: 선행3·선입0·추입6 → ⚡ 빠른 페이스
[경륜전개] 오다와라 4경주: 보통 · 라인 3개 · 페어 [[5, 3], [1, 7], [9, 2]]
[readonly 잠금] 오다와라 4경주: 마감 확정 파일 — corePicks/시계열 보존, result/hit만 업데이트 허용
[패턴발견] 결과 1532경주 스캔 → 발견 패턴 10개(기준 적중률 35.4%)
[자동학습] 오다와라 4경주 결과 [7, 5, 2] → 추천적중 False, 급락적중 False, 전적유력마 1(실패), 제거적중 False
📊 [채점] 사세보 4경주: Gemini 2/3 ↔ 시장 1/3 · 놓침 [2]
📝 [복기] 사세보 4경주: 2번 太刀川一成의 '금개최 성적'이 '7/31 初特選 ６着 11.6'으로 좋지 않았으나,  → 규칙(3): 금개최 성적이 좋지 않아도 직전 대회 성적이 우수하고 기어비가 좋은 추입형 선수는 복병이 될 수 있음을 고려
[각질편성] 사세보 4경주: 선행1·선입0·추입6 → 🐌 느린 페이스
[경륜전개] 사세보 4경주: 슬로우(단독 선행) · 라인 2개 · 페어 [[1, 4], [7, 3]]
[신호별학습] 사세보 4경주 · 활성신호 ['급락', '전적이중수렴'] · 유력마적중 복승=False 삼복승=False
[결과 수정] 사세보 4경주: 기존 레코드 교체(재입력)
[placeholder 필터] 오다와라 4경주 쌍승 껍데기 배당 4조합 제외(값: [859.9])
[각질편성] 오다와라 4경주: 선행3·선입0·추입6 → ⚡ 빠른 페이스
[placeholder 필터] 오다와라 4경주 쌍승 껍데기 배당 4조합 제외(값: [859.9])
[경륜전개] 오다와라 4경주: 보통 · 라인 3개 · 페어 [[5, 3], [1, 7], [9, 2]]
[각질편성] 오다와라 4경주: 선행3·선입0·추입6 → ⚡ 빠른 페이스
[각질편성] 아오모리 4경주: 선행2·선입0·추입5 → 보통 페이스
[경륜전개] 오다와라 4경주: 보통 · 라인 3개 · 페어 [[5, 3], [1, 7], [9, 2]]
[경륜전개] 아오모리 4경주: 슬로우(단독 선행) · 라인 2개 · 페어 [[2, 7], [4, 1]]
[각질편성] 사세보 5경주: 선행3·선입0·추입4 → ⚡ 빠른 페이스
[placeholder 필터] 삿포로 5경주 복승 껍데기 배당 12조합 제외(값: [99999.9])
[복승불일치 축교정] 아오모리 4경주: 축 [1, 4]로 교정(자금이탈 강등 [7]·🔴🔴)
[경륜전개] 사세보 5경주: 보통 · 라인 3개 · 페어 [[1, 7], [4, 2]]
[잔존마 필터] 삿포로 5경주: 전적 11두 → 배당 출전마 10두 (배당 없는 마번 제외: [4])
[각질편성] 삿포로 5경주: 선행0·선입0·추입0 → 🐌 느린 페이스
[학습반영 실패·가드] 사세보 4경주: learning.json 반영 실패 — 파일 저장은 계속 진행합니다: [WinError 5] 액세스가 거부되었습니다: 'C:\\Users\\Administrator\\Desktop\\경마분석서버\\data\\learning.json.tmp17136_23424' -> 'C:\\Users\\Administrator\\Desktop\\경마분석서버\\data\\learning.json'
[복병케이스] 사세보 4경주: 복병 6두 저장(입상 2)
[각질편성] 호후 4경주: 선행2·선입0·추입5 → 보통 페이스
[경륜전개] 호후 4경주: 보통 · 라인 2개 · 페어 [[2, 7], [3, 4]]
[각질편성] 아오모리 5경주: 선행2·선입0·추입5 → 보통 페이스
[경륜전개] 아오모리 5경주: 보통 · 라인 2개 · 페어 [[3, 4], [5, 1]]
[복승불일치 축교정] 아오모리 5경주: 축 [1, 3]로 교정(자금이탈 강등 [6]·🔴)
[각질편성] 호후 5경주: 선행3·선입0·추입4 → ⚡ 빠른 페이스
[경륜전개] 호후 5경주: 보통 · 라인 3개 · 페어 [[5, 1], [4, 2], [3, 7]]
[각질편성] 아오모리 6경주: 선행4·선입0·추입3 → ⚡ 빠른 페이스
[경륜전개] 아오모리 6경주: 하이(주도권 경합) · 라인 4개 · 페어 [[1, 3], [7, 4], [6, 2]]
[placeholder 필터] 호후 6경주 쌍승 껍데기 배당 3조합 제외(값: [300.2])
[각질편성] 호후 6경주: 선행5·선입0·추입2 → ⚡ 빠른 페이스
[경륜전개] 호후 6경주: 보통 · 라인 5개 · 페어 [[5, 1], [4, 2]]
[placeholder 필터] 아오모리 7경주 쌍승 껍데기 배당 3조합 제외(값: [1703.0])
[각질편성] 아오모리 7경주: 선행5·선입0·추입2 → ⚡ 빠른 페이스
[경륜전개] 아오모리 7경주: 슬로우(단독 선행) · 라인 5개 · 페어 [[4, 5], [3, 7]]
[각질편성] 호후 7경주: 선행5·선입0·추입2 → ⚡ 빠른 페이스
[경륜전개] 호후 7경주: 하이(주도권 경합) · 라인 5개 · 페어 [[5, 2], [3, 7]]
[각질편성] 사세보 1경주: 선행2·선입0·추입5 → 보통 페이스
[경륜전개] 사세보 1경주: 보통 · 라인 2개 · 페어 [[1, 5], [6, 2]]
[각질편성] 오다와라 1경주: 선행5·선입0·추입4 → ⚡ 빠른 페이스
[경륜전개] 오다와라 1경주: 보통 · 라인 5개 · 페어 [[1, 5], [7, 3]]
[각질편성] 기후 1경주: 선행2·선입0·추입5 → 보통 페이스
[경륜전개] 기후 1경주: 보통 · 라인 2개 · 페어 [[7, 3], [1, 4]]
[각질편성] 사세보 2경주: 선행2·선입0·추입5 → 보통 페이스
[경륜전개] 사세보 2경주: 보통 · 라인 2개 · 페어 [[7, 2], [5, 1]]
[복승불일치 축교정] 사세보 2경주: 축 [2, 7]로 교정(자금이탈 강등 [1]·🔴🔴)
[각질편성] 오다와라 2경주: 선행4·선입0·추입5 → ⚡ 빠른 페이스
[경륜전개] 오다와라 2경주: 슬로우(단독 선행) · 라인 4개 · 페어 [[2, 7], [9, 1], [6, 4], [8, 3]]
[각질편성] 기후 2경주: 선행3·선입0·추입4 → ⚡ 빠른 페이스
[경륜전개] 기후 2경주: 하이(주도권 경합) · 라인 3개 · 페어 [[3, 4], [7, 2], [6, 1]]
[복승불일치 축교정] 기후 2경주: 축 [3, 4]로 교정(자금이탈 강등 [6]·🔴🔴)
[결과기록] 캐시 갱신 — 재파싱 3건 / 전체 1673건
[각질편성] 사세보 3경주: 선행4·선입0·추입3 → ⚡ 빠른 페이스
[경륜전개] 사세보 3경주: 하이(주도권 경합) · 라인 4개 · 페어 [[5, 1], [6, 2]]
[각질편성] 오다와라 3경주: 선행3·선입0·추입6 → ⚡ 빠른 페이스
[경륜전개] 오다와라 3경주: 슬로우(단독 선행) · 라인 3개 · 페어 [[2, 8], [5, 1], [3, 9]]
[각질편성] 기후 3경주: 선행3·선입0·추입4 → ⚡ 빠른 페이스
[경륜전개] 기후 3경주: 보통 · 라인 3개 · 페어 [[5, 7], [4, 3], [6, 1]]
[복승불일치 축교정] 기후 3경주: 축 [5, 7]로 교정(자금이탈 강등 [4]·🔴🔴)
[각질편성] 사세보 4경주: 선행1·선입0·추입6 → 🐌 느린 페이스
[경륜전개] 사세보 4경주: 슬로우(단독 선행) · 라인 2개 · 페어 [[1, 4], [7, 3]]
[placeholder 필터] 오다와라 4경주 쌍승 껍데기 배당 4조합 제외(값: [859.9])
[각질편성] 오다와라 4경주: 선행3·선입0·추입6 → ⚡ 빠른 페이스
[경륜전개] 오다와라 4경주: 보통 · 라인 3개 · 페어 [[5, 3], [1, 7], [9, 2]]
[각질편성] 기후 4경주: 선행2·선입0·추입5 → 보통 페이스
[경륜전개] 기후 4경주: 보통 · 라인 2개 · 페어 [[2, 7], [6, 1]]
[각질편성] 사세보 5경주: 선행3·선입0·추입4 → ⚡ 빠른 페이스
[경륜전개] 사세보 5경주: 보통 · 라인 3개 · 페어 [[1, 7], [4, 2]]
[각질편성] 오다와라 5경주: 선행3·선입0·추입6 → ⚡ 빠른 페이스
[경륜전개] 오다와라 5경주: 슬로우(단독 선행) · 라인 3개 · 페어 [[2, 5], [1, 8], [3, 7]]
[복승불일치 축교정] 오다와라 5경주: 축 [2, 5]로 교정(자금이탈 강등 [7]·🔴🔴)
[경륜 추천 모순 수정] 고배당 강제조합 1건 메인→복병 이동(25배 상한)
[placeholder 필터] 삿포로 5경주 복승 껍데기 배당 12조합 제외(값: [99999.9])
[잔존마 필터] 삿포로 5경주: 전적 11두 → 배당 출전마 10두 (배당 없는 마번 제외: [4])
[각질편성] 삿포로 5경주: 선행0·선입0·추입0 → 🐌 느린 페이스
[각질편성] 사세보 4경주: 선행1·선입0·추입6 → 🐌 느린 페이스
[경륜전개] 사세보 4경주: 슬로우(단독 선행) · 라인 2개 · 페어 [[1, 4], [7, 3]]
[readonly 잠금] 사세보 4경주: 마감 확정 파일 — corePicks/시계열 보존, result/hit만 업데이트 허용
[패턴발견] 결과 1533경주 스캔 → 발견 패턴 10개(기준 적중률 35.5%)
[자동학습] 사세보 4경주 결과 [7, 3, 2] → 추천적중 True, 급락적중 False, 전적유력마 1(실패), 제거적중 False
🔴 [joCode 미등록] 중경 — 결과 백필·경주 흐름 수집이 **통째로 스킵**됩니다. RaceKekka.do 를 joCode 01~89 로 조회해 <title>의 ○○競輪 로 확정 후 KEIRIN_JO 에 추가하십시오.
[경륜 결과 백필] 2026-08-01: 시도 5 · 성공 2 · 실패 3
  ↳ 실패: 오다와라 5경주 - 결과 미게시/파싱 실패
  ↳ 실패: 사세보 5경주 - 결과 미게시/파싱 실패
  ↳ 실패: 기후 4경주 - 결과 미게시/파싱 실패
[데이터백업] ✅ GitHub 반영: 결과 자동백업: 오다와라 4경주 7-5-2
[3종 수집] 오다와라 5경주: {'quinella': 36, 'exacta': 72, 'trio': 0, 'win': 0} (history 6)
[placeholder 필터] 오다와라 5경주 쌍승 껍데기 배당 3조합 제외(값: [248.0])
[각질편성] 오다와라 5경주: 선행3·선입0·추입6 → ⚡ 빠른 페이스
[경륜전개] 오다와라 5경주: 슬로우(단독 선행) · 라인 3개 · 페어 [[2, 5], [1, 8], [3, 7]]
[복승불일치 축교정] 오다와라 5경주: 축 [2, 5]로 교정(자금이탈 강등 [7]·🔴🔴)
[경륜 추천 모순 수정] 고배당 강제조합 1건 메인→복병 이동(25배 상한)
[자동분석·배경] 오다와라 5경주: 마감 414초 전 재분석(rec_history 누적·cycle)
[데이터백업] ✅ GitHub 반영: 결과 자동백업: 사세보 4경주 7-3-2
[3종 수집] 오다와라 5경주: {'quinella': 36, 'exacta': 72, 'trio': 0, 'win': 0} (history 7)
[placeholder 필터] 오다와라 5경주 쌍승 껍데기 배당 3조합 제외(값: [248.0])
[각질편성] 오다와라 5경주: 선행3·선입0·추입6 → ⚡ 빠른 페이스
[경륜전개] 오다와라 5경주: 슬로우(단독 선행) · 라인 3개 · 페어 [[2, 5], [1, 8], [3, 7]]
[복승불일치 축교정] 오다와라 5경주: 축 [2, 5]로 교정(자금이탈 강등 [7]·🔴🔴)
[경륜 추천 모순 수정] 고배당 강제조합 1건 메인→복병 이동(25배 상한)
[자동분석·배경] 오다와라 5경주: 마감 381초 전 재분석(rec_history 누적·cycle)
[각질편성] 사세보 5경주: 선행3·선입0·추입4 → ⚡ 빠른 페이스
[경륜전개] 사세보 5경주: 보통 · 라인 3개 · 페어 [[1, 7], [4, 2]]
[placeholder 필터] 오다와라 4경주 쌍승 껍데기 배당 4조합 제외(값: [859.9])
[각질편성] 오다와라 4경주: 선행3·선입0·추입6 → ⚡ 빠른 페이스
[경륜전개] 오다와라 4경주: 보통 · 라인 3개 · 페어 [[5, 3], [1, 7], [9, 2]]
[placeholder 필터] 오다와라 4경주 쌍승 껍데기 배당 4조합 제외(값: [859.9])
[각질편성] 오다와라 4경주: 선행3·선입0·추입6 → ⚡ 빠른 페이스
[각질편성] 아오모리 4경주: 선행2·선입0·추입5 → 보통 페이스
[placeholder 필터] 삿포로 5경주 복승 껍데기 배당 12조합 제외(값: [99999.9])
[경륜전개] 오다와라 4경주: 보통 · 라인 3개 · 페어 [[5, 3], [1, 7], [9, 2]]
[경륜전개] 아오모리 4경주: 슬로우(단독 선행) · 라인 2개 · 페어 [[2, 7], [4, 1]]
[각질편성] 사세보 5경주: 선행3·선입0·추입4 → ⚡ 빠른 페이스
[잔존마 필터] 삿포로 5경주: 전적 11두 → 배당 출전마 10두 (배당 없는 마번 제외: [4])
[복승불일치 축교정] 아오모리 4경주: 축 [1, 4]로 교정(자금이탈 강등 [7]·🔴🔴)
[경륜전개] 사세보 5경주: 보통 · 라인 3개 · 페어 [[1, 7], [4, 2]]
[각질편성] 삿포로 5경주: 선행0·선입0·추입0 → 🐌 느린 페이스
[각질편성] 호후 4경주: 선행2·선입0·추입5 → 보통 페이스
[경륜전개] 호후 4경주: 보통 · 라인 2개 · 페어 [[2, 7], [3, 4]]
[각질편성] 아오모리 5경주: 선행2·선입0·추입5 → 보통 페이스
[경륜전개] 아오모리 5경주: 보통 · 라인 2개 · 페어 [[3, 4], [5, 1]]
[복승불일치 축교정] 아오모리 5경주: 축 [1, 3]로 교정(자금이탈 강등 [6]·🔴)
[각질편성] 호후 5경주: 선행3·선입0·추입4 → ⚡ 빠른 페이스
[경륜전개] 호후 5경주: 보통 · 라인 3개 · 페어 [[5, 1], [4, 2], [3, 7]]
[각질편성] 아오모리 6경주: 선행4·선입0·추입3 → ⚡ 빠른 페이스
[경륜전개] 아오모리 6경주: 하이(주도권 경합) · 라인 4개 · 페어 [[1, 3], [7, 4], [6, 2]]
[placeholder 필터] 호후 6경주 쌍승 껍데기 배당 3조합 제외(값: [300.2])
[각질편성] 호후 6경주: 선행5·선입0·추입2 → ⚡ 빠른 페이스
[경륜전개] 호후 6경주: 보통 · 라인 5개 · 페어 [[5, 1], [4, 2]]
[placeholder 필터] 아오모리 7경주 쌍승 껍데기 배당 3조합 제외(값: [1703.0])
[각질편성] 아오모리 7경주: 선행5·선입0·추입2 → ⚡ 빠른 페이스
[경륜전개] 아오모리 7경주: 슬로우(단독 선행) · 라인 5개 · 페어 [[4, 5], [3, 7]]
[각질편성] 호후 7경주: 선행5·선입0·추입2 → ⚡ 빠른 페이스
[경륜전개] 호후 7경주: 하이(주도권 경합) · 라인 5개 · 페어 [[5, 2], [3, 7]]
[각질편성] 사세보 1경주: 선행2·선입0·추입5 → 보통 페이스
[경륜전개] 사세보 1경주: 보통 · 라인 2개 · 페어 [[1, 5], [6, 2]]
[각질편성] 오다와라 1경주: 선행5·선입0·추입4 → ⚡ 빠른 페이스
[경륜전개] 오다와라 1경주: 보통 · 라인 5개 · 페어 [[1, 5], [7, 3]]
[각질편성] 기후 1경주: 선행2·선입0·추입5 → 보통 페이스
[경륜전개] 기후 1경주: 보통 · 라인 2개 · 페어 [[7, 3], [1, 4]]
[각질편성] 사세보 2경주: 선행2·선입0·추입5 → 보통 페이스
[경륜전개] 사세보 2경주: 보통 · 라인 2개 · 페어 [[7, 2], [5, 1]]
[복승불일치 축교정] 사세보 2경주: 축 [2, 7]로 교정(자금이탈 강등 [1]·🔴🔴)
[각질편성] 오다와라 2경주: 선행4·선입0·추입5 → ⚡ 빠른 페이스
[경륜전개] 오다와라 2경주: 슬로우(단독 선행) · 라인 4개 · 페어 [[2, 7], [9, 1], [6, 4], [8, 3]]
[각질편성] 기후 2경주: 선행3·선입0·추입4 → ⚡ 빠른 페이스
[경륜전개] 기후 2경주: 하이(주도권 경합) · 라인 3개 · 페어 [[3, 4], [7, 2], [6, 1]]
[복승불일치 축교정] 기후 2경주: 축 [3, 4]로 교정(자금이탈 강등 [6]·🔴🔴)
[각질편성] 사세보 3경주: 선행4·선입0·추입3 → ⚡ 빠른 페이스
[경륜전개] 사세보 3경주: 하이(주도권 경합) · 라인 4개 · 페어 [[5, 1], [6, 2]]
[각질편성] 오다와라 3경주: 선행3·선입0·추입6 → ⚡ 빠른 페이스
[경륜전개] 오다와라 3경주: 슬로우(단독 선행) · 라인 3개 · 페어 [[2, 8], [5, 1], [3, 9]]
[결과기록] 캐시 갱신 — 재파싱 3건 / 전체 1673건
[각질편성] 기후 3경주: 선행3·선입0·추입4 → ⚡ 빠른 페이스
[경륜전개] 기후 3경주: 보통 · 라인 3개 · 페어 [[5, 7], [4, 3], [6, 1]]
[복승불일치 축교정] 기후 3경주: 축 [5, 7]로 교정(자금이탈 강등 [4]·🔴🔴)
[각질편성] 사세보 4경주: 선행1·선입0·추입6 → 🐌 느린 페이스
[경륜전개] 사세보 4경주: 슬로우(단독 선행) · 라인 2개 · 페어 [[1, 4], [7, 3]]
[placeholder 필터] 오다와라 4경주 쌍승 껍데기 배당 4조합 제외(값: [859.9])
[각질편성] 오다와라 4경주: 선행3·선입0·추입6 → ⚡ 빠른 페이스
[경륜전개] 오다와라 4경주: 보통 · 라인 3개 · 페어 [[5, 3], [1, 7], [9, 2]]
[각질편성] 기후 4경주: 선행2·선입0·추입5 → 보통 페이스
[경륜전개] 기후 4경주: 보통 · 라인 2개 · 페어 [[2, 7], [6, 1]]
[각질편성] 사세보 5경주: 선행3·선입0·추입4 → ⚡ 빠른 페이스
[경륜전개] 사세보 5경주: 보통 · 라인 3개 · 페어 [[1, 7], [4, 2]]
[placeholder 필터] 오다와라 5경주 쌍승 껍데기 배당 3조합 제외(값: [248.0])
[각질편성] 오다와라 5경주: 선행3·선입0·추입6 → ⚡ 빠른 페이스
[경륜전개] 오다와라 5경주: 슬로우(단독 선행) · 라인 3개 · 페어 [[2, 5], [1, 8], [3, 7]]
[복승불일치 축교정] 오다와라 5경주: 축 [2, 5]로 교정(자금이탈 강등 [7]·🔴🔴)
[경륜 추천 모순 수정] 고배당 강제조합 1건 메인→복병 이동(25배 상한)
[placeholder 필터] 삿포로 5경주 복승 껍데기 배당 12조합 제외(값: [99999.9])
[잔존마 필터] 삿포로 5경주: 전적 11두 → 배당 출전마 10두 (배당 없는 마번 제외: [4])
[각질편성] 삿포로 5경주: 선행0·선입0·추입0 → 🐌 느린 페이스
[3종 수집] 오다와라 5경주: {'quinella': 36, 'exacta': 72, 'trio': 0, 'win': 0} (history 8)
[placeholder 필터] 오다와라 5경주 쌍승 껍데기 배당 3조합 제외(값: [681.5])
[각질편성] 오다와라 5경주: 선행3·선입0·추입6 → ⚡ 빠른 페이스
[경륜전개] 오다와라 5경주: 슬로우(단독 선행) · 라인 3개 · 페어 [[2, 5], [1, 8], [3, 7]]
[복승불일치 축교정] 오다와라 5경주: 축 [2, 5]로 교정(자금이탈 강등 [7]·🔴)
[경륜 추천 모순 수정] 고배당 강제조합 1건 메인→복병 이동(25배 상한)
[자동분석·배경] 오다와라 5경주: 마감 349초 전 재분석(rec_history 누적·cycle)
[3종 수집] 오다와라 5경주: {'quinella': 36, 'exacta': 72, 'trio': 0, 'win': 0} (history 9)
[placeholder 필터] 오다와라 5경주 쌍승 껍데기 배당 3조합 제외(값: [681.5])
[각질편성] 오다와라 5경주: 선행3·선입0·추입6 → ⚡ 빠른 페이스
[경륜전개] 오다와라 5경주: 슬로우(단독 선행) · 라인 3개 · 페어 [[2, 5], [1, 8], [3, 7]]
[복승불일치 축교정] 오다와라 5경주: 축 [2, 5]로 교정(자금이탈 강등 [7]·🔴)
[경륜 추천 모순 수정] 고배당 강제조합 1건 메인→복병 이동(25배 상한)
[자동분석·배경] 오다와라 5경주: 마감 317초 전 재분석(rec_history 누적·cycle)
[placeholder 필터] 오다와라 5경주 쌍승 껍데기 배당 3조합 제외(값: [681.5])
[각질편성] 오다와라 5경주: 선행3·선입0·추입6 → ⚡ 빠른 페이스
[경륜전개] 오다와라 5경주: 슬로우(단독 선행) · 라인 3개 · 페어 [[2, 5], [1, 8], [3, 7]]
[복승불일치 축교정] 오다와라 5경주: 축 [2, 5]로 교정(자금이탈 강등 [7]·🔴)
[경륜 추천 모순 수정] 고배당 강제조합 1건 메인→복병 이동(25배 상한)
[카카오알림] 오다와라 5경주 T-5 → 큐 적재
[placeholder 필터] 오다와라 4경주 쌍승 껍데기 배당 4조합 제외(값: [859.9])
[각질편성] 오다와라 4경주: 선행3·선입0·추입6 → ⚡ 빠른 페이스
[경륜전개] 오다와라 4경주: 보통 · 라인 3개 · 페어 [[5, 3], [1, 7], [9, 2]]
[각질편성] 사세보 5경주: 선행3·선입0·추입4 → ⚡ 빠른 페이스
[경륜전개] 사세보 5경주: 보통 · 라인 3개 · 페어 [[1, 7], [4, 2]]
[placeholder 필터] 오다와라 4경주 쌍승 껍데기 배당 4조합 제외(값: [859.9])
[각질편성] 오다와라 4경주: 선행3·선입0·추입6 → ⚡ 빠른 페이스
[각질편성] 아오모리 4경주: 선행2·선입0·추입5 → 보통 페이스
[경륜전개] 오다와라 4경주: 보통 · 라인 3개 · 페어 [[5, 3], [1, 7], [9, 2]]
[경륜전개] 아오모리 4경주: 슬로우(단독 선행) · 라인 2개 · 페어 [[2, 7], [4, 1]]
[placeholder 필터] 삿포로 5경주 복승 껍데기 배당 12조합 제외(값: [99999.9])
[복승불일치 축교정] 아오모리 4경주: 축 [1, 4]로 교정(자금이탈 강등 [7]·🔴🔴)
[잔존마 필터] 삿포로 5경주: 전적 11두 → 배당 출전마 10두 (배당 없는 마번 제외: [4])
[각질편성] 삿포로 5경주: 선행0·선입0·추입0 → 🐌 느린 페이스
[각질편성] 호후 4경주: 선행2·선입0·추입5 → 보통 페이스
[경륜전개] 호후 4경주: 보통 · 라인 2개 · 페어 [[2, 7], [3, 4]]
[각질편성] 아오모리 5경주: 선행2·선입0·추입5 → 보통 페이스
[경륜전개] 아오모리 5경주: 보통 · 라인 2개 · 페어 [[3, 4], [5, 1]]
[복승불일치 축교정] 아오모리 5경주: 축 [1, 3]로 교정(자금이탈 강등 [6]·🔴)
[각질편성] 호후 5경주: 선행3·선입0·추입4 → ⚡ 빠른 페이스
[경륜전개] 호후 5경주: 보통 · 라인 3개 · 페어 [[5, 1], [4, 2], [3, 7]]
[각질편성] 아오모리 6경주: 선행4·선입0·추입3 → ⚡ 빠른 페이스
[경륜전개] 아오모리 6경주: 하이(주도권 경합) · 라인 4개 · 페어 [[1, 3], [7, 4], [6, 2]]
[placeholder 필터] 호후 6경주 쌍승 껍데기 배당 3조합 제외(값: [300.2])
[각질편성] 호후 6경주: 선행5·선입0·추입2 → ⚡ 빠른 페이스
[경륜전개] 호후 6경주: 보통 · 라인 5개 · 페어 [[5, 1], [4, 2]]
[placeholder 필터] 아오모리 7경주 쌍승 껍데기 배당 3조합 제외(값: [1703.0])
[각질편성] 아오모리 7경주: 선행5·선입0·추입2 → ⚡ 빠른 페이스
[경륜전개] 아오모리 7경주: 슬로우(단독 선행) · 라인 5개 · 페어 [[4, 5], [3, 7]]
[각질편성] 호후 7경주: 선행5·선입0·추입2 → ⚡ 빠른 페이스
[경륜전개] 호후 7경주: 하이(주도권 경합) · 라인 5개 · 페어 [[5, 2], [3, 7]]
[각질편성] 사세보 1경주: 선행2·선입0·추입5 → 보통 페이스
[경륜전개] 사세보 1경주: 보통 · 라인 2개 · 페어 [[1, 5], [6, 2]]
[각질편성] 오다와라 1경주: 선행5·선입0·추입4 → ⚡ 빠른 페이스
[경륜전개] 오다와라 1경주: 보통 · 라인 5개 · 페어 [[1, 5], [7, 3]]
[각질편성] 기후 1경주: 선행2·선입0·추입5 → 보통 페이스
[경륜전개] 기후 1경주: 보통 · 라인 2개 · 페어 [[7, 3], [1, 4]]
[각질편성] 사세보 2경주: 선행2·선입0·추입5 → 보통 페이스
[경륜전개] 사세보 2경주: 보통 · 라인 2개 · 페어 [[7, 2], [5, 1]]
[복승불일치 축교정] 사세보 2경주: 축 [2, 7]로 교정(자금이탈 강등 [1]·🔴🔴)
[각질편성] 오다와라 2경주: 선행4·선입0·추입5 → ⚡ 빠른 페이스
[경륜전개] 오다와라 2경주: 슬로우(단독 선행) · 라인 4개 · 페어 [[2, 7], [9, 1], [6, 4], [8, 3]]
[각질편성] 기후 2경주: 선행3·선입0·추입4 → ⚡ 빠른 페이스
[경륜전개] 기후 2경주: 하이(주도권 경합) · 라인 3개 · 페어 [[3, 4], [7, 2], [6, 1]]
[복승불일치 축교정] 기후 2경주: 축 [3, 4]로 교정(자금이탈 강등 [6]·🔴🔴)
[각질편성] 사세보 3경주: 선행4·선입0·추입3 → ⚡ 빠른 페이스
[경륜전개] 사세보 3경주: 하이(주도권 경합) · 라인 4개 · 페어 [[5, 1], [6, 2]]
[결과기록] 캐시 갱신 — 재파싱 2건 / 전체 1673건
[각질편성] 오다와라 3경주: 선행3·선입0·추입6 → ⚡ 빠른 페이스
[경륜전개] 오다와라 3경주: 슬로우(단독 선행) · 라인 3개 · 페어 [[2, 8], [5, 1], [3, 9]]
[각질편성] 기후 3경주: 선행3·선입0·추입4 → ⚡ 빠른 페이스
[경륜전개] 기후 3경주: 보통 · 라인 3개 · 페어 [[5, 7], [4, 3], [6, 1]]
[복승불일치 축교정] 기후 3경주: 축 [5, 7]로 교정(자금이탈 강등 [4]·🔴🔴)
[각질편성] 사세보 4경주: 선행1·선입0·추입6 → 🐌 느린 페이스
[경륜전개] 사세보 4경주: 슬로우(단독 선행) · 라인 2개 · 페어 [[1, 4], [7, 3]]
[placeholder 필터] 오다와라 4경주 쌍승 껍데기 배당 4조합 제외(값: [859.9])
[각질편성] 오다와라 4경주: 선행3·선입0·추입6 → ⚡ 빠른 페이스
[경륜전개] 오다와라 4경주: 보통 · 라인 3개 · 페어 [[5, 3], [1, 7], [9, 2]]
[각질편성] 기후 4경주: 선행2·선입0·추입5 → 보통 페이스
[경륜전개] 기후 4경주: 보통 · 라인 2개 · 페어 [[2, 7], [6, 1]]
[각질편성] 사세보 5경주: 선행3·선입0·추입4 → ⚡ 빠른 페이스
[경륜전개] 사세보 5경주: 보통 · 라인 3개 · 페어 [[1, 7], [4, 2]]
[placeholder 필터] 오다와라 5경주 쌍승 껍데기 배당 3조합 제외(값: [681.5])
[각질편성] 오다와라 5경주: 선행3·선입0·추입6 → ⚡ 빠른 페이스
[경륜전개] 오다와라 5경주: 슬로우(단독 선행) · 라인 3개 · 페어 [[2, 5], [1, 8], [3, 7]]
[복승불일치 축교정] 오다와라 5경주: 축 [2, 5]로 교정(자금이탈 강등 [7]·🔴)
[경륜 추천 모순 수정] 고배당 강제조합 1건 메인→복병 이동(25배 상한)
[placeholder 필터] 삿포로 5경주 복승 껍데기 배당 12조합 제외(값: [99999.9])
[잔존마 필터] 삿포로 5경주: 전적 11두 → 배당 출전마 10두 (배당 없는 마번 제외: [4])
[각질편성] 삿포로 5경주: 선행0·선입0·추입0 → 🐌 느린 페이스
[3종 수집] 오다와라 5경주: {'quinella': 36, 'exacta': 72, 'trio': 0, 'win': 0} (history 10)
[placeholder 필터] 오다와라 5경주 쌍승 껍데기 배당 3조합 제외(값: [681.5])
[각질편성] 오다와라 5경주: 선행3·선입0·추입6 → ⚡ 빠른 페이스
[경륜전개] 오다와라 5경주: 슬로우(단독 선행) · 라인 3개 · 페어 [[2, 5], [1, 8], [3, 7]]
[복승불일치 축교정] 오다와라 5경주: 축 [2, 5]로 교정(자금이탈 강등 [7]·🔴)
[경륜 추천 모순 수정] 고배당 강제조합 1건 메인→복병 이동(25배 상한)
[자동예상] 오다와라 5경주 최종예상 저장(2026_08_01_오다와라_5경주.json)
[placeholder 필터] 오다와라 5경주 쌍승 껍데기 배당 3조합 제외(값: [681.5])
[각질편성] 오다와라 5경주: 선행3·선입0·추입6 → ⚡ 빠른 페이스
[경륜전개] 오다와라 5경주: 슬로우(단독 선행) · 라인 3개 · 페어 [[2, 5], [1, 8], [3, 7]]
[복승불일치 축교정] 오다와라 5경주: 축 [2, 5]로 교정(자금이탈 강등 [7]·🔴)
[경륜 추천 모순 수정] 고배당 강제조합 1건 메인→복병 이동(25배 상한)
[자동분석·배경] 오다와라 5경주: 마감 284초 전 재분석(rec_history 누적·cycle)
[카톡 변경알림·즉시] 오다와라 5경주 (남은 284s): 복승 추가: 3+5 / 복승 제외: 1+8 / 삼복승 제외: 2+5+6 · 2+5+7
[placeholder 필터] 오다와라 4경주 쌍승 껍데기 배당 4조합 제외(값: [859.9])
[placeholder 필터] 오다와라 4경주 쌍승 껍데기 배당 4조합 제외(값: [859.9])
[각질편성] 오다와라 4경주: 선행3·선입0·추입6 → ⚡ 빠른 페이스
[각질편성] 아오모리 4경주: 선행2·선입0·추입5 → 보통 페이스
[경륜전개] 오다와라 4경주: 보통 · 라인 3개 · 페어 [[5, 3], [1, 7], [9, 2]]
[경륜전개] 아오모리 4경주: 슬로우(단독 선행) · 라인 2개 · 페어 [[2, 7], [4, 1]]
[각질편성] 사세보 5경주: 선행3·선입0·추입4 → ⚡ 빠른 페이스
[각질편성] 오다와라 4경주: 선행3·선입0·추입6 → ⚡ 빠른 페이스
[placeholder 필터] 삿포로 5경주 복승 껍데기 배당 12조합 제외(값: [99999.9])
[경륜전개] 사세보 5경주: 보통 · 라인 3개 · 페어 [[1, 7], [4, 2]]
[복승불일치 축교정] 아오모리 4경주: 축 [1, 4]로 교정(자금이탈 강등 [7]·🔴🔴)
[경륜전개] 오다와라 4경주: 보통 · 라인 3개 · 페어 [[5, 3], [1, 7], [9, 2]]
[잔존마 필터] 삿포로 5경주: 전적 11두 → 배당 출전마 10두 (배당 없는 마번 제외: [4])
[각질편성] 삿포로 5경주: 선행0·선입0·추입0 → 🐌 느린 페이스
[각질편성] 호후 4경주: 선행2·선입0·추입5 → 보통 페이스
[경륜전개] 호후 4경주: 보통 · 라인 2개 · 페어 [[2, 7], [3, 4]]
[각질편성] 아오모리 5경주: 선행2·선입0·추입5 → 보통 페이스
[경륜전개] 아오모리 5경주: 보통 · 라인 2개 · 페어 [[3, 4], [5, 1]]
[복승불일치 축교정] 아오모리 5경주: 축 [1, 3]로 교정(자금이탈 강등 [6]·🔴)
[각질편성] 호후 5경주: 선행3·선입0·추입4 → ⚡ 빠른 페이스
[경륜전개] 호후 5경주: 보통 · 라인 3개 · 페어 [[5, 1], [4, 2], [3, 7]]
[각질편성] 아오모리 6경주: 선행4·선입0·추입3 → ⚡ 빠른 페이스
[경륜전개] 아오모리 6경주: 하이(주도권 경합) · 라인 4개 · 페어 [[1, 3], [7, 4], [6, 2]]
[placeholder 필터] 호후 6경주 쌍승 껍데기 배당 3조합 제외(값: [300.2])
[각질편성] 호후 6경주: 선행5·선입0·추입2 → ⚡ 빠른 페이스
[경륜전개] 호후 6경주: 보통 · 라인 5개 · 페어 [[5, 1], [4, 2]]
[활성정리] 끝난 경주 1건 제거(히스토리 보존): 사세보 4경주
[3종 수집] 오다와라 5경주: {'quinella': 36, 'exacta': 72, 'trio': 0, 'win': 0} (history 11)
[placeholder 필터] 아오모리 7경주 쌍승 껍데기 배당 3조합 제외(값: [1703.0])
[각질편성] 아오모리 7경주: 선행5·선입0·추입2 → ⚡ 빠른 페이스
[경륜전개] 아오모리 7경주: 슬로우(단독 선행) · 라인 5개 · 페어 [[4, 5], [3, 7]]
[각질편성] 호후 7경주: 선행5·선입0·추입2 → ⚡ 빠른 페이스
[경륜전개] 호후 7경주: 하이(주도권 경합) · 라인 5개 · 페어 [[5, 2], [3, 7]]
[각질편성] 사세보 1경주: 선행2·선입0·추입5 → 보통 페이스
[경륜전개] 사세보 1경주: 보통 · 라인 2개 · 페어 [[1, 5], [6, 2]]
[placeholder 필터] 오다와라 5경주 쌍승 껍데기 배당 9조합 제외(값: [708.8, 966.5, 996.7])
[각질편성] 오다와라 5경주: 선행3·선입0·추입6 → ⚡ 빠른 페이스
[경륜전개] 오다와라 5경주: 슬로우(단독 선행) · 라인 3개 · 페어 [[2, 5], [1, 8], [3, 7]]
[복승불일치 축교정] 오다와라 5경주: 축 [2, 5]로 교정(자금이탈 강등 [7]·🔴)
[경륜 추천 모순 수정] 고배당 강제조합 1건 메인→복병 이동(25배 상한)
[자동분석·배경] 오다와라 5경주: 마감 252초 전 재분석(rec_history 누적·cycle)
[카톡 변경알림·즉시] 오다와라 5경주 (남은 252s): 복승 추가: 1+8 / 복승 제외: 3+5
[각질편성] 오다와라 1경주: 선행5·선입0·추입4 → ⚡ 빠른 페이스
[경륜전개] 오다와라 1경주: 보통 · 라인 5개 · 페어 [[1, 5], [7, 3]]
[각질편성] 기후 1경주: 선행2·선입0·추입5 → 보통 페이스
[경륜전개] 기후 1경주: 보통 · 라인 2개 · 페어 [[7, 3], [1, 4]]
[각질편성] 사세보 2경주: 선행2·선입0·추입5 → 보통 페이스
[경륜전개] 사세보 2경주: 보통 · 라인 2개 · 페어 [[7, 2], [5, 1]]
[복승불일치 축교정] 사세보 2경주: 축 [2, 7]로 교정(자금이탈 강등 [1]·🔴🔴)
[각질편성] 오다와라 2경주: 선행4·선입0·추입5 → ⚡ 빠른 페이스
[경륜전개] 오다와라 2경주: 슬로우(단독 선행) · 라인 4개 · 페어 [[2, 7], [9, 1], [6, 4], [8, 3]]
[각질편성] 기후 2경주: 선행3·선입0·추입4 → ⚡ 빠른 페이스
[경륜전개] 기후 2경주: 하이(주도권 경합) · 라인 3개 · 페어 [[3, 4], [7, 2], [6, 1]]
[복승불일치 축교정] 기후 2경주: 축 [3, 4]로 교정(자금이탈 강등 [6]·🔴🔴)
[결과기록] 캐시 갱신 — 재파싱 2건 / 전체 1673건
[각질편성] 사세보 3경주: 선행4·선입0·추입3 → ⚡ 빠른 페이스
[경륜전개] 사세보 3경주: 하이(주도권 경합) · 라인 4개 · 페어 [[5, 1], [6, 2]]
[각질편성] 오다와라 3경주: 선행3·선입0·추입6 → ⚡ 빠른 페이스
[경륜전개] 오다와라 3경주: 슬로우(단독 선행) · 라인 3개 · 페어 [[2, 8], [5, 1], [3, 9]]
[각질편성] 기후 3경주: 선행3·선입0·추입4 → ⚡ 빠른 페이스
[경륜전개] 기후 3경주: 보통 · 라인 3개 · 페어 [[5, 7], [4, 3], [6, 1]]
[복승불일치 축교정] 기후 3경주: 축 [5, 7]로 교정(자금이탈 강등 [4]·🔴🔴)
[각질편성] 사세보 4경주: 선행1·선입0·추입6 → 🐌 느린 페이스
[경륜전개] 사세보 4경주: 슬로우(단독 선행) · 라인 2개 · 페어 [[1, 4], [7, 3]]
[placeholder 필터] 오다와라 4경주 쌍승 껍데기 배당 4조합 제외(값: [859.9])
[각질편성] 오다와라 4경주: 선행3·선입0·추입6 → ⚡ 빠른 페이스
[경륜전개] 오다와라 4경주: 보통 · 라인 3개 · 페어 [[5, 3], [1, 7], [9, 2]]
[각질편성] 기후 4경주: 선행2·선입0·추입5 → 보통 페이스
[경륜전개] 기후 4경주: 보통 · 라인 2개 · 페어 [[2, 7], [6, 1]]
[각질편성] 사세보 5경주: 선행3·선입0·추입4 → ⚡ 빠른 페이스
[경륜전개] 사세보 5경주: 보통 · 라인 3개 · 페어 [[1, 7], [4, 2]]
[placeholder 필터] 오다와라 5경주 쌍승 껍데기 배당 3조합 제외(값: [681.5])
[각질편성] 오다와라 5경주: 선행3·선입0·추입6 → ⚡ 빠른 페이스
[경륜전개] 오다와라 5경주: 슬로우(단독 선행) · 라인 3개 · 페어 [[2, 5], [1, 8], [3, 7]]
[복승불일치 축교정] 오다와라 5경주: 축 [2, 5]로 교정(자금이탈 강등 [7]·🔴)
[경륜 추천 모순 수정] 고배당 강제조합 1건 메인→복병 이동(25배 상한)
[placeholder 필터] 삿포로 5경주 복승 껍데기 배당 12조합 제외(값: [99999.9])
[잔존마 필터] 삿포로 5경주: 전적 11두 → 배당 출전마 10두 (배당 없는 마번 제외: [4])
[각질편성] 삿포로 5경주: 선행0·선입0·추입0 → 🐌 느린 페이스
[3종 수집] 오다와라 5경주: {'quinella': 36, 'exacta': 72, 'trio': 0, 'win': 0} (history 12)
[placeholder 필터] 오다와라 5경주 쌍승 껍데기 배당 9조합 제외(값: [708.8, 966.5, 996.7])
[각질편성] 오다와라 5경주: 선행3·선입0·추입6 → ⚡ 빠른 페이스
[경륜전개] 오다와라 5경주: 슬로우(단독 선행) · 라인 3개 · 페어 [[2, 5], [1, 8], [3, 7]]
[복승불일치 축교정] 오다와라 5경주: 축 [2, 5]로 교정(자금이탈 강등 [7]·🔴🔴)
[경륜 추천 모순 수정] 고배당 강제조합 1건 메인→복병 이동(25배 상한)
[자동분석·배경] 오다와라 5경주: 마감 218초 전 재분석(rec_history 누적·cycle)
[placeholder 필터] 오다와라 4경주 쌍승 껍데기 배당 4조합 제외(값: [859.9])
[각질편성] 오다와라 4경주: 선행3·선입0·추입6 → ⚡ 빠른 페이스
[경륜전개] 오다와라 4경주: 보통 · 라인 3개 · 페어 [[5, 3], [1, 7], [9, 2]]
[placeholder 필터] 오다와라 4경주 쌍승 껍데기 배당 4조합 제외(값: [859.9])
[각질편성] 오다와라 4경주: 선행3·선입0·추입6 → ⚡ 빠른 페이스
[경륜전개] 오다와라 4경주: 보통 · 라인 3개 · 페어 [[5, 3], [1, 7], [9, 2]]
[각질편성] 사세보 5경주: 선행3·선입0·추입4 → ⚡ 빠른 페이스
[각질편성] 아오모리 4경주: 선행2·선입0·추입5 → 보통 페이스
[경륜전개] 사세보 5경주: 보통 · 라인 3개 · 페어 [[1, 7], [4, 2]]
[경륜전개] 아오모리 4경주: 슬로우(단독 선행) · 라인 2개 · 페어 [[2, 7], [4, 1]]
[복승불일치 축교정] 아오모리 4경주: 축 [1, 4]로 교정(자금이탈 강등 [7]·🔴🔴)
[placeholder 필터] 삿포로 5경주 복승 껍데기 배당 12조합 제외(값: [99999.9])
[잔존마 필터] 삿포로 5경주: 전적 11두 → 배당 출전마 10두 (배당 없는 마번 제외: [4])
[각질편성] 삿포로 5경주: 선행0·선입0·추입0 → 🐌 느린 페이스
[각질편성] 호후 4경주: 선행2·선입0·추입5 → 보통 페이스
[경륜전개] 호후 4경주: 보통 · 라인 2개 · 페어 [[2, 7], [3, 4]]
[각질편성] 아오모리 5경주: 선행2·선입0·추입5 → 보통 페이스
[경륜전개] 아오모리 5경주: 보통 · 라인 2개 · 페어 [[3, 4], [5, 1]]
[복승불일치 축교정] 아오모리 5경주: 축 [1, 3]로 교정(자금이탈 강등 [6]·🔴)
[각질편성] 호후 5경주: 선행3·선입0·추입4 → ⚡ 빠른 페이스
[경륜전개] 호후 5경주: 보통 · 라인 3개 · 페어 [[5, 1], [4, 2], [3, 7]]
[각질편성] 아오모리 6경주: 선행4·선입0·추입3 → ⚡ 빠른 페이스
[경륜전개] 아오모리 6경주: 하이(주도권 경합) · 라인 4개 · 페어 [[1, 3], [7, 4], [6, 2]]
[placeholder 필터] 호후 6경주 쌍승 껍데기 배당 3조합 제외(값: [300.2])
[각질편성] 호후 6경주: 선행5·선입0·추입2 → ⚡ 빠른 페이스
[경륜전개] 호후 6경주: 보통 · 라인 5개 · 페어 [[5, 1], [4, 2]]
[placeholder 필터] 아오모리 7경주 쌍승 껍데기 배당 3조합 제외(값: [1703.0])
[각질편성] 아오모리 7경주: 선행5·선입0·추입2 → ⚡ 빠른 페이스
[경륜전개] 아오모리 7경주: 슬로우(단독 선행) · 라인 5개 · 페어 [[4, 5], [3, 7]]
[각질편성] 호후 7경주: 선행5·선입0·추입2 → ⚡ 빠른 페이스
[경륜전개] 호후 7경주: 하이(주도권 경합) · 라인 5개 · 페어 [[5, 2], [3, 7]]
[각질편성] 사세보 1경주: 선행2·선입0·추입5 → 보통 페이스
[경륜전개] 사세보 1경주: 보통 · 라인 2개 · 페어 [[1, 5], [6, 2]]
[각질편성] 오다와라 1경주: 선행5·선입0·추입4 → ⚡ 빠른 페이스
[경륜전개] 오다와라 1경주: 보통 · 라인 5개 · 페어 [[1, 5], [7, 3]]
[각질편성] 기후 1경주: 선행2·선입0·추입5 → 보통 페이스
[경륜전개] 기후 1경주: 보통 · 라인 2개 · 페어 [[7, 3], [1, 4]]
[각질편성] 사세보 2경주: 선행2·선입0·추입5 → 보통 페이스
[경륜전개] 사세보 2경주: 보통 · 라인 2개 · 페어 [[7, 2], [5, 1]]
[복승불일치 축교정] 사세보 2경주: 축 [2, 7]로 교정(자금이탈 강등 [1]·🔴🔴)
[각질편성] 오다와라 2경주: 선행4·선입0·추입5 → ⚡ 빠른 페이스
[경륜전개] 오다와라 2경주: 슬로우(단독 선행) · 라인 4개 · 페어 [[2, 7], [9, 1], [6, 4], [8, 3]]
[각질편성] 기후 2경주: 선행3·선입0·추입4 → ⚡ 빠른 페이스
[경륜전개] 기후 2경주: 하이(주도권 경합) · 라인 3개 · 페어 [[3, 4], [7, 2], [6, 1]]
[복승불일치 축교정] 기후 2경주: 축 [3, 4]로 교정(자금이탈 강등 [6]·🔴🔴)
[각질편성] 사세보 3경주: 선행4·선입0·추입3 → ⚡ 빠른 페이스
[경륜전개] 사세보 3경주: 하이(주도권 경합) · 라인 4개 · 페어 [[5, 1], [6, 2]]
[각질편성] 오다와라 3경주: 선행3·선입0·추입6 → ⚡ 빠른 페이스
[경륜전개] 오다와라 3경주: 슬로우(단독 선행) · 라인 3개 · 페어 [[2, 8], [5, 1], [3, 9]]
[다중경주] 하트비트 #41 · 스케줄 ymd=20260801 (-1초 전 갱신 · 트랙 12개)
[결과기록] 캐시 갱신 — 재파싱 2건 / 전체 1673건
[각질편성] 기후 3경주: 선행3·선입0·추입4 → ⚡ 빠른 페이스
[경륜전개] 기후 3경주: 보통 · 라인 3개 · 페어 [[5, 7], [4, 3], [6, 1]]
[복승불일치 축교정] 기후 3경주: 축 [5, 7]로 교정(자금이탈 강등 [4]·🔴🔴)
[각질편성] 사세보 4경주: 선행1·선입0·추입6 → 🐌 느린 페이스
[경륜전개] 사세보 4경주: 슬로우(단독 선행) · 라인 2개 · 페어 [[1, 4], [7, 3]]
[placeholder 필터] 오다와라 4경주 쌍승 껍데기 배당 4조합 제외(값: [859.9])
[각질편성] 오다와라 4경주: 선행3·선입0·추입6 → ⚡ 빠른 페이스
[경륜전개] 오다와라 4경주: 보통 · 라인 3개 · 페어 [[5, 3], [1, 7], [9, 2]]
[3종 수집] 오다와라 5경주: {'quinella': 36, 'exacta': 72, 'trio': 0, 'win': 0} (history 12)
[각질편성] 기후 4경주: 선행2·선입0·추입5 → 보통 페이스
[경륜전개] 기후 4경주: 보통 · 라인 2개 · 페어 [[2, 7], [6, 1]]
[각질편성] 사세보 5경주: 선행3·선입0·추입4 → ⚡ 빠른 페이스
[placeholder 필터] 오다와라 5경주 쌍승 껍데기 배당 9조합 제외(값: [708.8, 966.5, 996.7])
[경륜전개] 사세보 5경주: 보통 · 라인 3개 · 페어 [[1, 7], [4, 2]]
[각질편성] 오다와라 5경주: 선행3·선입0·추입6 → ⚡ 빠른 페이스
[경륜전개] 오다와라 5경주: 슬로우(단독 선행) · 라인 3개 · 페어 [[2, 5], [1, 8], [3, 7]]
[복승불일치 축교정] 오다와라 5경주: 축 [2, 5]로 교정(자금이탈 강등 [7]·🔴🔴)
[경륜 추천 모순 수정] 고배당 강제조합 1건 메인→복병 이동(25배 상한)
[자동분석·배경] 오다와라 5경주: 마감 186초 전 재분석(rec_history 누적·cycle)
[placeholder 필터] 오다와라 5경주 쌍승 껍데기 배당 9조합 제외(값: [708.8, 966.5, 996.7])
[각질편성] 오다와라 5경주: 선행3·선입0·추입6 → ⚡ 빠른 페이스
[경륜전개] 오다와라 5경주: 슬로우(단독 선행) · 라인 3개 · 페어 [[2, 5], [1, 8], [3, 7]]
[복승불일치 축교정] 오다와라 5경주: 축 [2, 5]로 교정(자금이탈 강등 [7]·🔴🔴)
[경륜 추천 모순 수정] 고배당 강제조합 1건 메인→복병 이동(25배 상한)
[placeholder 필터] 삿포로 5경주 복승 껍데기 배당 12조합 제외(값: [99999.9])
[잔존마 필터] 삿포로 5경주: 전적 11두 → 배당 출전마 10두 (배당 없는 마번 제외: [4])
[각질편성] 삿포로 5경주: 선행0·선입0·추입0 → 🐌 느린 페이스
[3종 수집] 오다와라 5경주: {'quinella': 36, 'exacta': 72, 'trio': 0, 'win': 0} (history 12)
[각질편성] 오다와라 5경주: 선행3·선입0·추입6 → ⚡ 빠른 페이스
[경륜전개] 오다와라 5경주: 슬로우(단독 선행) · 라인 3개 · 페어 [[2, 5], [1, 8], [3, 7]]
[복승불일치 축교정] 오다와라 5경주: 축 [2, 5]로 교정(자금이탈 강등 [7]·🔴🔴)
[T-2분 왕축 동결] 오다와라 5경주: [2, 5] → [2, 5] 유지(cur_mb=2)
[경륜 추천 모순 수정] 고배당 강제조합 1건 메인→복병 이동(25배 상한)
[자동분석·배경] 오다와라 5경주: 마감 153초 전 재분석(rec_history 누적·cycle)
[자동예상] 기후 4경주 결과대조 → 복승False·삼복승False
[placeholder 필터] 오다와라 4경주 쌍승 껍데기 배당 4조합 제외(값: [859.9])
[각질편성] 오다와라 4경주: 선행3·선입0·추입6 → ⚡ 빠른 페이스
[경륜전개] 오다와라 4경주: 보통 · 라인 3개 · 페어 [[5, 3], [1, 7], [9, 2]]
[placeholder 필터] 오다와라 4경주 쌍승 껍데기 배당 4조합 제외(값: [859.9])
[각질편성] 아오모리 4경주: 선행2·선입0·추입5 → 보통 페이스
[각질편성] 오다와라 4경주: 선행3·선입0·추입6 → ⚡ 빠른 페이스
[경륜전개] 아오모리 4경주: 슬로우(단독 선행) · 라인 2개 · 페어 [[2, 7], [4, 1]]
[경륜전개] 오다와라 4경주: 보통 · 라인 3개 · 페어 [[5, 3], [1, 7], [9, 2]]
[각질편성] 사세보 5경주: 선행3·선입0·추입4 → ⚡ 빠른 페이스
[복승불일치 축교정] 아오모리 4경주: 축 [1, 4]로 교정(자금이탈 강등 [7]·🔴🔴)
[경륜전개] 사세보 5경주: 보통 · 라인 3개 · 페어 [[1, 7], [4, 2]]
[placeholder 필터] 삿포로 5경주 복승 껍데기 배당 12조합 제외(값: [99999.9])
[잔존마 필터] 삿포로 5경주: 전적 11두 → 배당 출전마 10두 (배당 없는 마번 제외: [4])
[각질편성] 삿포로 5경주: 선행0·선입0·추입0 → 🐌 느린 페이스
[각질편성] 호후 4경주: 선행2·선입0·추입5 → 보통 페이스
[경륜전개] 호후 4경주: 보통 · 라인 2개 · 페어 [[2, 7], [3, 4]]
[각질편성] 아오모리 5경주: 선행2·선입0·추입5 → 보통 페이스
[경륜전개] 아오모리 5경주: 보통 · 라인 2개 · 페어 [[3, 4], [5, 1]]
[복승불일치 축교정] 아오모리 5경주: 축 [1, 3]로 교정(자금이탈 강등 [6]·🔴)
[각질편성] 호후 5경주: 선행3·선입0·추입4 → ⚡ 빠른 페이스
[경륜전개] 호후 5경주: 보통 · 라인 3개 · 페어 [[5, 1], [4, 2], [3, 7]]
[각질편성] 아오모리 6경주: 선행4·선입0·추입3 → ⚡ 빠른 페이스
[경륜전개] 아오모리 6경주: 하이(주도권 경합) · 라인 4개 · 페어 [[1, 3], [7, 4], [6, 2]]
[placeholder 필터] 호후 6경주 쌍승 껍데기 배당 3조합 제외(값: [300.2])
[각질편성] 호후 6경주: 선행5·선입0·추입2 → ⚡ 빠른 페이스
[경륜전개] 호후 6경주: 보통 · 라인 5개 · 페어 [[5, 1], [4, 2]]
[placeholder 필터] 아오모리 7경주 쌍승 껍데기 배당 3조합 제외(값: [1703.0])
[각질편성] 아오모리 7경주: 선행5·선입0·추입2 → ⚡ 빠른 페이스
[경륜전개] 아오모리 7경주: 슬로우(단독 선행) · 라인 5개 · 페어 [[4, 5], [3, 7]]
[각질편성] 호후 7경주: 선행5·선입0·추입2 → ⚡ 빠른 페이스
[경륜전개] 호후 7경주: 하이(주도권 경합) · 라인 5개 · 페어 [[5, 2], [3, 7]]
[각질편성] 사세보 1경주: 선행2·선입0·추입5 → 보통 페이스
[경륜전개] 사세보 1경주: 보통 · 라인 2개 · 페어 [[1, 5], [6, 2]]
[각질편성] 오다와라 1경주: 선행5·선입0·추입4 → ⚡ 빠른 페이스
[경륜전개] 오다와라 1경주: 보통 · 라인 5개 · 페어 [[1, 5], [7, 3]]
[각질편성] 기후 1경주: 선행2·선입0·추입5 → 보통 페이스
[경륜전개] 기후 1경주: 보통 · 라인 2개 · 페어 [[7, 3], [1, 4]]
[각질편성] 사세보 2경주: 선행2·선입0·추입5 → 보통 페이스
[경륜전개] 사세보 2경주: 보통 · 라인 2개 · 페어 [[7, 2], [5, 1]]
[복승불일치 축교정] 사세보 2경주: 축 [2, 7]로 교정(자금이탈 강등 [1]·🔴🔴)
[각질편성] 오다와라 2경주: 선행4·선입0·추입5 → ⚡ 빠른 페이스
[경륜전개] 오다와라 2경주: 슬로우(단독 선행) · 라인 4개 · 페어 [[2, 7], [9, 1], [6, 4], [8, 3]]
[각질편성] 기후 2경주: 선행3·선입0·추입4 → ⚡ 빠른 페이스
[경륜전개] 기후 2경주: 하이(주도권 경합) · 라인 3개 · 페어 [[3, 4], [7, 2], [6, 1]]
[복승불일치 축교정] 기후 2경주: 축 [3, 4]로 교정(자금이탈 강등 [6]·🔴🔴)
[각질편성] 사세보 3경주: 선행4·선입0·추입3 → ⚡ 빠른 페이스
[경륜전개] 사세보 3경주: 하이(주도권 경합) · 라인 4개 · 페어 [[5, 1], [6, 2]]
[각질편성] 오다와라 3경주: 선행3·선입0·추입6 → ⚡ 빠른 페이스
[경륜전개] 오다와라 3경주: 슬로우(단독 선행) · 라인 3개 · 페어 [[2, 8], [5, 1], [3, 9]]
[각질편성] 기후 3경주: 선행3·선입0·추입4 → ⚡ 빠른 페이스
[경륜전개] 기후 3경주: 보통 · 라인 3개 · 페어 [[5, 7], [4, 3], [6, 1]]
[복승불일치 축교정] 기후 3경주: 축 [5, 7]로 교정(자금이탈 강등 [4]·🔴🔴)
[결과기록] 캐시 갱신 — 재파싱 2건 / 전체 1673건
[각질편성] 사세보 4경주: 선행1·선입0·추입6 → 🐌 느린 페이스
[경륜전개] 사세보 4경주: 슬로우(단독 선행) · 라인 2개 · 페어 [[1, 4], [7, 3]]
[placeholder 필터] 오다와라 4경주 쌍승 껍데기 배당 4조합 제외(값: [859.9])
[각질편성] 오다와라 4경주: 선행3·선입0·추입6 → ⚡ 빠른 페이스
[경륜전개] 오다와라 4경주: 보통 · 라인 3개 · 페어 [[5, 3], [1, 7], [9, 2]]
[각질편성] 기후 4경주: 선행2·선입0·추입5 → 보통 페이스
[경륜전개] 기후 4경주: 보통 · 라인 2개 · 페어 [[2, 7], [6, 1]]
[각질편성] 사세보 5경주: 선행3·선입0·추입4 → ⚡ 빠른 페이스
[경륜전개] 사세보 5경주: 보통 · 라인 3개 · 페어 [[1, 7], [4, 2]]
[각질편성] 오다와라 5경주: 선행3·선입0·추입6 → ⚡ 빠른 페이스
[경륜전개] 오다와라 5경주: 슬로우(단독 선행) · 라인 3개 · 페어 [[2, 5], [1, 8], [3, 7]]
[복승불일치 축교정] 오다와라 5경주: 축 [2, 5]로 교정(자금이탈 강등 [7]·🔴🔴)
[T-2분 왕축 동결] 오다와라 5경주: [2, 5] → [2, 5] 유지(cur_mb=2)
[경륜 추천 모순 수정] 고배당 강제조합 1건 메인→복병 이동(25배 상한)
[placeholder 필터] 삿포로 5경주 복승 껍데기 배당 12조합 제외(값: [99999.9])
[잔존마 필터] 삿포로 5경주: 전적 11두 → 배당 출전마 10두 (배당 없는 마번 제외: [4])
[각질편성] 삿포로 5경주: 선행0·선입0·추입0 → 🐌 느린 페이스
[placeholder 필터] 오다와라 4경주 쌍승 껍데기 배당 4조합 제외(값: [859.9])
[각질편성] 오다와라 4경주: 선행3·선입0·추입6 → ⚡ 빠른 페이스
[경륜전개] 오다와라 4경주: 보통 · 라인 3개 · 페어 [[5, 3], [1, 7], [9, 2]]
[placeholder 필터] 오다와라 4경주 쌍승 껍데기 배당 4조합 제외(값: [859.9])
[각질편성] 오다와라 4경주: 선행3·선입0·추입6 → ⚡ 빠른 페이스
[경륜전개] 오다와라 4경주: 보통 · 라인 3개 · 페어 [[5, 3], [1, 7], [9, 2]]
[3종 수집] 오다와라 5경주: {'quinella': 36, 'exacta': 72, 'trio': 0, 'win': 0} (history 12)
[각질편성] 오다와라 5경주: 선행3·선입0·추입6 → ⚡ 빠른 페이스
[경륜전개] 오다와라 5경주: 슬로우(단독 선행) · 라인 3개 · 페어 [[2, 5], [1, 8], [3, 7]]
[T-2분 왕축 동결] 오다와라 5경주: [2, 5] → [2, 5] 유지(cur_mb=1)
[자동분석·배경] 오다와라 5경주: 마감 121초 전 재분석(rec_history 누적·cycle)
[각질편성] 오다와라 5경주: 선행3·선입0·추입6 → ⚡ 빠른 페이스
[경륜전개] 오다와라 5경주: 슬로우(단독 선행) · 라인 3개 · 페어 [[2, 5], [1, 8], [3, 7]]
[T-2분 왕축 동결] 오다와라 5경주: [2, 5] → [2, 5] 유지(cur_mb=1)
[3종 수집] 삿포로 6경주: {'quinella': 36, 'exacta': 0, 'trio': 84, 'win': 0} (history 1)
[JRA수집] 1경주 수집 · 0경주 생략(확장 우선) · 0.27초 · 🔬관찰모드
[placeholder 필터] 오다와라 4경주 쌍승 껍데기 배당 4조합 제외(값: [859.9])
[각질편성] 오다와라 4경주: 선행3·선입0·추입6 → ⚡ 빠른 페이스
[경륜전개] 오다와라 4경주: 보통 · 라인 3개 · 페어 [[5, 3], [1, 7], [9, 2]]
[한국 전적] 삿포로 6경주: 10두 저장(PDF, 전적 10두)
[잔존마 필터] 삿포로 6경주: 전적 10두 → 배당 출전마 9두 (배당 없는 마번 제외: [10])
[각질편성] 삿포로 6경주: 선행0·선입0·추입0 → 🐌 느린 페이스
[한국이력 검역] 거부 — 파일=부산 6R / 본문 raceKey=삿포로 6경주 (경마장 불일치)
[잔존마 필터] 삿포로 6경주: 전적 10두 → 배당 출전마 9두 (배당 없는 마번 제외: [10])
[각질편성] 삿포로 6경주: 선행0·선입0·추입0 → 🐌 느린 페이스
[placeholder 필터] 오다와라 4경주 쌍승 껍데기 배당 4조합 제외(값: [859.9])
[각질편성] 오다와라 4경주: 선행3·선입0·추입6 → ⚡ 빠른 페이스
[경륜전개] 오다와라 4경주: 보통 · 라인 3개 · 페어 [[5, 3], [1, 7], [9, 2]]
[잔존마 필터] 삿포로 6경주: 전적 10두 → 배당 출전마 9두 (배당 없는 마번 제외: [10])
[각질편성] 삿포로 6경주: 선행0·선입0·추입0 → 🐌 느린 페이스
[3종 수집] 오다와라 5경주: {'quinella': 36, 'exacta': 72, 'trio': 0, 'win': 0} (history 12)
[각질편성] 오다와라 5경주: 선행3·선입0·추입6 → ⚡ 빠른 페이스
[경륜전개] 오다와라 5경주: 슬로우(단독 선행) · 라인 3개 · 페어 [[2, 5], [1, 8], [3, 7]]
[T-2분 왕축 동결] 오다와라 5경주: [2, 5] → [2, 5] 유지(cur_mb=1)
[자동분석·배경] 오다와라 5경주: 마감 88초 전 재분석(rec_history 누적·cycle)
[잔존마 필터] 삿포로 6경주: 전적 10두 → 배당 출전마 9두 (배당 없는 마번 제외: [10])
[잔존마 필터] 삿포로 6경주: 전적 10두 → 배당 출전마 9두 (배당 없는 마번 제외: [10])
[각질편성] 삿포로 6경주: 선행0·선입0·추입0 → 🐌 느린 페이스
[각질편성] 삿포로 6경주: 선행0·선입0·추입0 → 🐌 느린 페이스
[분석로그] 저장 실패: [WinError 32] 다른 프로세스가 파일을 사용 중이기 때문에 프로세스가 액세스 할 수 없습니다: 'C:\\Users\\Administrator\\Desktop\\경마분석서버\\data\\analysis_log\\2026_08_01_삿포로_6경주.json.tmp' -> 'C:\\Users\\Administrator\\Desktop\\경마분석서버\\data\\analysis_log\\2026_08_01_삿포로_6경주.json'
[잔존마 필터] 삿포로 6경주: 전적 10두 → 배당 출전마 9두 (배당 없는 마번 제외: [10])
[각질편성] 삿포로 6경주: 선행0·선입0·추입0 → 🐌 느린 페이스
[placeholder 필터] 오다와라 4경주 쌍승 껍데기 배당 4조합 제외(값: [859.9])
[잔존마 필터] 삿포로 6경주: 전적 10두 → 배당 출전마 9두 (배당 없는 마번 제외: [10])
[각질편성] 아오모리 4경주: 선행2·선입0·추입5 → 보통 페이스
[각질편성] 삿포로 6경주: 선행0·선입0·추입0 → 🐌 느린 페이스
[placeholder 필터] 오다와라 4경주 쌍승 껍데기 배당 4조합 제외(값: [859.9])
[각질편성] 오다와라 4경주: 선행3·선입0·추입6 → ⚡ 빠른 페이스
[경륜전개] 아오모리 4경주: 슬로우(단독 선행) · 라인 2개 · 페어 [[2, 7], [4, 1]]
[경륜전개] 오다와라 4경주: 보통 · 라인 3개 · 페어 [[5, 3], [1, 7], [9, 2]]
[각질편성] 오다와라 4경주: 선행3·선입0·추입6 → ⚡ 빠른 페이스
[복승불일치 축교정] 아오모리 4경주: 축 [1, 4]로 교정(자금이탈 강등 [7]·🔴🔴)
[경륜전개] 오다와라 4경주: 보통 · 라인 3개 · 페어 [[5, 3], [1, 7], [9, 2]]
[각질편성] 사세보 5경주: 선행3·선입0·추입4 → ⚡ 빠른 페이스
[경륜전개] 사세보 5경주: 보통 · 라인 3개 · 페어 [[1, 7], [4, 2]]
[잔존마 필터] 삿포로 6경주: 전적 10두 → 배당 출전마 9두 (배당 없는 마번 제외: [10])
[잔존마 필터] 삿포로 6경주: 전적 10두 → 배당 출전마 9두 (배당 없는 마번 제외: [10])
[각질편성] 삿포로 6경주: 선행0·선입0·추입0 → 🐌 느린 페이스
[각질편성] 삿포로 6경주: 선행0·선입0·추입0 → 🐌 느린 페이스
[각질편성] 호후 4경주: 선행2·선입0·추입5 → 보통 페이스
[경륜전개] 호후 4경주: 보통 · 라인 2개 · 페어 [[2, 7], [3, 4]]
[한국 전적] 삿포로 6경주: 10두 저장(PDF, 전적 10두)
[분석로그] 저장 실패: [WinError 32] 다른 프로세스가 파일을 사용 중이기 때문에 프로세스가 액세스 할 수 없습니다: 'C:\\Users\\Administrator\\Desktop\\경마분석서버\\data\\analysis_log\\2026_08_01_삿포로_6경주.json.tmp' -> 'C:\\Users\\Administrator\\Desktop\\경마분석서버\\data\\analysis_log\\2026_08_01_삿포로_6경주.json'
[잔존마 필터] 삿포로 6경주: 전적 10두 → 배당 출전마 9두 (배당 없는 마번 제외: [10])
[각질편성] 삿포로 6경주: 선행0·선입0·추입0 → 🐌 느린 페이스
[각질편성] 아오모리 5경주: 선행2·선입0·추입5 → 보통 페이스
[경륜전개] 아오모리 5경주: 보통 · 라인 2개 · 페어 [[3, 4], [5, 1]]
[복승불일치 축교정] 아오모리 5경주: 축 [1, 3]로 교정(자금이탈 강등 [6]·🔴)
[placeholder 필터] 오다와라 4경주 쌍승 껍데기 배당 4조합 제외(값: [859.9])
[각질편성] 오다와라 4경주: 선행3·선입0·추입6 → ⚡ 빠른 페이스
[경륜전개] 오다와라 4경주: 보통 · 라인 3개 · 페어 [[5, 3], [1, 7], [9, 2]]
[각질편성] 호후 5경주: 선행3·선입0·추입4 → ⚡ 빠른 페이스
[경륜전개] 호후 5경주: 보통 · 라인 3개 · 페어 [[5, 1], [4, 2], [3, 7]]
[각질편성] 아오모리 6경주: 선행4·선입0·추입3 → ⚡ 빠른 페이스
[경륜전개] 아오모리 6경주: 하이(주도권 경합) · 라인 4개 · 페어 [[1, 3], [7, 4], [6, 2]]
[placeholder 필터] 호후 6경주 쌍승 껍데기 배당 3조합 제외(값: [300.2])
[각질편성] 호후 6경주: 선행5·선입0·추입2 → ⚡ 빠른 페이스
[경륜전개] 호후 6경주: 보통 · 라인 5개 · 페어 [[5, 1], [4, 2]]
[placeholder 필터] 아오모리 7경주 쌍승 껍데기 배당 3조합 제외(값: [1703.0])
[각질편성] 아오모리 7경주: 선행5·선입0·추입2 → ⚡ 빠른 페이스
[경륜전개] 아오모리 7경주: 슬로우(단독 선행) · 라인 5개 · 페어 [[4, 5], [3, 7]]
[한국이력 검역] 거부 — 파일=부산 6R / 본문 raceKey=삿포로 6경주 (경마장 불일치)
[각질편성] 호후 7경주: 선행5·선입0·추입2 → ⚡ 빠른 페이스
[경륜전개] 호후 7경주: 하이(주도권 경합) · 라인 5개 · 페어 [[5, 2], [3, 7]]
[각질편성] 사세보 1경주: 선행2·선입0·추입5 → 보통 페이스
[경륜전개] 사세보 1경주: 보통 · 라인 2개 · 페어 [[1, 5], [6, 2]]
[각질편성] 오다와라 1경주: 선행5·선입0·추입4 → ⚡ 빠른 페이스
[경륜전개] 오다와라 1경주: 보통 · 라인 5개 · 페어 [[1, 5], [7, 3]]
[각질편성] 기후 1경주: 선행2·선입0·추입5 → 보통 페이스
[경륜전개] 기후 1경주: 보통 · 라인 2개 · 페어 [[7, 3], [1, 4]]
[각질편성] 사세보 2경주: 선행2·선입0·추입5 → 보통 페이스
[경륜전개] 사세보 2경주: 보통 · 라인 2개 · 페어 [[7, 2], [5, 1]]
[복승불일치 축교정] 사세보 2경주: 축 [2, 7]로 교정(자금이탈 강등 [1]·🔴🔴)
[각질편성] 오다와라 2경주: 선행4·선입0·추입5 → ⚡ 빠른 페이스
[경륜전개] 오다와라 2경주: 슬로우(단독 선행) · 라인 4개 · 페어 [[2, 7], [9, 1], [6, 4], [8, 3]]
[각질편성] 기후 2경주: 선행3·선입0·추입4 → ⚡ 빠른 페이스
[경륜전개] 기후 2경주: 하이(주도권 경합) · 라인 3개 · 페어 [[3, 4], [7, 2], [6, 1]]
[복승불일치 축교정] 기후 2경주: 축 [3, 4]로 교정(자금이탈 강등 [6]·🔴🔴)
[결과기록] 캐시 갱신 — 재파싱 2건 / 전체 1674건
[각질편성] 사세보 3경주: 선행4·선입0·추입3 → ⚡ 빠른 페이스
[경륜전개] 사세보 3경주: 하이(주도권 경합) · 라인 4개 · 페어 [[5, 1], [6, 2]]
[각질편성] 오다와라 3경주: 선행3·선입0·추입6 → ⚡ 빠른 페이스
[경륜전개] 오다와라 3경주: 슬로우(단독 선행) · 라인 3개 · 페어 [[2, 8], [5, 1], [3, 9]]
[각질편성] 기후 3경주: 선행3·선입0·추입4 → ⚡ 빠른 페이스
[경륜전개] 기후 3경주: 보통 · 라인 3개 · 페어 [[5, 7], [4, 3], [6, 1]]
[복승불일치 축교정] 기후 3경주: 축 [5, 7]로 교정(자금이탈 강등 [4]·🔴🔴)
[잔존마 필터] 삿포로 6경주: 전적 10두 → 배당 출전마 9두 (배당 없는 마번 제외: [10])
[각질편성] 삿포로 6경주: 선행0·선입0·추입0 → 🐌 느린 페이스
[각질편성] 사세보 4경주: 선행1·선입0·추입6 → 🐌 느린 페이스
[경륜전개] 사세보 4경주: 슬로우(단독 선행) · 라인 2개 · 페어 [[1, 4], [7, 3]]
[placeholder 필터] 오다와라 4경주 쌍승 껍데기 배당 4조합 제외(값: [859.9])
[각질편성] 오다와라 4경주: 선행3·선입0·추입6 → ⚡ 빠른 페이스
[경륜전개] 오다와라 4경주: 보통 · 라인 3개 · 페어 [[5, 3], [1, 7], [9, 2]]
[각질편성] 기후 4경주: 선행2·선입0·추입5 → 보통 페이스
[경륜전개] 기후 4경주: 보통 · 라인 2개 · 페어 [[2, 7], [6, 1]]
[각질편성] 사세보 5경주: 선행3·선입0·추입4 → ⚡ 빠른 페이스
[경륜전개] 사세보 5경주: 보통 · 라인 3개 · 페어 [[1, 7], [4, 2]]
[각질편성] 오다와라 5경주: 선행3·선입0·추입6 → ⚡ 빠른 페이스
[경륜전개] 오다와라 5경주: 슬로우(단독 선행) · 라인 3개 · 페어 [[2, 5], [1, 8], [3, 7]]
[T-2분 왕축 동결] 오다와라 5경주: [2, 5] → [2, 5] 유지(cur_mb=1)
[placeholder 필터] 삿포로 5경주 복승 껍데기 배당 12조합 제외(값: [99999.9])
[잔존마 필터] 삿포로 5경주: 전적 11두 → 배당 출전마 10두 (배당 없는 마번 제외: [4])
[각질편성] 삿포로 5경주: 선행0·선입0·추입0 → 🐌 느린 페이스
[잔존마 필터] 삿포로 6경주: 전적 10두 → 배당 출전마 9두 (배당 없는 마번 제외: [10])
[각질편성] 삿포로 6경주: 선행0·선입0·추입0 → 🐌 느린 페이스
[placeholder 필터] 오다와라 4경주 쌍승 껍데기 배당 4조합 제외(값: [859.9])
[각질편성] 오다와라 4경주: 선행3·선입0·추입6 → ⚡ 빠른 페이스
[경륜전개] 오다와라 4경주: 보통 · 라인 3개 · 페어 [[5, 3], [1, 7], [9, 2]]
[3종 수집] 오다와라 5경주: {'quinella': 36, 'exacta': 72, 'trio': 0, 'win': 0} (history 12)
[잔존마 필터] 삿포로 6경주: 전적 10두 → 배당 출전마 9두 (배당 없는 마번 제외: [10])
[잔존마 필터] 삿포로 6경주: 전적 10두 → 배당 출전마 9두 (배당 없는 마번 제외: [10])
[각질편성] 삿포로 6경주: 선행0·선입0·추입0 → 🐌 느린 페이스
[각질편성] 삿포로 6경주: 선행0·선입0·추입0 → 🐌 느린 페이스
[경륜 득점갭] 기후 5경주: 5번 득점 1위 갭 5.8 → +5 가점
[경륜 전적·자동] 기후 5경주: 7두 수집(競走得点·절대등급 A/B/C/D·라인[1, 5, 4, 2, 3, 7, 6]) → 통합등급 자동 반영
[3종 수집] 기후 5경주: {'quinella': 21, 'exacta': 42, 'trio': 0, 'win': 0} (history 1)
[3종 수집] 삿포로 6경주: {'quinella': 36, 'exacta': 0, 'trio': 84, 'win': 0} (history 2)
[JRA수집] 1경주 수집 · 0경주 생략(확장 우선) · 0.36초 · 🔬관찰모드
[placeholder 필터] 오다와라 4경주 쌍승 껍데기 배당 4조합 제외(값: [859.9])
[각질편성] 오다와라 4경주: 선행3·선입0·추입6 → ⚡ 빠른 페이스
[경륜전개] 오다와라 4경주: 보통 · 라인 3개 · 페어 [[5, 3], [1, 7], [9, 2]]
🔮 [예측] 기후 5경주: top3=[1, 5, 4] conf=4 · 같은 라인에 선행형 (1번, 3번)이 둘이라 내부 경쟁이 발생하며, 번개
[각질편성] 오다와라 5경주: 선행3·선입0·추입6 → ⚡ 빠른 페이스
[경륜전개] 오다와라 5경주: 슬로우(단독 선행) · 라인 3개 · 페어 [[2, 5], [1, 8], [3, 7]]
[자동분석·배경] 오다와라 5경주: 마감 56초 전 재분석(rec_history 누적·cycle)
[placeholder 필터] 기후 5경주 쌍승 껍데기 배당 3조합 제외(값: [162.7])
[각질편성] 기후 5경주: 선행2·선입0·추입5 → 보통 페이스
[경륜전개] 기후 5경주: 보통 · 라인 2개 · 페어 [[1, 5], [3, 7]]
🔎 [결정론 검수] 기후 5경주: B라인누락
[자동분석·배경] 기후 5경주: 마감 596초 전 재분석(rec_history 누적·cycle)
[placeholder 필터] 기후 5경주 쌍승 껍데기 배당 3조합 제외(값: [162.7])
[각질편성] 기후 5경주: 선행2·선입0·추입5 → 보통 페이스
[경륜전개] 기후 5경주: 보통 · 라인 2개 · 페어 [[1, 5], [3, 7]]
[잔존마 필터] 삿포로 6경주: 전적 10두 → 배당 출전마 9두 (배당 없는 마번 제외: [10])
[각질편성] 삿포로 6경주: 선행0·선입0·추입0 → 🐌 느린 페이스
[잔존마 필터] 삿포로 6경주: 전적 10두 → 배당 출전마 9두 (배당 없는 마번 제외: [10])
[각질편성] 삿포로 6경주: 선행0·선입0·추입0 → 🐌 느린 페이스
[한국 전적] 삿포로 6경주: 10두 저장(PDF, 전적 10두)
[잔존마 필터] 삿포로 6경주: 전적 10두 → 배당 출전마 9두 (배당 없는 마번 제외: [10])
[각질편성] 삿포로 6경주: 선행0·선입0·추입0 → 🐌 느린 페이스
[한국이력 검역] 거부 — 파일=부산 6R / 본문 raceKey=삿포로 6경주 (경마장 불일치)
[잔존마 필터] 삿포로 6경주: 전적 10두 → 배당 출전마 9두 (배당 없는 마번 제외: [10])
[각질편성] 삿포로 6경주: 선행0·선입0·추입0 → 🐌 느린 페이스
[placeholder 필터] 오다와라 4경주 쌍승 껍데기 배당 4조합 제외(값: [859.9])
[각질편성] 오다와라 4경주: 선행3·선입0·추입6 → ⚡ 빠른 페이스
[경륜전개] 오다와라 4경주: 보통 · 라인 3개 · 페어 [[5, 3], [1, 7], [9, 2]]
[잔존마 필터] 삿포로 6경주: 전적 10두 → 배당 출전마 9두 (배당 없는 마번 제외: [10])
[각질편성] 삿포로 6경주: 선행0·선입0·추입0 → 🐌 느린 페이스
[잔존마 필터] 삿포로 6경주: 전적 10두 → 배당 출전마 9두 (배당 없는 마번 제외: [10])
[잔존마 필터] 삿포로 6경주: 전적 10두 → 배당 출전마 9두 (배당 없는 마번 제외: [10])
[각질편성] 삿포로 6경주: 선행0·선입0·추입0 → 🐌 느린 페이스
[각질편성] 삿포로 6경주: 선행0·선입0·추입0 → 🐌 느린 페이스
[3종 수집] 오다와라 5경주: {'quinella': 36, 'exacta': 72, 'trio': 0, 'win': 0} (history 12)
[3종 수집] 기후 5경주: {'quinella': 21, 'exacta': 42, 'trio': 0, 'win': 0} (history 2)
[placeholder 필터] 기후 5경주 쌍승 껍데기 배당 3조합 제외(값: [162.7])
[각질편성] 기후 5경주: 선행2·선입0·추입5 → 보통 페이스
[경륜전개] 기후 5경주: 보통 · 라인 2개 · 페어 [[1, 5], [3, 7]]
[복병 이동 상한] 2+3 83.7배 > 특별상한 50.0배 → 💎 노출 제외(참고)
[복병 이동 상한] 2+7 83.7배 > 특별상한 50.0배 → 💎 노출 제외(참고)
[경륜 추천 모순 수정] 고배당 강제조합 2건 메인→복병 이동(25배 상한)
[자동분석·배경] 기후 5경주: 마감 559초 전 재분석(rec_history 누적·cycle)
[잔존마 필터] 삿포로 6경주: 전적 10두 → 배당 출전마 9두 (배당 없는 마번 제외: [10])
[각질편성] 삿포로 6경주: 선행0·선입0·추입0 → 🐌 느린 페이스
[placeholder 필터] 오다와라 4경주 쌍승 껍데기 배당 4조합 제외(값: [859.9])
[각질편성] 오다와라 4경주: 선행3·선입0·추입6 → ⚡ 빠른 페이스
[경륜전개] 오다와라 4경주: 보통 · 라인 3개 · 페어 [[5, 3], [1, 7], [9, 2]]
[잔존마 필터] 삿포로 6경주: 전적 10두 → 배당 출전마 9두 (배당 없는 마번 제외: [10])
[placeholder 필터] 오다와라 4경주 쌍승 껍데기 배당 4조합 제외(값: [859.9])
[각질편성] 삿포로 6경주: 선행0·선입0·추입0 → 🐌 느린 페이스
[각질편성] 아오모리 4경주: 선행2·선입0·추입5 → 보통 페이스
[각질편성] 오다와라 4경주: 선행3·선입0·추입6 → ⚡ 빠른 페이스
[경륜전개] 아오모리 4경주: 슬로우(단독 선행) · 라인 2개 · 페어 [[2, 7], [4, 1]]
[잔존마 필터] 삿포로 6경주: 전적 10두 → 배당 출전마 9두 (배당 없는 마번 제외: [10])
[잔존마 필터] 삿포로 6경주: 전적 10두 → 배당 출전마 9두 (배당 없는 마번 제외: [10])
[경륜전개] 오다와라 4경주: 보통 · 라인 3개 · 페어 [[5, 3], [1, 7], [9, 2]]
[복승불일치 축교정] 아오모리 4경주: 축 [1, 4]로 교정(자금이탈 강등 [7]·🔴🔴)
[각질편성] 삿포로 6경주: 선행0·선입0·추입0 → 🐌 느린 페이스
[각질편성] 삿포로 6경주: 선행0·선입0·추입0 → 🐌 느린 페이스
[잔존마 필터] 삿포로 6경주: 전적 10두 → 배당 출전마 9두 (배당 없는 마번 제외: [10])
[각질편성] 삿포로 6경주: 선행0·선입0·추입0 → 🐌 느린 페이스
[각질편성] 호후 4경주: 선행2·선입0·추입5 → 보통 페이스
[한국 전적] 삿포로 6경주: 10두 저장(PDF, 전적 10두)
[잔존마 필터] 삿포로 6경주: 전적 10두 → 배당 출전마 9두 (배당 없는 마번 제외: [10])
[각질편성] 삿포로 6경주: 선행0·선입0·추입0 → 🐌 느린 페이스
[분석로그] 저장 실패: [WinError 32] 다른 프로세스가 파일을 사용 중이기 때문에 프로세스가 액세스 할 수 없습니다: 'C:\\Users\\Administrator\\Desktop\\경마분석서버\\data\\analysis_log\\2026_08_01_삿포로_6경주.json.tmp' -> 'C:\\Users\\Administrator\\Desktop\\경마분석서버\\data\\analysis_log\\2026_08_01_삿포로_6경주.json'
[각질편성] 아오모리 5경주: 선행2·선입0·추입5 → 보통 페이스
[경륜전개] 아오모리 5경주: 보통 · 라인 2개 · 페어 [[3, 4], [5, 1]]
[복승불일치 축교정] 아오모리 5경주: 축 [1, 3]로 교정(자금이탈 강등 [6]·🔴)
[각질편성] 호후 5경주: 선행3·선입0·추입4 → ⚡ 빠른 페이스
[경륜전개] 호후 5경주: 보통 · 라인 3개 · 페어 [[5, 1], [4, 2], [3, 7]]
[각질편성] 아오모리 6경주: 선행4·선입0·추입3 → ⚡ 빠른 페이스
[경륜전개] 아오모리 6경주: 하이(주도권 경합) · 라인 4개 · 페어 [[1, 3], [7, 4], [6, 2]]
[placeholder 필터] 호후 6경주 쌍승 껍데기 배당 3조합 제외(값: [300.2])
[각질편성] 호후 6경주: 선행5·선입0·추입2 → ⚡ 빠른 페이스
[경륜전개] 호후 6경주: 보통 · 라인 5개 · 페어 [[5, 1], [4, 2]]
[placeholder 필터] 아오모리 7경주 쌍승 껍데기 배당 3조합 제외(값: [1703.0])
[각질편성] 아오모리 7경주: 선행5·선입0·추입2 → ⚡ 빠른 페이스
[경륜전개] 아오모리 7경주: 슬로우(단독 선행) · 라인 5개 · 페어 [[4, 5], [3, 7]]
[각질편성] 호후 7경주: 선행5·선입0·추입2 → ⚡ 빠른 페이스
[경륜전개] 호후 7경주: 하이(주도권 경합) · 라인 5개 · 페어 [[5, 2], [3, 7]]
[한국이력 검역] 거부 — 파일=부산 6R / 본문 raceKey=삿포로 6경주 (경마장 불일치)
[각질편성] 사세보 1경주: 선행2·선입0·추입5 → 보통 페이스
[경륜전개] 사세보 1경주: 보통 · 라인 2개 · 페어 [[1, 5], [6, 2]]
[각질편성] 오다와라 1경주: 선행5·선입0·추입4 → ⚡ 빠른 페이스
[경륜전개] 오다와라 1경주: 보통 · 라인 5개 · 페어 [[1, 5], [7, 3]]
[각질편성] 기후 1경주: 선행2·선입0·추입5 → 보통 페이스
[경륜전개] 기후 1경주: 보통 · 라인 2개 · 페어 [[7, 3], [1, 4]]
[각질편성] 사세보 2경주: 선행2·선입0·추입5 → 보통 페이스
[경륜전개] 사세보 2경주: 보통 · 라인 2개 · 페어 [[7, 2], [5, 1]]
[복승불일치 축교정] 사세보 2경주: 축 [2, 7]로 교정(자금이탈 강등 [1]·🔴🔴)
[각질편성] 오다와라 2경주: 선행4·선입0·추입5 → ⚡ 빠른 페이스
[경륜전개] 오다와라 2경주: 슬로우(단독 선행) · 라인 4개 · 페어 [[2, 7], [9, 1], [6, 4], [8, 3]]
[각질편성] 기후 2경주: 선행3·선입0·추입4 → ⚡ 빠른 페이스
[경륜전개] 기후 2경주: 하이(주도권 경합) · 라인 3개 · 페어 [[3, 4], [7, 2], [6, 1]]
[복승불일치 축교정] 기후 2경주: 축 [3, 4]로 교정(자금이탈 강등 [6]·🔴🔴)
[결과기록] 캐시 갱신 — 재파싱 3건 / 전체 1675건
[각질편성] 사세보 3경주: 선행4·선입0·추입3 → ⚡ 빠른 페이스
[경륜전개] 사세보 3경주: 하이(주도권 경합) · 라인 4개 · 페어 [[5, 1], [6, 2]]
[각질편성] 오다와라 3경주: 선행3·선입0·추입6 → ⚡ 빠른 페이스
[경륜전개] 오다와라 3경주: 슬로우(단독 선행) · 라인 3개 · 페어 [[2, 8], [5, 1], [3, 9]]
[각질편성] 기후 3경주: 선행3·선입0·추입4 → ⚡ 빠른 페이스
[경륜전개] 기후 3경주: 보통 · 라인 3개 · 페어 [[5, 7], [4, 3], [6, 1]]
[복승불일치 축교정] 기후 3경주: 축 [5, 7]로 교정(자금이탈 강등 [4]·🔴🔴)
[잔존마 필터] 삿포로 6경주: 전적 10두 → 배당 출전마 9두 (배당 없는 마번 제외: [10])
[각질편성] 삿포로 6경주: 선행0·선입0·추입0 → 🐌 느린 페이스
[각질편성] 사세보 4경주: 선행1·선입0·추입6 → 🐌 느린 페이스
[경륜전개] 사세보 4경주: 슬로우(단독 선행) · 라인 2개 · 페어 [[1, 4], [7, 3]]
[placeholder 필터] 오다와라 4경주 쌍승 껍데기 배당 4조합 제외(값: [859.9])
[각질편성] 오다와라 4경주: 선행3·선입0·추입6 → ⚡ 빠른 페이스
[경륜전개] 오다와라 4경주: 보통 · 라인 3개 · 페어 [[5, 3], [1, 7], [9, 2]]
[각질편성] 기후 4경주: 선행2·선입0·추입5 → 보통 페이스
[경륜전개] 기후 4경주: 보통 · 라인 2개 · 페어 [[2, 7], [6, 1]]
[각질편성] 사세보 5경주: 선행3·선입0·추입4 → ⚡ 빠른 페이스
[경륜전개] 사세보 5경주: 보통 · 라인 3개 · 페어 [[1, 7], [4, 2]]
[각질편성] 오다와라 5경주: 선행3·선입0·추입6 → ⚡ 빠른 페이스
[경륜전개] 오다와라 5경주: 슬로우(단독 선행) · 라인 3개 · 페어 [[2, 5], [1, 8], [3, 7]]
[placeholder 필터] 기후 5경주 쌍승 껍데기 배당 3조합 제외(값: [162.7])
[각질편성] 기후 5경주: 선행2·선입0·추입5 → 보통 페이스
[경륜전개] 기후 5경주: 보통 · 라인 2개 · 페어 [[1, 5], [3, 7]]
[복병 이동 상한] 2+3 83.7배 > 특별상한 50.0배 → 💎 노출 제외(참고)
[복병 이동 상한] 2+7 83.7배 > 특별상한 50.0배 → 💎 노출 제외(참고)
[경륜 추천 모순 수정] 고배당 강제조합 2건 메인→복병 이동(25배 상한)
[placeholder 필터] 삿포로 5경주 복승 껍데기 배당 12조합 제외(값: [99999.9])
[잔존마 필터] 삿포로 5경주: 전적 11두 → 배당 출전마 10두 (배당 없는 마번 제외: [4])
[각질편성] 삿포로 5경주: 선행0·선입0·추입0 → 🐌 느린 페이스
[잔존마 필터] 삿포로 6경주: 전적 10두 → 배당 출전마 9두 (배당 없는 마번 제외: [10])
[각질편성] 삿포로 6경주: 선행0·선입0·추입0 → 🐌 느린 페이스
[잔존마 필터] 삿포로 6경주: 전적 10두 → 배당 출전마 9두 (배당 없는 마번 제외: [10])
[각질편성] 삿포로 6경주: 선행0·선입0·추입0 → 🐌 느린 페이스
[3종 수집] 삿포로 6경주: {'quinella': 36, 'exacta': 0, 'trio': 84, 'win': 0} (history 3)
[JRA수집] 1경주 수집 · 0경주 생략(확장 우선) · 0.25초 · 🔬관찰모드
[3종 수집] 오다와라 5경주: {'quinella': 36, 'exacta': 72, 'trio': 0, 'win': 0} (history 12)
[3종 수집] 기후 5경주: {'quinella': 21, 'exacta': 42, 'trio': 0, 'win': 0} (history 3)
[각질편성] 기후 5경주: 선행2·선입0·추입5 → 보통 페이스
[경륜전개] 기후 5경주: 보통 · 라인 2개 · 페어 [[1, 5], [3, 7]]
[복병 이동 상한] 2+3 83.7배 > 특별상한 50.0배 → 💎 노출 제외(참고)
[복병 이동 상한] 2+7 83.7배 > 특별상한 50.0배 → 💎 노출 제외(참고)
[경륜 추천 모순 수정] 고배당 강제조합 2건 메인→복병 이동(25배 상한)
[자동분석·배경] 기후 5경주: 마감 527초 전 재분석(rec_history 누적·cycle)
[잔존마 필터] 삿포로 6경주: 전적 10두 → 배당 출전마 9두 (배당 없는 마번 제외: [10])
[잔존마 필터] 삿포로 6경주: 전적 10두 → 배당 출전마 9두 (배당 없는 마번 제외: [10])
[각질편성] 삿포로 6경주: 선행0·선입0·추입0 → 🐌 느린 페이스
[각질편성] 삿포로 6경주: 선행0·선입0·추입0 → 🐌 느린 페이스
[경륜 추천 모순 수정] 고배당 강제조합 1건 메인→복병 이동(25배 상한)
[경륜 추천 모순 수정] 고배당 강제조합 1건 메인→복병 이동(25배 상한)
[분석로그] 저장 실패: [WinError 32] 다른 프로세스가 파일을 사용 중이기 때문에 프로세스가 액세스 할 수 없습니다: 'C:\\Users\\Administrator\\Desktop\\경마분석서버\\data\\analysis_log\\2026_08_01_삿포로_6경주.json.tmp' -> 'C:\\Users\\Administrator\\Desktop\\경마분석서버\\data\\analysis_log\\2026_08_01_삿포로_6경주.json'
[잔존마 필터] 삿포로 6경주: 전적 10두 → 배당 출전마 9두 (배당 없는 마번 제외: [10])
[각질편성] 삿포로 6경주: 선행0·선입0·추입0 → 🐌 느린 페이스
[경륜 추천 모순 수정] 고배당 강제조합 1건 메인→복병 이동(25배 상한)
[잔존마 필터] 삿포로 6경주: 전적 10두 → 배당 출전마 9두 (배당 없는 마번 제외: [10])
[각질편성] 삿포로 6경주: 선행0·선입0·추입0 → 🐌 느린 페이스
[경륜 추천 모순 수정] 고배당 강제조합 1건 메인→복병 이동(25배 상한)
[잔존마 필터] 삿포로 6경주: 전적 10두 → 배당 출전마 9두 (배당 없는 마번 제외: [10])
[각질편성] 삿포로 6경주: 선행0·선입0·추입0 → 🐌 느린 페이스
[잔존마 필터] 삿포로 6경주: 전적 10두 → 배당 출전마 9두 (배당 없는 마번 제외: [10])
[각질편성] 삿포로 6경주: 선행0·선입0·추입0 → 🐌 느린 페이스
[경륜 추천 모순 수정] 고배당 강제조합 1건 메인→복병 이동(25배 상한)
[경륜 추천 모순 수정] 고배당 강제조합 1건 메인→복병 이동(25배 상한)
[placeholder 필터] 오다와라 4경주 쌍승 껍데기 배당 4조합 제외(값: [859.9])
[각질편성] 오다와라 4경주: 선행3·선입0·추입6 → ⚡ 빠른 페이스
[경륜전개] 오다와라 4경주: 보통 · 라인 3개 · 페어 [[5, 3], [1, 7], [9, 2]]
[placeholder 필터] 오다와라 4경주 쌍승 껍데기 배당 4조합 제외(값: [859.9])
[각질편성] 아오모리 4경주: 선행2·선입0·추입5 → 보통 페이스
[경륜전개] 아오모리 4경주: 슬로우(단독 선행) · 라인 2개 · 페어 [[2, 7], [4, 1]]
[잔존마 필터] 삿포로 6경주: 전적 10두 → 배당 출전마 9두 (배당 없는 마번 제외: [10])
[각질편성] 오다와라 4경주: 선행3·선입0·추입6 → ⚡ 빠른 페이스
[경륜전개] 오다와라 4경주: 보통 · 라인 3개 · 페어 [[5, 3], [1, 7], [9, 2]]
[각질편성] 삿포로 6경주: 선행0·선입0·추입0 → 🐌 느린 페이스
[잔존마 필터] 삿포로 6경주: 전적 10두 → 배당 출전마 9두 (배당 없는 마번 제외: [10])
[복승불일치 축교정] 아오모리 4경주: 축 [1, 4]로 교정(자금이탈 강등 [7]·🔴🔴)
[잔존마 필터] 삿포로 6경주: 전적 10두 → 배당 출전마 9두 (배당 없는 마번 제외: [10])
[잔존마 필터] 삿포로 6경주: 전적 10두 → 배당 출전마 9두 (배당 없는 마번 제외: [10])
[각질편성] 삿포로 6경주: 선행0·선입0·추입0 → 🐌 느린 페이스
[각질편성] 삿포로 6경주: 선행0·선입0·추입0 → 🐌 느린 페이스
[각질편성] 삿포로 6경주: 선행0·선입0·추입0 → 🐌 느린 페이스
[경륜 추천 모순 수정] 고배당 강제조합 1건 메인→복병 이동(25배 상한)
[경륜 추천 모순 수정] 고배당 강제조합 1건 메인→복병 이동(25배 상한)
[경륜 추천 모순 수정] 고배당 강제조합 1건 메인→복병 이동(25배 상한)
[각질편성] 호후 4경주: 선행2·선입0·추입5 → 보통 페이스
[경륜전개] 호후 4경주: 보통 · 라인 2개 · 페어 [[2, 7], [3, 4]]
[3종 수집] 오다와라 5경주: {'quinella': 36, 'exacta': 72, 'trio': 0, 'win': 0} (history 12)
[경륜 추천 모순 수정] 고배당 강제조합 1건 메인→복병 이동(25배 상한)
[한국 전적] 삿포로 6경주: 10두 저장(PDF, 전적 10두)
[경륜 득점갭] 오다와라 5경주: 5번 득점 1위 갭 6.2 → +5 가점
[분석로그] 저장 실패: [WinError 32] 다른 프로세스가 파일을 사용 중이기 때문에 프로세스가 액세스 할 수 없습니다: 'C:\\Users\\Administrator\\Desktop\\경마분석서버\\data\\analysis_log\\2026_08_01_삿포로_6경주.json.tmp' -> 'C:\\Users\\Administrator\\Desktop\\경마분석서버\\data\\analysis_log\\2026_08_01_삿포로_6경주.json'
[경륜 전적·자동] 오다와라 5경주: 9두 수집(競走得点·절대등급 A/B/C/D·라인[1, 8, 6, 2, 5, 9, 3, 7, 4]) → 통합등급 자동 반영
[복승불일치 축교정] 아오모리 5경주: 축 [1, 3]로 교정(자금이탈 강등 [6]·🔴)
[경륜 득점갭] 기후 5경주: 5번 득점 1위 갭 5.8 → +5 가점
[경륜 전적·자동] 기후 5경주: 7두 수집(競走得点·절대등급 A/B/C/D·라인[1, 5, 4, 2, 3, 7, 6]) → 통합등급 자동 반영
[3종 수집] 기후 5경주: {'quinella': 21, 'exacta': 42, 'trio': 0, 'win': 0} (history 4)
[placeholder 필터] 호후 6경주 쌍승 껍데기 배당 3조합 제외(값: [300.2])
[복승불일치 축교정] 호후 6경주: 축 [1, 5]로 교정(자금이탈 강등 [7]·🔴)
[각질편성] 기후 5경주: 선행2·선입0·추입5 → 보통 페이스
[경륜전개] 기후 5경주: 보통 · 라인 2개 · 페어 [[1, 5], [3, 7]]
[placeholder 필터] 아오모리 7경주 쌍승 껍데기 배당 3조합 제외(값: [1703.0])
[복병 이동 상한] 2+3 75.7배 > 특별상한 50.0배 → 💎 노출 제외(참고)
[경륜 추천 모순 수정] 고배당 강제조합 2건 메인→복병 이동(25배 상한)
[자동분석·배경] 기후 5경주: 마감 495초 전 재분석(rec_history 누적·cycle)
[각질편성] 오다와라 5경주: 선행3·선입0·추입6 → ⚡ 빠른 페이스
[경륜전개] 오다와라 5경주: 슬로우(단독 선행) · 라인 3개 · 페어 [[2, 5], [1, 8], [3, 7]]
[한국이력 검역] 거부 — 파일=부산 6R / 본문 raceKey=삿포로 6경주 (경마장 불일치)
[복승불일치 축교정] 호후 7경주: 축 [2, 5]로 교정(자금이탈 강등 [1]·🔴🔴)
[복승불일치 축교정] 사세보 2경주: 축 [2, 7]로 교정(자금이탈 강등 [1]·🔴🔴)
[결과기록] 캐시 갱신 — 재파싱 2건 / 전체 1675건
[복승불일치 축교정] 기후 2경주: 축 [3, 4]로 교정(자금이탈 강등 [6]·🔴🔴)
[복승불일치 축교정] 사세보 3경주: 축 [1, 5]로 교정(자금이탈 강등 [7]·🔴🔴)
[복승불일치 축교정] 오다와라 3경주: 축 [3, 9]로 교정(자금이탈 강등 [1]·🔴)
[복승불일치 축교정] 기후 3경주: 축 [5, 7]로 교정(자금이탈 강등 [4]·🔴🔴)
[복승불일치 축교정] 사세보 4경주: 축 [1, 4]로 교정(자금이탈 강등 [7]·🔴🔴)
[placeholder 필터] 오다와라 4경주 쌍승 껍데기 배당 4조합 제외(값: [859.9])
[복승불일치 축교정] 기후 4경주: 축 [1, 4]로 교정(자금이탈 강등 [2]·🔴🔴)
[각질편성] 오다와라 5경주: 선행3·선입0·추입6 → ⚡ 빠른 페이스
[경륜전개] 오다와라 5경주: 슬로우(단독 선행) · 라인 3개 · 페어 [[2, 5], [1, 8], [3, 7]]
[각질편성] 기후 5경주: 선행2·선입0·추입5 → 보통 페이스
[경륜전개] 기후 5경주: 보통 · 라인 2개 · 페어 [[1, 5], [3, 7]]
[복병 이동 상한] 2+3 83.7배 > 특별상한 50.0배 → 💎 노출 제외(참고)
[복병 이동 상한] 2+7 83.7배 > 특별상한 50.0배 → 💎 노출 제외(참고)
[경륜 추천 모순 수정] 고배당 강제조합 2건 메인→복병 이동(25배 상한)
[placeholder 필터] 삿포로 5경주 복승 껍데기 배당 12조합 제외(값: [99999.9])
[3종 수집] 삿포로 6경주: {'quinella': 36, 'exacta': 0, 'trio': 84, 'win': 0} (history 4)
[JRA수집] 1경주 수집 · 0경주 생략(확장 우선) · 0.31초 · 🔬관찰모드
[3종 수집] 오다와라 5경주: {'quinella': 36, 'exacta': 72, 'trio': 0, 'win': 0} (history 12)
[3종 수집] 기후 5경주: {'quinella': 21, 'exacta': 42, 'trio': 0, 'win': 0} (history 5)
[각질편성] 기후 5경주: 선행2·선입0·추입5 → 보통 페이스
[경륜전개] 기후 5경주: 보통 · 라인 2개 · 페어 [[1, 5], [3, 7]]
[복병 이동 상한] 2+3 76.9배 > 특별상한 50.0배 → 💎 노출 제외(참고)
[경륜 추천 모순 수정] 고배당 강제조합 2건 메인→복병 이동(25배 상한)
[자동분석·배경] 기후 5경주: 마감 457초 전 재분석(rec_history 누적·cycle)
[스냅샷] 저장: 2026_08_01_삿포로_6경주_T-10.png (654 KB · T-10)
[스냅샷] 저장: 2026_08_01_삿포로_6경주_T-10.png (660 KB · T-10)
[placeholder 필터] 오다와라 4경주 쌍승 껍데기 배당 4조합 제외(값: [859.9])
[placeholder 필터] 오다와라 4경주 쌍승 껍데기 배당 4조합 제외(값: [859.9])
[복승불일치 축교정] 아오모리 4경주: 축 [1, 4]로 교정(자금이탈 강등 [7]·🔴🔴)
[한국 전적] 삿포로 6경주: 10두 저장(PDF, 전적 10두)
[잔존마 필터] 삿포로 6경주: 전적 10두 → 배당 출전마 9두 (배당 없는 마번 제외: [10])
[각질편성] 삿포로 6경주: 선행0·선입0·추입0 → 🐌 느린 페이스
[분석로그] 저장 실패: [WinError 32] 다른 프로세스가 파일을 사용 중이기 때문에 프로세스가 액세스 할 수 없습니다: 'C:\\Users\\Administrator\\Desktop\\경마분석서버\\data\\analysis_log\\2026_08_01_삿포로_6경주.json.tmp' -> 'C:\\Users\\Administrator\\Desktop\\경마분석서버\\data\\analysis_log\\2026_08_01_삿포로_6경주.json'
[복승불일치 축교정] 아오모리 5경주: 축 [1, 3]로 교정(자금이탈 강등 [6]·🔴)
[placeholder 필터] 호후 6경주 쌍승 껍데기 배당 3조합 제외(값: [300.2])
[복승불일치 축교정] 호후 6경주: 축 [1, 5]로 교정(자금이탈 강등 [7]·🔴)
[placeholder 필터] 아오모리 7경주 쌍승 껍데기 배당 3조합 제외(값: [1703.0])
[복승불일치 축교정] 호후 7경주: 축 [2, 5]로 교정(자금이탈 강등 [1]·🔴🔴)
[한국이력 검역] 거부 — 파일=부산 6R / 본문 raceKey=삿포로 6경주 (경마장 불일치)
[복승불일치 축교정] 사세보 2경주: 축 [2, 7]로 교정(자금이탈 강등 [1]·🔴🔴)
[복승불일치 축교정] 기후 2경주: 축 [3, 4]로 교정(자금이탈 강등 [6]·🔴🔴)
[복승불일치 축교정] 사세보 3경주: 축 [1, 5]로 교정(자금이탈 강등 [7]·🔴🔴)
[복승불일치 축교정] 오다와라 3경주: 축 [3, 9]로 교정(자금이탈 강등 [1]·🔴)
[복승불일치 축교정] 기후 3경주: 축 [5, 7]로 교정(자금이탈 강등 [4]·🔴🔴)
[복승불일치 축교정] 사세보 4경주: 축 [1, 4]로 교정(자금이탈 강등 [7]·🔴🔴)
[placeholder 필터] 오다와라 4경주 쌍승 껍데기 배당 4조합 제외(값: [859.9])
[복승불일치 축교정] 기후 4경주: 축 [1, 4]로 교정(자금이탈 강등 [2]·🔴🔴)
[결과기록] 캐시 갱신 — 재파싱 2건 / 전체 1675건
[각질편성] 오다와라 5경주: 선행3·선입0·추입6 → ⚡ 빠른 페이스
[경륜전개] 오다와라 5경주: 슬로우(단독 선행) · 라인 3개 · 페어 [[2, 5], [1, 8], [3, 7]]
[잔존마 필터] 삿포로 6경주: 전적 10두 → 배당 출전마 9두 (배당 없는 마번 제외: [10])
[잔존마 필터] 삿포로 6경주: 전적 10두 → 배당 출전마 9두 (배당 없는 마번 제외: [10])
[각질편성] 삿포로 6경주: 선행0·선입0·추입0 → 🐌 느린 페이스
[각질편성] 삿포로 6경주: 선행0·선입0·추입0 → 🐌 느린 페이스
[각질편성] 기후 5경주: 선행2·선입0·추입5 → 보통 페이스
[경륜전개] 기후 5경주: 보통 · 라인 2개 · 페어 [[1, 5], [3, 7]]
[분석로그] 저장 실패: [Errno 13] Permission denied: 'C:\\Users\\Administrator\\Desktop\\경마분석서버\\data\\analysis_log\\2026_08_01_삿포로_6경주.json.tmp'
[복병 이동 상한] 2+3 76.9배 > 특별상한 50.0배 → 💎 노출 제외(참고)
[경륜 추천 모순 수정] 고배당 강제조합 2건 메인→복병 이동(25배 상한)
[placeholder 필터] 삿포로 5경주 복승 껍데기 배당 12조합 제외(값: [99999.9])
[잔존마 필터] 삿포로 6경주: 전적 10두 → 배당 출전마 9두 (배당 없는 마번 제외: [10])
[각질편성] 삿포로 6경주: 선행0·선입0·추입0 → 🐌 느린 페이스
[3종 수집] 기후 5경주: {'quinella': 21, 'exacta': 42, 'trio': 0, 'win': 0} (history 6)
[3종 수집] 오다와라 5경주: {'quinella': 36, 'exacta': 72, 'trio': 0, 'win': 0} (history 12)
[각질편성] 기후 5경주: 선행2·선입0·추입5 → 보통 페이스
[경륜전개] 기후 5경주: 보통 · 라인 2개 · 페어 [[1, 5], [3, 7]]
[복병 이동 상한] 2+3 76.9배 > 특별상한 50.0배 → 💎 노출 제외(참고)
[경륜 추천 모순 수정] 고배당 강제조합 2건 메인→복병 이동(25배 상한)
🔎 [결정론 검수] 기후 5경주: B라인누락
[자동분석·배경] 기후 5경주: 마감 425초 전 재분석(rec_history 누적·cycle)
[각질편성] 기후 5경주: 선행2·선입0·추입5 → 보통 페이스
[경륜전개] 기후 5경주: 보통 · 라인 2개 · 페어 [[1, 5], [3, 7]]
[복병 이동 상한] 2+3 76.9배 > 특별상한 50.0배 → 💎 노출 제외(참고)
[경륜 추천 모순 수정] 고배당 강제조합 2건 메인→복병 이동(25배 상한)
[카카오알림] 기후 5경주 T-7 → 큐 적재
[잔존마 필터] 삿포로 6경주: 전적 10두 → 배당 출전마 9두 (배당 없는 마번 제외: [10])
[각질편성] 삿포로 6경주: 선행0·선입0·추입0 → 🐌 느린 페이스
[3종 수집] 삿포로 6경주: {'quinella': 36, 'exacta': 0, 'trio': 84, 'win': 0} (history 5)
[JRA수집] 1경주 수집 · 0경주 생략(확장 우선) · 0.44초 · 🔬관찰모드
[잔존마 필터] 삿포로 6경주: 전적 10두 → 배당 출전마 9두 (배당 없는 마번 제외: [10])
[각질편성] 삿포로 6경주: 선행0·선입0·추입0 → 🐌 느린 페이스
[KRA 자동수집] 부산 6경주 1800M 자동해제(연속 실패 20회: 데이터 없음(발매 전·비경주일 가능)) — 할당량 보호
[잔존마 필터] 삿포로 6경주: 전적 10두 → 배당 출전마 9두 (배당 없는 마번 제외: [10])
[잔존마 필터] 삿포로 6경주: 전적 10두 → 배당 출전마 9두 (배당 없는 마번 제외: [10])
[각질편성] 삿포로 6경주: 선행0·선입0·추입0 → 🐌 느린 페이스
[각질편성] 삿포로 6경주: 선행0·선입0·추입0 → 🐌 느린 페이스
[분석로그] 저장 실패: [WinError 32] 다른 프로세스가 파일을 사용 중이기 때문에 프로세스가 액세스 할 수 없습니다: 'C:\\Users\\Administrator\\Desktop\\경마분석서버\\data\\analysis_log\\2026_08_01_삿포로_6경주.json.tmp' -> 'C:\\Users\\Administrator\\Desktop\\경마분석서버\\data\\analysis_log\\2026_08_01_삿포로_6경주.json'
[다중경주] 하트비트 #51 · 스케줄 ymd=20260801 (-1초 전 갱신 · 트랙 12개)
[3종 수집] 기후 5경주: {'quinella': 21, 'exacta': 42, 'trio': 0, 'win': 0} (history 7)
[각질편성] 기후 5경주: 선행2·선입0·추입5 → 보통 페이스
[경륜전개] 기후 5경주: 보통 · 라인 2개 · 페어 [[1, 5], [3, 7]]
[복병 이동 상한] 2+3 84.2배 > 특별상한 50.0배 → 💎 노출 제외(참고)
[경륜 추천 모순 수정] 고배당 강제조합 2건 메인→복병 이동(25배 상한)
[단통 상한] 메인 2개 · 복병이동 1개
[자동분석·배경] 기후 5경주: 마감 391초 전 재분석(rec_history 누적·cycle)
[잔존마 필터] 삿포로 6경주: 전적 10두 → 배당 출전마 9두 (배당 없는 마번 제외: [10])
[각질편성] 삿포로 6경주: 선행0·선입0·추입0 → 🐌 느린 페이스
[잔존마 필터] 삿포로 6경주: 전적 10두 → 배당 출전마 9두 (배당 없는 마번 제외: [10])
[각질편성] 삿포로 6경주: 선행0·선입0·추입0 → 🐌 느린 페이스
[placeholder 필터] 오다와라 4경주 쌍승 껍데기 배당 4조합 제외(값: [859.9])
[placeholder 필터] 오다와라 4경주 쌍승 껍데기 배당 4조합 제외(값: [859.9])
[잔존마 필터] 삿포로 6경주: 전적 10두 → 배당 출전마 9두 (배당 없는 마번 제외: [10])
[복승불일치 축교정] 아오모리 4경주: 축 [1, 4]로 교정(자금이탈 강등 [7]·🔴🔴)
[각질편성] 삿포로 6경주: 선행0·선입0·추입0 → 🐌 느린 페이스
[잔존마 필터] 삿포로 6경주: 전적 10두 → 배당 출전마 9두 (배당 없는 마번 제외: [10])
[잔존마 필터] 삿포로 6경주: 전적 10두 → 배당 출전마 9두 (배당 없는 마번 제외: [10])
[잔존마 필터] 삿포로 6경주: 전적 10두 → 배당 출전마 9두 (배당 없는 마번 제외: [10])
[각질편성] 삿포로 6경주: 선행0·선입0·추입0 → 🐌 느린 페이스
[각질편성] 삿포로 6경주: 선행0·선입0·추입0 → 🐌 느린 페이스
[각질편성] 삿포로 6경주: 선행0·선입0·추입0 → 🐌 느린 페이스
[한국 전적] 삿포로 6경주: 10두 저장(PDF, 전적 10두)
[잔존마 필터] 삿포로 6경주: 전적 10두 → 배당 출전마 9두 (배당 없는 마번 제외: [10])
[분석로그] 저장 실패: [WinError 32] 다른 프로세스가 파일을 사용 중이기 때문에 프로세스가 액세스 할 수 없습니다: 'C:\\Users\\Administrator\\Desktop\\경마분석서버\\data\\analysis_log\\2026_08_01_삿포로_6경주.json.tmp' -> 'C:\\Users\\Administrator\\Desktop\\경마분석서버\\data\\analysis_log\\2026_08_01_삿포로_6경주.json'
[각질편성] 삿포로 6경주: 선행0·선입0·추입0 → 🐌 느린 페이스
[복승불일치 축교정] 아오모리 5경주: 축 [1, 3]로 교정(자금이탈 강등 [6]·🔴)
[placeholder 필터] 호후 6경주 쌍승 껍데기 배당 3조합 제외(값: [300.2])
[복승불일치 축교정] 호후 6경주: 축 [1, 5]로 교정(자금이탈 강등 [7]·🔴)
[placeholder 필터] 아오모리 7경주 쌍승 껍데기 배당 3조합 제외(값: [1703.0])
[복승불일치 축교정] 호후 7경주: 축 [2, 5]로 교정(자금이탈 강등 [1]·🔴🔴)
[한국이력 검역] 거부 — 파일=부산 6R / 본문 raceKey=삿포로 6경주 (경마장 불일치)
[복승불일치 축교정] 사세보 2경주: 축 [2, 7]로 교정(자금이탈 강등 [1]·🔴🔴)
[복승불일치 축교정] 기후 2경주: 축 [3, 4]로 교정(자금이탈 강등 [6]·🔴🔴)
[복승불일치 축교정] 사세보 3경주: 축 [1, 5]로 교정(자금이탈 강등 [7]·🔴🔴)
[복승불일치 축교정] 오다와라 3경주: 축 [3, 9]로 교정(자금이탈 강등 [1]·🔴)
[복승불일치 축교정] 기후 3경주: 축 [5, 7]로 교정(자금이탈 강등 [4]·🔴🔴)
[복승불일치 축교정] 사세보 4경주: 축 [1, 4]로 교정(자금이탈 강등 [7]·🔴🔴)
[placeholder 필터] 오다와라 4경주 쌍승 껍데기 배당 4조합 제외(값: [859.9])
[결과기록] 캐시 갱신 — 재파싱 2건 / 전체 1675건
[잔존마 필터] 삿포로 6경주: 전적 10두 → 배당 출전마 9두 (배당 없는 마번 제외: [10])
[잔존마 필터] 삿포로 6경주: 전적 10두 → 배당 출전마 9두 (배당 없는 마번 제외: [10])
[각질편성] 삿포로 6경주: 선행0·선입0·추입0 → 🐌 느린 페이스
[각질편성] 삿포로 6경주: 선행0·선입0·추입0 → 🐌 느린 페이스
[복승불일치 축교정] 기후 4경주: 축 [1, 4]로 교정(자금이탈 강등 [2]·🔴🔴)
[분석로그] 저장 실패: [WinError 32] 다른 프로세스가 파일을 사용 중이기 때문에 프로세스가 액세스 할 수 없습니다: 'C:\\Users\\Administrator\\Desktop\\경마분석서버\\data\\analysis_log\\2026_08_01_삿포로_6경주.json.tmp' -> 'C:\\Users\\Administrator\\Desktop\\경마분석서버\\data\\analysis_log\\2026_08_01_삿포로_6경주.json'
[각질편성] 오다와라 5경주: 선행3·선입0·추입6 → ⚡ 빠른 페이스
[경륜전개] 오다와라 5경주: 슬로우(단독 선행) · 라인 3개 · 페어 [[2, 5], [1, 8], [3, 7]]
[각질편성] 기후 5경주: 선행2·선입0·추입5 → 보통 페이스
[경륜전개] 기후 5경주: 보통 · 라인 2개 · 페어 [[1, 5], [3, 7]]
[복병 이동 상한] 2+3 84.2배 > 특별상한 50.0배 → 💎 노출 제외(참고)
[경륜 추천 모순 수정] 고배당 강제조합 2건 메인→복병 이동(25배 상한)
[단통 상한] 메인 2개 · 복병이동 1개
[placeholder 필터] 삿포로 5경주 복승 껍데기 배당 12조합 제외(값: [99999.9])
[잔존마 필터] 삿포로 6경주: 전적 10두 → 배당 출전마 9두 (배당 없는 마번 제외: [10])
[각질편성] 삿포로 6경주: 선행0·선입0·추입0 → 🐌 느린 페이스
[3종 수집] 기후 5경주: {'quinella': 21, 'exacta': 42, 'trio': 0, 'win': 0} (history 8)
[각질편성] 기후 5경주: 선행2·선입0·추입5 → 보통 페이스
[경륜전개] 기후 5경주: 보통 · 라인 2개 · 페어 [[1, 5], [3, 7]]
[복병 이동 상한] 2+3 84.2배 > 특별상한 50.0배 → 💎 노출 제외(참고)
[경륜 추천 모순 수정] 고배당 강제조합 2건 메인→복병 이동(25배 상한)
[단통 상한] 메인 2개 · 복병이동 1개
[자동분석·배경] 기후 5경주: 마감 359초 전 재분석(rec_history 누적·cycle)
[각질편성] 오다와라 5경주: 선행3·선입0·추입6 → ⚡ 빠른 페이스
[경륜전개] 오다와라 5경주: 슬로우(단독 선행) · 라인 3개 · 페어 [[2, 5], [1, 8], [3, 7]]
[잔존마 필터] 삿포로 6경주: 전적 10두 → 배당 출전마 9두 (배당 없는 마번 제외: [10])
[각질편성] 삿포로 6경주: 선행0·선입0·추입0 → 🐌 느린 페이스
[3종 수집] 삿포로 6경주: {'quinella': 36, 'exacta': 0, 'trio': 84, 'win': 0} (history 6)
[JRA수집] 1경주 수집 · 0경주 생략(확장 우선) · 0.47초 · 🔬관찰모드
[잔존마 필터] 삿포로 6경주: 전적 10두 → 배당 출전마 9두 (배당 없는 마번 제외: [10])
[각질편성] 삿포로 6경주: 선행0·선입0·추입0 → 🐌 느린 페이스
[경륜 추천 모순 수정] 고배당 강제조합 1건 메인→복병 이동(25배 상한)
[잔존마 필터] 삿포로 6경주: 전적 10두 → 배당 출전마 9두 (배당 없는 마번 제외: [10])
[각질편성] 삿포로 6경주: 선행0·선입0·추입0 → 🐌 느린 페이스
[경륜 추천 모순 수정] 고배당 강제조합 1건 메인→복병 이동(25배 상한)
[3종 수집] 기후 5경주: {'quinella': 21, 'exacta': 42, 'trio': 0, 'win': 0} (history 9)
[각질편성] 기후 5경주: 선행2·선입0·추입5 → 보통 페이스
[경륜전개] 기후 5경주: 보통 · 라인 2개 · 페어 [[1, 5], [3, 7]]
[복병 이동 상한] 2+3 84.2배 > 특별상한 50.0배 → 💎 노출 제외(참고)
[경륜 추천 모순 수정] 고배당 강제조합 2건 메인→복병 이동(25배 상한)
[단통 상한] 메인 2개 · 복병이동 1개
[자동분석·배경] 기후 5경주: 마감 327초 전 재분석(rec_history 누적·cycle)
[각질편성] 기후 5경주: 선행2·선입0·추입5 → 보통 페이스
[경륜전개] 기후 5경주: 보통 · 라인 2개 · 페어 [[1, 5], [3, 7]]
[복병 이동 상한] 2+3 84.2배 > 특별상한 50.0배 → 💎 노출 제외(참고)
[경륜 추천 모순 수정] 고배당 강제조합 2건 메인→복병 이동(25배 상한)
[단통 상한] 메인 2개 · 복병이동 1개
[잔존마 필터] 삿포로 6경주: 전적 10두 → 배당 출전마 9두 (배당 없는 마번 제외: [10])
[잔존마 필터] 삿포로 6경주: 전적 10두 → 배당 출전마 9두 (배당 없는 마번 제외: [10])
[각질편성] 삿포로 6경주: 선행0·선입0·추입0 → 🐌 느린 페이스
[각질편성] 삿포로 6경주: 선행0·선입0·추입0 → 🐌 느린 페이스
[카카오알림] 기후 5경주 T-5 → 큐 적재
[경륜 추천 모순 수정] 고배당 강제조합 1건 메인→복병 이동(25배 상한)
[경륜 추천 모순 수정] 고배당 강제조합 1건 메인→복병 이동(25배 상한)
[잔존마 필터] 삿포로 6경주: 전적 10두 → 배당 출전마 9두 (배당 없는 마번 제외: [10])
[각질편성] 삿포로 6경주: 선행0·선입0·추입0 → 🐌 느린 페이스
[경륜 추천 모순 수정] 고배당 강제조합 1건 메인→복병 이동(25배 상한)
[placeholder 필터] 오다와라 4경주 쌍승 껍데기 배당 4조합 제외(값: [859.9])
[placeholder 필터] 오다와라 4경주 쌍승 껍데기 배당 4조합 제외(값: [859.9])
[잔존마 필터] 삿포로 6경주: 전적 10두 → 배당 출전마 9두 (배당 없는 마번 제외: [10])
[각질편성] 삿포로 6경주: 선행0·선입0·추입0 → 🐌 느린 페이스
[잔존마 필터] 삿포로 6경주: 전적 10두 → 배당 출전마 9두 (배당 없는 마번 제외: [10])
[잔존마 필터] 삿포로 6경주: 전적 10두 → 배당 출전마 9두 (배당 없는 마번 제외: [10])
[각질편성] 삿포로 6경주: 선행0·선입0·추입0 → 🐌 느린 페이스
[각질편성] 삿포로 6경주: 선행0·선입0·추입0 → 🐌 느린 페이스
[복승불일치 축교정] 아오모리 4경주: 축 [1, 4]로 교정(자금이탈 강등 [7]·🔴🔴)
[잔존마 필터] 삿포로 6경주: 전적 10두 → 배당 출전마 9두 (배당 없는 마번 제외: [10])
[각질편성] 삿포로 6경주: 선행0·선입0·추입0 → 🐌 느린 페이스
[경륜 추천 모순 수정] 고배당 강제조합 1건 메인→복병 이동(25배 상한)
[경륜 추천 모순 수정] 고배당 강제조합 1건 메인→복병 이동(25배 상한)
[경륜 추천 모순 수정] 고배당 강제조합 1건 메인→복병 이동(25배 상한)
[경륜 추천 모순 수정] 고배당 강제조합 1건 메인→복병 이동(25배 상한)
[한국 전적] 삿포로 6경주: 10두 저장(PDF, 전적 10두)
[잔존마 필터] 삿포로 6경주: 전적 10두 → 배당 출전마 9두 (배당 없는 마번 제외: [10])
[각질편성] 삿포로 6경주: 선행0·선입0·추입0 → 🐌 느린 페이스
[분석로그] 저장 실패: [WinError 32] 다른 프로세스가 파일을 사용 중이기 때문에 프로세스가 액세스 할 수 없습니다: 'C:\\Users\\Administrator\\Desktop\\경마분석서버\\data\\analysis_log\\2026_08_01_삿포로_6경주.json.tmp' -> 'C:\\Users\\Administrator\\Desktop\\경마분석서버\\data\\analysis_log\\2026_08_01_삿포로_6경주.json'
[복승불일치 축교정] 아오모리 5경주: 축 [1, 3]로 교정(자금이탈 강등 [6]·🔴)
[경륜 추천 모순 수정] 고배당 강제조합 1건 메인→복병 이동(25배 상한)
[placeholder 필터] 호후 6경주 쌍승 껍데기 배당 3조합 제외(값: [300.2])
[복승불일치 축교정] 호후 6경주: 축 [1, 5]로 교정(자금이탈 강등 [7]·🔴)
[placeholder 필터] 아오모리 7경주 쌍승 껍데기 배당 3조합 제외(값: [1703.0])
[복승불일치 축교정] 호후 7경주: 축 [2, 5]로 교정(자금이탈 강등 [1]·🔴🔴)
[한국이력 검역] 거부 — 파일=부산 6R / 본문 raceKey=삿포로 6경주 (경마장 불일치)
[복승불일치 축교정] 사세보 2경주: 축 [2, 7]로 교정(자금이탈 강등 [1]·🔴🔴)
[복승불일치 축교정] 기후 2경주: 축 [3, 4]로 교정(자금이탈 강등 [6]·🔴🔴)
[복승불일치 축교정] 사세보 3경주: 축 [1, 5]로 교정(자금이탈 강등 [7]·🔴🔴)
[복승불일치 축교정] 오다와라 3경주: 축 [3, 9]로 교정(자금이탈 강등 [1]·🔴)
[복승불일치 축교정] 기후 3경주: 축 [5, 7]로 교정(자금이탈 강등 [4]·🔴🔴)
[복승불일치 축교정] 사세보 4경주: 축 [1, 4]로 교정(자금이탈 강등 [7]·🔴🔴)
[잔존마 필터] 삿포로 6경주: 전적 10두 → 배당 출전마 9두 (배당 없는 마번 제외: [10])
[각질편성] 삿포로 6경주: 선행0·선입0·추입0 → 🐌 느린 페이스
[경륜 추천 모순 수정] 고배당 강제조합 1건 메인→복병 이동(25배 상한)
[결과기록] 캐시 갱신 — 재파싱 2건 / 전체 1675건
[placeholder 필터] 오다와라 4경주 쌍승 껍데기 배당 4조합 제외(값: [859.9])
[복승불일치 축교정] 기후 4경주: 축 [1, 4]로 교정(자금이탈 강등 [2]·🔴🔴)
[각질편성] 오다와라 5경주: 선행3·선입0·추입6 → ⚡ 빠른 페이스
[경륜전개] 오다와라 5경주: 슬로우(단독 선행) · 라인 3개 · 페어 [[2, 5], [1, 8], [3, 7]]
[각질편성] 기후 5경주: 선행2·선입0·추입5 → 보통 페이스
[경륜전개] 기후 5경주: 보통 · 라인 2개 · 페어 [[1, 5], [3, 7]]
[복병 이동 상한] 2+3 84.2배 > 특별상한 50.0배 → 💎 노출 제외(참고)
[경륜 추천 모순 수정] 고배당 강제조합 2건 메인→복병 이동(25배 상한)
[단통 상한] 메인 2개 · 복병이동 1개
[placeholder 필터] 삿포로 5경주 복승 껍데기 배당 12조합 제외(값: [99999.9])
[잔존마 필터] 삿포로 6경주: 전적 10두 → 배당 출전마 9두 (배당 없는 마번 제외: [10])
[각질편성] 삿포로 6경주: 선행0·선입0·추입0 → 🐌 느린 페이스
[경륜 추천 모순 수정] 고배당 강제조합 1건 메인→복병 이동(25배 상한)
[잔존마 필터] 삿포로 6경주: 전적 10두 → 배당 출전마 9두 (배당 없는 마번 제외: [10])
[잔존마 필터] 삿포로 6경주: 전적 10두 → 배당 출전마 9두 (배당 없는 마번 제외: [10])
[각질편성] 삿포로 6경주: 선행0·선입0·추입0 → 🐌 느린 페이스
[각질편성] 삿포로 6경주: 선행0·선입0·추입0 → 🐌 느린 페이스
[경륜 추천 모순 수정] 고배당 강제조합 1건 메인→복병 이동(25배 상한)
[경륜 추천 모순 수정] 고배당 강제조합 1건 메인→복병 이동(25배 상한)
[3종 수집] 기후 5경주: {'quinella': 21, 'exacta': 42, 'trio': 0, 'win': 0} (history 10)
[각질편성] 기후 5경주: 선행2·선입0·추입5 → 보통 페이스
[경륜전개] 기후 5경주: 보통 · 라인 2개 · 페어 [[1, 5], [3, 7]]
[복병 이동 상한] 2+6 73.4배 > 특별상한 50.0배 → 💎 노출 제외(참고)
[경륜 추천 모순 수정] 고배당 강제조합 2건 메인→복병 이동(25배 상한)
[단통 상한] 메인 2개 · 복병이동 1개
🔎 [결정론 검수] 기후 5경주: B라인누락
[자동예상] 기후 5경주 최종예상 저장(2026_08_01_기후_5경주.json)
[각질편성] 기후 5경주: 선행2·선입0·추입5 → 보통 페이스
[경륜전개] 기후 5경주: 보통 · 라인 2개 · 페어 [[1, 5], [3, 7]]
[복병 이동 상한] 2+6 73.4배 > 특별상한 50.0배 → 💎 노출 제외(참고)
[경륜 추천 모순 수정] 고배당 강제조합 2건 메인→복병 이동(25배 상한)
[단통 상한] 메인 2개 · 복병이동 1개
[자동분석·배경] 기후 5경주: 마감 294초 전 재분석(rec_history 누적·cycle)
[3종 수집] 삿포로 6경주: {'quinella': 36, 'exacta': 0, 'trio': 84, 'win': 0} (history 7)
[JRA수집] 1경주 수집 · 0경주 생략(확장 우선) · 0.51초 · 🔬관찰모드
[잔존마 필터] 삿포로 6경주: 전적 10두 → 배당 출전마 9두 (배당 없는 마번 제외: [10])
[각질편성] 삿포로 6경주: 선행0·선입0·추입0 → 🐌 느린 페이스
[잔존마 필터] 삿포로 6경주: 전적 10두 → 배당 출전마 9두 (배당 없는 마번 제외: [10])
[각질편성] 삿포로 6경주: 선행0·선입0·추입0 → 🐌 느린 페이스
[잔존마 필터] 삿포로 6경주: 전적 10두 → 배당 출전마 9두 (배당 없는 마번 제외: [10])
[각질편성] 삿포로 6경주: 선행0·선입0·추입0 → 🐌 느린 페이스
[3종 수집] 기후 5경주: {'quinella': 21, 'exacta': 42, 'trio': 0, 'win': 0} (history 11)
[placeholder 필터] 기후 5경주 쌍승 껍데기 배당 3조합 제외(값: [160.5])
[각질편성] 기후 5경주: 선행2·선입0·추입5 → 보통 페이스
[경륜전개] 기후 5경주: 보통 · 라인 2개 · 페어 [[1, 5], [3, 7]]
[복병 이동 상한] 2+3 90.7배 > 특별상한 50.0배 → 💎 노출 제외(참고)
[경륜 추천 모순 수정] 고배당 강제조합 2건 메인→복병 이동(25배 상한)
[단통 상한] 메인 2개 · 복병이동 1개
[자동분석·배경] 기후 5경주: 마감 261초 전 재분석(rec_history 누적·cycle)
[카톡 변경알림·즉시] 기후 5경주 (남은 261s): 삼복승 제외: 1+4+5 · 2+3+7
[잔존마 필터] 삿포로 6경주: 전적 10두 → 배당 출전마 9두 (배당 없는 마번 제외: [10])
[잔존마 필터] 삿포로 6경주: 전적 10두 → 배당 출전마 9두 (배당 없는 마번 제외: [10])
[각질편성] 삿포로 6경주: 선행0·선입0·추입0 → 🐌 느린 페이스
[각질편성] 삿포로 6경주: 선행0·선입0·추입0 → 🐌 느린 페이스
[placeholder 필터] 오다와라 4경주 쌍승 껍데기 배당 4조합 제외(값: [859.9])
[잔존마 필터] 삿포로 6경주: 전적 10두 → 배당 출전마 9두 (배당 없는 마번 제외: [10])
[각질편성] 삿포로 6경주: 선행0·선입0·추입0 → 🐌 느린 페이스
[placeholder 필터] 오다와라 4경주 쌍승 껍데기 배당 4조합 제외(값: [859.9])
[잔존마 필터] 삿포로 6경주: 전적 10두 → 배당 출전마 9두 (배당 없는 마번 제외: [10])
[잔존마 필터] 삿포로 6경주: 전적 10두 → 배당 출전마 9두 (배당 없는 마번 제외: [10])
[복승불일치 축교정] 아오모리 4경주: 축 [1, 4]로 교정(자금이탈 강등 [7]·🔴🔴)
[각질편성] 삿포로 6경주: 선행0·선입0·추입0 → 🐌 느린 페이스
[각질편성] 삿포로 6경주: 선행0·선입0·추입0 → 🐌 느린 페이스
[잔존마 필터] 삿포로 6경주: 전적 10두 → 배당 출전마 9두 (배당 없는 마번 제외: [10])
[각질편성] 삿포로 6경주: 선행0·선입0·추입0 → 🐌 느린 페이스
[한국 전적] 삿포로 6경주: 10두 저장(PDF, 전적 10두)
[잔존마 필터] 삿포로 6경주: 전적 10두 → 배당 출전마 9두 (배당 없는 마번 제외: [10])
[각질편성] 삿포로 6경주: 선행0·선입0·추입0 → 🐌 느린 페이스
[복승불일치 축교정] 아오모리 5경주: 축 [1, 3]로 교정(자금이탈 강등 [6]·🔴)
[분석로그] 저장 실패: [WinError 32] 다른 프로세스가 파일을 사용 중이기 때문에 프로세스가 액세스 할 수 없습니다: 'C:\\Users\\Administrator\\Desktop\\경마분석서버\\data\\analysis_log\\2026_08_01_삿포로_6경주.json.tmp' -> 'C:\\Users\\Administrator\\Desktop\\경마분석서버\\data\\analysis_log\\2026_08_01_삿포로_6경주.json'
[placeholder 필터] 호후 6경주 쌍승 껍데기 배당 3조합 제외(값: [300.2])
[복승불일치 축교정] 호후 6경주: 축 [1, 5]로 교정(자금이탈 강등 [7]·🔴)
[placeholder 필터] 아오모리 7경주 쌍승 껍데기 배당 3조합 제외(값: [1703.0])
[복승불일치 축교정] 호후 7경주: 축 [2, 5]로 교정(자금이탈 강등 [1]·🔴🔴)
[한국이력 검역] 거부 — 파일=부산 6R / 본문 raceKey=삿포로 6경주 (경마장 불일치)
[복승불일치 축교정] 사세보 2경주: 축 [2, 7]로 교정(자금이탈 강등 [1]·🔴🔴)
[복승불일치 축교정] 기후 2경주: 축 [3, 4]로 교정(자금이탈 강등 [6]·🔴🔴)
[복승불일치 축교정] 사세보 3경주: 축 [1, 5]로 교정(자금이탈 강등 [7]·🔴🔴)
[복승불일치 축교정] 오다와라 3경주: 축 [3, 9]로 교정(자금이탈 강등 [1]·🔴)
[복승불일치 축교정] 기후 3경주: 축 [5, 7]로 교정(자금이탈 강등 [4]·🔴🔴)
[복승불일치 축교정] 사세보 4경주: 축 [1, 4]로 교정(자금이탈 강등 [7]·🔴🔴)
[placeholder 필터] 오다와라 4경주 쌍승 껍데기 배당 4조합 제외(값: [859.9])
[복승불일치 축교정] 기후 4경주: 축 [1, 4]로 교정(자금이탈 강등 [2]·🔴🔴)
[각질편성] 오다와라 5경주: 선행3·선입0·추입6 → ⚡ 빠른 페이스
[경륜전개] 오다와라 5경주: 슬로우(단독 선행) · 라인 3개 · 페어 [[2, 5], [1, 8], [3, 7]]
[잔존마 필터] 삿포로 6경주: 전적 10두 → 배당 출전마 9두 (배당 없는 마번 제외: [10])
[각질편성] 삿포로 6경주: 선행0·선입0·추입0 → 🐌 느린 페이스
[결과기록] 캐시 갱신 — 재파싱 2건 / 전체 1675건
[placeholder 필터] 기후 5경주 쌍승 껍데기 배당 3조합 제외(값: [160.5])
[각질편성] 기후 5경주: 선행2·선입0·추입5 → 보통 페이스
[경륜전개] 기후 5경주: 보통 · 라인 2개 · 페어 [[1, 5], [3, 7]]
[복병 이동 상한] 2+3 90.7배 > 특별상한 50.0배 → 💎 노출 제외(참고)
[경륜 추천 모순 수정] 고배당 강제조합 2건 메인→복병 이동(25배 상한)
[단통 상한] 메인 2개 · 복병이동 1개
[placeholder 필터] 삿포로 5경주 복승 껍데기 배당 12조합 제외(값: [99999.9])
[잔존마 필터] 삿포로 6경주: 전적 10두 → 배당 출전마 9두 (배당 없는 마번 제외: [10])
[각질편성] 삿포로 6경주: 선행0·선입0·추입0 → 🐌 느린 페이스
[잔존마 필터] 삿포로 6경주: 전적 10두 → 배당 출전마 9두 (배당 없는 마번 제외: [10])
[각질편성] 삿포로 6경주: 선행0·선입0·추입0 → 🐌 느린 페이스
[활성정리] 끝난 경주 1건 제거(히스토리 보존): 오다와라 4경주
[3종 수집] 삿포로 6경주: {'quinella': 36, 'exacta': 0, 'trio': 84, 'win': 0} (history 8)
[JRA수집] 1경주 수집 · 0경주 생략(확장 우선) · 0.31초 · 🔬관찰모드
[3종 수집] 기후 5경주: {'quinella': 21, 'exacta': 42, 'trio': 0, 'win': 0} (history 12)
[placeholder 필터] 기후 5경주 쌍승 껍데기 배당 3조합 제외(값: [160.5])
[각질편성] 기후 5경주: 선행2·선입0·추입5 → 보통 페이스
[경륜전개] 기후 5경주: 보통 · 라인 2개 · 페어 [[1, 5], [3, 7]]
[단통 상한] 메인 2개 · 복병이동 1개
🔎 [결정론 검수] 기후 5경주: B라인누락
[자동분석·배경] 기후 5경주: 마감 229초 전 재분석(rec_history 누적·cycle)
[카톡 변경알림·즉시] 기후 5경주 (남은 229s): 복승 제외: 5+6
[다중경주 스케줄] 20260801: 트랙 12곳(경륜 10·한국 0 포함) · 경주 118개
[잔존마 필터] 삿포로 6경주: 전적 10두 → 배당 출전마 9두 (배당 없는 마번 제외: [10])
[각질편성] 삿포로 6경주: 선행0·선입0·추입0 → 🐌 느린 페이스
[경륜 추천 모순 수정] 고배당 강제조합 1건 메인→복병 이동(25배 상한)
[잔존마 필터] 삿포로 6경주: 전적 10두 → 배당 출전마 9두 (배당 없는 마번 제외: [10])
[잔존마 필터] 삿포로 6경주: 전적 10두 → 배당 출전마 9두 (배당 없는 마번 제외: [10])
[각질편성] 삿포로 6경주: 선행0·선입0·추입0 → 🐌 느린 페이스
[각질편성] 삿포로 6경주: 선행0·선입0·추입0 → 🐌 느린 페이스
[경륜 추천 모순 수정] 고배당 강제조합 1건 메인→복병 이동(25배 상한)
[경륜 추천 모순 수정] 고배당 강제조합 1건 메인→복병 이동(25배 상한)
[분석로그] 저장 실패: [WinError 32] 다른 프로세스가 파일을 사용 중이기 때문에 프로세스가 액세스 할 수 없습니다: 'C:\\Users\\Administrator\\Desktop\\경마분석서버\\data\\analysis_log\\2026_08_01_삿포로_6경주.json.tmp' -> 'C:\\Users\\Administrator\\Desktop\\경마분석서버\\data\\analysis_log\\2026_08_01_삿포로_6경주.json'
[잔존마 필터] 삿포로 6경주: 전적 10두 → 배당 출전마 9두 (배당 없는 마번 제외: [10])
[각질편성] 삿포로 6경주: 선행0·선입0·추입0 → 🐌 느린 페이스
[경륜 추천 모순 수정] 고배당 강제조합 1건 메인→복병 이동(25배 상한)
[3종 수집] 기후 5경주: {'quinella': 21, 'exacta': 42, 'trio': 0, 'win': 0} (history 12)
[placeholder 필터] 기후 5경주 쌍승 껍데기 배당 3조합 제외(값: [160.5])
[각질편성] 기후 5경주: 선행2·선입0·추입5 → 보통 페이스
[경륜전개] 기후 5경주: 보통 · 라인 2개 · 페어 [[1, 5], [3, 7]]
[단통 상한] 메인 2개 · 복병이동 1개
[자동분석·배경] 기후 5경주: 마감 197초 전 재분석(rec_history 누적·cycle)
[잔존마 필터] 삿포로 6경주: 전적 10두 → 배당 출전마 9두 (배당 없는 마번 제외: [10])
[각질편성] 삿포로 6경주: 선행0·선입0·추입0 → 🐌 느린 페이스
[경륜 추천 모순 수정] 고배당 강제조합 1건 메인→복병 이동(25배 상한)
[잔존마 필터] 삿포로 6경주: 전적 10두 → 배당 출전마 9두 (배당 없는 마번 제외: [10])
[각질편성] 삿포로 6경주: 선행0·선입0·추입0 → 🐌 느린 페이스
[잔존마 필터] 삿포로 6경주: 전적 10두 → 배당 출전마 9두 (배당 없는 마번 제외: [10])
[잔존마 필터] 삿포로 6경주: 전적 10두 → 배당 출전마 9두 (배당 없는 마번 제외: [10])
[복승불일치 축교정] 아오모리 4경주: 축 [1, 4]로 교정(자금이탈 강등 [7]·🔴🔴)
[각질편성] 삿포로 6경주: 선행0·선입0·추입0 → 🐌 느린 페이스
[각질편성] 삿포로 6경주: 선행0·선입0·추입0 → 🐌 느린 페이스
[잔존마 필터] 삿포로 6경주: 전적 10두 → 배당 출전마 9두 (배당 없는 마번 제외: [10])
[각질편성] 삿포로 6경주: 선행0·선입0·추입0 → 🐌 느린 페이스
[경륜 추천 모순 수정] 고배당 강제조합 1건 메인→복병 이동(25배 상한)
[경륜 추천 모순 수정] 고배당 강제조합 1건 메인→복병 이동(25배 상한)
[경륜 추천 모순 수정] 고배당 강제조합 1건 메인→복병 이동(25배 상한)
[한국 전적] 삿포로 6경주: 10두 저장(PDF, 전적 10두)
[경륜 추천 모순 수정] 고배당 강제조합 1건 메인→복병 이동(25배 상한)
[잔존마 필터] 삿포로 6경주: 전적 10두 → 배당 출전마 9두 (배당 없는 마번 제외: [10])
[각질편성] 삿포로 6경주: 선행0·선입0·추입0 → 🐌 느린 페이스
[분석로그] 저장 실패: [WinError 32] 다른 프로세스가 파일을 사용 중이기 때문에 프로세스가 액세스 할 수 없습니다: 'C:\\Users\\Administrator\\Desktop\\경마분석서버\\data\\analysis_log\\2026_08_01_삿포로_6경주.json.tmp' -> 'C:\\Users\\Administrator\\Desktop\\경마분석서버\\data\\analysis_log\\2026_08_01_삿포로_6경주.json'
[복승불일치 축교정] 아오모리 5경주: 축 [1, 3]로 교정(자금이탈 강등 [6]·🔴)
[경륜 추천 모순 수정] 고배당 강제조합 1건 메인→복병 이동(25배 상한)
[placeholder 필터] 호후 6경주 쌍승 껍데기 배당 3조합 제외(값: [300.2])
[복승불일치 축교정] 호후 6경주: 축 [1, 5]로 교정(자금이탈 강등 [7]·🔴)
[placeholder 필터] 아오모리 7경주 쌍승 껍데기 배당 3조합 제외(값: [1703.0])
[복승불일치 축교정] 호후 7경주: 축 [2, 5]로 교정(자금이탈 강등 [1]·🔴🔴)
[한국이력 검역] 거부 — 파일=부산 6R / 본문 raceKey=삿포로 6경주 (경마장 불일치)
[복승불일치 축교정] 사세보 2경주: 축 [2, 7]로 교정(자금이탈 강등 [1]·🔴🔴)
[복승불일치 축교정] 기후 2경주: 축 [3, 4]로 교정(자금이탈 강등 [6]·🔴🔴)
[복승불일치 축교정] 사세보 3경주: 축 [1, 5]로 교정(자금이탈 강등 [7]·🔴🔴)
[복승불일치 축교정] 오다와라 3경주: 축 [3, 9]로 교정(자금이탈 강등 [1]·🔴)
[복승불일치 축교정] 기후 3경주: 축 [5, 7]로 교정(자금이탈 강등 [4]·🔴🔴)
[복승불일치 축교정] 사세보 4경주: 축 [1, 4]로 교정(자금이탈 강등 [7]·🔴🔴)
[placeholder 필터] 오다와라 4경주 쌍승 껍데기 배당 4조합 제외(값: [859.9])
[복승불일치 축교정] 기후 4경주: 축 [1, 4]로 교정(자금이탈 강등 [2]·🔴🔴)
[각질편성] 오다와라 5경주: 선행3·선입0·추입6 → ⚡ 빠른 페이스
[경륜전개] 오다와라 5경주: 슬로우(단독 선행) · 라인 3개 · 페어 [[2, 5], [1, 8], [3, 7]]
[잔존마 필터] 삿포로 6경주: 전적 10두 → 배당 출전마 9두 (배당 없는 마번 제외: [10])
[각질편성] 삿포로 6경주: 선행0·선입0·추입0 → 🐌 느린 페이스
[경륜 추천 모순 수정] 고배당 강제조합 1건 메인→복병 이동(25배 상한)
[결과기록] 캐시 갱신 — 재파싱 2건 / 전체 1675건
[placeholder 필터] 기후 5경주 쌍승 껍데기 배당 3조합 제외(값: [160.5])
[각질편성] 기후 5경주: 선행2·선입0·추입5 → 보통 페이스
[경륜전개] 기후 5경주: 보통 · 라인 2개 · 페어 [[1, 5], [3, 7]]
[단통 상한] 메인 2개 · 복병이동 1개
[placeholder 필터] 삿포로 5경주 복승 껍데기 배당 12조합 제외(값: [99999.9])
[잔존마 필터] 삿포로 6경주: 전적 10두 → 배당 출전마 9두 (배당 없는 마번 제외: [10])
[각질편성] 삿포로 6경주: 선행0·선입0·추입0 → 🐌 느린 페이스
[경륜 추천 모순 수정] 고배당 강제조합 1건 메인→복병 이동(25배 상한)
[잔존마 필터] 삿포로 6경주: 전적 10두 → 배당 출전마 9두 (배당 없는 마번 제외: [10])
[잔존마 필터] 삿포로 6경주: 전적 10두 → 배당 출전마 9두 (배당 없는 마번 제외: [10])
[각질편성] 삿포로 6경주: 선행0·선입0·추입0 → 🐌 느린 페이스
[각질편성] 삿포로 6경주: 선행0·선입0·추입0 → 🐌 느린 페이스
[경륜 추천 모순 수정] 고배당 강제조합 1건 메인→복병 이동(25배 상한)
[경륜 추천 모순 수정] 고배당 강제조합 1건 메인→복병 이동(25배 상한)
[분석로그] 저장 실패: [WinError 32] 다른 프로세스가 파일을 사용 중이기 때문에 프로세스가 액세스 할 수 없습니다: 'C:\\Users\\Administrator\\Desktop\\경마분석서버\\data\\analysis_log\\2026_08_01_삿포로_6경주.json.tmp' -> 'C:\\Users\\Administrator\\Desktop\\경마분석서버\\data\\analysis_log\\2026_08_01_삿포로_6경주.json'
[3종 수집] 삿포로 6경주: {'quinella': 36, 'exacta': 0, 'trio': 84, 'win': 0} (history 9)
[JRA수집] 1경주 수집 · 0경주 생략(확장 우선) · 0.34초 · 🔬관찰모드
[잔존마 필터] 삿포로 6경주: 전적 10두 → 배당 출전마 9두 (배당 없는 마번 제외: [10])
[각질편성] 삿포로 6경주: 선행0·선입0·추입0 → 🐌 느린 페이스
[경륜 추천 모순 수정] 고배당 강제조합 1건 메인→복병 이동(25배 상한)
[3종 수집] 기후 5경주: {'quinella': 21, 'exacta': 42, 'trio': 0, 'win': 0} (history 12)
[각질편성] 기후 5경주: 선행2·선입0·추입5 → 보통 페이스
[경륜전개] 기후 5경주: 보통 · 라인 2개 · 페어 [[1, 5], [3, 7]]
[T-2분 왕축 동결] 기후 5경주: [3, 6] → [3, 1] 유지(cur_mb=2)
[단통 상한] 메인 2개 · 복병이동 1개
🔎 [결정론 검수] 기후 5경주: B라인누락
[자동분석·배경] 기후 5경주: 마감 165초 전 재분석(rec_history 누적·cycle)
[잔존마 필터] 삿포로 6경주: 전적 10두 → 배당 출전마 9두 (배당 없는 마번 제외: [10])
[각질편성] 삿포로 6경주: 선행0·선입0·추입0 → 🐌 느린 페이스
[경륜 추천 모순 수정] 고배당 강제조합 1건 메인→복병 이동(25배 상한)
[스냅샷] 저장: 2026_08_01_삿포로_6경주_T-10.png (317 KB · T-10)
[스냅샷] 저장: 2026_08_01_삿포로_6경주_T-10.png (317 KB · T-10)
[잔존마 필터] 삿포로 6경주: 전적 10두 → 배당 출전마 9두 (배당 없는 마번 제외: [10])
[잔존마 필터] 삿포로 6경주: 전적 10두 → 배당 출전마 9두 (배당 없는 마번 제외: [10])
[각질편성] 삿포로 6경주: 선행0·선입0·추입0 → 🐌 느린 페이스
[각질편성] 삿포로 6경주: 선행0·선입0·추입0 → 🐌 느린 페이스
[경륜 추천 모순 수정] 고배당 강제조합 1건 메인→복병 이동(25배 상한)
[경륜 추천 모순 수정] 고배당 강제조합 1건 메인→복병 이동(25배 상한)
[잔존마 필터] 삿포로 6경주: 전적 10두 → 배당 출전마 9두 (배당 없는 마번 제외: [10])
[각질편성] 삿포로 6경주: 선행0·선입0·추입0 → 🐌 느린 페이스
[경륜 추천 모순 수정] 고배당 강제조합 1건 메인→복병 이동(25배 상한)
[잔존마 필터] 삿포로 6경주: 전적 10두 → 배당 출전마 9두 (배당 없는 마번 제외: [10])
[각질편성] 삿포로 6경주: 선행0·선입0·추입0 → 🐌 느린 페이스
[잔존마 필터] 삿포로 6경주: 전적 10두 → 배당 출전마 9두 (배당 없는 마번 제외: [10])
[잔존마 필터] 삿포로 6경주: 전적 10두 → 배당 출전마 9두 (배당 없는 마번 제외: [10])
[각질편성] 삿포로 6경주: 선행0·선입0·추입0 → 🐌 느린 페이스
[각질편성] 삿포로 6경주: 선행0·선입0·추입0 → 🐌 느린 페이스
[복승불일치 축교정] 아오모리 4경주: 축 [1, 4]로 교정(자금이탈 강등 [7]·🔴🔴)
[잔존마 필터] 삿포로 6경주: 전적 10두 → 배당 출전마 9두 (배당 없는 마번 제외: [10])
[잔존마 필터] 삿포로 6경주: 전적 10두 → 배당 출전마 9두 (배당 없는 마번 제외: [10])
[각질편성] 삿포로 6경주: 선행0·선입0·추입0 → 🐌 느린 페이스
[각질편성] 삿포로 6경주: 선행0·선입0·추입0 → 🐌 느린 페이스
[잔존마 필터] 삿포로 6경주: 전적 10두 → 배당 출전마 9두 (배당 없는 마번 제외: [10])
[각질편성] 삿포로 6경주: 선행0·선입0·추입0 → 🐌 느린 페이스
[경륜 추천 모순 수정] 고배당 강제조합 1건 메인→복병 이동(25배 상한)
[경륜 추천 모순 수정] 고배당 강제조합 1건 메인→복병 이동(25배 상한)
[경륜 추천 모순 수정] 고배당 강제조합 1건 메인→복병 이동(25배 상한)
[경륜 추천 모순 수정] 고배당 강제조합 1건 메인→복병 이동(25배 상한)
[경륜 추천 모순 수정] 고배당 강제조합 1건 메인→복병 이동(25배 상한)
[경륜 추천 모순 수정] 고배당 강제조합 1건 메인→복병 이동(25배 상한)
[한국 전적] 삿포로 6경주: 10두 저장(PDF, 전적 10두)
[분석로그] 저장 실패: [WinError 5] 액세스가 거부되었습니다: 'C:\\Users\\Administrator\\Desktop\\경마분석서버\\data\\analysis_log\\2026_08_01_삿포로_6경주.json.tmp' -> 'C:\\Users\\Administrator\\Desktop\\경마분석서버\\data\\analysis_log\\2026_08_01_삿포로_6경주.json'
[잔존마 필터] 삿포로 6경주: 전적 10두 → 배당 출전마 9두 (배당 없는 마번 제외: [10])
[각질편성] 삿포로 6경주: 선행0·선입0·추입0 → 🐌 느린 페이스
[분석로그] 저장 실패: [WinError 32] 다른 프로세스가 파일을 사용 중이기 때문에 프로세스가 액세스 할 수 없습니다: 'C:\\Users\\Administrator\\Desktop\\경마분석서버\\data\\analysis_log\\2026_08_01_삿포로_6경주.json.tmp' -> 'C:\\Users\\Administrator\\Desktop\\경마분석서버\\data\\analysis_log\\2026_08_01_삿포로_6경주.json'
[복승불일치 축교정] 아오모리 5경주: 축 [1, 3]로 교정(자금이탈 강등 [6]·🔴)
[경륜 추천 모순 수정] 고배당 강제조합 1건 메인→복병 이동(25배 상한)
[3종 수집] 기후 5경주: {'quinella': 21, 'exacta': 42, 'trio': 0, 'win': 0} (history 12)
[placeholder 필터] 호후 6경주 쌍승 껍데기 배당 3조합 제외(값: [300.2])
[복승불일치 축교정] 호후 6경주: 축 [1, 5]로 교정(자금이탈 강등 [7]·🔴)
[placeholder 필터] 아오모리 7경주 쌍승 껍데기 배당 3조합 제외(값: [1703.0])
[각질편성] 기후 5경주: 선행2·선입0·추입5 → 보통 페이스
[경륜전개] 기후 5경주: 보통 · 라인 2개 · 페어 [[1, 5], [3, 7]]
[T-2분 왕축 동결] 기후 5경주: [3, 6] → [3, 1] 유지(cur_mb=2)
[경륜 추천 모순 수정] 고배당 강제조합 2건 메인→복병 이동(25배 상한)
[단통 상한] 메인 2개 · 복병이동 0개
[복승불일치 축교정] 호후 7경주: 축 [2, 5]로 교정(자금이탈 강등 [1]·🔴🔴)
[자동분석·배경] 기후 5경주: 마감 133초 전 재분석(rec_history 누적·cycle)
[한국이력 검역] 거부 — 파일=부산 6R / 본문 raceKey=삿포로 6경주 (경마장 불일치)
[복승불일치 축교정] 사세보 2경주: 축 [2, 7]로 교정(자금이탈 강등 [1]·🔴🔴)
[복승불일치 축교정] 기후 2경주: 축 [3, 4]로 교정(자금이탈 강등 [6]·🔴🔴)
[복승불일치 축교정] 사세보 3경주: 축 [1, 5]로 교정(자금이탈 강등 [7]·🔴🔴)
[복승불일치 축교정] 오다와라 3경주: 축 [3, 9]로 교정(자금이탈 강등 [1]·🔴)
[복승불일치 축교정] 기후 3경주: 축 [5, 7]로 교정(자금이탈 강등 [4]·🔴🔴)
[복승불일치 축교정] 사세보 4경주: 축 [1, 4]로 교정(자금이탈 강등 [7]·🔴🔴)
[잔존마 필터] 삿포로 6경주: 전적 10두 → 배당 출전마 9두 (배당 없는 마번 제외: [10])
[각질편성] 삿포로 6경주: 선행0·선입0·추입0 → 🐌 느린 페이스
[placeholder 필터] 오다와라 4경주 쌍승 껍데기 배당 4조합 제외(값: [859.9])
[경륜 추천 모순 수정] 고배당 강제조합 1건 메인→복병 이동(25배 상한)
[결과기록] 캐시 갱신 — 재파싱 2건 / 전체 1675건
[복승불일치 축교정] 기후 4경주: 축 [1, 4]로 교정(자금이탈 강등 [2]·🔴🔴)
[각질편성] 오다와라 5경주: 선행3·선입0·추입6 → ⚡ 빠른 페이스
[경륜전개] 오다와라 5경주: 슬로우(단독 선행) · 라인 3개 · 페어 [[2, 5], [1, 8], [3, 7]]
[각질편성] 기후 5경주: 선행2·선입0·추입5 → 보통 페이스
[경륜전개] 기후 5경주: 보통 · 라인 2개 · 페어 [[1, 5], [3, 7]]
[T-2분 왕축 동결] 기후 5경주: [3, 6] → [3, 1] 유지(cur_mb=2)
[단통 상한] 메인 2개 · 복병이동 1개
[placeholder 필터] 삿포로 5경주 복승 껍데기 배당 12조합 제외(값: [99999.9])
[잔존마 필터] 삿포로 6경주: 전적 10두 → 배당 출전마 9두 (배당 없는 마번 제외: [10])
[각질편성] 삿포로 6경주: 선행0·선입0·추입0 → 🐌 느린 페이스
[경륜 추천 모순 수정] 고배당 강제조합 1건 메인→복병 이동(25배 상한)
[잔존마 필터] 삿포로 6경주: 전적 10두 → 배당 출전마 9두 (배당 없는 마번 제외: [10])
[각질편성] 삿포로 6경주: 선행0·선입0·추입0 → 🐌 느린 페이스
[경륜 추천 모순 수정] 고배당 강제조합 1건 메인→복병 이동(25배 상한)
[잔존마 필터] 삿포로 6경주: 전적 10두 → 배당 출전마 9두 (배당 없는 마번 제외: [10])
[각질편성] 삿포로 6경주: 선행0·선입0·추입0 → 🐌 느린 페이스
[경륜 추천 모순 수정] 고배당 강제조합 1건 메인→복병 이동(25배 상한)
[각질편성] 기후 5경주: 선행2·선입0·추입5 → 보통 페이스
[경륜전개] 기후 5경주: 보통 · 라인 2개 · 페어 [[1, 5], [3, 7]]
[T-2분 왕축 동결] 기후 5경주: [3, 6] → [3, 1] 유지(cur_mb=1)
[경륜 추천 모순 수정] 고배당 강제조합 2건 메인→복병 이동(25배 상한)
[단통 상한] 메인 2개 · 복병이동 0개
[잔존마 필터] 삿포로 6경주: 전적 10두 → 배당 출전마 9두 (배당 없는 마번 제외: [10])
[각질편성] 삿포로 6경주: 선행0·선입0·추입0 → 🐌 느린 페이스
[잔존마 필터] 삿포로 6경주: 전적 10두 → 배당 출전마 9두 (배당 없는 마번 제외: [10])
[각질편성] 삿포로 6경주: 선행0·선입0·추입0 → 🐌 느린 페이스
[경륜 추천 모순 수정] 고배당 강제조합 1건 메인→복병 이동(25배 상한)
[경륜 추천 모순 수정] 고배당 강제조합 1건 메인→복병 이동(25배 상한)
[잔존마 필터] 삿포로 6경주: 전적 10두 → 배당 출전마 9두 (배당 없는 마번 제외: [10])
[각질편성] 삿포로 6경주: 선행0·선입0·추입0 → 🐌 느린 페이스
[경륜 추천 모순 수정] 고배당 강제조합 1건 메인→복병 이동(25배 상한)
[잔존마 필터] 삿포로 6경주: 전적 10두 → 배당 출전마 9두 (배당 없는 마번 제외: [10])
[각질편성] 삿포로 6경주: 선행0·선입0·추입0 → 🐌 느린 페이스
[경륜 추천 모순 수정] 고배당 강제조합 1건 메인→복병 이동(25배 상한)
[3종 수집] 삿포로 6경주: {'quinella': 36, 'exacta': 0, 'trio': 84, 'win': 0} (history 10)
[JRA수집] 1경주 수집 · 0경주 생략(확장 우선) · 0.57초 · 🔬관찰모드
[잔존마 필터] 삿포로 6경주: 전적 10두 → 배당 출전마 9두 (배당 없는 마번 제외: [10])
[각질편성] 삿포로 6경주: 선행0·선입0·추입0 → 🐌 느린 페이스
[한국 전적] 삿포로 6경주: 10두 저장(PDF, 전적 10두)
[잔존마 필터] 삿포로 6경주: 전적 10두 → 배당 출전마 9두 (배당 없는 마번 제외: [10])
[각질편성] 삿포로 6경주: 선행0·선입0·추입0 → 🐌 느린 페이스
[한국이력 검역] 거부 — 파일=부산 6R / 본문 raceKey=삿포로 6경주 (경마장 불일치)
[잔존마 필터] 삿포로 6경주: 전적 10두 → 배당 출전마 9두 (배당 없는 마번 제외: [10])
[각질편성] 삿포로 6경주: 선행0·선입0·추입0 → 🐌 느린 페이스
[잔존마 필터] 삿포로 6경주: 전적 10두 → 배당 출전마 9두 (배당 없는 마번 제외: [10])
[각질편성] 삿포로 6경주: 선행0·선입0·추입0 → 🐌 느린 페이스
[3종 수집] 기후 5경주: {'quinella': 21, 'exacta': 42, 'trio': 0, 'win': 0} (history 12)
[각질편성] 기후 5경주: 선행2·선입0·추입5 → 보통 페이스
[경륜전개] 기후 5경주: 보통 · 라인 2개 · 페어 [[1, 5], [3, 7]]
[T-2분 왕축 동결] 기후 5경주: [3, 6] → [3, 1] 유지(cur_mb=1)
[경륜 추천 모순 수정] 고배당 강제조합 2건 메인→복병 이동(25배 상한)
[단통 상한] 메인 2개 · 복병이동 0개
[자동분석·배경] 기후 5경주: 마감 98초 전 재분석(rec_history 누적·cycle)
[잔존마 필터] 삿포로 6경주: 전적 10두 → 배당 출전마 9두 (배당 없는 마번 제외: [10])
[각질편성] 삿포로 6경주: 선행0·선입0·추입0 → 🐌 느린 페이스
[잔존마 필터] 삿포로 6경주: 전적 10두 → 배당 출전마 9두 (배당 없는 마번 제외: [10])
[각질편성] 삿포로 6경주: 선행0·선입0·추입0 → 🐌 느린 페이스
[잔존마 필터] 삿포로 6경주: 전적 10두 → 배당 출전마 9두 (배당 없는 마번 제외: [10])
[잔존마 필터] 삿포로 6경주: 전적 10두 → 배당 출전마 9두 (배당 없는 마번 제외: [10])
[각질편성] 삿포로 6경주: 선행0·선입0·추입0 → 🐌 느린 페이스
[각질편성] 삿포로 6경주: 선행0·선입0·추입0 → 🐌 느린 페이스
[분석로그] 저장 실패: [WinError 32] 다른 프로세스가 파일을 사용 중이기 때문에 프로세스가 액세스 할 수 없습니다: 'C:\\Users\\Administrator\\Desktop\\경마분석서버\\data\\analysis_log\\2026_08_01_삿포로_6경주.json.tmp' -> 'C:\\Users\\Administrator\\Desktop\\경마분석서버\\data\\analysis_log\\2026_08_01_삿포로_6경주.json'
[잔존마 필터] 삿포로 6경주: 전적 10두 → 배당 출전마 9두 (배당 없는 마번 제외: [10])
[각질편성] 삿포로 6경주: 선행0·선입0·추입0 → 🐌 느린 페이스
[잔존마 필터] 삿포로 6경주: 전적 10두 → 배당 출전마 9두 (배당 없는 마번 제외: [10])
[복승불일치 축교정] 아오모리 4경주: 축 [1, 4]로 교정(자금이탈 강등 [7]·🔴🔴)
[잔존마 필터] 삿포로 6경주: 전적 10두 → 배당 출전마 9두 (배당 없는 마번 제외: [10])
[각질편성] 삿포로 6경주: 선행0·선입0·추입0 → 🐌 느린 페이스
[잔존마 필터] 삿포로 6경주: 전적 10두 → 배당 출전마 9두 (배당 없는 마번 제외: [10])
[각질편성] 삿포로 6경주: 선행0·선입0·추입0 → 🐌 느린 페이스
[각질편성] 삿포로 6경주: 선행0·선입0·추입0 → 🐌 느린 페이스
[잔존마 필터] 삿포로 6경주: 전적 10두 → 배당 출전마 9두 (배당 없는 마번 제외: [10])
[잔존마 필터] 삿포로 6경주: 전적 10두 → 배당 출전마 9두 (배당 없는 마번 제외: [10])
[각질편성] 삿포로 6경주: 선행0·선입0·추입0 → 🐌 느린 페이스
[각질편성] 삿포로 6경주: 선행0·선입0·추입0 → 🐌 느린 페이스
[한국 전적] 삿포로 6경주: 10두 저장(PDF, 전적 10두)
[잔존마 필터] 삿포로 6경주: 전적 10두 → 배당 출전마 9두 (배당 없는 마번 제외: [10])
[각질편성] 삿포로 6경주: 선행0·선입0·추입0 → 🐌 느린 페이스
[복승불일치 축교정] 아오모리 5경주: 축 [1, 3]로 교정(자금이탈 강등 [6]·🔴)
[placeholder 필터] 호후 6경주 쌍승 껍데기 배당 3조합 제외(값: [300.2])
[복승불일치 축교정] 호후 6경주: 축 [1, 5]로 교정(자금이탈 강등 [7]·🔴)
[placeholder 필터] 아오모리 7경주 쌍승 껍데기 배당 3조합 제외(값: [1703.0])
[복승불일치 축교정] 호후 7경주: 축 [2, 5]로 교정(자금이탈 강등 [1]·🔴🔴)
[복승불일치 축교정] 사세보 2경주: 축 [2, 7]로 교정(자금이탈 강등 [1]·🔴🔴)
[한국이력 검역] 거부 — 파일=부산 6R / 본문 raceKey=삿포로 6경주 (경마장 불일치)
[복승불일치 축교정] 기후 2경주: 축 [3, 4]로 교정(자금이탈 강등 [6]·🔴🔴)
[복승불일치 축교정] 사세보 3경주: 축 [1, 5]로 교정(자금이탈 강등 [7]·🔴🔴)
[복승불일치 축교정] 오다와라 3경주: 축 [3, 9]로 교정(자금이탈 강등 [1]·🔴)
[복승불일치 축교정] 기후 3경주: 축 [5, 7]로 교정(자금이탈 강등 [4]·🔴🔴)
[복승불일치 축교정] 사세보 4경주: 축 [1, 4]로 교정(자금이탈 강등 [7]·🔴🔴)
[placeholder 필터] 오다와라 4경주 쌍승 껍데기 배당 4조합 제외(값: [859.9])
[복승불일치 축교정] 기후 4경주: 축 [1, 4]로 교정(자금이탈 강등 [2]·🔴🔴)
[다중경주] 하트비트 #61 · 스케줄 ymd=20260801 (-1초 전 갱신 · 트랙 12개)
[각질편성] 오다와라 5경주: 선행3·선입0·추입6 → ⚡ 빠른 페이스
[경륜전개] 오다와라 5경주: 슬로우(단독 선행) · 라인 3개 · 페어 [[2, 5], [1, 8], [3, 7]]
[각질편성] 기후 5경주: 선행2·선입0·추입5 → 보통 페이스
[경륜전개] 기후 5경주: 보통 · 라인 2개 · 페어 [[1, 5], [3, 7]]
[T-2분 왕축 동결] 기후 5경주: [3, 6] → [3, 1] 유지(cur_mb=1)
[경륜 추천 모순 수정] 고배당 강제조합 2건 메인→복병 이동(25배 상한)
[단통 상한] 메인 2개 · 복병이동 0개
[placeholder 필터] 삿포로 5경주 복승 껍데기 배당 12조합 제외(값: [99999.9])
[잔존마 필터] 삿포로 6경주: 전적 10두 → 배당 출전마 9두 (배당 없는 마번 제외: [10])
[각질편성] 삿포로 6경주: 선행0·선입0·추입0 → 🐌 느린 페이스
[잔존마 필터] 삿포로 6경주: 전적 10두 → 배당 출전마 9두 (배당 없는 마번 제외: [10])
[각질편성] 삿포로 6경주: 선행0·선입0·추입0 → 🐌 느린 페이스
[결과기록] 캐시 갱신 — 재파싱 2건 / 전체 1675건
[3종 수집] 기후 5경주: {'quinella': 21, 'exacta': 42, 'trio': 0, 'win': 0} (history 12)
[각질편성] 기후 5경주: 선행2·선입0·추입5 → 보통 페이스
[경륜전개] 기후 5경주: 보통 · 라인 2개 · 페어 [[1, 5], [3, 7]]
[T-2분 왕축 동결] 기후 5경주: [3, 6] → [3, 1] 유지(cur_mb=1)
[복병 이동 상한] 5+7 77.0배 > 특별상한 50.0배 → 💎 노출 제외(참고)
[경륜 추천 모순 수정] 고배당 강제조합 1건 메인→복병 이동(25배 상한)
[단통 상한] 메인 2개 · 복병이동 0개
[B라인 그물망] 기후 5경주: B라인[3, 7] 삼복승보험 [[3, 6, 7]] 추가
[자동분석·배경] 기후 5경주: 마감 65초 전 재분석(rec_history 누적·cycle)
[잔존마 필터] 삿포로 6경주: 전적 10두 → 배당 출전마 9두 (배당 없는 마번 제외: [10])
[각질편성] 삿포로 6경주: 선행0·선입0·추입0 → 🐌 느린 페이스
[3종 수집] 삿포로 6경주: {'quinella': 36, 'exacta': 0, 'trio': 84, 'win': 0} (history 11)
[JRA수집] 1경주 수집 · 0경주 생략(확장 우선) · 0.29초 · 🔬관찰모드
[잔존마 필터] 삿포로 6경주: 전적 10두 → 배당 출전마 9두 (배당 없는 마번 제외: [10])
[잔존마 필터] 삿포로 6경주: 전적 10두 → 배당 출전마 9두 (배당 없는 마번 제외: [10])
[각질편성] 삿포로 6경주: 선행0·선입0·추입0 → 🐌 느린 페이스
[각질편성] 삿포로 6경주: 선행0·선입0·추입0 → 🐌 느린 페이스
[분석로그] 저장 실패: [WinError 32] 다른 프로세스가 파일을 사용 중이기 때문에 프로세스가 액세스 할 수 없습니다: 'C:\\Users\\Administrator\\Desktop\\경마분석서버\\data\\analysis_log\\2026_08_01_삿포로_6경주.json.tmp' -> 'C:\\Users\\Administrator\\Desktop\\경마분석서버\\data\\analysis_log\\2026_08_01_삿포로_6경주.json'
[잔존마 필터] 삿포로 6경주: 전적 10두 → 배당 출전마 9두 (배당 없는 마번 제외: [10])
[각질편성] 삿포로 6경주: 선행0·선입0·추입0 → 🐌 느린 페이스
[3종 수집] 기후 5경주: {'quinella': 21, 'exacta': 42, 'trio': 0, 'win': 0} (history 12)
[경륜 전적·자동] 사세보 6경주: 6두 수집(競走得点·절대등급 A/B/C/D·라인[1, 5, 3, 4, 2, 6]) → 통합등급 자동 반영
[3종 수집] 사세보 6경주: {'quinella': 15, 'exacta': 30, 'trio': 0, 'win': 0} (history 1)
🔮 [예측] 사세보 6경주: top3=[2, 4, 5] conf=4 · 6두 편성으로 선행형 4번과 6번이 있지만, 6번이 장기 공백 후 복귀전
[각질편성] 기후 5경주: 선행2·선입0·추입5 → 보통 페이스
[경륜전개] 기후 5경주: 보통 · 라인 2개 · 페어 [[1, 5], [3, 7]]
[경륜 추천 개수] 7명 → 메인 3개(상한 3) · 복병 이동 1개
[단통 상한] 메인 3개 · 복병이동 0개
🔎 [결정론 검수] 기후 5경주: B라인누락
[자동분석·배경] 기후 5경주: 마감 33초 전 재분석(rec_history 누적·cycle)
[각질편성] 사세보 6경주: 선행3·선입0·추입3 → ⚡ 빠른 페이스
[경륜전개] 사세보 6경주: 보통 · 라인 3개 · 페어 [[4, 2], [1, 5]]
[경륜 추천 개수] 6명 → 메인 2개(상한 2) · 복병 이동 1개
[자동분석·배경] 사세보 6경주: 마감 573초 전 재분석(rec_history 누적·cycle)
[각질편성] 사세보 6경주: 선행3·선입0·추입3 → ⚡ 빠른 페이스
[경륜전개] 사세보 6경주: 보통 · 라인 3개 · 페어 [[4, 2], [1, 5]]
[경륜 추천 개수] 6명 → 메인 2개(상한 2) · 복병 이동 1개
[잔존마 필터] 삿포로 6경주: 전적 10두 → 배당 출전마 9두 (배당 없는 마번 제외: [10])
[각질편성] 삿포로 6경주: 선행0·선입0·추입0 → 🐌 느린 페이스
[잔존마 필터] 삿포로 6경주: 전적 10두 → 배당 출전마 9두 (배당 없는 마번 제외: [10])
[각질편성] 삿포로 6경주: 선행0·선입0·추입0 → 🐌 느린 페이스
[잔존마 필터] 삿포로 6경주: 전적 10두 → 배당 출전마 9두 (배당 없는 마번 제외: [10])
[각질편성] 삿포로 6경주: 선행0·선입0·추입0 → 🐌 느린 페이스
[잔존마 필터] 삿포로 6경주: 전적 10두 → 배당 출전마 9두 (배당 없는 마번 제외: [10])
[각질편성] 삿포로 6경주: 선행0·선입0·추입0 → 🐌 느린 페이스
[잔존마 필터] 삿포로 6경주: 전적 10두 → 배당 출전마 9두 (배당 없는 마번 제외: [10])
[잔존마 필터] 삿포로 6경주: 전적 10두 → 배당 출전마 9두 (배당 없는 마번 제외: [10])
[각질편성] 삿포로 6경주: 선행0·선입0·추입0 → 🐌 느린 페이스
[복승불일치 축교정] 아오모리 4경주: 축 [1, 4]로 교정(자금이탈 강등 [7]·🔴🔴)
[잔존마 필터] 삿포로 6경주: 전적 10두 → 배당 출전마 9두 (배당 없는 마번 제외: [10])
[각질편성] 삿포로 6경주: 선행0·선입0·추입0 → 🐌 느린 페이스
[각질편성] 삿포로 6경주: 선행0·선입0·추입0 → 🐌 느린 페이스
[잔존마 필터] 삿포로 6경주: 전적 10두 → 배당 출전마 9두 (배당 없는 마번 제외: [10])
[각질편성] 삿포로 6경주: 선행0·선입0·추입0 → 🐌 느린 페이스
[한국 전적] 삿포로 6경주: 10두 저장(PDF, 전적 10두)
[분석로그] 저장 실패: [WinError 5] 액세스가 거부되었습니다: 'C:\\Users\\Administrator\\Desktop\\경마분석서버\\data\\analysis_log\\2026_08_01_삿포로_6경주.json.tmp' -> 'C:\\Users\\Administrator\\Desktop\\경마분석서버\\data\\analysis_log\\2026_08_01_삿포로_6경주.json'
[잔존마 필터] 삿포로 6경주: 전적 10두 → 배당 출전마 9두 (배당 없는 마번 제외: [10])
[각질편성] 삿포로 6경주: 선행0·선입0·추입0 → 🐌 느린 페이스
[복승불일치 축교정] 아오모리 5경주: 축 [1, 3]로 교정(자금이탈 강등 [6]·🔴)
[분석로그] 저장 실패: [WinError 32] 다른 프로세스가 파일을 사용 중이기 때문에 프로세스가 액세스 할 수 없습니다: 'C:\\Users\\Administrator\\Desktop\\경마분석서버\\data\\analysis_log\\2026_08_01_삿포로_6경주.json.tmp' -> 'C:\\Users\\Administrator\\Desktop\\경마분석서버\\data\\analysis_log\\2026_08_01_삿포로_6경주.json'
[분석로그] 저장 실패: [WinError 32] 다른 프로세스가 파일을 사용 중이기 때문에 프로세스가 액세스 할 수 없습니다: 'C:\\Users\\Administrator\\Desktop\\경마분석서버\\data\\analysis_log\\2026_08_01_삿포로_6경주.json.tmp' -> 'C:\\Users\\Administrator\\Desktop\\경마분석서버\\data\\analysis_log\\2026_08_01_삿포로_6경주.json'
[placeholder 필터] 호후 6경주 쌍승 껍데기 배당 3조합 제외(값: [300.2])
[복승불일치 축교정] 호후 6경주: 축 [1, 5]로 교정(자금이탈 강등 [7]·🔴)
[placeholder 필터] 아오모리 7경주 쌍승 껍데기 배당 3조합 제외(값: [1703.0])
[복승불일치 축교정] 호후 7경주: 축 [2, 5]로 교정(자금이탈 강등 [1]·🔴🔴)
[복승불일치 축교정] 사세보 2경주: 축 [2, 7]로 교정(자금이탈 강등 [1]·🔴🔴)
[한국이력 검역] 거부 — 파일=부산 6R / 본문 raceKey=삿포로 6경주 (경마장 불일치)
[복승불일치 축교정] 기후 2경주: 축 [3, 4]로 교정(자금이탈 강등 [6]·🔴🔴)
[복승불일치 축교정] 사세보 3경주: 축 [1, 5]로 교정(자금이탈 강등 [7]·🔴🔴)
[복승불일치 축교정] 오다와라 3경주: 축 [3, 9]로 교정(자금이탈 강등 [1]·🔴)
[복승불일치 축교정] 기후 3경주: 축 [5, 7]로 교정(자금이탈 강등 [4]·🔴🔴)
[복승불일치 축교정] 사세보 4경주: 축 [1, 4]로 교정(자금이탈 강등 [7]·🔴🔴)
[placeholder 필터] 오다와라 4경주 쌍승 껍데기 배당 4조합 제외(값: [859.9])
[복승불일치 축교정] 기후 4경주: 축 [1, 4]로 교정(자금이탈 강등 [2]·🔴🔴)
[잔존마 필터] 삿포로 6경주: 전적 10두 → 배당 출전마 9두 (배당 없는 마번 제외: [10])
[잔존마 필터] 삿포로 6경주: 전적 10두 → 배당 출전마 9두 (배당 없는 마번 제외: [10])
[각질편성] 삿포로 6경주: 선행0·선입0·추입0 → 🐌 느린 페이스
[각질편성] 삿포로 6경주: 선행0·선입0·추입0 → 🐌 느린 페이스
[결과기록] 캐시 갱신 — 재파싱 3건 / 전체 1676건
[각질편성] 오다와라 5경주: 선행3·선입0·추입6 → ⚡ 빠른 페이스
[경륜전개] 오다와라 5경주: 슬로우(단독 선행) · 라인 3개 · 페어 [[2, 5], [1, 8], [3, 7]]
[각질편성] 기후 5경주: 선행2·선입0·추입5 → 보통 페이스
[경륜전개] 기후 5경주: 보통 · 라인 2개 · 페어 [[1, 5], [3, 7]]
[경륜 추천 개수] 7명 → 메인 3개(상한 3) · 복병 이동 1개
[단통 상한] 메인 3개 · 복병이동 0개
[각질편성] 사세보 6경주: 선행3·선입0·추입3 → ⚡ 빠른 페이스
[경륜전개] 사세보 6경주: 보통 · 라인 3개 · 페어 [[4, 2], [1, 5]]
[경륜 추천 개수] 6명 → 메인 2개(상한 2) · 복병 이동 1개
[placeholder 필터] 삿포로 5경주 복승 껍데기 배당 12조합 제외(값: [99999.9])
[잔존마 필터] 삿포로 6경주: 전적 10두 → 배당 출전마 9두 (배당 없는 마번 제외: [10])
[각질편성] 삿포로 6경주: 선행0·선입0·추입0 → 🐌 느린 페이스
[3종 수집] 기후 5경주: {'quinella': 21, 'exacta': 42, 'trio': 0, 'win': 0} (history 12)
[3종 수집] 사세보 6경주: {'quinella': 15, 'exacta': 30, 'trio': 0, 'win': 0} (history 2)
[각질편성] 사세보 6경주: 선행3·선입0·추입3 → ⚡ 빠른 페이스
[경륜전개] 사세보 6경주: 보통 · 라인 3개 · 페어 [[4, 2], [1, 5]]
[복승불일치 축교정] 사세보 6경주: 축 [2, 4]로 교정(자금이탈 강등 [5]·🔴🔴)
[잔존마 필터] 삿포로 6경주: 전적 10두 → 배당 출전마 9두 (배당 없는 마번 제외: [10])
[각질편성] 삿포로 6경주: 선행0·선입0·추입0 → 🐌 느린 페이스
[경륜 추천 개수] 6명 → 메인 2개(상한 2) · 복병 이동 1개
[자동분석·배경] 사세보 6경주: 마감 537초 전 재분석(rec_history 누적·cycle)
[3종 수집] 삿포로 6경주: {'quinella': 36, 'exacta': 0, 'trio': 84, 'win': 0} (history 12)
[JRA수집] 1경주 수집 · 0경주 생략(확장 우선) · 0.35초 · 🔬관찰모드
[잔존마 필터] 삿포로 6경주: 전적 10두 → 배당 출전마 9두 (배당 없는 마번 제외: [10])
[각질편성] 삿포로 6경주: 선행0·선입0·추입0 → 🐌 느린 페이스
[잔존마 필터] 삿포로 6경주: 전적 10두 → 배당 출전마 9두 (배당 없는 마번 제외: [10])
[잔존마 필터] 삿포로 6경주: 전적 10두 → 배당 출전마 9두 (배당 없는 마번 제외: [10])
[각질편성] 삿포로 6경주: 선행0·선입0·추입0 → 🐌 느린 페이스
[각질편성] 삿포로 6경주: 선행0·선입0·추입0 → 🐌 느린 페이스
[스냅샷] 저장: 2026_08_01_삿포로_6경주_T-2.png (717 KB · T-2)
[잔존마 필터] 삿포로 6경주: 전적 10두 → 배당 출전마 9두 (배당 없는 마번 제외: [10])
[각질편성] 삿포로 6경주: 선행0·선입0·추입0 → 🐌 느린 페이스
[스냅샷] 저장: 2026_08_01_삿포로_6경주_T-2.png (718 KB · T-2)
[스냅샷] 저장: 2026_08_01_삿포로_6경주_T-2.png (718 KB · T-2)
[3종 수집] 사세보 6경주: {'quinella': 15, 'exacta': 30, 'trio': 0, 'win': 0} (history 3)
[3종 수집] 기후 5경주: {'quinella': 21, 'exacta': 42, 'trio': 0, 'win': 0} (history 12)
[각질편성] 사세보 6경주: 선행3·선입0·추입3 → ⚡ 빠른 페이스
[경륜전개] 사세보 6경주: 보통 · 라인 3개 · 페어 [[4, 2], [1, 5]]
[복승불일치 축교정] 사세보 6경주: 축 [2, 4]로 교정(자금이탈 강등 [5]·🔴🔴)
[경륜 추천 개수] 6명 → 메인 2개(상한 2) · 복병 이동 1개
[자동분석·배경] 사세보 6경주: 마감 504초 전 재분석(rec_history 누적·cycle)
[각질편성] 기후 5경주: 선행2·선입0·추입5 → 보통 페이스
[경륜전개] 기후 5경주: 보통 · 라인 2개 · 페어 [[1, 5], [3, 7]]
[잔존마 필터] 삿포로 6경주: 전적 10두 → 배당 출전마 9두 (배당 없는 마번 제외: [10])
[각질편성] 삿포로 6경주: 선행0·선입0·추입0 → 🐌 느린 페이스
[잔존마 필터] 삿포로 6경주: 전적 10두 → 배당 출전마 9두 (배당 없는 마번 제외: [10])
[각질편성] 삿포로 6경주: 선행0·선입0·추입0 → 🐌 느린 페이스
[잔존마 필터] 삿포로 6경주: 전적 10두 → 배당 출전마 9두 (배당 없는 마번 제외: [10])
[잔존마 필터] 삿포로 6경주: 전적 10두 → 배당 출전마 9두 (배당 없는 마번 제외: [10])
[각질편성] 삿포로 6경주: 선행0·선입0·추입0 → 🐌 느린 페이스
[각질편성] 삿포로 6경주: 선행0·선입0·추입0 → 🐌 느린 페이스
[복승불일치 축교정] 아오모리 4경주: 축 [1, 4]로 교정(자금이탈 강등 [7]·🔴🔴)
[잔존마 필터] 삿포로 6경주: 전적 10두 → 배당 출전마 9두 (배당 없는 마번 제외: [10])
[잔존마 필터] 삿포로 6경주: 전적 10두 → 배당 출전마 9두 (배당 없는 마번 제외: [10])
[잔존마 필터] 삿포로 6경주: 전적 10두 → 배당 출전마 9두 (배당 없는 마번 제외: [10])
[각질편성] 삿포로 6경주: 선행0·선입0·추입0 → 🐌 느린 페이스
[각질편성] 삿포로 6경주: 선행0·선입0·추입0 → 🐌 느린 페이스
[각질편성] 삿포로 6경주: 선행0·선입0·추입0 → 🐌 느린 페이스
[한국 전적] 삿포로 6경주: 10두 저장(PDF, 전적 10두)
[잔존마 필터] 삿포로 6경주: 전적 10두 → 배당 출전마 9두 (배당 없는 마번 제외: [10])
[각질편성] 삿포로 6경주: 선행0·선입0·추입0 → 🐌 느린 페이스
[복승불일치 축교정] 아오모리 5경주: 축 [1, 3]로 교정(자금이탈 강등 [6]·🔴)
[분석로그] 저장 실패: [WinError 32] 다른 프로세스가 파일을 사용 중이기 때문에 프로세스가 액세스 할 수 없습니다: 'C:\\Users\\Administrator\\Desktop\\경마분석서버\\data\\analysis_log\\2026_08_01_삿포로_6경주.json.tmp' -> 'C:\\Users\\Administrator\\Desktop\\경마분석서버\\data\\analysis_log\\2026_08_01_삿포로_6경주.json'
[분석로그] 저장 실패: [WinError 32] 다른 프로세스가 파일을 사용 중이기 때문에 프로세스가 액세스 할 수 없습니다: 'C:\\Users\\Administrator\\Desktop\\경마분석서버\\data\\analysis_log\\2026_08_01_삿포로_6경주.json.tmp' -> 'C:\\Users\\Administrator\\Desktop\\경마분석서버\\data\\analysis_log\\2026_08_01_삿포로_6경주.json'
[placeholder 필터] 호후 6경주 쌍승 껍데기 배당 3조합 제외(값: [300.2])
[복승불일치 축교정] 호후 6경주: 축 [1, 5]로 교정(자금이탈 강등 [7]·🔴)
[placeholder 필터] 아오모리 7경주 쌍승 껍데기 배당 3조합 제외(값: [1703.0])
[복승불일치 축교정] 호후 7경주: 축 [2, 5]로 교정(자금이탈 강등 [1]·🔴🔴)
[복승불일치 축교정] 사세보 2경주: 축 [2, 7]로 교정(자금이탈 강등 [1]·🔴🔴)
[복승불일치 축교정] 기후 2경주: 축 [3, 4]로 교정(자금이탈 강등 [6]·🔴🔴)
[한국이력 검역] 거부 — 파일=부산 6R / 본문 raceKey=삿포로 6경주 (경마장 불일치)
[복승불일치 축교정] 사세보 3경주: 축 [1, 5]로 교정(자금이탈 강등 [7]·🔴🔴)
[복승불일치 축교정] 오다와라 3경주: 축 [3, 9]로 교정(자금이탈 강등 [1]·🔴)
[복승불일치 축교정] 기후 3경주: 축 [5, 7]로 교정(자금이탈 강등 [4]·🔴🔴)
[복승불일치 축교정] 사세보 4경주: 축 [1, 4]로 교정(자금이탈 강등 [7]·🔴🔴)
[placeholder 필터] 오다와라 4경주 쌍승 껍데기 배당 4조합 제외(값: [859.9])
[복승불일치 축교정] 기후 4경주: 축 [1, 4]로 교정(자금이탈 강등 [2]·🔴🔴)
[잔존마 필터] 삿포로 6경주: 전적 10두 → 배당 출전마 9두 (배당 없는 마번 제외: [10])
[각질편성] 삿포로 6경주: 선행0·선입0·추입0 → 🐌 느린 페이스
[각질편성] 오다와라 5경주: 선행3·선입0·추입6 → ⚡ 빠른 페이스
[경륜전개] 오다와라 5경주: 슬로우(단독 선행) · 라인 3개 · 페어 [[2, 5], [1, 8], [3, 7]]
[각질편성] 기후 5경주: 선행2·선입0·추입5 → 보통 페이스
[경륜전개] 기후 5경주: 보통 · 라인 2개 · 페어 [[1, 5], [3, 7]]
[결과기록] 캐시 갱신 — 재파싱 2건 / 전체 1676건
[각질편성] 사세보 6경주: 선행3·선입0·추입3 → ⚡ 빠른 페이스
[경륜전개] 사세보 6경주: 보통 · 라인 3개 · 페어 [[4, 2], [1, 5]]
[복승불일치 축교정] 사세보 6경주: 축 [2, 4]로 교정(자금이탈 강등 [5]·🔴🔴)
[경륜 추천 개수] 6명 → 메인 2개(상한 2) · 복병 이동 1개
[placeholder 필터] 삿포로 5경주 복승 껍데기 배당 12조합 제외(값: [99999.9])
[잔존마 필터] 삿포로 6경주: 전적 10두 → 배당 출전마 9두 (배당 없는 마번 제외: [10])
[각질편성] 삿포로 6경주: 선행0·선입0·추입0 → 🐌 느린 페이스
[잔존마 필터] 삿포로 6경주: 전적 10두 → 배당 출전마 9두 (배당 없는 마번 제외: [10])
[각질편성] 삿포로 6경주: 선행0·선입0·추입0 → 🐌 느린 페이스
[잔존마 필터] 삿포로 6경주: 전적 10두 → 배당 출전마 9두 (배당 없는 마번 제외: [10])
[각질편성] 삿포로 6경주: 선행0·선입0·추입0 → 🐌 느린 페이스
[잔존마 필터] 삿포로 6경주: 전적 10두 → 배당 출전마 9두 (배당 없는 마번 제외: [10])
[잔존마 필터] 삿포로 6경주: 전적 10두 → 배당 출전마 9두 (배당 없는 마번 제외: [10])
[각질편성] 삿포로 6경주: 선행0·선입0·추입0 → 🐌 느린 페이스
[각질편성] 삿포로 6경주: 선행0·선입0·추입0 → 🐌 느린 페이스
[T-2분 왕축 동결] 삿포로 6경주: [4, 5] → [4, 5] 유지(cur_mb=2)
[T-2분 왕축 동결] 삿포로 6경주: [4, 5] → [4, 5] 유지(cur_mb=2)
[잔존마 필터] 삿포로 6경주: 전적 10두 → 배당 출전마 9두 (배당 없는 마번 제외: [10])
[각질편성] 삿포로 6경주: 선행0·선입0·추입0 → 🐌 느린 페이스
[T-2분 왕축 동결] 삿포로 6경주: [4, 5] → [4, 5] 유지(cur_mb=2)
[3종 수집] 기후 5경주: {'quinella': 21, 'exacta': 42, 'trio': 0, 'win': 0} (history 12)
[3종 수집] 사세보 6경주: {'quinella': 15, 'exacta': 30, 'trio': 0, 'win': 0} (history 4)
[각질편성] 사세보 6경주: 선행3·선입0·추입3 → ⚡ 빠른 페이스
[경륜전개] 사세보 6경주: 보통 · 라인 3개 · 페어 [[4, 2], [1, 5]]
[복승불일치 축교정] 사세보 6경주: 축 [2, 4]로 교정(자금이탈 강등 [5]·🔴🔴)
[경륜 추천 개수] 6명 → 메인 2개(상한 2) · 복병 이동 1개
[자동분석·배경] 사세보 6경주: 마감 471초 전 재분석(rec_history 누적·cycle)
[잔존마 필터] 삿포로 6경주: 전적 10두 → 배당 출전마 9두 (배당 없는 마번 제외: [10])
[각질편성] 삿포로 6경주: 선행0·선입0·추입0 → 🐌 느린 페이스
[T-2분 왕축 동결] 삿포로 6경주: [4, 5] → [4, 5] 유지(cur_mb=2)
[잔존마 필터] 삿포로 6경주: 전적 10두 → 배당 출전마 9두 (배당 없는 마번 제외: [10])
[각질편성] 삿포로 6경주: 선행0·선입0·추입0 → 🐌 느린 페이스
[T-2분 왕축 동결] 삿포로 6경주: [4, 5] → [4, 5] 유지(cur_mb=2)
[한국 전적] 삿포로 6경주: 10두 저장(PDF, 전적 10두)
[잔존마 필터] 삿포로 6경주: 전적 10두 → 배당 출전마 9두 (배당 없는 마번 제외: [10])
[각질편성] 삿포로 6경주: 선행0·선입0·추입0 → 🐌 느린 페이스
[T-2분 왕축 동결] 삿포로 6경주: [4, 5] → [4, 5] 유지(cur_mb=2)
[3종 수집] 삿포로 6경주: {'quinella': 36, 'exacta': 0, 'trio': 84, 'win': 0} (history 12)
[JRA수집] 1경주 수집 · 0경주 생략(확장 우선) · 0.34초 · 🔬관찰모드
[한국이력 검역] 거부 — 파일=부산 6R / 본문 raceKey=삿포로 6경주 (경마장 불일치)
[잔존마 필터] 삿포로 6경주: 전적 10두 → 배당 출전마 9두 (배당 없는 마번 제외: [10])
[각질편성] 삿포로 6경주: 선행0·선입0·추입0 → 🐌 느린 페이스
[T-2분 왕축 동결] 삿포로 6경주: [4, 5] → [4, 5] 유지(cur_mb=2)
[잔존마 필터] 삿포로 6경주: 전적 10두 → 배당 출전마 9두 (배당 없는 마번 제외: [10])
[각질편성] 삿포로 6경주: 선행0·선입0·추입0 → 🐌 느린 페이스
[T-2분 왕축 동결] 삿포로 6경주: [4, 5] → [4, 5] 유지(cur_mb=2)
[잔존마 필터] 삿포로 6경주: 전적 10두 → 배당 출전마 9두 (배당 없는 마번 제외: [10])
[각질편성] 삿포로 6경주: 선행0·선입0·추입0 → 🐌 느린 페이스
[T-2분 왕축 동결] 삿포로 6경주: [4, 5] → [4, 5] 유지(cur_mb=2)
[잔존마 필터] 삿포로 6경주: 전적 10두 → 배당 출전마 9두 (배당 없는 마번 제외: [10])
[잔존마 필터] 삿포로 6경주: 전적 10두 → 배당 출전마 9두 (배당 없는 마번 제외: [10])
[각질편성] 삿포로 6경주: 선행0·선입0·추입0 → 🐌 느린 페이스
[각질편성] 삿포로 6경주: 선행0·선입0·추입0 → 🐌 느린 페이스
[T-2분 왕축 동결] 삿포로 6경주: [4, 5] → [4, 5] 유지(cur_mb=2)
[T-2분 왕축 동결] 삿포로 6경주: [4, 5] → [4, 5] 유지(cur_mb=2)
[분석로그] 저장 실패: [WinError 32] 다른 프로세스가 파일을 사용 중이기 때문에 프로세스가 액세스 할 수 없습니다: 'C:\\Users\\Administrator\\Desktop\\경마분석서버\\data\\analysis_log\\2026_08_01_삿포로_6경주.json.tmp' -> 'C:\\Users\\Administrator\\Desktop\\경마분석서버\\data\\analysis_log\\2026_08_01_삿포로_6경주.json'
[3종 수집] 삿포로 6경주: {'quinella': 28, 'exacta': 0, 'trio': 0, 'win': 0} (history 12)
[placeholder 필터] 삿포로 6경주 복승 껍데기 배당 13조합 제외(값: [100])
[잔존마 필터] 삿포로 6경주: 전적 10두 → 배당 출전마 7두 (배당 없는 마번 제외: [6, 8, 10])
[각질편성] 삿포로 6경주: 선행0·선입0·추입0 → 🐌 느린 페이스
[3종 수집] 사세보 6경주: {'quinella': 15, 'exacta': 30, 'trio': 0, 'win': 0} (history 5)
[3종 수집] 기후 5경주: {'quinella': 21, 'exacta': 42, 'trio': 0, 'win': 0} (history 12)
[각질편성] 사세보 6경주: 선행3·선입0·추입3 → ⚡ 빠른 페이스
[경륜전개] 사세보 6경주: 보통 · 라인 3개 · 페어 [[4, 2], [1, 5]]
[복승불일치 축교정] 사세보 6경주: 축 [2, 4]로 교정(자금이탈 강등 [5]·🔴🔴)
[경륜 추천 개수] 6명 → 메인 2개(상한 2) · 복병 이동 1개
[자동분석·배경] 사세보 6경주: 마감 439초 전 재분석(rec_history 누적·cycle)
[각질편성] 사세보 6경주: 선행3·선입0·추입3 → ⚡ 빠른 페이스
[경륜전개] 사세보 6경주: 보통 · 라인 3개 · 페어 [[4, 2], [1, 5]]
[복승불일치 축교정] 사세보 6경주: 축 [2, 4]로 교정(자금이탈 강등 [5]·🔴🔴)
[경륜 추천 개수] 6명 → 메인 2개(상한 2) · 복병 이동 1개
[카카오알림] 사세보 6경주 T-7 → 큐 적재
[placeholder 필터] 삿포로 6경주 복승 껍데기 배당 13조합 제외(값: [100])
[잔존마 필터] 삿포로 6경주: 전적 10두 → 배당 출전마 7두 (배당 없는 마번 제외: [6, 8, 10])
[각질편성] 삿포로 6경주: 선행0·선입0·추입0 → 🐌 느린 페이스
[placeholder 필터] 삿포로 6경주 복승 껍데기 배당 13조합 제외(값: [100])
[잔존마 필터] 삿포로 6경주: 전적 10두 → 배당 출전마 7두 (배당 없는 마번 제외: [6, 8, 10])
[각질편성] 삿포로 6경주: 선행0·선입0·추입0 → 🐌 느린 페이스
[placeholder 필터] 삿포로 6경주 복승 껍데기 배당 13조합 제외(값: [100])
[placeholder 필터] 삿포로 6경주 복승 껍데기 배당 13조합 제외(값: [100])
[잔존마 필터] 삿포로 6경주: 전적 10두 → 배당 출전마 7두 (배당 없는 마번 제외: [6, 8, 10])
[각질편성] 삿포로 6경주: 선행0·선입0·추입0 → 🐌 느린 페이스
[잔존마 필터] 삿포로 6경주: 전적 10두 → 배당 출전마 7두 (배당 없는 마번 제외: [6, 8, 10])
[placeholder 필터] 삿포로 6경주 복승 껍데기 배당 13조합 제외(값: [100])
[placeholder 필터] 삿포로 6경주 복승 껍데기 배당 13조합 제외(값: [100])
[복승불일치 축교정] 아오모리 4경주: 축 [1, 4]로 교정(자금이탈 강등 [7]·🔴🔴)
[placeholder 필터] 삿포로 6경주 복승 껍데기 배당 13조합 제외(값: [100])
[잔존마 필터] 삿포로 6경주: 전적 10두 → 배당 출전마 7두 (배당 없는 마번 제외: [6, 8, 10])
[각질편성] 삿포로 6경주: 선행0·선입0·추입0 → 🐌 느린 페이스
[잔존마 필터] 삿포로 6경주: 전적 10두 → 배당 출전마 7두 (배당 없는 마번 제외: [6, 8, 10])
[각질편성] 삿포로 6경주: 선행0·선입0·추입0 → 🐌 느린 페이스
[잔존마 필터] 삿포로 6경주: 전적 10두 → 배당 출전마 7두 (배당 없는 마번 제외: [6, 8, 10])
[각질편성] 삿포로 6경주: 선행0·선입0·추입0 → 🐌 느린 페이스
[각질편성] 삿포로 6경주: 선행0·선입0·추입0 → 🐌 느린 페이스
[한국 전적] 삿포로 6경주: 10두 저장(PDF, 전적 10두)
[placeholder 필터] 삿포로 6경주 복승 껍데기 배당 13조합 제외(값: [100])
[분석로그] 저장 실패: [WinError 5] 액세스가 거부되었습니다: 'C:\\Users\\Administrator\\Desktop\\경마분석서버\\data\\analysis_log\\2026_08_01_삿포로_6경주.json.tmp' -> 'C:\\Users\\Administrator\\Desktop\\경마분석서버\\data\\analysis_log\\2026_08_01_삿포로_6경주.json'
[잔존마 필터] 삿포로 6경주: 전적 10두 → 배당 출전마 7두 (배당 없는 마번 제외: [6, 8, 10])
[각질편성] 삿포로 6경주: 선행0·선입0·추입0 → 🐌 느린 페이스
[분석로그] 저장 실패: [WinError 32] 다른 프로세스가 파일을 사용 중이기 때문에 프로세스가 액세스 할 수 없습니다: 'C:\\Users\\Administrator\\Desktop\\경마분석서버\\data\\analysis_log\\2026_08_01_삿포로_6경주.json.tmp' -> 'C:\\Users\\Administrator\\Desktop\\경마분석서버\\data\\analysis_log\\2026_08_01_삿포로_6경주.json'
[분석로그] 저장 실패: [WinError 5] 액세스가 거부되었습니다: 'C:\\Users\\Administrator\\Desktop\\경마분석서버\\data\\analysis_log\\2026_08_01_삿포로_6경주.json.tmp' -> 'C:\\Users\\Administrator\\Desktop\\경마분석서버\\data\\analysis_log\\2026_08_01_삿포로_6경주.json'
[복승불일치 축교정] 아오모리 5경주: 축 [1, 3]로 교정(자금이탈 강등 [6]·🔴)
[placeholder 필터] 삿포로 6경주 복승 껍데기 배당 13조합 제외(값: [100])
[잔존마 필터] 삿포로 6경주: 전적 10두 → 배당 출전마 7두 (배당 없는 마번 제외: [6, 8, 10])
[각질편성] 삿포로 6경주: 선행0·선입0·추입0 → 🐌 느린 페이스
[placeholder 필터] 호후 6경주 쌍승 껍데기 배당 3조합 제외(값: [300.2])
[복승불일치 축교정] 호후 6경주: 축 [1, 5]로 교정(자금이탈 강등 [7]·🔴)
[placeholder 필터] 아오모리 7경주 쌍승 껍데기 배당 3조합 제외(값: [1703.0])
[복승불일치 축교정] 호후 7경주: 축 [2, 5]로 교정(자금이탈 강등 [1]·🔴🔴)
[한국이력 검역] 거부 — 파일=부산 6R / 본문 raceKey=삿포로 6경주 (경마장 불일치)
[복승불일치 축교정] 사세보 2경주: 축 [2, 7]로 교정(자금이탈 강등 [1]·🔴🔴)
[복승불일치 축교정] 기후 2경주: 축 [3, 4]로 교정(자금이탈 강등 [6]·🔴🔴)
[복승불일치 축교정] 사세보 3경주: 축 [1, 5]로 교정(자금이탈 강등 [7]·🔴🔴)
[복승불일치 축교정] 오다와라 3경주: 축 [3, 9]로 교정(자금이탈 강등 [1]·🔴)
[복승불일치 축교정] 기후 3경주: 축 [5, 7]로 교정(자금이탈 강등 [4]·🔴🔴)
[복승불일치 축교정] 사세보 4경주: 축 [1, 4]로 교정(자금이탈 강등 [7]·🔴🔴)
[placeholder 필터] 오다와라 4경주 쌍승 껍데기 배당 4조합 제외(값: [859.9])
[복승불일치 축교정] 기후 4경주: 축 [1, 4]로 교정(자금이탈 강등 [2]·🔴🔴)
[각질편성] 오다와라 5경주: 선행3·선입0·추입6 → ⚡ 빠른 페이스
[경륜전개] 오다와라 5경주: 슬로우(단독 선행) · 라인 3개 · 페어 [[2, 5], [1, 8], [3, 7]]
[placeholder 필터] 삿포로 6경주 복승 껍데기 배당 13조합 제외(값: [100])
[각질편성] 기후 5경주: 선행2·선입0·추입5 → 보통 페이스
[잔존마 필터] 삿포로 6경주: 전적 10두 → 배당 출전마 7두 (배당 없는 마번 제외: [6, 8, 10])
[경륜전개] 기후 5경주: 보통 · 라인 2개 · 페어 [[1, 5], [3, 7]]
[각질편성] 삿포로 6경주: 선행0·선입0·추입0 → 🐌 느린 페이스
[각질편성] 사세보 6경주: 선행3·선입0·추입3 → ⚡ 빠른 페이스
[경륜전개] 사세보 6경주: 보통 · 라인 3개 · 페어 [[4, 2], [1, 5]]
[복승불일치 축교정] 사세보 6경주: 축 [2, 4]로 교정(자금이탈 강등 [5]·🔴🔴)
[경륜 추천 개수] 6명 → 메인 2개(상한 2) · 복병 이동 1개
[placeholder 필터] 삿포로 5경주 복승 껍데기 배당 12조합 제외(값: [99999.9])
[결과기록] 캐시 갱신 — 재파싱 2건 / 전체 1676건
[placeholder 필터] 삿포로 6경주 복승 껍데기 배당 13조합 제외(값: [100])
[잔존마 필터] 삿포로 6경주: 전적 10두 → 배당 출전마 7두 (배당 없는 마번 제외: [6, 8, 10])
[각질편성] 삿포로 6경주: 선행0·선입0·추입0 → 🐌 느린 페이스
[placeholder 필터] 삿포로 6경주 복승 껍데기 배당 13조합 제외(값: [100])
[잔존마 필터] 삿포로 6경주: 전적 10두 → 배당 출전마 7두 (배당 없는 마번 제외: [6, 8, 10])
[각질편성] 삿포로 6경주: 선행0·선입0·추입0 → 🐌 느린 페이스
[placeholder 필터] 삿포로 6경주 복승 껍데기 배당 13조합 제외(값: [100])
[잔존마 필터] 삿포로 6경주: 전적 10두 → 배당 출전마 7두 (배당 없는 마번 제외: [6, 8, 10])
[각질편성] 삿포로 6경주: 선행0·선입0·추입0 → 🐌 느린 페이스
[placeholder 필터] 삿포로 6경주 복승 껍데기 배당 13조합 제외(값: [100])
[잔존마 필터] 삿포로 6경주: 전적 10두 → 배당 출전마 7두 (배당 없는 마번 제외: [6, 8, 10])
[각질편성] 삿포로 6경주: 선행0·선입0·추입0 → 🐌 느린 페이스
[placeholder 필터] 삿포로 6경주 복승 껍데기 배당 13조합 제외(값: [100])
[잔존마 필터] 삿포로 6경주: 전적 10두 → 배당 출전마 7두 (배당 없는 마번 제외: [6, 8, 10])
[각질편성] 삿포로 6경주: 선행0·선입0·추입0 → 🐌 느린 페이스
[placeholder 필터] 삿포로 6경주 복승 껍데기 배당 13조합 제외(값: [100])
[잔존마 필터] 삿포로 6경주: 전적 10두 → 배당 출전마 7두 (배당 없는 마번 제외: [6, 8, 10])
[각질편성] 삿포로 6경주: 선행0·선입0·추입0 → 🐌 느린 페이스
[한국 전적] 삿포로 6경주: 10두 저장(PDF, 전적 10두)
[placeholder 필터] 삿포로 6경주 복승 껍데기 배당 13조합 제외(값: [100])
[잔존마 필터] 삿포로 6경주: 전적 10두 → 배당 출전마 7두 (배당 없는 마번 제외: [6, 8, 10])
[각질편성] 삿포로 6경주: 선행0·선입0·추입0 → 🐌 느린 페이스
[JRA수집] 0경주 수집 · 1경주 생략(확장 우선) · 0.01초 · 🔬관찰모드
[한국이력 검역] 거부 — 파일=부산 6R / 본문 raceKey=삿포로 6경주 (경마장 불일치)
[3종 수집] 사세보 6경주: {'quinella': 15, 'exacta': 30, 'trio': 0, 'win': 0} (history 6)
[각질편성] 사세보 6경주: 선행3·선입0·추입3 → ⚡ 빠른 페이스
[경륜전개] 사세보 6경주: 보통 · 라인 3개 · 페어 [[4, 2], [1, 5]]
[복승불일치 축교정] 사세보 6경주: 축 [2, 4]로 교정(자금이탈 강등 [5]·🔴🔴)
[경륜 추천 개수] 6명 → 메인 2개(상한 2) · 복병 이동 1개
[자동분석·배경] 사세보 6경주: 마감 406초 전 재분석(rec_history 누적·cycle)
[placeholder 필터] 삿포로 6경주 복승 껍데기 배당 13조합 제외(값: [100])
[잔존마 필터] 삿포로 6경주: 전적 10두 → 배당 출전마 7두 (배당 없는 마번 제외: [6, 8, 10])
[각질편성] 삿포로 6경주: 선행0·선입0·추입0 → 🐌 느린 페이스
[3종 수집] 삿포로 6경주: {'quinella': 28, 'exacta': 0, 'trio': 0, 'win': 0} (history 12)
[placeholder 필터] 삿포로 6경주 복승 껍데기 배당 13조합 제외(값: [100])
[잔존마 필터] 삿포로 6경주: 전적 10두 → 배당 출전마 7두 (배당 없는 마번 제외: [6, 8, 10])
[각질편성] 삿포로 6경주: 선행0·선입0·추입0 → 🐌 느린 페이스
[placeholder 필터] 삿포로 6경주 복승 껍데기 배당 13조합 제외(값: [100])
[잔존마 필터] 삿포로 6경주: 전적 10두 → 배당 출전마 7두 (배당 없는 마번 제외: [6, 8, 10])
[각질편성] 삿포로 6경주: 선행0·선입0·추입0 → 🐌 느린 페이스
[스냅샷] 저장: 2026_08_01_삿포로_6경주_마감후.png (682 KB · close)
[placeholder 필터] 삿포로 6경주 복승 껍데기 배당 13조합 제외(값: [100])
[잔존마 필터] 삿포로 6경주: 전적 10두 → 배당 출전마 7두 (배당 없는 마번 제외: [6, 8, 10])
[각질편성] 삿포로 6경주: 선행0·선입0·추입0 → 🐌 느린 페이스
[readonly 잠금] 삿포로 6경주: 마감 확정 파일 — corePicks/시계열 보존, result/hit만 업데이트 허용
[마감 동결] 삿포로 6경주: 확정본 복원(출처 closed_row · 기준 12:47:35)
[스냅샷] 저장: 2026_08_01_삿포로_6경주_마감후.png (688 KB · close)
[스냅샷] 저장: 2026_08_01_삿포로_6경주_마감후.png (688 KB · close)
[placeholder 필터] 삿포로 6경주 복승 껍데기 배당 13조합 제외(값: [100])
[placeholder 필터] 삿포로 6경주 복승 껍데기 배당 13조합 제외(값: [100])
[잔존마 필터] 삿포로 6경주: 전적 10두 → 배당 출전마 7두 (배당 없는 마번 제외: [6, 8, 10])
[각질편성] 삿포로 6경주: 선행0·선입0·추입0 → 🐌 느린 페이스
[잔존마 필터] 삿포로 6경주: 전적 10두 → 배당 출전마 7두 (배당 없는 마번 제외: [6, 8, 10])
[각질편성] 삿포로 6경주: 선행0·선입0·추입0 → 🐌 느린 페이스
⏸ [폴링 저장 가드] 삿포로 6경주: 마감 후 readonly → 로그 저장 생략(분석·표시는 정상)
[placeholder 필터] 삿포로 6경주 복승 껍데기 배당 13조합 제외(값: [100])
[placeholder 필터] 삿포로 6경주 복승 껍데기 배당 13조합 제외(값: [100])
[placeholder 필터] 삿포로 6경주 복승 껍데기 배당 13조합 제외(값: [100])
[잔존마 필터] 삿포로 6경주: 전적 10두 → 배당 출전마 7두 (배당 없는 마번 제외: [6, 8, 10])
[잔존마 필터] 삿포로 6경주: 전적 10두 → 배당 출전마 7두 (배당 없는 마번 제외: [6, 8, 10])
[잔존마 필터] 삿포로 6경주: 전적 10두 → 배당 출전마 7두 (배당 없는 마번 제외: [6, 8, 10])
[각질편성] 삿포로 6경주: 선행0·선입0·추입0 → 🐌 느린 페이스
[placeholder 필터] 삿포로 6경주 복승 껍데기 배당 13조합 제외(값: [100])
[각질편성] 삿포로 6경주: 선행0·선입0·추입0 → 🐌 느린 페이스
[각질편성] 삿포로 6경주: 선행0·선입0·추입0 → 🐌 느린 페이스
[placeholder 필터] 삿포로 6경주 복승 껍데기 배당 13조합 제외(값: [100])
[복승불일치 축교정] 아오모리 4경주: 축 [1, 4]로 교정(자금이탈 강등 [7]·🔴🔴)
[잔존마 필터] 삿포로 6경주: 전적 10두 → 배당 출전마 7두 (배당 없는 마번 제외: [6, 8, 10])
[잔존마 필터] 삿포로 6경주: 전적 10두 → 배당 출전마 7두 (배당 없는 마번 제외: [6, 8, 10])
[각질편성] 삿포로 6경주: 선행0·선입0·추입0 → 🐌 느린 페이스
[placeholder 필터] 삿포로 6경주 복승 껍데기 배당 13조합 제외(값: [100])
[각질편성] 삿포로 6경주: 선행0·선입0·추입0 → 🐌 느린 페이스
[잔존마 필터] 삿포로 6경주: 전적 10두 → 배당 출전마 7두 (배당 없는 마번 제외: [6, 8, 10])
[각질편성] 삿포로 6경주: 선행0·선입0·추입0 → 🐌 느린 페이스
[한국 전적] 삿포로 6경주: 10두 저장(PDF, 전적 10두)
[placeholder 필터] 삿포로 6경주 복승 껍데기 배당 13조합 제외(값: [100])
[잔존마 필터] 삿포로 6경주: 전적 10두 → 배당 출전마 7두 (배당 없는 마번 제외: [6, 8, 10])
[각질편성] 삿포로 6경주: 선행0·선입0·추입0 → 🐌 느린 페이스
[3종 수집] 사세보 6경주: {'quinella': 15, 'exacta': 30, 'trio': 0, 'win': 0} (history 7)
[복승불일치 축교정] 아오모리 5경주: 축 [1, 3]로 교정(자금이탈 강등 [6]·🔴)
[placeholder 필터] 호후 6경주 쌍승 껍데기 배당 3조합 제외(값: [300.2])
[복승불일치 축교정] 호후 6경주: 축 [1, 5]로 교정(자금이탈 강등 [7]·🔴)
[각질편성] 사세보 6경주: 선행3·선입0·추입3 → ⚡ 빠른 페이스
[경륜전개] 사세보 6경주: 보통 · 라인 3개 · 페어 [[4, 2], [1, 5]]
[경륜 추천 개수] 6명 → 메인 2개(상한 2) · 복병 이동 1개
[placeholder 필터] 아오모리 7경주 쌍승 껍데기 배당 3조합 제외(값: [1703.0])
[자동분석·배경] 사세보 6경주: 마감 374초 전 재분석(rec_history 누적·cycle)
[한국이력 검역] 거부 — 파일=부산 6R / 본문 raceKey=삿포로 6경주 (경마장 불일치)
[각질편성] 기후 5경주: 선행2·선입0·추입5 → 보통 페이스
[경륜전개] 기후 5경주: 보통 · 라인 2개 · 페어 [[1, 5], [3, 7]]
[복승불일치 축교정] 호후 7경주: 축 [2, 5]로 교정(자금이탈 강등 [1]·🔴🔴)
[복승불일치 축교정] 사세보 2경주: 축 [2, 7]로 교정(자금이탈 강등 [1]·🔴🔴)
[복승불일치 축교정] 기후 2경주: 축 [3, 4]로 교정(자금이탈 강등 [6]·🔴🔴)
[복승불일치 축교정] 사세보 3경주: 축 [1, 5]로 교정(자금이탈 강등 [7]·🔴🔴)
[복승불일치 축교정] 오다와라 3경주: 축 [3, 9]로 교정(자금이탈 강등 [1]·🔴)
[복승불일치 축교정] 기후 3경주: 축 [5, 7]로 교정(자금이탈 강등 [4]·🔴🔴)
[복승불일치 축교정] 사세보 4경주: 축 [1, 4]로 교정(자금이탈 강등 [7]·🔴🔴)
[placeholder 필터] 오다와라 4경주 쌍승 껍데기 배당 4조합 제외(값: [859.9])
[복승불일치 축교정] 기후 4경주: 축 [1, 4]로 교정(자금이탈 강등 [2]·🔴🔴)
[placeholder 필터] 삿포로 6경주 복승 껍데기 배당 13조합 제외(값: [100])
[잔존마 필터] 삿포로 6경주: 전적 10두 → 배당 출전마 7두 (배당 없는 마번 제외: [6, 8, 10])
[각질편성] 삿포로 6경주: 선행0·선입0·추입0 → 🐌 느린 페이스
[각질편성] 오다와라 5경주: 선행3·선입0·추입6 → ⚡ 빠른 페이스
[경륜전개] 오다와라 5경주: 슬로우(단독 선행) · 라인 3개 · 페어 [[2, 5], [1, 8], [3, 7]]
[각질편성] 기후 5경주: 선행2·선입0·추입5 → 보통 페이스
[경륜전개] 기후 5경주: 보통 · 라인 2개 · 페어 [[1, 5], [3, 7]]
[각질편성] 사세보 6경주: 선행3·선입0·추입3 → ⚡ 빠른 페이스
[경륜전개] 사세보 6경주: 보통 · 라인 3개 · 페어 [[4, 2], [1, 5]]
[복승불일치 축교정] 사세보 6경주: 축 [2, 4]로 교정(자금이탈 강등 [5]·🔴🔴)
[경륜 추천 개수] 6명 → 메인 2개(상한 2) · 복병 이동 1개
[결과기록] 캐시 갱신 — 재파싱 2건 / 전체 1676건
[placeholder 필터] 삿포로 5경주 복승 껍데기 배당 12조합 제외(값: [99999.9])
[placeholder 필터] 삿포로 6경주 복승 껍데기 배당 13조합 제외(값: [100])
[잔존마 필터] 삿포로 6경주: 전적 10두 → 배당 출전마 7두 (배당 없는 마번 제외: [6, 8, 10])
[각질편성] 삿포로 6경주: 선행0·선입0·추입0 → 🐌 느린 페이스
[3종 수집] 삿포로 6경주: {'quinella': 28, 'exacta': 0, 'trio': 0, 'win': 0} (history 12)
[placeholder 필터] 삿포로 6경주 복승 껍데기 배당 13조합 제외(값: [100])
[잔존마 필터] 삿포로 6경주: 전적 10두 → 배당 출전마 7두 (배당 없는 마번 제외: [6, 8, 10])
[각질편성] 삿포로 6경주: 선행0·선입0·추입0 → 🐌 느린 페이스
[placeholder 필터] 삿포로 6경주 복승 껍데기 배당 13조합 제외(값: [100])
[잔존마 필터] 삿포로 6경주: 전적 10두 → 배당 출전마 7두 (배당 없는 마번 제외: [6, 8, 10])
[각질편성] 삿포로 6경주: 선행0·선입0·추입0 → 🐌 느린 페이스
[JRA수집] 0경주 수집 · 1경주 생략(확장 우선) · 0.01초 · 🔬관찰모드
[placeholder 필터] 삿포로 6경주 복승 껍데기 배당 13조합 제외(값: [100])
[placeholder 필터] 삿포로 6경주 복승 껍데기 배당 13조합 제외(값: [100])
[잔존마 필터] 삿포로 6경주: 전적 10두 → 배당 출전마 7두 (배당 없는 마번 제외: [6, 8, 10])
[잔존마 필터] 삿포로 6경주: 전적 10두 → 배당 출전마 7두 (배당 없는 마번 제외: [6, 8, 10])
[각질편성] 삿포로 6경주: 선행0·선입0·추입0 → 🐌 느린 페이스
[각질편성] 삿포로 6경주: 선행0·선입0·추입0 → 🐌 느린 페이스
[3종 수집] 사세보 6경주: {'quinella': 15, 'exacta': 30, 'trio': 0, 'win': 0} (history 8)
[각질편성] 사세보 6경주: 선행3·선입0·추입3 → ⚡ 빠른 페이스
[경륜전개] 사세보 6경주: 보통 · 라인 3개 · 페어 [[4, 2], [1, 5]]
[경륜 추천 개수] 6명 → 메인 2개(상한 2) · 복병 이동 1개
[자동분석·배경] 사세보 6경주: 마감 338초 전 재분석(rec_history 누적·cycle)
[placeholder 필터] 삿포로 6경주 복승 껍데기 배당 13조합 제외(값: [100])
[잔존마 필터] 삿포로 6경주: 전적 10두 → 배당 출전마 7두 (배당 없는 마번 제외: [6, 8, 10])
[각질편성] 삿포로 6경주: 선행0·선입0·추입0 → 🐌 느린 페이스
[3종 수집] 삿포로 6경주: {'quinella': 28, 'exacta': 0, 'trio': 0, 'win': 0} (history 12)
[placeholder 필터] 삿포로 6경주 복승 껍데기 배당 13조합 제외(값: [100])
[잔존마 필터] 삿포로 6경주: 전적 10두 → 배당 출전마 7두 (배당 없는 마번 제외: [6, 8, 10])
[각질편성] 삿포로 6경주: 선행0·선입0·추입0 → 🐌 느린 페이스
[placeholder 필터] 삿포로 6경주 복승 껍데기 배당 13조합 제외(값: [100])
[잔존마 필터] 삿포로 6경주: 전적 10두 → 배당 출전마 7두 (배당 없는 마번 제외: [6, 8, 10])
[각질편성] 삿포로 6경주: 선행0·선입0·추입0 → 🐌 느린 페이스
📊 [채점] 사세보 5경주: Gemini 1/3 ↔ 시장 2/3 · 놓침 [3, 7]
📝 [복기] 사세보 5경주: 3번마와 7번마는 추입형으로, 1번과 6번 선행마 간의 과도한 선두 경쟁으로 인해 후방에서 → 규칙(4): 선행마 간의 경쟁이 예상되는 소수 두수 경주에서는 추입형 말들의 최근 성적과 등급을 면밀히 검토하여 역전 가
[신호별학습] 사세보 5경주 · 활성신호 ['급락', '크로스역배열'] · 유력마적중 복승=True 삼복승=False
[결과 수정] 사세보 5경주: 기존 레코드 교체(재입력)
[복병케이스] 사세보 5경주: 복병 5두 저장(입상 2)
[readonly 잠금] 사세보 5경주: 마감 확정 파일 — corePicks/시계열 보존, result/hit만 업데이트 허용
[패턴발견] 결과 1534경주 스캔 → 발견 패턴 10개(기준 적중률 35.5%)
[자동학습] 사세보 5경주 결과 [3, 7, 4] → 추천적중 False, 급락적중 False, 전적유력마 1(실패), 제거적중 False
📊 [채점] 기후 4경주: Gemini 2/3 ↔ 시장 2/3 · 놓침 [3]
[placeholder 필터] 삿포로 6경주 복승 껍데기 배당 13조합 제외(값: [100])
[placeholder 필터] 삿포로 6경주 복승 껍데기 배당 13조합 제외(값: [100])
[잔존마 필터] 삿포로 6경주: 전적 10두 → 배당 출전마 7두 (배당 없는 마번 제외: [6, 8, 10])
[잔존마 필터] 삿포로 6경주: 전적 10두 → 배당 출전마 7두 (배당 없는 마번 제외: [6, 8, 10])
[각질편성] 삿포로 6경주: 선행0·선입0·추입0 → 🐌 느린 페이스
[각질편성] 삿포로 6경주: 선행0·선입0·추입0 → 🐌 느린 페이스
📝 [복기] 기후 4경주: 3번 말의 최근 착순 분포(chaku)에서 1착 기록이 두드러지게 많았음에도 불구하고 해당 → 규칙(4): 코멘트에서 특정 말 언급이 강할지라도, 착순 분포 등 객관적인 수치 데이터를 놓치지 않고 모든 말의 데이터를
[복승불일치 축교정] 기후 4경주: 축 [1, 4]로 교정(자금이탈 강등 [2]·🔴🔴)
[신호별학습] 기후 4경주 · 활성신호 ['급락'] · 유력마적중 복승=True 삼복승=False
[결과 수정] 기후 4경주: 기존 레코드 교체(재입력)
[placeholder 필터] 삿포로 6경주 복승 껍데기 배당 13조합 제외(값: [100])
[placeholder 필터] 삿포로 6경주 복승 껍데기 배당 13조합 제외(값: [100])
[잔존마 필터] 삿포로 6경주: 전적 10두 → 배당 출전마 7두 (배당 없는 마번 제외: [6, 8, 10])
[각질편성] 삿포로 6경주: 선행0·선입0·추입0 → 🐌 느린 페이스
[placeholder 필터] 삿포로 6경주 복승 껍데기 배당 13조합 제외(값: [100])
[잔존마 필터] 삿포로 6경주: 전적 10두 → 배당 출전마 7두 (배당 없는 마번 제외: [6, 8, 10])
[placeholder 필터] 삿포로 6경주 복승 껍데기 배당 13조합 제외(값: [100])
[placeholder 필터] 삿포로 6경주 복승 껍데기 배당 13조합 제외(값: [100])
[잔존마 필터] 삿포로 6경주: 전적 10두 → 배당 출전마 7두 (배당 없는 마번 제외: [6, 8, 10])
[각질편성] 삿포로 6경주: 선행0·선입0·추입0 → 🐌 느린 페이스
[placeholder 필터] 삿포로 6경주 복승 껍데기 배당 13조합 제외(값: [100])
[각질편성] 삿포로 6경주: 선행0·선입0·추입0 → 🐌 느린 페이스
[복승불일치 축교정] 아오모리 4경주: 축 [1, 4]로 교정(자금이탈 강등 [7]·🔴🔴)
[잔존마 필터] 삿포로 6경주: 전적 10두 → 배당 출전마 7두 (배당 없는 마번 제외: [6, 8, 10])
[잔존마 필터] 삿포로 6경주: 전적 10두 → 배당 출전마 7두 (배당 없는 마번 제외: [6, 8, 10])
[각질편성] 삿포로 6경주: 선행0·선입0·추입0 → 🐌 느린 페이스
[잔존마 필터] 삿포로 6경주: 전적 10두 → 배당 출전마 7두 (배당 없는 마번 제외: [6, 8, 10])
[각질편성] 삿포로 6경주: 선행0·선입0·추입0 → 🐌 느린 페이스
[각질편성] 삿포로 6경주: 선행0·선입0·추입0 → 🐌 느린 페이스
[한국 전적] 삿포로 6경주: 10두 저장(PDF, 전적 10두)
[placeholder 필터] 삿포로 6경주 복승 껍데기 배당 13조합 제외(값: [100])
[잔존마 필터] 삿포로 6경주: 전적 10두 → 배당 출전마 7두 (배당 없는 마번 제외: [6, 8, 10])
[각질편성] 삿포로 6경주: 선행0·선입0·추입0 → 🐌 느린 페이스
[복승불일치 축교정] 아오모리 5경주: 축 [1, 3]로 교정(자금이탈 강등 [6]·🔴)
[복병케이스] 기후 4경주: 복병 4두 저장(입상 1)
[placeholder 필터] 호후 6경주 쌍승 껍데기 배당 3조합 제외(값: [300.2])
[복승불일치 축교정] 호후 6경주: 축 [1, 5]로 교정(자금이탈 강등 [7]·🔴)
[placeholder 필터] 아오모리 7경주 쌍승 껍데기 배당 3조합 제외(값: [1703.0])
[복승불일치 축교정] 호후 7경주: 축 [2, 5]로 교정(자금이탈 강등 [1]·🔴🔴)
[한국이력 검역] 거부 — 파일=부산 6R / 본문 raceKey=삿포로 6경주 (경마장 불일치)
[복승불일치 축교정] 사세보 2경주: 축 [2, 7]로 교정(자금이탈 강등 [1]·🔴🔴)
[복승불일치 축교정] 기후 2경주: 축 [3, 4]로 교정(자금이탈 강등 [6]·🔴🔴)
[복승불일치 축교정] 사세보 3경주: 축 [1, 5]로 교정(자금이탈 강등 [7]·🔴🔴)
[복승불일치 축교정] 오다와라 3경주: 축 [3, 9]로 교정(자금이탈 강등 [1]·🔴)
[복승불일치 축교정] 기후 3경주: 축 [5, 7]로 교정(자금이탈 강등 [4]·🔴🔴)
[3종 수집] 사세보 6경주: {'quinella': 15, 'exacta': 30, 'trio': 0, 'win': 0} (history 9)
[각질편성] 사세보 6경주: 선행3·선입0·추입3 → ⚡ 빠른 페이스
[경륜전개] 사세보 6경주: 보통 · 라인 3개 · 페어 [[4, 2], [1, 5]]
[경륜 추천 개수] 6명 → 메인 2개(상한 2) · 복병 이동 1개
[복승불일치 축교정] 사세보 4경주: 축 [1, 4]로 교정(자금이탈 강등 [7]·🔴🔴)
[자동분석·배경] 사세보 6경주: 마감 306초 전 재분석(rec_history 누적·cycle)
[placeholder 필터] 삿포로 6경주 복승 껍데기 배당 13조합 제외(값: [100])
[각질편성] 사세보 6경주: 선행3·선입0·추입3 → ⚡ 빠른 페이스
[경륜전개] 사세보 6경주: 보통 · 라인 3개 · 페어 [[4, 2], [1, 5]]
[잔존마 필터] 삿포로 6경주: 전적 10두 → 배당 출전마 7두 (배당 없는 마번 제외: [6, 8, 10])
[각질편성] 삿포로 6경주: 선행0·선입0·추입0 → 🐌 느린 페이스
[placeholder 필터] 오다와라 4경주 쌍승 껍데기 배당 4조합 제외(값: [859.9])
[경륜 추천 개수] 6명 → 메인 2개(상한 2) · 복병 이동 1개
[복승불일치 축교정] 기후 4경주: 축 [1, 4]로 교정(자금이탈 강등 [2]·🔴🔴)
[카카오알림] 사세보 6경주 T-5 → 큐 적재
[결과기록] 캐시 갱신 — 재파싱 2건 / 전체 1676건
[각질편성] 오다와라 5경주: 선행3·선입0·추입6 → ⚡ 빠른 페이스
[경륜전개] 오다와라 5경주: 슬로우(단독 선행) · 라인 3개 · 페어 [[2, 5], [1, 8], [3, 7]]
[각질편성] 기후 5경주: 선행2·선입0·추입5 → 보통 페이스
[경륜전개] 기후 5경주: 보통 · 라인 2개 · 페어 [[1, 5], [3, 7]]
[각질편성] 사세보 6경주: 선행3·선입0·추입3 → ⚡ 빠른 페이스
[경륜전개] 사세보 6경주: 보통 · 라인 3개 · 페어 [[4, 2], [1, 5]]
[복승불일치 축교정] 기후 4경주: 축 [1, 4]로 교정(자금이탈 강등 [2]·🔴🔴)
[경륜 추천 개수] 6명 → 메인 2개(상한 2) · 복병 이동 1개
[readonly 잠금] 기후 4경주: 마감 확정 파일 — corePicks/시계열 보존, result/hit만 업데이트 허용
[placeholder 필터] 삿포로 5경주 복승 껍데기 배당 12조합 제외(값: [99999.9])
[placeholder 필터] 삿포로 6경주 복승 껍데기 배당 13조합 제외(값: [100])
[잔존마 필터] 삿포로 6경주: 전적 10두 → 배당 출전마 7두 (배당 없는 마번 제외: [6, 8, 10])
[각질편성] 삿포로 6경주: 선행0·선입0·추입0 → 🐌 느린 페이스
[패턴발견] 결과 1535경주 스캔 → 발견 패턴 10개(기준 적중률 35.4%)
[자동학습] 기후 4경주 결과 [3, 2, 1] → 추천적중 False, 급락적중 False, 전적유력마 1(적중), 제거적중 False
[경륜 결과 백필] 2026-08-01: 시도 5 · 성공 2 · 실패 3
  ↳ 실패: 사세보 6경주 - 결과 미게시/파싱 실패
  ↳ 실패: 기후 5경주 - 결과 미게시/파싱 실패
  ↳ 실패: 오다와라 5경주 - 결과 미게시/파싱 실패
[3종 수집] 삿포로 6경주: {'quinella': 25, 'exacta': 0, 'trio': 0, 'win': 0} (history 12)
[잔존마 필터] 삿포로 6경주: 전적 10두 → 배당 출전마 8두 (배당 없는 마번 제외: [9, 10])
[각질편성] 삿포로 6경주: 선행0·선입0·추입0 → 🐌 느린 페이스
[잔존마 필터] 삿포로 6경주: 전적 10두 → 배당 출전마 8두 (배당 없는 마번 제외: [9, 10])
[각질편성] 삿포로 6경주: 선행0·선입0·추입0 → 🐌 느린 페이스
[데이터백업] ✅ GitHub 반영: 결과 자동백업: 사세보 5경주 3-7-4
[JRA수집] 0경주 수집 · 1경주 생략(확장 우선) · 0.01초 · 🔬관찰모드
[잔존마 필터] 삿포로 6경주: 전적 10두 → 배당 출전마 8두 (배당 없는 마번 제외: [9, 10])
[각질편성] 삿포로 6경주: 선행0·선입0·추입0 → 🐌 느린 페이스
[데이터백업] ✅ GitHub 반영: 결과 자동백업: 기후 4경주 3-2-1
[잔존마 필터] 삿포로 6경주: 전적 10두 → 배당 출전마 8두 (배당 없는 마번 제외: [9, 10])
[잔존마 필터] 삿포로 6경주: 전적 10두 → 배당 출전마 8두 (배당 없는 마번 제외: [9, 10])
[각질편성] 삿포로 6경주: 선행0·선입0·추입0 → 🐌 느린 페이스
[각질편성] 삿포로 6경주: 선행0·선입0·추입0 → 🐌 느린 페이스
[다중경주] 하트비트 #71 · 스케줄 ymd=20260801 (-1초 전 갱신 · 트랙 12개)
[3종 수집] 사세보 6경주: {'quinella': 15, 'exacta': 30, 'trio': 0, 'win': 0} (history 10)
[각질편성] 사세보 6경주: 선행3·선입0·추입3 → ⚡ 빠른 페이스
[경륜전개] 사세보 6경주: 보통 · 라인 3개 · 페어 [[4, 2], [1, 5]]
[경륜 추천 개수] 6명 → 메인 2개(상한 2) · 복병 이동 1개
[자동예상] 사세보 6경주 최종예상 저장(2026_08_01_사세보_6경주.json)
[각질편성] 사세보 6경주: 선행3·선입0·추입3 → ⚡ 빠른 페이스
[경륜전개] 사세보 6경주: 보통 · 라인 3개 · 페어 [[4, 2], [1, 5]]
[경륜 추천 개수] 6명 → 메인 2개(상한 2) · 복병 이동 1개
[자동분석·배경] 사세보 6경주: 마감 273초 전 재분석(rec_history 누적·cycle)
[카톡 변경알림·즉시] 사세보 6경주 (남은 273s): 삼복승 제외: 1+2+4 · 2+3+4
[잔존마 필터] 삿포로 6경주: 전적 10두 → 배당 출전마 8두 (배당 없는 마번 제외: [9, 10])
[각질편성] 삿포로 6경주: 선행0·선입0·추입0 → 🐌 느린 페이스
[3종 수집] 삿포로 6경주: {'quinella': 25, 'exacta': 0, 'trio': 0, 'win': 0} (history 12)
[잔존마 필터] 삿포로 6경주: 전적 10두 → 배당 출전마 8두 (배당 없는 마번 제외: [9, 10])
[각질편성] 삿포로 6경주: 선행0·선입0·추입0 → 🐌 느린 페이스
[잔존마 필터] 삿포로 6경주: 전적 10두 → 배당 출전마 8두 (배당 없는 마번 제외: [9, 10])
[각질편성] 삿포로 6경주: 선행0·선입0·추입0 → 🐌 느린 페이스
[잔존마 필터] 삿포로 6경주: 전적 10두 → 배당 출전마 8두 (배당 없는 마번 제외: [9, 10])
[잔존마 필터] 삿포로 6경주: 전적 10두 → 배당 출전마 8두 (배당 없는 마번 제외: [9, 10])
[각질편성] 삿포로 6경주: 선행0·선입0·추입0 → 🐌 느린 페이스
[각질편성] 삿포로 6경주: 선행0·선입0·추입0 → 🐌 느린 페이스
[잔존마 필터] 삿포로 6경주: 전적 10두 → 배당 출전마 8두 (배당 없는 마번 제외: [9, 10])
[잔존마 필터] 삿포로 6경주: 전적 10두 → 배당 출전마 8두 (배당 없는 마번 제외: [9, 10])
[각질편성] 삿포로 6경주: 선행0·선입0·추입0 → 🐌 느린 페이스
[복승불일치 축교정] 아오모리 4경주: 축 [1, 4]로 교정(자금이탈 강등 [7]·🔴🔴)
[각질편성] 삿포로 6경주: 선행0·선입0·추입0 → 🐌 느린 페이스
[잔존마 필터] 삿포로 6경주: 전적 10두 → 배당 출전마 8두 (배당 없는 마번 제외: [9, 10])
[잔존마 필터] 삿포로 6경주: 전적 10두 → 배당 출전마 8두 (배당 없는 마번 제외: [9, 10])
[각질편성] 삿포로 6경주: 선행0·선입0·추입0 → 🐌 느린 페이스
[각질편성] 삿포로 6경주: 선행0·선입0·추입0 → 🐌 느린 페이스
[한국 전적] 삿포로 6경주: 10두 저장(PDF, 전적 10두)
[잔존마 필터] 삿포로 6경주: 전적 10두 → 배당 출전마 8두 (배당 없는 마번 제외: [9, 10])
[각질편성] 삿포로 6경주: 선행0·선입0·추입0 → 🐌 느린 페이스
[복승불일치 축교정] 아오모리 5경주: 축 [1, 3]로 교정(자금이탈 강등 [6]·🔴)
[placeholder 필터] 호후 6경주 쌍승 껍데기 배당 3조합 제외(값: [300.2])
[복승불일치 축교정] 호후 6경주: 축 [1, 5]로 교정(자금이탈 강등 [7]·🔴)
[placeholder 필터] 아오모리 7경주 쌍승 껍데기 배당 3조합 제외(값: [1703.0])
[복승불일치 축교정] 호후 7경주: 축 [2, 5]로 교정(자금이탈 강등 [1]·🔴🔴)
[한국이력 검역] 거부 — 파일=부산 6R / 본문 raceKey=삿포로 6경주 (경마장 불일치)
[복승불일치 축교정] 사세보 2경주: 축 [2, 7]로 교정(자금이탈 강등 [1]·🔴🔴)
[복승불일치 축교정] 기후 2경주: 축 [3, 4]로 교정(자금이탈 강등 [6]·🔴🔴)
[복승불일치 축교정] 사세보 3경주: 축 [1, 5]로 교정(자금이탈 강등 [7]·🔴🔴)
[복승불일치 축교정] 오다와라 3경주: 축 [3, 9]로 교정(자금이탈 강등 [1]·🔴)
[복승불일치 축교정] 기후 3경주: 축 [5, 7]로 교정(자금이탈 강등 [4]·🔴🔴)
[복승불일치 축교정] 사세보 4경주: 축 [1, 4]로 교정(자금이탈 강등 [7]·🔴🔴)
[placeholder 필터] 오다와라 4경주 쌍승 껍데기 배당 4조합 제외(값: [859.9])
[복승불일치 축교정] 기후 4경주: 축 [1, 4]로 교정(자금이탈 강등 [2]·🔴🔴)
[잔존마 필터] 삿포로 6경주: 전적 10두 → 배당 출전마 8두 (배당 없는 마번 제외: [9, 10])
[잔존마 필터] 삿포로 6경주: 전적 10두 → 배당 출전마 8두 (배당 없는 마번 제외: [9, 10])
[각질편성] 삿포로 6경주: 선행0·선입0·추입0 → 🐌 느린 페이스
[각질편성] 삿포로 6경주: 선행0·선입0·추입0 → 🐌 느린 페이스
[각질편성] 오다와라 5경주: 선행3·선입0·추입6 → ⚡ 빠른 페이스
[경륜전개] 오다와라 5경주: 슬로우(단독 선행) · 라인 3개 · 페어 [[2, 5], [1, 8], [3, 7]]
[각질편성] 기후 5경주: 선행2·선입0·추입5 → 보통 페이스
[경륜전개] 기후 5경주: 보통 · 라인 2개 · 페어 [[1, 5], [3, 7]]
[각질편성] 사세보 6경주: 선행3·선입0·추입3 → ⚡ 빠른 페이스
[경륜전개] 사세보 6경주: 보통 · 라인 3개 · 페어 [[4, 2], [1, 5]]
[경륜 추천 개수] 6명 → 메인 2개(상한 2) · 복병 이동 1개
[결과기록] 캐시 갱신 — 재파싱 2건 / 전체 1676건
[placeholder 필터] 삿포로 5경주 복승 껍데기 배당 12조합 제외(값: [99999.9])
[잔존마 필터] 삿포로 6경주: 전적 10두 → 배당 출전마 8두 (배당 없는 마번 제외: [9, 10])
[각질편성] 삿포로 6경주: 선행0·선입0·추입0 → 🐌 느린 페이스
[활성정리] 끝난 경주 1건 제거(히스토리 보존): 기후 4경주
[3종 수집] 사세보 6경주: {'quinella': 15, 'exacta': 30, 'trio': 0, 'win': 0} (history 11)
[각질편성] 사세보 6경주: 선행3·선입0·추입3 → ⚡ 빠른 페이스
[경륜전개] 사세보 6경주: 보통 · 라인 3개 · 페어 [[4, 2], [1, 5]]
[경륜 추천 개수] 6명 → 메인 2개(상한 2) · 복병 이동 1개
[자동분석·배경] 사세보 6경주: 마감 241초 전 재분석(rec_history 누적·cycle)
[카톡 변경알림·즉시] 사세보 6경주 (남은 241s): 복승 추가: 4+5 / 복승 제외: 2+3
[잔존마 필터] 삿포로 6경주: 전적 10두 → 배당 출전마 8두 (배당 없는 마번 제외: [9, 10])
[각질편성] 삿포로 6경주: 선행0·선입0·추입0 → 🐌 느린 페이스
[3종 수집] 삿포로 6경주: {'quinella': 25, 'exacta': 0, 'trio': 0, 'win': 0} (history 12)
[잔존마 필터] 삿포로 6경주: 전적 10두 → 배당 출전마 8두 (배당 없는 마번 제외: [9, 10])
[각질편성] 삿포로 6경주: 선행0·선입0·추입0 → 🐌 느린 페이스
[JRA수집] 0경주 수집 · 1경주 생략(확장 우선) · 0.01초 · 🔬관찰모드
[잔존마 필터] 삿포로 6경주: 전적 10두 → 배당 출전마 8두 (배당 없는 마번 제외: [9, 10])
[각질편성] 삿포로 6경주: 선행0·선입0·추입0 → 🐌 느린 페이스
[잔존마 필터] 삿포로 6경주: 전적 10두 → 배당 출전마 8두 (배당 없는 마번 제외: [9, 10])
[각질편성] 삿포로 6경주: 선행0·선입0·추입0 → 🐌 느린 페이스
[3종 수집] 사세보 6경주: {'quinella': 15, 'exacta': 30, 'trio': 0, 'win': 0} (history 12)
[각질편성] 사세보 6경주: 선행3·선입0·추입3 → ⚡ 빠른 페이스
[경륜전개] 사세보 6경주: 보통 · 라인 3개 · 페어 [[4, 2], [1, 5]]
[경륜 추천 개수] 6명 → 메인 2개(상한 2) · 복병 이동 1개
[자동분석·배경] 사세보 6경주: 마감 209초 전 재분석(rec_history 누적·cycle)
[잔존마 필터] 삿포로 6경주: 전적 10두 → 배당 출전마 8두 (배당 없는 마번 제외: [9, 10])
[잔존마 필터] 삿포로 6경주: 전적 10두 → 배당 출전마 8두 (배당 없는 마번 제외: [9, 10])
[각질편성] 삿포로 6경주: 선행0·선입0·추입0 → 🐌 느린 페이스
[각질편성] 삿포로 6경주: 선행0·선입0·추입0 → 🐌 느린 페이스
[잔존마 필터] 삿포로 6경주: 전적 10두 → 배당 출전마 8두 (배당 없는 마번 제외: [9, 10])
[각질편성] 삿포로 6경주: 선행0·선입0·추입0 → 🐌 느린 페이스
[잔존마 필터] 삿포로 6경주: 전적 10두 → 배당 출전마 8두 (배당 없는 마번 제외: [9, 10])
[잔존마 필터] 삿포로 6경주: 전적 10두 → 배당 출전마 8두 (배당 없는 마번 제외: [9, 10])
[각질편성] 삿포로 6경주: 선행0·선입0·추입0 → 🐌 느린 페이스
[잔존마 필터] 삿포로 6경주: 전적 10두 → 배당 출전마 8두 (배당 없는 마번 제외: [9, 10])
[각질편성] 삿포로 6경주: 선행0·선입0·추입0 → 🐌 느린 페이스
[복승불일치 축교정] 아오모리 4경주: 축 [1, 4]로 교정(자금이탈 강등 [7]·🔴🔴)
[잔존마 필터] 삿포로 6경주: 전적 10두 → 배당 출전마 8두 (배당 없는 마번 제외: [9, 10])
[잔존마 필터] 삿포로 6경주: 전적 10두 → 배당 출전마 8두 (배당 없는 마번 제외: [9, 10])
[각질편성] 삿포로 6경주: 선행0·선입0·추입0 → 🐌 느린 페이스
[각질편성] 삿포로 6경주: 선행0·선입0·추입0 → 🐌 느린 페이스
[각질편성] 삿포로 6경주: 선행0·선입0·추입0 → 🐌 느린 페이스
[잔존마 필터] 삿포로 6경주: 전적 10두 → 배당 출전마 8두 (배당 없는 마번 제외: [9, 10])
[각질편성] 삿포로 6경주: 선행0·선입0·추입0 → 🐌 느린 페이스
[한국 전적] 삿포로 6경주: 10두 저장(PDF, 전적 10두)
[잔존마 필터] 삿포로 6경주: 전적 10두 → 배당 출전마 8두 (배당 없는 마번 제외: [9, 10])
[각질편성] 삿포로 6경주: 선행0·선입0·추입0 → 🐌 느린 페이스
[복승불일치 축교정] 아오모리 5경주: 축 [1, 3]로 교정(자금이탈 강등 [6]·🔴)
[잔존마 필터] 삿포로 6경주: 전적 10두 → 배당 출전마 8두 (배당 없는 마번 제외: [9, 10])
[각질편성] 삿포로 6경주: 선행0·선입0·추입0 → 🐌 느린 페이스
[placeholder 필터] 호후 6경주 쌍승 껍데기 배당 3조합 제외(값: [300.2])
[복승불일치 축교정] 호후 6경주: 축 [1, 5]로 교정(자금이탈 강등 [7]·🔴)
[3종 수집] 삿포로 6경주: {'quinella': 25, 'exacta': 0, 'trio': 0, 'win': 0} (history 12)
[한국이력 검역] 거부 — 파일=부산 6R / 본문 raceKey=삿포로 6경주 (경마장 불일치)
[잔존마 필터] 삿포로 6경주: 전적 10두 → 배당 출전마 8두 (배당 없는 마번 제외: [9, 10])
[각질편성] 삿포로 6경주: 선행0·선입0·추입0 → 🐌 느린 페이스
[placeholder 필터] 아오모리 7경주 쌍승 껍데기 배당 3조합 제외(값: [1703.0])
[복승불일치 축교정] 호후 7경주: 축 [2, 5]로 교정(자금이탈 강등 [1]·🔴🔴)
[복승불일치 축교정] 사세보 2경주: 축 [2, 7]로 교정(자금이탈 강등 [1]·🔴🔴)
[복승불일치 축교정] 기후 2경주: 축 [3, 4]로 교정(자금이탈 강등 [6]·🔴🔴)
[복승불일치 축교정] 사세보 3경주: 축 [1, 5]로 교정(자금이탈 강등 [7]·🔴🔴)
[복승불일치 축교정] 오다와라 3경주: 축 [3, 9]로 교정(자금이탈 강등 [1]·🔴)
[복승불일치 축교정] 기후 3경주: 축 [5, 7]로 교정(자금이탈 강등 [4]·🔴🔴)
[복승불일치 축교정] 사세보 4경주: 축 [1, 4]로 교정(자금이탈 강등 [7]·🔴🔴)
[잔존마 필터] 삿포로 6경주: 전적 10두 → 배당 출전마 8두 (배당 없는 마번 제외: [9, 10])
[각질편성] 삿포로 6경주: 선행0·선입0·추입0 → 🐌 느린 페이스
[placeholder 필터] 오다와라 4경주 쌍승 껍데기 배당 4조합 제외(값: [859.9])
[복승불일치 축교정] 기후 4경주: 축 [1, 4]로 교정(자금이탈 강등 [2]·🔴🔴)
[각질편성] 오다와라 5경주: 선행3·선입0·추입6 → ⚡ 빠른 페이스
[경륜전개] 오다와라 5경주: 슬로우(단독 선행) · 라인 3개 · 페어 [[2, 5], [1, 8], [3, 7]]
[각질편성] 기후 5경주: 선행2·선입0·추입5 → 보통 페이스
[경륜전개] 기후 5경주: 보통 · 라인 2개 · 페어 [[1, 5], [3, 7]]
서버 시작: http://127.0.0.1:8011 (debug=True, 로컬은 자동 리로드 ON)
  · Gemini 검수 호출 : ⏸️ 꺼짐 — 일시 중단 (GEMINI_REVIEW_ENABLED)
  · Gemini 카카오발송: ⏸️ 꺼짐 — 일시 중단 (GEMINI_KAKAO_ENABLED)
  · 결정론 검수(②④) : 🟢 항상 동작 (logs/det_review/) · 경주 추천 카카오: 🟢 정상
  · Gemini 독립예측  : ✅ 켜짐
  · 선택 모듈 로드          ✅ 전부 정상
  --- 환경 플래그(자동 수집) ---
  · GEMINI_FORECAST_ENABLED    🟢 켜짐
[주기백업] 6시간 주기 데이터 안전 백업 스레드 시작
[학습일지] 매일 22:00 학습 일지 자동 생성 스케줄러 시작
[체크리스트 카카오] 자동 발송 스케줄러 시작(매일 21:00 · 60초 폴링 · HEALTH_KAKAO_HOUR)
[다중경주] 백그라운드 시작(스케줄 30분·수집 30초·실패격리·워치독 60초)
[다중경주] 하트비트 #1 · 스케줄 ymd=20260801 (-1초 전 갱신 · 트랙 12개)
[JRA수집] 중앙경마 백그라운드 시작(60초 · 마감15분창 · type[4, 7] · 🔬관찰모드(추천 미반영))
[날씨] 자동수집 데몬 시작(30분 캐시· 키 없음→더미)
[결과 백필] 데몬 시작(20분 주기·당일 미입력 자동수집 — 한국:KRA rcTime · 일본NAR:keiba RaceMarkTable·watch 무관)
[부팅] 백그라운드 작업 기동 완료(자동수집·백업·학습·날짜정리)
[잔존마 필터] 삿포로 6경주: 전적 10두 → 배당 출전마 8두 (배당 없는 마번 제외: [9, 10])
[각질편성] 삿포로 6경주: 선행0·선입0·추입0 → 🐌 느린 페이스
⏸ [폴링 저장 가드] 삿포로 6경주: 마감 후 readonly → 로그 저장 생략(분석·표시는 정상)
[3종 수집] 사세보 6경주: {'quinella': 15, 'exacta': 30, 'trio': 0, 'win': 0} (history 12)
[복승불일치 축교정] 아오모리 4경주: 축 [1, 4]로 교정(자금이탈 강등 [7]·🔴🔴)
서버 시작: http://127.0.0.1:8011 (debug=True, 로컬은 자동 리로드 ON)
  · Gemini 검수 호출 : ⏸️ 꺼짐 — 일시 중단 (GEMINI_REVIEW_ENABLED)
  · Gemini 카카오발송: ⏸️ 꺼짐 — 일시 중단 (GEMINI_KAKAO_ENABLED)
  · 결정론 검수(②④) : 🟢 항상 동작 (logs/det_review/) · 경주 추천 카카오: 🟢 정상
  · Gemini 독립예측  : ✅ 켜짐
  · 선택 모듈 로드          ✅ 전부 정상
  --- 환경 플래그(자동 수집) ---
  · GEMINI_FORECAST_ENABLED    🟢 켜짐
[주기백업] 6시간 주기 데이터 안전 백업 스레드 시작
[학습일지] 매일 22:00 학습 일지 자동 생성 스케줄러 시작
[체크리스트 카카오] 자동 발송 스케줄러 시작(매일 21:00 · 60초 폴링 · HEALTH_KAKAO_HOUR)
[다중경주] 백그라운드 시작(스케줄 30분·수집 30초·실패격리·워치독 60초)
[JRA수집] 중앙경마 백그라운드 시작(60초 · 마감15분창 · type[4, 7] · 🔬관찰모드(추천 미반영))
[다중경주] 하트비트 #1 · 스케줄 ymd=20260801 (-1초 전 갱신 · 트랙 12개)
[날씨] 자동수집 데몬 시작(30분 캐시· 키 없음→더미)
[결과 백필] 데몬 시작(20분 주기·당일 미입력 자동수집 — 한국:KRA rcTime · 일본NAR:keiba RaceMarkTable·watch 무관)
[부팅] 백그라운드 작업 기동 완료(자동수집·백업·학습·날짜정리)
[잔존마 필터] 삿포로 6경주: 전적 10두 → 배당 출전마 8두 (배당 없는 마번 제외: [9, 10])
[각질편성] 삿포로 6경주: 선행0·선입0·추입0 → 🐌 느린 페이스
⏸ [폴링 저장 가드] 삿포로 6경주: 마감 후 readonly → 로그 저장 생략(분석·표시는 정상)
[3종 수집] 사세보 6경주: {'quinella': 15, 'exacta': 30, 'trio': 0, 'win': 0} (history 12)
[잔존마 필터] 삿포로 6경주: 전적 10두 → 배당 출전마 8두 (배당 없는 마번 제외: [9, 10])
[각질편성] 삿포로 6경주: 선행0·선입0·추입0 → 🐌 느린 페이스
🔮 [예측] 사세보 6경주: top3=[2, 4, 5] conf=4 · 6두 편성으로 소수 경주이며, 라인 구성상 선행마 2두(4, 6번)가 같
[각질편성] 사세보 6경주: 선행3·선입0·추입3 → ⚡ 빠른 페이스
[경륜전개] 사세보 6경주: 보통 · 라인 3개 · 페어 [[4, 2], [1, 5]]
[경륜 추천 개수] 6명 → 메인 2개(상한 2) · 복병 이동 1개
[경륜 B라인v2] 에러(무시·보류 항목): name 'key_horses' is not defined
[자동예상] 사세보 6경주 최종예상 저장(2026_08_01_사세보_6경주.json)
[각질편성] 사세보 6경주: 선행3·선입0·추입3 → ⚡ 빠른 페이스
[경륜전개] 사세보 6경주: 보통 · 라인 3개 · 페어 [[4, 2], [1, 5]]
[경륜 추천 개수] 6명 → 메인 2개(상한 2) · 복병 이동 1개
[자동분석·배경] 사세보 6경주: 마감 173초 전 재분석(rec_history 누적·cycle)
[잔존마 필터] 삿포로 6경주: 전적 10두 → 배당 출전마 8두 (배당 없는 마번 제외: [9, 10])
[각질편성] 삿포로 6경주: 선행0·선입0·추입0 → 🐌 느린 페이스
서버 시작: http://127.0.0.1:8011 (debug=True, 로컬은 자동 리로드 ON)
  · Gemini 검수 호출 : ⏸️ 꺼짐 — 일시 중단 (GEMINI_REVIEW_ENABLED)
  · Gemini 카카오발송: ⏸️ 꺼짐 — 일시 중단 (GEMINI_KAKAO_ENABLED)
  · 결정론 검수(②④) : 🟢 항상 동작 (logs/det_review/) · 경주 추천 카카오: 🟢 정상
  · Gemini 독립예측  : ✅ 켜짐
  · 선택 모듈 로드          ✅ 전부 정상
  --- 환경 플래그(자동 수집) ---
  · GEMINI_FORECAST_ENABLED    🟢 켜짐
[주기백업] 6시간 주기 데이터 안전 백업 스레드 시작
[학습일지] 매일 22:00 학습 일지 자동 생성 스케줄러 시작
[체크리스트 카카오] 자동 발송 스케줄러 시작(매일 21:00 · 60초 폴링 · HEALTH_KAKAO_HOUR)
[다중경주] 백그라운드 시작(스케줄 30분·수집 30초·실패격리·워치독 60초)
[JRA수집] 중앙경마 백그라운드 시작(60초 · 마감15분창 · type[4, 7] · 🔬관찰모드(추천 미반영))
[다중경주] 하트비트 #1 · 스케줄 ymd=20260801 (-1초 전 갱신 · 트랙 12개)
[날씨] 자동수집 데몬 시작(30분 캐시· 키 없음→더미)
[결과 백필] 데몬 시작(20분 주기·당일 미입력 자동수집 — 한국:KRA rcTime · 일본NAR:keiba RaceMarkTable·watch 무관)
[부팅] 백그라운드 작업 기동 완료(자동수집·백업·학습·날짜정리)
[잔존마 필터] 삿포로 6경주: 전적 10두 → 배당 출전마 8두 (배당 없는 마번 제외: [9, 10])
[각질편성] 삿포로 6경주: 선행0·선입0·추입0 → 🐌 느린 페이스
[한국 전적] 삿포로 6경주: 10두 저장(PDF, 전적 10두)
[잔존마 필터] 삿포로 6경주: 전적 10두 → 배당 출전마 8두 (배당 없는 마번 제외: [9, 10])
[각질편성] 삿포로 6경주: 선행0·선입0·추입0 → 🐌 느린 페이스
[활성정리] 끝난 경주 1건 제거(히스토리 보존): 삿포로 5경주
[3종 수집] 사세보 6경주: {'quinella': 15, 'exacta': 30, 'trio': 0, 'win': 0} (history 12)
⏸ [폴링 저장 가드] 삿포로 6경주: 마감 후 readonly → 로그 저장 생략(분석·표시는 정상)
[잔존마 필터] 삿포로 6경주: 전적 10두 → 배당 출전마 8두 (배당 없는 마번 제외: [9, 10])
[잔존마 필터] 삿포로 6경주: 전적 10두 → 배당 출전마 8두 (배당 없는 마번 제외: [9, 10])
[각질편성] 삿포로 6경주: 선행0·선입0·추입0 → 🐌 느린 페이스
[각질편성] 삿포로 6경주: 선행0·선입0·추입0 → 🐌 느린 페이스
[한국이력 검역] 거부 — 파일=부산 6R / 본문 raceKey=삿포로 6경주 (경마장 불일치)
서버 시작: http://127.0.0.1:8011 (debug=True, 로컬은 자동 리로드 ON)
  · Gemini 검수 호출 : ⏸️ 꺼짐 — 일시 중단 (GEMINI_REVIEW_ENABLED)
  · Gemini 카카오발송: ⏸️ 꺼짐 — 일시 중단 (GEMINI_KAKAO_ENABLED)
  · 결정론 검수(②④) : 🟢 항상 동작 (logs/det_review/) · 경주 추천 카카오: 🟢 정상
  · Gemini 독립예측  : ✅ 켜짐
  · 선택 모듈 로드          ✅ 전부 정상
  --- 환경 플래그(자동 수집) ---
  · GEMINI_FORECAST_ENABLED    🟢 켜짐
[주기백업] 6시간 주기 데이터 안전 백업 스레드 시작
[학습일지] 매일 22:00 학습 일지 자동 생성 스케줄러 시작
[체크리스트 카카오] 자동 발송 스케줄러 시작(매일 21:00 · 60초 폴링 · HEALTH_KAKAO_HOUR)
[다중경주] 백그라운드 시작(스케줄 30분·수집 30초·실패격리·워치독 60초)
[다중경주] 하트비트 #1 · 스케줄 ymd=20260801 (-1초 전 갱신 · 트랙 12개)
[JRA수집] 중앙경마 백그라운드 시작(60초 · 마감15분창 · type[4, 7] · 🔬관찰모드(추천 미반영))
[날씨] 자동수집 데몬 시작(30분 캐시· 키 없음→더미)
[결과 백필] 데몬 시작(20분 주기·당일 미입력 자동수집 — 한국:KRA rcTime · 일본NAR:keiba RaceMarkTable·watch 무관)
[부팅] 백그라운드 작업 기동 완료(자동수집·백업·학습·날짜정리)
[잔존마 필터] 삿포로 6경주: 전적 10두 → 배당 출전마 8두 (배당 없는 마번 제외: [9, 10])
[각질편성] 삿포로 6경주: 선행0·선입0·추입0 → 🐌 느린 페이스
⏸ [폴링 저장 가드] 삿포로 6경주: 마감 후 readonly → 로그 저장 생략(분석·표시는 정상)
[3종 수집] 사세보 6경주: {'quinella': 15, 'exacta': 30, 'trio': 0, 'win': 0} (history 12)
🔮 [예측] 사세보 6경주: top3=[2, 4, 5] conf=4 · 6두 경주로 소수 인원. 바람은 맞바람 가능성으로 선행에 불리할 수 있으
[각질편성] 사세보 6경주: 선행3·선입0·추입3 → ⚡ 빠른 페이스
[경륜전개] 사세보 6경주: 보통 · 라인 3개 · 페어 [[4, 2], [1, 5]]
[경륜 추천 개수] 6명 → 메인 2개(상한 2) · 복병 이동 1개
[경륜 B라인v2] 에러(무시·보류 항목): name 'key_horses' is not defined
[자동예상] 사세보 6경주 최종예상 저장(2026_08_01_사세보_6경주.json)
[3종 수집] 삿포로 6경주: {'quinella': 25, 'exacta': 0, 'trio': 0, 'win': 0} (history 12)
[잔존마 필터] 삿포로 6경주: 전적 10두 → 배당 출전마 8두 (배당 없는 마번 제외: [9, 10])
[각질편성] 삿포로 6경주: 선행0·선입0·추입0 → 🐌 느린 페이스
[잔존마 필터] 삿포로 6경주: 전적 10두 → 배당 출전마 8두 (배당 없는 마번 제외: [9, 10])
[각질편성] 삿포로 6경주: 선행0·선입0·추입0 → 🐌 느린 페이스
[경륜 스케줄] 20260801: 경륜장 10곳 · 경주 94개(서버 직접수집·로그인 불필요)
서버 시작: http://127.0.0.1:8011 (debug=True, 로컬은 자동 리로드 ON)
  · Gemini 검수 호출 : ⏸️ 꺼짐 — 일시 중단 (GEMINI_REVIEW_ENABLED)
  · Gemini 카카오발송: ⏸️ 꺼짐 — 일시 중단 (GEMINI_KAKAO_ENABLED)
  · 결정론 검수(②④) : 🟢 항상 동작 (logs/det_review/) · 경주 추천 카카오: 🟢 정상
  · Gemini 독립예측  : ✅ 켜짐
  · 선택 모듈 로드          ✅ 전부 정상
  --- 환경 플래그(자동 수집) ---
  · GEMINI_FORECAST_ENABLED    🟢 켜짐
[주기백업] 6시간 주기 데이터 안전 백업 스레드 시작
[학습일지] 매일 22:00 학습 일지 자동 생성 스케줄러 시작
[체크리스트 카카오] 자동 발송 스케줄러 시작(매일 21:00 · 60초 폴링 · HEALTH_KAKAO_HOUR)
[다중경주] 백그라운드 시작(스케줄 30분·수집 30초·실패격리·워치독 60초)
[JRA수집] 중앙경마 백그라운드 시작(60초 · 마감15분창 · type[4, 7] · 🔬관찰모드(추천 미반영))
[날씨] 자동수집 데몬 시작(30분 캐시· 키 없음→더미)
[다중경주] 하트비트 #1 · 스케줄 ymd=20260801 (-1초 전 갱신 · 트랙 12개)
[결과 백필] 데몬 시작(20분 주기·당일 미입력 자동수집 — 한국:KRA rcTime · 일본NAR:keiba RaceMarkTable·watch 무관)
[부팅] 백그라운드 작업 기동 완료(자동수집·백업·학습·날짜정리)
[잔존마 필터] 삿포로 6경주: 전적 10두 → 배당 출전마 8두 (배당 없는 마번 제외: [9, 10])
[각질편성] 삿포로 6경주: 선행0·선입0·추입0 → 🐌 느린 페이스
⏸ [폴링 저장 가드] 삿포로 6경주: 마감 후 readonly → 로그 저장 생략(분석·표시는 정상)
[3종 수집] 사세보 6경주: {'quinella': 15, 'exacta': 30, 'trio': 0, 'win': 0} (history 12)
🔮 [예측] 사세보 6경주: top3=[2, 4, 5] conf=4 · 6번 선행형의 오랜 공백으로 인한 컨디션 미지수로 4번 선행이 견제를 덜
[각질편성] 사세보 6경주: 선행3·선입0·추입3 → ⚡ 빠른 페이스
[경륜전개] 사세보 6경주: 보통 · 라인 3개 · 페어 [[4, 2], [1, 5]]
[경륜 추천 개수] 6명 → 메인 2개(상한 2) · 복병 이동 1개
[경륜 B라인v2] 에러(무시·보류 항목): name 'key_horses' is not defined
[자동예상] 사세보 6경주 최종예상 저장(2026_08_01_사세보_6경주.json)
[잔존마 필터] 삿포로 6경주: 전적 10두 → 배당 출전마 8두 (배당 없는 마번 제외: [9, 10])
[각질편성] 삿포로 6경주: 선행0·선입0·추입0 → 🐌 느린 페이스
[잔존마 필터] 삿포로 6경주: 전적 10두 → 배당 출전마 8두 (배당 없는 마번 제외: [9, 10])
[잔존마 필터] 삿포로 6경주: 전적 10두 → 배당 출전마 8두 (배당 없는 마번 제외: [9, 10])
[각질편성] 삿포로 6경주: 선행0·선입0·추입0 → 🐌 느린 페이스
[각질편성] 삿포로 6경주: 선행0·선입0·추입0 → 🐌 느린 페이스
[잔존마 필터] 삿포로 6경주: 전적 10두 → 배당 출전마 8두 (배당 없는 마번 제외: [9, 10])
[각질편성] 삿포로 6경주: 선행0·선입0·추입0 → 🐌 느린 페이스
[복승불일치 축교정] 아오모리 4경주: 축 [1, 4]로 교정(자금이탈 강등 [7]·🔴🔴)
[잔존마 필터] 삿포로 6경주: 전적 10두 → 배당 출전마 8두 (배당 없는 마번 제외: [9, 10])
[잔존마 필터] 삿포로 6경주: 전적 10두 → 배당 출전마 8두 (배당 없는 마번 제외: [9, 10])
[잔존마 필터] 삿포로 6경주: 전적 10두 → 배당 출전마 8두 (배당 없는 마번 제외: [9, 10])
[각질편성] 삿포로 6경주: 선행0·선입0·추입0 → 🐌 느린 페이스
[각질편성] 삿포로 6경주: 선행0·선입0·추입0 → 🐌 느린 페이스
[각질편성] 삿포로 6경주: 선행0·선입0·추입0 → 🐌 느린 페이스
[한국 전적] 삿포로 6경주: 10두 저장(PDF, 전적 10두)
[잔존마 필터] 삿포로 6경주: 전적 10두 → 배당 출전마 8두 (배당 없는 마번 제외: [9, 10])
[각질편성] 삿포로 6경주: 선행0·선입0·추입0 → 🐌 느린 페이스
[경륜 스케줄] 20260801: 경륜장 10곳 · 경주 94개(서버 직접수집·로그인 불필요)
[결과기록] 캐시 갱신 — 재파싱 1676건 / 전체 1676건
[복승불일치 축교정] 아오모리 5경주: 축 [1, 3]로 교정(자금이탈 강등 [6]·🔴)
[한국이력 검역] 거부 — 파일=부산 6R / 본문 raceKey=삿포로 6경주 (경마장 불일치)
[placeholder 필터] 호후 6경주 쌍승 껍데기 배당 3조합 제외(값: [300.2])
[복승불일치 축교정] 호후 6경주: 축 [1, 5]로 교정(자금이탈 강등 [7]·🔴)
[placeholder 필터] 아오모리 7경주 쌍승 껍데기 배당 3조합 제외(값: [1703.0])
[복승불일치 축교정] 호후 7경주: 축 [2, 5]로 교정(자금이탈 강등 [1]·🔴🔴)
[복승불일치 축교정] 사세보 2경주: 축 [2, 7]로 교정(자금이탈 강등 [1]·🔴🔴)
[복승불일치 축교정] 기후 2경주: 축 [3, 4]로 교정(자금이탈 강등 [6]·🔴🔴)
[복승불일치 축교정] 사세보 3경주: 축 [1, 5]로 교정(자금이탈 강등 [7]·🔴🔴)
[복승불일치 축교정] 오다와라 3경주: 축 [3, 9]로 교정(자금이탈 강등 [1]·🔴)
[복승불일치 축교정] 기후 3경주: 축 [5, 7]로 교정(자금이탈 강등 [4]·🔴🔴)
[복승불일치 축교정] 사세보 4경주: 축 [1, 4]로 교정(자금이탈 강등 [7]·🔴🔴)
[placeholder 필터] 오다와라 4경주 쌍승 껍데기 배당 4조합 제외(값: [859.9])
[복승불일치 축교정] 기후 4경주: 축 [1, 4]로 교정(자금이탈 강등 [2]·🔴🔴)
[잔존마 필터] 삿포로 6경주: 전적 10두 → 배당 출전마 8두 (배당 없는 마번 제외: [9, 10])
[잔존마 필터] 삿포로 6경주: 전적 10두 → 배당 출전마 8두 (배당 없는 마번 제외: [9, 10])
[각질편성] 삿포로 6경주: 선행0·선입0·추입0 → 🐌 느린 페이스
[각질편성] 삿포로 6경주: 선행0·선입0·추입0 → 🐌 느린 페이스
[각질편성] 오다와라 5경주: 선행3·선입0·추입6 → ⚡ 빠른 페이스
[경륜전개] 오다와라 5경주: 슬로우(단독 선행) · 라인 3개 · 페어 [[2, 5], [1, 8], [3, 7]]
[각질편성] 기후 5경주: 선행2·선입0·추입5 → 보통 페이스
[경륜전개] 기후 5경주: 보통 · 라인 2개 · 페어 [[1, 5], [3, 7]]
[각질편성] 사세보 6경주: 선행3·선입0·추입3 → ⚡ 빠른 페이스
[경륜전개] 사세보 6경주: 보통 · 라인 3개 · 페어 [[4, 2], [1, 5]]
[경륜 추천 개수] 6명 → 메인 2개(상한 2) · 복병 이동 1개
[잔존마 필터] 삿포로 6경주: 전적 10두 → 배당 출전마 8두 (배당 없는 마번 제외: [9, 10])
[각질편성] 삿포로 6경주: 선행0·선입0·추입0 → 🐌 느린 페이스
[잔존마 필터] 삿포로 6경주: 전적 10두 → 배당 출전마 8두 (배당 없는 마번 제외: [9, 10])
[각질편성] 삿포로 6경주: 선행0·선입0·추입0 → 🐌 느린 페이스
[잔존마 필터] 삿포로 6경주: 전적 10두 → 배당 출전마 8두 (배당 없는 마번 제외: [9, 10])
[각질편성] 삿포로 6경주: 선행0·선입0·추입0 → 🐌 느린 페이스
[잔존마 필터] 삿포로 6경주: 전적 10두 → 배당 출전마 8두 (배당 없는 마번 제외: [9, 10])
[각질편성] 삿포로 6경주: 선행0·선입0·추입0 → 🐌 느린 페이스
[잔존마 필터] 삿포로 6경주: 전적 10두 → 배당 출전마 8두 (배당 없는 마번 제외: [9, 10])
[각질편성] 삿포로 6경주: 선행0·선입0·추입0 → 🐌 느린 페이스
[3종 수집] 사세보 6경주: {'quinella': 15, 'exacta': 30, 'trio': 0, 'win': 0} (history 12)
[각질편성] 사세보 6경주: 선행3·선입0·추입3 → ⚡ 빠른 페이스
[경륜전개] 사세보 6경주: 보통 · 라인 3개 · 페어 [[4, 2], [1, 5]]
[경륜 추천 개수] 6명 → 메인 2개(상한 2) · 복병 이동 1개