서버 시작: http://127.0.0.1:8011 (debug=True, 로컬은 자동 리로드 ON)
  · Gemini 검수 호출 : ⏸️ 꺼짐 — 일시 중단 (GEMINI_REVIEW_ENABLED)
  · Gemini 카카오발송: ⏸️ 꺼짐 — 일시 중단 (GEMINI_KAKAO_ENABLED)
  · 결정론 검수(②④) : 🟢 항상 동작 (logs/det_review/) · 경주 추천 카카오: 🟢 정상
  · Gemini 독립예측  : ✅ 켜짐
  · 선택 모듈 로드          ✅ 전부 정상
  --- 환경 플래그(자동 수집) ---
  · GEMINI_FORECAST_ENABLED    🟢 켜짐
 * Serving Flask app 'app'
 * Debug mode: on
서버 시작: http://127.0.0.1:8011 (debug=True, 로컬은 자동 리로드 ON)
  · Gemini 검수 호출 : ⏸️ 꺼짐 — 일시 중단 (GEMINI_REVIEW_ENABLED)
  · Gemini 카카오발송: ⏸️ 꺼짐 — 일시 중단 (GEMINI_KAKAO_ENABLED)
  · 결정론 검수(②④) : 🟢 항상 동작 (logs/det_review/) · 경주 추천 카카오: 🟢 정상
  · Gemini 독립예측  : ✅ 켜짐
  · 선택 모듈 로드          ✅ 전부 정상
  --- 환경 플래그(자동 수집) ---
  · GEMINI_FORECAST_ENABLED    🟢 켜짐
[주기백업] 6시간 주기 데이터 안전 백업 스레드 시작
[학습일지] 매일 22:00 학습 일지 자동 생성 스케줄러 시작
[체크리스트 카카오] 자동 발송 스케줄러 시작(매일 21:00 · 60초 폴링 · HEALTH_KAKAO_HOUR)
[다중경주] 백그라운드 시작(스케줄 30분·수집 30초·실패격리·워치독 60초)
[다중경주] 하트비트 #1 · 스케줄 ymd=20260801 (-1초 전 갱신 · 트랙 12개)
[JRA수집] 중앙경마 백그라운드 시작(60초 · 마감15분창 · type[4, 7] · 🔬관찰모드(추천 미반영))
[날씨] 자동수집 데몬 시작(30분 캐시· 키 없음→더미)
[결과 백필] 데몬 시작(20분 주기·당일 미입력 자동수집 — 한국:KRA rcTime · 일본NAR:keiba RaceMarkTable·watch 무관)
[부팅] 백그라운드 작업 기동 완료(자동수집·백업·학습·날짜정리)
[잔존마 필터] 삿포로 6경주: 전적 10두 → 배당 출전마 8두 (배당 없는 마번 제외: [9, 10])
[각질편성] 삿포로 6경주: 선행0·선입0·추입0 → 🐌 느린 페이스
⏸ [폴링 저장 가드] 삿포로 6경주: 마감 후 readonly → 로그 저장 생략(분석·표시는 정상)
[3종 수집] 사세보 6경주: {'quinella': 15, 'exacta': 30, 'trio': 0, 'win': 0} (history 12)
🔮 [예측] 사세보 6경주: top3=[2, 4, 5] conf=4 · 6번 선행형의 오랜 공백 후 복귀로 인한 컨디션 미지수와 함께, 4번 선
[각질편성] 사세보 6경주: 선행3·선입0·추입3 → ⚡ 빠른 페이스
[경륜전개] 사세보 6경주: 보통 · 라인 3개 · 페어 [[4, 2], [1, 5]]
[경륜 추천 개수] 6명 → 메인 2개(상한 2) · 복병 이동 1개
[경륜 B라인v2] 에러(무시·보류 항목): name 'key_horses' is not defined
[자동예상] 사세보 6경주 최종예상 저장(2026_08_01_사세보_6경주.json)
[잔존마 필터] 삿포로 6경주: 전적 10두 → 배당 출전마 8두 (배당 없는 마번 제외: [9, 10])
[잔존마 필터] 삿포로 6경주: 전적 10두 → 배당 출전마 8두 (배당 없는 마번 제외: [9, 10])
[각질편성] 삿포로 6경주: 선행0·선입0·추입0 → 🐌 느린 페이스
[각질편성] 삿포로 6경주: 선행0·선입0·추입0 → 🐌 느린 페이스
[경륜 스케줄] 20260801: 경륜장 10곳 · 경주 94개(서버 직접수집·로그인 불필요)
[잔존마 필터] 삿포로 6경주: 전적 10두 → 배당 출전마 8두 (배당 없는 마번 제외: [9, 10])
[각질편성] 삿포로 6경주: 선행0·선입0·추입0 → 🐌 느린 페이스
⚠️ [수신값 검증] 삿포로 6경주 · 배당 열 밀림 의심(인접 조합 값 일치) → 이 틱 급락 계산 보류(배당은 저장)
[3종 수집] 삿포로 6경주: {'quinella': 28, 'exacta': 0, 'trio': 0, 'win': 0} (history 12)
[placeholder 필터] 삿포로 6경주 복승 껍데기 배당 26조합 제외(값: [100])
[잔존마 필터] 삿포로 6경주: 전적 10두 → 배당 출전마 3두 (배당 없는 마번 제외: [1, 2, 3, 5, 6, 9, 10])
[각질편성] 삿포로 6경주: 선행0·선입0·추입0 → 🐌 느린 페이스
[placeholder 필터] 삿포로 6경주 복승 껍데기 배당 26조합 제외(값: [100])
[잔존마 필터] 삿포로 6경주: 전적 10두 → 배당 출전마 3두 (배당 없는 마번 제외: [1, 2, 3, 5, 6, 9, 10])
[각질편성] 삿포로 6경주: 선행0·선입0·추입0 → 🐌 느린 페이스
[placeholder 필터] 삿포로 6경주 복승 껍데기 배당 26조합 제외(값: [100])
[placeholder 필터] 삿포로 6경주 복승 껍데기 배당 26조합 제외(값: [100])
[placeholder 필터] 삿포로 6경주 복승 껍데기 배당 26조합 제외(값: [100])
[잔존마 필터] 삿포로 6경주: 전적 10두 → 배당 출전마 3두 (배당 없는 마번 제외: [1, 2, 3, 5, 6, 9, 10])
[각질편성] 삿포로 6경주: 선행0·선입0·추입0 → 🐌 느린 페이스
[잔존마 필터] 삿포로 6경주: 전적 10두 → 배당 출전마 3두 (배당 없는 마번 제외: [1, 2, 3, 5, 6, 9, 10])
[각질편성] 삿포로 6경주: 선행0·선입0·추입0 → 🐌 느린 페이스
[placeholder 필터] 삿포로 6경주 복승 껍데기 배당 26조합 제외(값: [100])
[placeholder 필터] 삿포로 6경주 복승 껍데기 배당 26조합 제외(값: [100])
[잔존마 필터] 삿포로 6경주: 전적 10두 → 배당 출전마 3두 (배당 없는 마번 제외: [1, 2, 3, 5, 6, 9, 10])
[각질편성] 삿포로 6경주: 선행0·선입0·추입0 → 🐌 느린 페이스
[잔존마 필터] 삿포로 6경주: 전적 10두 → 배당 출전마 3두 (배당 없는 마번 제외: [1, 2, 3, 5, 6, 9, 10])
[placeholder 필터] 삿포로 6경주 복승 껍데기 배당 26조합 제외(값: [100])
[각질편성] 삿포로 6경주: 선행0·선입0·추입0 → 🐌 느린 페이스
[복승불일치 축교정] 아오모리 4경주: 축 [1, 4]로 교정(자금이탈 강등 [7]·🔴🔴)
[잔존마 필터] 삿포로 6경주: 전적 10두 → 배당 출전마 3두 (배당 없는 마번 제외: [1, 2, 3, 5, 6, 9, 10])
[각질편성] 삿포로 6경주: 선행0·선입0·추입0 → 🐌 느린 페이스
[잔존마 필터] 삿포로 6경주: 전적 10두 → 배당 출전마 3두 (배당 없는 마번 제외: [1, 2, 3, 5, 6, 9, 10])
[각질편성] 삿포로 6경주: 선행0·선입0·추입0 → 🐌 느린 페이스
[한국 전적] 삿포로 6경주: 10두 저장(PDF, 전적 10두)
[placeholder 필터] 삿포로 6경주 복승 껍데기 배당 26조합 제외(값: [100])
[잔존마 필터] 삿포로 6경주: 전적 10두 → 배당 출전마 3두 (배당 없는 마번 제외: [1, 2, 3, 5, 6, 9, 10])
[각질편성] 삿포로 6경주: 선행0·선입0·추입0 → 🐌 느린 페이스
[결과기록] 캐시 갱신 — 재파싱 1676건 / 전체 1676건
[한국이력 검역] 거부 — 파일=부산 6R / 본문 raceKey=삿포로 6경주 (경마장 불일치)
[복승불일치 축교정] 아오모리 5경주: 축 [1, 3]로 교정(자금이탈 강등 [6]·🔴)
[placeholder 필터] 호후 6경주 쌍승 껍데기 배당 3조합 제외(값: [300.2])
[복승불일치 축교정] 호후 6경주: 축 [1, 5]로 교정(자금이탈 강등 [7]·🔴)
[placeholder 필터] 아오모리 7경주 쌍승 껍데기 배당 3조합 제외(값: [1703.0])
[복승불일치 축교정] 호후 7경주: 축 [2, 5]로 교정(자금이탈 강등 [1]·🔴🔴)
[복승불일치 축교정] 사세보 2경주: 축 [2, 7]로 교정(자금이탈 강등 [1]·🔴🔴)
[한국경마 스케줄] 20260801: 경마장 0곳 · 경주 0개(KRA API 감지·발주시각 미제공)
[다중경주 스케줄] 20260801: 트랙 12곳(경륜 10·한국 0 포함) · 경주 118개
[복승불일치 축교정] 기후 2경주: 축 [3, 4]로 교정(자금이탈 강등 [6]·🔴🔴)
[복승불일치 축교정] 사세보 3경주: 축 [1, 5]로 교정(자금이탈 강등 [7]·🔴🔴)
[복승불일치 축교정] 오다와라 3경주: 축 [3, 9]로 교정(자금이탈 강등 [1]·🔴)
[복승불일치 축교정] 기후 3경주: 축 [5, 7]로 교정(자금이탈 강등 [4]·🔴🔴)
[복승불일치 축교정] 사세보 4경주: 축 [1, 4]로 교정(자금이탈 강등 [7]·🔴🔴)
[placeholder 필터] 오다와라 4경주 쌍승 껍데기 배당 4조합 제외(값: [859.9])
[복승불일치 축교정] 기후 4경주: 축 [1, 4]로 교정(자금이탈 강등 [2]·🔴🔴)
[각질편성] 오다와라 5경주: 선행3·선입0·추입6 → ⚡ 빠른 페이스
[경륜전개] 오다와라 5경주: 슬로우(단독 선행) · 라인 3개 · 페어 [[2, 5], [1, 8], [3, 7]]
[placeholder 필터] 삿포로 6경주 복승 껍데기 배당 26조합 제외(값: [100])
[잔존마 필터] 삿포로 6경주: 전적 10두 → 배당 출전마 3두 (배당 없는 마번 제외: [1, 2, 3, 5, 6, 9, 10])
[각질편성] 삿포로 6경주: 선행0·선입0·추입0 → 🐌 느린 페이스
[각질편성] 기후 5경주: 선행2·선입0·추입5 → 보통 페이스
[경륜전개] 기후 5경주: 보통 · 라인 2개 · 페어 [[1, 5], [3, 7]]
[3종 수집] 사세보 6경주: {'quinella': 15, 'exacta': 30, 'trio': 0, 'win': 0} (history 12)
[각질편성] 사세보 6경주: 선행3·선입0·추입3 → ⚡ 빠른 페이스
[경륜전개] 사세보 6경주: 보통 · 라인 3개 · 페어 [[4, 2], [1, 5]]
[경륜 추천 개수] 6명 → 메인 2개(상한 2) · 복병 이동 1개
[placeholder 필터] 삿포로 6경주 복승 껍데기 배당 26조합 제외(값: [100])
[각질편성] 사세보 6경주: 선행3·선입0·추입3 → ⚡ 빠른 페이스
[경륜전개] 사세보 6경주: 보통 · 라인 3개 · 페어 [[4, 2], [1, 5]]
[잔존마 필터] 삿포로 6경주: 전적 10두 → 배당 출전마 3두 (배당 없는 마번 제외: [1, 2, 3, 5, 6, 9, 10])
[각질편성] 삿포로 6경주: 선행0·선입0·추입0 → 🐌 느린 페이스
[경륜 추천 개수] 6명 → 메인 2개(상한 2) · 복병 이동 1개
[자동분석·배경] 사세보 6경주: 마감 65초 전 재분석(rec_history 누적·cycle)
[placeholder 필터] 삿포로 6경주 복승 껍데기 배당 26조합 제외(값: [100])
[placeholder 필터] 삿포로 6경주 복승 껍데기 배당 26조합 제외(값: [100])
[잔존마 필터] 삿포로 6경주: 전적 10두 → 배당 출전마 3두 (배당 없는 마번 제외: [1, 2, 3, 5, 6, 9, 10])
[각질편성] 삿포로 6경주: 선행0·선입0·추입0 → 🐌 느린 페이스
[잔존마 필터] 삿포로 6경주: 전적 10두 → 배당 출전마 3두 (배당 없는 마번 제외: [1, 2, 3, 5, 6, 9, 10])
[각질편성] 삿포로 6경주: 선행0·선입0·추입0 → 🐌 느린 페이스
[placeholder 필터] 삿포로 6경주 복승 껍데기 배당 26조합 제외(값: [100])
[잔존마 필터] 삿포로 6경주: 전적 10두 → 배당 출전마 3두 (배당 없는 마번 제외: [1, 2, 3, 5, 6, 9, 10])
[각질편성] 삿포로 6경주: 선행0·선입0·추입0 → 🐌 느린 페이스
[3종 수집] 삿포로 6경주: {'quinella': 25, 'exacta': 0, 'trio': 0, 'win': 0} (history 12)
[잔존마 필터] 삿포로 6경주: 전적 10두 → 배당 출전마 8두 (배당 없는 마번 제외: [9, 10])
[각질편성] 삿포로 6경주: 선행0·선입0·추입0 → 🐌 느린 페이스
[잔존마 필터] 삿포로 6경주: 전적 10두 → 배당 출전마 8두 (배당 없는 마번 제외: [9, 10])
[각질편성] 삿포로 6경주: 선행0·선입0·추입0 → 🐌 느린 페이스
[경륜 득점갭] 오다와라 6경주: 9번 득점 1위 갭 3.1 → +5 가점
[경륜 전적·자동] 오다와라 6경주: 9두 수집(競走得点·절대등급 A/B/C/D·라인[1, 9, 6, 5, 2, 7, 8, 3, 4]) → 통합등급 자동 반영
[3종 수집] 오다와라 6경주: {'quinella': 36, 'exacta': 72, 'trio': 0, 'win': 0} (history 1)
[3종 수집] 사세보 6경주: {'quinella': 15, 'exacta': 30, 'trio': 0, 'win': 0} (history 12)
🔮 [예측] 오다와라 6경주: top3=[1, 9, 5] conf=4 · 5번과 8번 선행형 간의 주도권 경쟁이 불가피하여 초반 페이스가 빨라질 
[각질편성] 사세보 6경주: 선행3·선입0·추입3 → ⚡ 빠른 페이스
[경륜전개] 사세보 6경주: 보통 · 라인 3개 · 페어 [[4, 2], [1, 5]]
[경륜 추천 개수] 6명 → 메인 2개(상한 2) · 복병 이동 1개
[자동분석·배경] 사세보 6경주: 마감 33초 전 재분석(rec_history 누적·cycle)
[각질편성] 오다와라 6경주: 선행3·선입0·추입6 → ⚡ 빠른 페이스
[경륜전개] 오다와라 6경주: 보통 · 라인 3개 · 페어 [[1, 9], [5, 2], [8, 3]]
[자동분석·배경] 오다와라 6경주: 마감 573초 전 재분석(rec_history 누적·cycle)
[각질편성] 오다와라 6경주: 선행3·선입0·추입6 → ⚡ 빠른 페이스
[경륜전개] 오다와라 6경주: 보통 · 라인 3개 · 페어 [[1, 9], [5, 2], [8, 3]]
[잔존마 필터] 삿포로 6경주: 전적 10두 → 배당 출전마 8두 (배당 없는 마번 제외: [9, 10])
[잔존마 필터] 삿포로 6경주: 전적 10두 → 배당 출전마 8두 (배당 없는 마번 제외: [9, 10])
[각질편성] 삿포로 6경주: 선행0·선입0·추입0 → 🐌 느린 페이스
[각질편성] 삿포로 6경주: 선행0·선입0·추입0 → 🐌 느린 페이스
[잔존마 필터] 삿포로 6경주: 전적 10두 → 배당 출전마 8두 (배당 없는 마번 제외: [9, 10])
[각질편성] 삿포로 6경주: 선행0·선입0·추입0 → 🐌 느린 페이스
[잔존마 필터] 삿포로 6경주: 전적 10두 → 배당 출전마 8두 (배당 없는 마번 제외: [9, 10])
[각질편성] 삿포로 6경주: 선행0·선입0·추입0 → 🐌 느린 페이스
[잔존마 필터] 삿포로 6경주: 전적 10두 → 배당 출전마 8두 (배당 없는 마번 제외: [9, 10])
[각질편성] 삿포로 6경주: 선행0·선입0·추입0 → 🐌 느린 페이스
[잔존마 필터] 삿포로 6경주: 전적 10두 → 배당 출전마 8두 (배당 없는 마번 제외: [9, 10])
[잔존마 필터] 삿포로 6경주: 전적 10두 → 배당 출전마 8두 (배당 없는 마번 제외: [9, 10])
[복승불일치 축교정] 아오모리 4경주: 축 [1, 4]로 교정(자금이탈 강등 [7]·🔴🔴)
[각질편성] 삿포로 6경주: 선행0·선입0·추입0 → 🐌 느린 페이스
[잔존마 필터] 삿포로 6경주: 전적 10두 → 배당 출전마 8두 (배당 없는 마번 제외: [9, 10])
[각질편성] 삿포로 6경주: 선행0·선입0·추입0 → 🐌 느린 페이스
[잔존마 필터] 삿포로 6경주: 전적 10두 → 배당 출전마 8두 (배당 없는 마번 제외: [9, 10])
[각질편성] 삿포로 6경주: 선행0·선입0·추입0 → 🐌 느린 페이스
[각질편성] 삿포로 6경주: 선행0·선입0·추입0 → 🐌 느린 페이스
[한국 전적] 삿포로 6경주: 10두 저장(PDF, 전적 10두)
[잔존마 필터] 삿포로 6경주: 전적 10두 → 배당 출전마 8두 (배당 없는 마번 제외: [9, 10])
[각질편성] 삿포로 6경주: 선행0·선입0·추입0 → 🐌 느린 페이스
[잔존마 필터] 삿포로 6경주: 전적 10두 → 배당 출전마 8두 (배당 없는 마번 제외: [9, 10])
[각질편성] 삿포로 6경주: 선행0·선입0·추입0 → 🐌 느린 페이스
[결과기록] 캐시 갱신 — 재파싱 2건 / 전체 1677건
[한국이력 검역] 거부 — 파일=부산 6R / 본문 raceKey=삿포로 6경주 (경마장 불일치)
[복승불일치 축교정] 아오모리 5경주: 축 [1, 3]로 교정(자금이탈 강등 [6]·🔴)
[3종 수집] 삿포로 6경주: {'quinella': 25, 'exacta': 0, 'trio': 0, 'win': 0} (history 12)
[잔존마 필터] 삿포로 6경주: 전적 10두 → 배당 출전마 8두 (배당 없는 마번 제외: [9, 10])
[각질편성] 삿포로 6경주: 선행0·선입0·추입0 → 🐌 느린 페이스
[placeholder 필터] 호후 6경주 쌍승 껍데기 배당 3조합 제외(값: [300.2])
[복승불일치 축교정] 호후 6경주: 축 [1, 5]로 교정(자금이탈 강등 [7]·🔴)
[placeholder 필터] 아오모리 7경주 쌍승 껍데기 배당 3조합 제외(값: [1703.0])
[복승불일치 축교정] 호후 7경주: 축 [2, 5]로 교정(자금이탈 강등 [1]·🔴🔴)
[복승불일치 축교정] 사세보 2경주: 축 [2, 7]로 교정(자금이탈 강등 [1]·🔴🔴)
[복승불일치 축교정] 기후 2경주: 축 [3, 4]로 교정(자금이탈 강등 [6]·🔴🔴)
[복승불일치 축교정] 사세보 3경주: 축 [1, 5]로 교정(자금이탈 강등 [7]·🔴🔴)
[복승불일치 축교정] 오다와라 3경주: 축 [3, 9]로 교정(자금이탈 강등 [1]·🔴)
[복승불일치 축교정] 기후 3경주: 축 [5, 7]로 교정(자금이탈 강등 [4]·🔴🔴)
[잔존마 필터] 삿포로 6경주: 전적 10두 → 배당 출전마 8두 (배당 없는 마번 제외: [9, 10])
[각질편성] 삿포로 6경주: 선행0·선입0·추입0 → 🐌 느린 페이스
[복승불일치 축교정] 사세보 4경주: 축 [1, 4]로 교정(자금이탈 강등 [7]·🔴🔴)
[placeholder 필터] 오다와라 4경주 쌍승 껍데기 배당 4조합 제외(값: [859.9])
[복승불일치 축교정] 기후 4경주: 축 [1, 4]로 교정(자금이탈 강등 [2]·🔴🔴)
[각질편성] 오다와라 5경주: 선행3·선입0·추입6 → ⚡ 빠른 페이스
[경륜전개] 오다와라 5경주: 슬로우(단독 선행) · 라인 3개 · 페어 [[2, 5], [1, 8], [3, 7]]
[각질편성] 기후 5경주: 선행2·선입0·추입5 → 보통 페이스
[경륜전개] 기후 5경주: 보통 · 라인 2개 · 페어 [[1, 5], [3, 7]]
[각질편성] 사세보 6경주: 선행3·선입0·추입3 → ⚡ 빠른 페이스
[경륜전개] 사세보 6경주: 보통 · 라인 3개 · 페어 [[4, 2], [1, 5]]
[경륜 추천 개수] 6명 → 메인 2개(상한 2) · 복병 이동 1개
[각질편성] 오다와라 6경주: 선행3·선입0·추입6 → ⚡ 빠른 페이스
[경륜전개] 오다와라 6경주: 보통 · 라인 3개 · 페어 [[1, 9], [5, 2], [8, 3]]
[잔존마 필터] 삿포로 6경주: 전적 10두 → 배당 출전마 8두 (배당 없는 마번 제외: [9, 10])
[각질편성] 삿포로 6경주: 선행0·선입0·추입0 → 🐌 느린 페이스
[잔존마 필터] 삿포로 6경주: 전적 10두 → 배당 출전마 8두 (배당 없는 마번 제외: [9, 10])
[각질편성] 삿포로 6경주: 선행0·선입0·추입0 → 🐌 느린 페이스
[3종 수집] 사세보 6경주: {'quinella': 15, 'exacta': 30, 'trio': 0, 'win': 0} (history 12)
[3종 수집] 오다와라 6경주: {'quinella': 36, 'exacta': 72, 'trio': 0, 'win': 0} (history 2)
[placeholder 필터] 오다와라 6경주 쌍승 껍데기 배당 3조합 제외(값: [325.2])
[각질편성] 오다와라 6경주: 선행3·선입0·추입6 → ⚡ 빠른 페이스
[경륜전개] 오다와라 6경주: 보통 · 라인 3개 · 페어 [[1, 9], [5, 2], [8, 3]]
[자동분석·배경] 오다와라 6경주: 마감 537초 전 재분석(rec_history 누적·cycle)
[잔존마 필터] 삿포로 6경주: 전적 10두 → 배당 출전마 8두 (배당 없는 마번 제외: [9, 10])
[각질편성] 삿포로 6경주: 선행0·선입0·추입0 → 🐌 느린 페이스
[잔존마 필터] 삿포로 6경주: 전적 10두 → 배당 출전마 8두 (배당 없는 마번 제외: [9, 10])
[각질편성] 삿포로 6경주: 선행0·선입0·추입0 → 🐌 느린 페이스
[잔존마 필터] 삿포로 6경주: 전적 10두 → 배당 출전마 8두 (배당 없는 마번 제외: [9, 10])
[각질편성] 삿포로 6경주: 선행0·선입0·추입0 → 🐌 느린 페이스
[잔존마 필터] 삿포로 6경주: 전적 10두 → 배당 출전마 8두 (배당 없는 마번 제외: [9, 10])
[각질편성] 삿포로 6경주: 선행0·선입0·추입0 → 🐌 느린 페이스
[잔존마 필터] 삿포로 6경주: 전적 10두 → 배당 출전마 8두 (배당 없는 마번 제외: [9, 10])
[각질편성] 삿포로 6경주: 선행0·선입0·추입0 → 🐌 느린 페이스
[한국 전적] 삿포로 6경주: 10두 저장(PDF, 전적 10두)
[잔존마 필터] 삿포로 6경주: 전적 10두 → 배당 출전마 8두 (배당 없는 마번 제외: [9, 10])
[각질편성] 삿포로 6경주: 선행0·선입0·추입0 → 🐌 느린 페이스
[한국이력 검역] 거부 — 파일=부산 6R / 본문 raceKey=삿포로 6경주 (경마장 불일치)
[잔존마 필터] 삿포로 6경주: 전적 10두 → 배당 출전마 8두 (배당 없는 마번 제외: [9, 10])
[각질편성] 삿포로 6경주: 선행0·선입0·추입0 → 🐌 느린 페이스
[잔존마 필터] 삿포로 6경주: 전적 10두 → 배당 출전마 8두 (배당 없는 마번 제외: [9, 10])
[각질편성] 삿포로 6경주: 선행0·선입0·추입0 → 🐌 느린 페이스
[3종 수집] 삿포로 6경주: {'quinella': 25, 'exacta': 0, 'trio': 0, 'win': 0} (history 12)
[잔존마 필터] 삿포로 6경주: 전적 10두 → 배당 출전마 8두 (배당 없는 마번 제외: [9, 10])
[각질편성] 삿포로 6경주: 선행0·선입0·추입0 → 🐌 느린 페이스
[잔존마 필터] 삿포로 6경주: 전적 10두 → 배당 출전마 8두 (배당 없는 마번 제외: [9, 10])
[각질편성] 삿포로 6경주: 선행0·선입0·추입0 → 🐌 느린 페이스
[잔존마 필터] 삿포로 6경주: 전적 10두 → 배당 출전마 8두 (배당 없는 마번 제외: [9, 10])
[잔존마 필터] 삿포로 6경주: 전적 10두 → 배당 출전마 8두 (배당 없는 마번 제외: [9, 10])
[각질편성] 삿포로 6경주: 선행0·선입0·추입0 → 🐌 느린 페이스
[각질편성] 삿포로 6경주: 선행0·선입0·추입0 → 🐌 느린 페이스
[다중경주] 저장 실패: [WinError 5] 액세스가 거부되었습니다: 'C:\\Users\\Administrator\\Desktop\\경마분석서버\\data\\multi_race_store.json.tmp' -> 'C:\\Users\\Administrator\\Desktop\\경마분석서버\\data\\multi_race_store.json'
[3종 수집] 사세보 6경주: {'quinella': 15, 'exacta': 30, 'trio': 0, 'win': 0} (history 12)
[3종 수집] 오다와라 6경주: {'quinella': 36, 'exacta': 72, 'trio': 0, 'win': 0} (history 3)
[placeholder 필터] 오다와라 6경주 쌍승 껍데기 배당 3조합 제외(값: [540.7])
[각질편성] 오다와라 6경주: 선행3·선입0·추입6 → ⚡ 빠른 페이스
[경륜전개] 오다와라 6경주: 보통 · 라인 3개 · 페어 [[1, 9], [5, 2], [8, 3]]
[자동분석·배경] 오다와라 6경주: 마감 506초 전 재분석(rec_history 누적·cycle)
[각질편성] 사세보 6경주: 선행3·선입0·추입3 → ⚡ 빠른 페이스
[경륜전개] 사세보 6경주: 보통 · 라인 3개 · 페어 [[4, 2], [1, 5]]
[카톡 변경알림] 사세보 6경주 발송: 복승 추가: 2+3 / 복승 제외: 4+5
[잔존마 필터] 삿포로 6경주: 전적 10두 → 배당 출전마 8두 (배당 없는 마번 제외: [9, 10])
[각질편성] 삿포로 6경주: 선행0·선입0·추입0 → 🐌 느린 페이스
[잔존마 필터] 삿포로 6경주: 전적 10두 → 배당 출전마 8두 (배당 없는 마번 제외: [9, 10])
[잔존마 필터] 삿포로 6경주: 전적 10두 → 배당 출전마 8두 (배당 없는 마번 제외: [9, 10])
[각질편성] 삿포로 6경주: 선행0·선입0·추입0 → 🐌 느린 페이스
[각질편성] 삿포로 6경주: 선행0·선입0·추입0 → 🐌 느린 페이스
[잔존마 필터] 삿포로 6경주: 전적 10두 → 배당 출전마 8두 (배당 없는 마번 제외: [9, 10])
[각질편성] 삿포로 6경주: 선행0·선입0·추입0 → 🐌 느린 페이스
[복승불일치 축교정] 아오모리 4경주: 축 [1, 4]로 교정(자금이탈 강등 [7]·🔴🔴)
[잔존마 필터] 삿포로 6경주: 전적 10두 → 배당 출전마 8두 (배당 없는 마번 제외: [9, 10])
[잔존마 필터] 삿포로 6경주: 전적 10두 → 배당 출전마 8두 (배당 없는 마번 제외: [9, 10])
[각질편성] 삿포로 6경주: 선행0·선입0·추입0 → 🐌 느린 페이스
[각질편성] 삿포로 6경주: 선행0·선입0·추입0 → 🐌 느린 페이스
[잔존마 필터] 삿포로 6경주: 전적 10두 → 배당 출전마 8두 (배당 없는 마번 제외: [9, 10])
[각질편성] 삿포로 6경주: 선행0·선입0·추입0 → 🐌 느린 페이스
[한국 전적] 삿포로 6경주: 10두 저장(PDF, 전적 10두)
[잔존마 필터] 삿포로 6경주: 전적 10두 → 배당 출전마 8두 (배당 없는 마번 제외: [9, 10])
[각질편성] 삿포로 6경주: 선행0·선입0·추입0 → 🐌 느린 페이스
[복승불일치 축교정] 아오모리 5경주: 축 [1, 3]로 교정(자금이탈 강등 [6]·🔴)
[결과기록] 캐시 갱신 — 재파싱 1건 / 전체 1677건
[placeholder 필터] 호후 6경주 쌍승 껍데기 배당 3조합 제외(값: [300.2])
[복승불일치 축교정] 호후 6경주: 축 [1, 5]로 교정(자금이탈 강등 [7]·🔴)
[placeholder 필터] 아오모리 7경주 쌍승 껍데기 배당 3조합 제외(값: [1703.0])
[복승불일치 축교정] 호후 7경주: 축 [2, 5]로 교정(자금이탈 강등 [1]·🔴🔴)
[3종 수집] 삿포로 6경주: {'quinella': 25, 'exacta': 0, 'trio': 0, 'win': 0} (history 12)
[잔존마 필터] 삿포로 6경주: 전적 10두 → 배당 출전마 8두 (배당 없는 마번 제외: [9, 10])
[각질편성] 삿포로 6경주: 선행0·선입0·추입0 → 🐌 느린 페이스
[한국이력 검역] 거부 — 파일=부산 6R / 본문 raceKey=삿포로 6경주 (경마장 불일치)
[복승불일치 축교정] 사세보 2경주: 축 [2, 7]로 교정(자금이탈 강등 [1]·🔴🔴)
[복승불일치 축교정] 기후 2경주: 축 [3, 4]로 교정(자금이탈 강등 [6]·🔴🔴)
[복승불일치 축교정] 사세보 3경주: 축 [1, 5]로 교정(자금이탈 강등 [7]·🔴🔴)
[복승불일치 축교정] 오다와라 3경주: 축 [3, 9]로 교정(자금이탈 강등 [1]·🔴)
[복승불일치 축교정] 기후 3경주: 축 [5, 7]로 교정(자금이탈 강등 [4]·🔴🔴)
[복승불일치 축교정] 사세보 4경주: 축 [1, 4]로 교정(자금이탈 강등 [7]·🔴🔴)
[placeholder 필터] 오다와라 4경주 쌍승 껍데기 배당 4조합 제외(값: [859.9])
[복승불일치 축교정] 기후 4경주: 축 [1, 4]로 교정(자금이탈 강등 [2]·🔴🔴)
[각질편성] 오다와라 5경주: 선행3·선입0·추입6 → ⚡ 빠른 페이스
[경륜전개] 오다와라 5경주: 슬로우(단독 선행) · 라인 3개 · 페어 [[2, 5], [1, 8], [3, 7]]
[각질편성] 기후 5경주: 선행2·선입0·추입5 → 보통 페이스
[경륜전개] 기후 5경주: 보통 · 라인 2개 · 페어 [[1, 5], [3, 7]]
[각질편성] 사세보 6경주: 선행3·선입0·추입3 → ⚡ 빠른 페이스
[경륜전개] 사세보 6경주: 보통 · 라인 3개 · 페어 [[4, 2], [1, 5]]
[잔존마 필터] 삿포로 6경주: 전적 10두 → 배당 출전마 8두 (배당 없는 마번 제외: [9, 10])
[각질편성] 삿포로 6경주: 선행0·선입0·추입0 → 🐌 느린 페이스
[placeholder 필터] 오다와라 6경주 쌍승 껍데기 배당 3조합 제외(값: [540.7])
[각질편성] 오다와라 6경주: 선행3·선입0·추입6 → ⚡ 빠른 페이스
[경륜전개] 오다와라 6경주: 보통 · 라인 3개 · 페어 [[1, 9], [5, 2], [8, 3]]
[잔존마 필터] 삿포로 6경주: 전적 10두 → 배당 출전마 8두 (배당 없는 마번 제외: [9, 10])
[각질편성] 삿포로 6경주: 선행0·선입0·추입0 → 🐌 느린 페이스
[잔존마 필터] 삿포로 6경주: 전적 10두 → 배당 출전마 8두 (배당 없는 마번 제외: [9, 10])
[잔존마 필터] 삿포로 6경주: 전적 10두 → 배당 출전마 8두 (배당 없는 마번 제외: [9, 10])
[각질편성] 삿포로 6경주: 선행0·선입0·추입0 → 🐌 느린 페이스
[각질편성] 삿포로 6경주: 선행0·선입0·추입0 → 🐌 느린 페이스
[3종 수집] 오다와라 6경주: {'quinella': 36, 'exacta': 72, 'trio': 0, 'win': 0} (history 4)
[3종 수집] 사세보 6경주: {'quinella': 15, 'exacta': 30, 'trio': 0, 'win': 0} (history 12)
[placeholder 필터] 오다와라 6경주 쌍승 껍데기 배당 3조합 제외(값: [540.7])
[각질편성] 오다와라 6경주: 선행3·선입0·추입6 → ⚡ 빠른 페이스
[경륜전개] 오다와라 6경주: 보통 · 라인 3개 · 페어 [[1, 9], [5, 2], [8, 3]]
[자동분석·배경] 오다와라 6경주: 마감 473초 전 재분석(rec_history 누적·cycle)
[잔존마 필터] 삿포로 6경주: 전적 10두 → 배당 출전마 8두 (배당 없는 마번 제외: [9, 10])
[각질편성] 삿포로 6경주: 선행0·선입0·추입0 → 🐌 느린 페이스
[3종 수집] 삿포로 6경주: {'quinella': 25, 'exacta': 0, 'trio': 0, 'win': 0} (history 12)
[잔존마 필터] 삿포로 6경주: 전적 10두 → 배당 출전마 8두 (배당 없는 마번 제외: [9, 10])
[각질편성] 삿포로 6경주: 선행0·선입0·추입0 → 🐌 느린 페이스
[잔존마 필터] 삿포로 6경주: 전적 10두 → 배당 출전마 8두 (배당 없는 마번 제외: [9, 10])
[각질편성] 삿포로 6경주: 선행0·선입0·추입0 → 🐌 느린 페이스
[잔존마 필터] 삿포로 6경주: 전적 10두 → 배당 출전마 8두 (배당 없는 마번 제외: [9, 10])
[잔존마 필터] 삿포로 6경주: 전적 10두 → 배당 출전마 8두 (배당 없는 마번 제외: [9, 10])
[각질편성] 삿포로 6경주: 선행0·선입0·추입0 → 🐌 느린 페이스
[각질편성] 삿포로 6경주: 선행0·선입0·추입0 → 🐌 느린 페이스
[3종 수집] 오다와라 6경주: {'quinella': 36, 'exacta': 72, 'trio': 0, 'win': 0} (history 5)
[3종 수집] 사세보 6경주: {'quinella': 15, 'exacta': 30, 'trio': 0, 'win': 0} (history 12)
[placeholder 필터] 오다와라 6경주 쌍승 껍데기 배당 4조합 제외(값: [339.5])
[각질편성] 오다와라 6경주: 선행3·선입0·추입6 → ⚡ 빠른 페이스
[경륜전개] 오다와라 6경주: 보통 · 라인 3개 · 페어 [[1, 9], [5, 2], [8, 3]]
[자동분석·배경] 오다와라 6경주: 마감 440초 전 재분석(rec_history 누적·cycle)
[placeholder 필터] 오다와라 6경주 쌍승 껍데기 배당 4조합 제외(값: [339.5])
[각질편성] 오다와라 6경주: 선행3·선입0·추입6 → ⚡ 빠른 페이스
[경륜전개] 오다와라 6경주: 보통 · 라인 3개 · 페어 [[1, 9], [5, 2], [8, 3]]
[카카오알림] 오다와라 6경주 T-7 → 큐 적재
[잔존마 필터] 삿포로 6경주: 전적 10두 → 배당 출전마 8두 (배당 없는 마번 제외: [9, 10])
[각질편성] 삿포로 6경주: 선행0·선입0·추입0 → 🐌 느린 페이스
[잔존마 필터] 삿포로 6경주: 전적 10두 → 배당 출전마 8두 (배당 없는 마번 제외: [9, 10])
[각질편성] 삿포로 6경주: 선행0·선입0·추입0 → 🐌 느린 페이스
[잔존마 필터] 삿포로 6경주: 전적 10두 → 배당 출전마 8두 (배당 없는 마번 제외: [9, 10])
[각질편성] 삿포로 6경주: 선행0·선입0·추입0 → 🐌 느린 페이스
[잔존마 필터] 삿포로 6경주: 전적 10두 → 배당 출전마 8두 (배당 없는 마번 제외: [9, 10])
[각질편성] 삿포로 6경주: 선행0·선입0·추입0 → 🐌 느린 페이스
[잔존마 필터] 삿포로 6경주: 전적 10두 → 배당 출전마 8두 (배당 없는 마번 제외: [9, 10])
[복승불일치 축교정] 아오모리 4경주: 축 [1, 4]로 교정(자금이탈 강등 [7]·🔴🔴)
[각질편성] 삿포로 6경주: 선행0·선입0·추입0 → 🐌 느린 페이스
[잔존마 필터] 삿포로 6경주: 전적 10두 → 배당 출전마 8두 (배당 없는 마번 제외: [9, 10])
[잔존마 필터] 삿포로 6경주: 전적 10두 → 배당 출전마 8두 (배당 없는 마번 제외: [9, 10])
[각질편성] 삿포로 6경주: 선행0·선입0·추입0 → 🐌 느린 페이스
[각질편성] 삿포로 6경주: 선행0·선입0·추입0 → 🐌 느린 페이스
[한국 전적] 삿포로 6경주: 10두 저장(PDF, 전적 10두)
[잔존마 필터] 삿포로 6경주: 전적 10두 → 배당 출전마 8두 (배당 없는 마번 제외: [9, 10])
[각질편성] 삿포로 6경주: 선행0·선입0·추입0 → 🐌 느린 페이스
[복승불일치 축교정] 아오모리 5경주: 축 [1, 3]로 교정(자금이탈 강등 [6]·🔴)
[결과기록] 캐시 갱신 — 재파싱 1건 / 전체 1677건
[3종 수집] 삿포로 6경주: {'quinella': 25, 'exacta': 0, 'trio': 0, 'win': 0} (history 12)
[잔존마 필터] 삿포로 6경주: 전적 10두 → 배당 출전마 8두 (배당 없는 마번 제외: [9, 10])
[각질편성] 삿포로 6경주: 선행0·선입0·추입0 → 🐌 느린 페이스
[한국이력 검역] 거부 — 파일=부산 6R / 본문 raceKey=삿포로 6경주 (경마장 불일치)
[placeholder 필터] 호후 6경주 쌍승 껍데기 배당 3조합 제외(값: [300.2])
[복승불일치 축교정] 호후 6경주: 축 [1, 5]로 교정(자금이탈 강등 [7]·🔴)
[placeholder 필터] 아오모리 7경주 쌍승 껍데기 배당 3조합 제외(값: [1703.0])
[복승불일치 축교정] 호후 7경주: 축 [2, 5]로 교정(자금이탈 강등 [1]·🔴🔴)
[복승불일치 축교정] 사세보 2경주: 축 [2, 7]로 교정(자금이탈 강등 [1]·🔴🔴)
[복승불일치 축교정] 기후 2경주: 축 [3, 4]로 교정(자금이탈 강등 [6]·🔴🔴)
[복승불일치 축교정] 사세보 3경주: 축 [1, 5]로 교정(자금이탈 강등 [7]·🔴🔴)
[복승불일치 축교정] 오다와라 3경주: 축 [3, 9]로 교정(자금이탈 강등 [1]·🔴)
[복승불일치 축교정] 기후 3경주: 축 [5, 7]로 교정(자금이탈 강등 [4]·🔴🔴)
[복승불일치 축교정] 사세보 4경주: 축 [1, 4]로 교정(자금이탈 강등 [7]·🔴🔴)
[placeholder 필터] 오다와라 4경주 쌍승 껍데기 배당 4조합 제외(값: [859.9])
[잔존마 필터] 삿포로 6경주: 전적 10두 → 배당 출전마 8두 (배당 없는 마번 제외: [9, 10])
[각질편성] 삿포로 6경주: 선행0·선입0·추입0 → 🐌 느린 페이스
[복승불일치 축교정] 기후 4경주: 축 [1, 4]로 교정(자금이탈 강등 [2]·🔴🔴)
[각질편성] 오다와라 5경주: 선행3·선입0·추입6 → ⚡ 빠른 페이스
[경륜전개] 오다와라 5경주: 슬로우(단독 선행) · 라인 3개 · 페어 [[2, 5], [1, 8], [3, 7]]
[각질편성] 기후 5경주: 선행2·선입0·추입5 → 보통 페이스
[경륜전개] 기후 5경주: 보통 · 라인 2개 · 페어 [[1, 5], [3, 7]]
[각질편성] 사세보 6경주: 선행3·선입0·추입3 → ⚡ 빠른 페이스
[경륜전개] 사세보 6경주: 보통 · 라인 3개 · 페어 [[4, 2], [1, 5]]
[placeholder 필터] 오다와라 6경주 쌍승 껍데기 배당 4조합 제외(값: [339.5])
[각질편성] 오다와라 6경주: 선행3·선입0·추입6 → ⚡ 빠른 페이스
[경륜전개] 오다와라 6경주: 보통 · 라인 3개 · 페어 [[1, 9], [5, 2], [8, 3]]
[잔존마 필터] 삿포로 6경주: 전적 10두 → 배당 출전마 8두 (배당 없는 마번 제외: [9, 10])
[각질편성] 삿포로 6경주: 선행0·선입0·추입0 → 🐌 느린 페이스
[잔존마 필터] 삿포로 6경주: 전적 10두 → 배당 출전마 8두 (배당 없는 마번 제외: [9, 10])
[각질편성] 삿포로 6경주: 선행0·선입0·추입0 → 🐌 느린 페이스
[3종 수집] 오다와라 6경주: {'quinella': 36, 'exacta': 72, 'trio': 0, 'win': 0} (history 6)
[placeholder 필터] 오다와라 6경주 쌍승 껍데기 배당 4조합 제외(값: [339.5])
[각질편성] 오다와라 6경주: 선행3·선입0·추입6 → ⚡ 빠른 페이스
[경륜전개] 오다와라 6경주: 보통 · 라인 3개 · 페어 [[1, 9], [5, 2], [8, 3]]
[자동분석·배경] 오다와라 6경주: 마감 408초 전 재분석(rec_history 누적·cycle)
[잔존마 필터] 삿포로 6경주: 전적 10두 → 배당 출전마 8두 (배당 없는 마번 제외: [9, 10])
[잔존마 필터] 삿포로 6경주: 전적 10두 → 배당 출전마 8두 (배당 없는 마번 제외: [9, 10])
[각질편성] 삿포로 6경주: 선행0·선입0·추입0 → 🐌 느린 페이스
[각질편성] 삿포로 6경주: 선행0·선입0·추입0 → 🐌 느린 페이스
[잔존마 필터] 삿포로 6경주: 전적 10두 → 배당 출전마 8두 (배당 없는 마번 제외: [9, 10])
[각질편성] 삿포로 6경주: 선행0·선입0·추입0 → 🐌 느린 페이스
⚠️ [수신값 검증] 삿포로 6경주 · 조합수 급감(직전 28→19) → 이 틱 급락 계산 보류(배당은 저장)
[3종 수집] 삿포로 6경주: {'quinella': 19, 'exacta': 0, 'trio': 0, 'win': 0} (history 12)
[잔존마 필터] 삿포로 6경주: 전적 10두 → 배당 출전마 7두 (배당 없는 마번 제외: [8, 9, 10])
[각질편성] 삿포로 6경주: 선행0·선입0·추입0 → 🐌 느린 페이스
[잔존마 필터] 삿포로 6경주: 전적 10두 → 배당 출전마 7두 (배당 없는 마번 제외: [8, 9, 10])
[각질편성] 삿포로 6경주: 선행0·선입0·추입0 → 🐌 느린 페이스
[잔존마 필터] 삿포로 6경주: 전적 10두 → 배당 출전마 7두 (배당 없는 마번 제외: [8, 9, 10])
[잔존마 필터] 삿포로 6경주: 전적 10두 → 배당 출전마 7두 (배당 없는 마번 제외: [8, 9, 10])
[각질편성] 삿포로 6경주: 선행0·선입0·추입0 → 🐌 느린 페이스
[각질편성] 삿포로 6경주: 선행0·선입0·추입0 → 🐌 느린 페이스
[3종 수집] 오다와라 6경주: {'quinella': 36, 'exacta': 72, 'trio': 0, 'win': 0} (history 7)
[placeholder 필터] 오다와라 6경주 쌍승 껍데기 배당 4조합 제외(값: [339.5])
[각질편성] 오다와라 6경주: 선행3·선입0·추입6 → ⚡ 빠른 페이스
[경륜전개] 오다와라 6경주: 보통 · 라인 3개 · 페어 [[1, 9], [5, 2], [8, 3]]
[자동분석·배경] 오다와라 6경주: 마감 375초 전 재분석(rec_history 누적·cycle)
[잔존마 필터] 삿포로 6경주: 전적 10두 → 배당 출전마 7두 (배당 없는 마번 제외: [8, 9, 10])
[각질편성] 삿포로 6경주: 선행0·선입0·추입0 → 🐌 느린 페이스
[잔존마 필터] 삿포로 6경주: 전적 10두 → 배당 출전마 7두 (배당 없는 마번 제외: [8, 9, 10])
[각질편성] 삿포로 6경주: 선행0·선입0·추입0 → 🐌 느린 페이스
[각질편성] 사세보 6경주: 선행3·선입0·추입3 → ⚡ 빠른 페이스
[잔존마 필터] 삿포로 6경주: 전적 10두 → 배당 출전마 7두 (배당 없는 마번 제외: [8, 9, 10])
[각질편성] 삿포로 6경주: 선행0·선입0·추입0 → 🐌 느린 페이스
[경륜전개] 사세보 6경주: 보통 · 라인 3개 · 페어 [[4, 2], [1, 5]]
[잔존마 필터] 삿포로 6경주: 전적 10두 → 배당 출전마 7두 (배당 없는 마번 제외: [8, 9, 10])
[잔존마 필터] 삿포로 6경주: 전적 10두 → 배당 출전마 7두 (배당 없는 마번 제외: [8, 9, 10])
[각질편성] 삿포로 6경주: 선행0·선입0·추입0 → 🐌 느린 페이스
[복승불일치 축교정] 아오모리 4경주: 축 [1, 4]로 교정(자금이탈 강등 [7]·🔴🔴)
[각질편성] 삿포로 6경주: 선행0·선입0·추입0 → 🐌 느린 페이스
[잔존마 필터] 삿포로 6경주: 전적 10두 → 배당 출전마 7두 (배당 없는 마번 제외: [8, 9, 10])
[각질편성] 삿포로 6경주: 선행0·선입0·추입0 → 🐌 느린 페이스
[한국 전적] 삿포로 6경주: 10두 저장(PDF, 전적 10두)
[잔존마 필터] 삿포로 6경주: 전적 10두 → 배당 출전마 7두 (배당 없는 마번 제외: [8, 9, 10])
[각질편성] 삿포로 6경주: 선행0·선입0·추입0 → 🐌 느린 페이스
[복승불일치 축교정] 아오모리 5경주: 축 [1, 3]로 교정(자금이탈 강등 [6]·🔴)
[잔존마 필터] 삿포로 6경주: 전적 10두 → 배당 출전마 7두 (배당 없는 마번 제외: [8, 9, 10])
[각질편성] 삿포로 6경주: 선행0·선입0·추입0 → 🐌 느린 페이스
[결과기록] 캐시 갱신 — 재파싱 1건 / 전체 1677건
[한국이력 검역] 거부 — 파일=부산 6R / 본문 raceKey=삿포로 6경주 (경마장 불일치)
[placeholder 필터] 호후 6경주 쌍승 껍데기 배당 3조합 제외(값: [300.2])
[복승불일치 축교정] 호후 6경주: 축 [1, 5]로 교정(자금이탈 강등 [7]·🔴)
[placeholder 필터] 아오모리 7경주 쌍승 껍데기 배당 3조합 제외(값: [1703.0])
[복승불일치 축교정] 호후 7경주: 축 [2, 5]로 교정(자금이탈 강등 [1]·🔴🔴)
[복승불일치 축교정] 사세보 2경주: 축 [2, 7]로 교정(자금이탈 강등 [1]·🔴🔴)
[복승불일치 축교정] 기후 2경주: 축 [3, 4]로 교정(자금이탈 강등 [6]·🔴🔴)
[복승불일치 축교정] 사세보 3경주: 축 [1, 5]로 교정(자금이탈 강등 [7]·🔴🔴)
[복승불일치 축교정] 오다와라 3경주: 축 [3, 9]로 교정(자금이탈 강등 [1]·🔴)
[복승불일치 축교정] 기후 3경주: 축 [5, 7]로 교정(자금이탈 강등 [4]·🔴🔴)
[복승불일치 축교정] 사세보 4경주: 축 [1, 4]로 교정(자금이탈 강등 [7]·🔴🔴)
[placeholder 필터] 오다와라 4경주 쌍승 껍데기 배당 4조합 제외(값: [859.9])
[잔존마 필터] 삿포로 6경주: 전적 10두 → 배당 출전마 7두 (배당 없는 마번 제외: [8, 9, 10])
[각질편성] 삿포로 6경주: 선행0·선입0·추입0 → 🐌 느린 페이스
[복승불일치 축교정] 기후 4경주: 축 [1, 4]로 교정(자금이탈 강등 [2]·🔴🔴)
[각질편성] 오다와라 5경주: 선행3·선입0·추입6 → ⚡ 빠른 페이스
[경륜전개] 오다와라 5경주: 슬로우(단독 선행) · 라인 3개 · 페어 [[2, 5], [1, 8], [3, 7]]
[각질편성] 기후 5경주: 선행2·선입0·추입5 → 보통 페이스
[경륜전개] 기후 5경주: 보통 · 라인 2개 · 페어 [[1, 5], [3, 7]]
[각질편성] 사세보 6경주: 선행3·선입0·추입3 → ⚡ 빠른 페이스
[경륜전개] 사세보 6경주: 보통 · 라인 3개 · 페어 [[4, 2], [1, 5]]
[placeholder 필터] 오다와라 6경주 쌍승 껍데기 배당 4조합 제외(값: [339.5])
[각질편성] 오다와라 6경주: 선행3·선입0·추입6 → ⚡ 빠른 페이스
[경륜전개] 오다와라 6경주: 보통 · 라인 3개 · 페어 [[1, 9], [5, 2], [8, 3]]
[잔존마 필터] 삿포로 6경주: 전적 10두 → 배당 출전마 7두 (배당 없는 마번 제외: [8, 9, 10])
[각질편성] 삿포로 6경주: 선행0·선입0·추입0 → 🐌 느린 페이스
[잔존마 필터] 삿포로 6경주: 전적 10두 → 배당 출전마 7두 (배당 없는 마번 제외: [8, 9, 10])
[각질편성] 삿포로 6경주: 선행0·선입0·추입0 → 🐌 느린 페이스
⚠️ [수신값 검증] 삿포로 6경주 · 조합수 급감(직전 28→19) → 이 틱 급락 계산 보류(배당은 저장)
[3종 수집] 삿포로 6경주: {'quinella': 19, 'exacta': 0, 'trio': 0, 'win': 0} (history 12)
[잔존마 필터] 삿포로 6경주: 전적 10두 → 배당 출전마 7두 (배당 없는 마번 제외: [8, 9, 10])
[각질편성] 삿포로 6경주: 선행0·선입0·추입0 → 🐌 느린 페이스
[잔존마 필터] 삿포로 6경주: 전적 10두 → 배당 출전마 7두 (배당 없는 마번 제외: [8, 9, 10])
[각질편성] 삿포로 6경주: 선행0·선입0·추입0 → 🐌 느린 페이스
[잔존마 필터] 삿포로 6경주: 전적 10두 → 배당 출전마 7두 (배당 없는 마번 제외: [8, 9, 10])
[각질편성] 삿포로 6경주: 선행0·선입0·추입0 → 🐌 느린 페이스
[잔존마 필터] 삿포로 6경주: 전적 10두 → 배당 출전마 7두 (배당 없는 마번 제외: [8, 9, 10])
[각질편성] 삿포로 6경주: 선행0·선입0·추입0 → 🐌 느린 페이스
[잔존마 필터] 삿포로 6경주: 전적 10두 → 배당 출전마 7두 (배당 없는 마번 제외: [8, 9, 10])
[각질편성] 삿포로 6경주: 선행0·선입0·추입0 → 🐌 느린 페이스
[잔존마 필터] 삿포로 6경주: 전적 10두 → 배당 출전마 7두 (배당 없는 마번 제외: [8, 9, 10])
[각질편성] 삿포로 6경주: 선행0·선입0·추입0 → 🐌 느린 페이스
[한국 전적] 삿포로 6경주: 10두 저장(PDF, 전적 10두)
[잔존마 필터] 삿포로 6경주: 전적 10두 → 배당 출전마 7두 (배당 없는 마번 제외: [8, 9, 10])
[각질편성] 삿포로 6경주: 선행0·선입0·추입0 → 🐌 느린 페이스
[한국이력 검역] 거부 — 파일=부산 6R / 본문 raceKey=삿포로 6경주 (경마장 불일치)
[잔존마 필터] 삿포로 6경주: 전적 10두 → 배당 출전마 7두 (배당 없는 마번 제외: [8, 9, 10])
[잔존마 필터] 삿포로 6경주: 전적 10두 → 배당 출전마 7두 (배당 없는 마번 제외: [8, 9, 10])
[각질편성] 삿포로 6경주: 선행0·선입0·추입0 → 🐌 느린 페이스
[각질편성] 삿포로 6경주: 선행0·선입0·추입0 → 🐌 느린 페이스
[잔존마 필터] 삿포로 6경주: 전적 10두 → 배당 출전마 7두 (배당 없는 마번 제외: [8, 9, 10])
[각질편성] 삿포로 6경주: 선행0·선입0·추입0 → 🐌 느린 페이스
[3종 수집] 오다와라 6경주: {'quinella': 36, 'exacta': 72, 'trio': 0, 'win': 0} (history 8)
[각질편성] 오다와라 6경주: 선행3·선입0·추입6 → ⚡ 빠른 페이스
[경륜전개] 오다와라 6경주: 보통 · 라인 3개 · 페어 [[1, 9], [5, 2], [8, 3]]
[자동분석·배경] 오다와라 6경주: 마감 341초 전 재분석(rec_history 누적·cycle)
[잔존마 필터] 삿포로 6경주: 전적 10두 → 배당 출전마 7두 (배당 없는 마번 제외: [8, 9, 10])
[각질편성] 삿포로 6경주: 선행0·선입0·추입0 → 🐌 느린 페이스
⚠️ [수신값 검증] 삿포로 6경주 · 조합수 급감(직전 28→19) → 이 틱 급락 계산 보류(배당은 저장)
[3종 수집] 삿포로 6경주: {'quinella': 19, 'exacta': 0, 'trio': 0, 'win': 0} (history 12)
[잔존마 필터] 삿포로 6경주: 전적 10두 → 배당 출전마 7두 (배당 없는 마번 제외: [8, 9, 10])
[각질편성] 삿포로 6경주: 선행0·선입0·추입0 → 🐌 느린 페이스
[주기백업] 마지막 실행 후 6.0시간 경과 → 즉시 실행
[잔존마 필터] 삿포로 6경주: 전적 10두 → 배당 출전마 7두 (배당 없는 마번 제외: [8, 9, 10])
[각질편성] 삿포로 6경주: 선행0·선입0·추입0 → 🐌 느린 페이스
[잔존마 필터] 삿포로 6경주: 전적 10두 → 배당 출전마 7두 (배당 없는 마번 제외: [8, 9, 10])
[각질편성] 삿포로 6경주: 선행0·선입0·추입0 → 🐌 느린 페이스
[잔존마 필터] 삿포로 6경주: 전적 10두 → 배당 출전마 7두 (배당 없는 마번 제외: [8, 9, 10])
[잔존마 필터] 삿포로 6경주: 전적 10두 → 배당 출전마 7두 (배당 없는 마번 제외: [8, 9, 10])
[각질편성] 삿포로 6경주: 선행0·선입0·추입0 → 🐌 느린 페이스
[각질편성] 삿포로 6경주: 선행0·선입0·추입0 → 🐌 느린 페이스
[잔존마 필터] 삿포로 6경주: 전적 10두 → 배당 출전마 7두 (배당 없는 마번 제외: [8, 9, 10])
[각질편성] 삿포로 6경주: 선행0·선입0·추입0 → 🐌 느린 페이스
[잔존마 필터] 삿포로 6경주: 전적 10두 → 배당 출전마 7두 (배당 없는 마번 제외: [8, 9, 10])
[복승불일치 축교정] 아오모리 4경주: 축 [1, 4]로 교정(자금이탈 강등 [7]·🔴🔴)
[잔존마 필터] 삿포로 6경주: 전적 10두 → 배당 출전마 7두 (배당 없는 마번 제외: [8, 9, 10])
[각질편성] 삿포로 6경주: 선행0·선입0·추입0 → 🐌 느린 페이스
[각질편성] 삿포로 6경주: 선행0·선입0·추입0 → 🐌 느린 페이스
[잔존마 필터] 삿포로 6경주: 전적 10두 → 배당 출전마 7두 (배당 없는 마번 제외: [8, 9, 10])
[각질편성] 삿포로 6경주: 선행0·선입0·추입0 → 🐌 느린 페이스
[한국 전적] 삿포로 6경주: 10두 저장(PDF, 전적 10두)
[잔존마 필터] 삿포로 6경주: 전적 10두 → 배당 출전마 7두 (배당 없는 마번 제외: [8, 9, 10])
[각질편성] 삿포로 6경주: 선행0·선입0·추입0 → 🐌 느린 페이스
[복승불일치 축교정] 아오모리 5경주: 축 [1, 3]로 교정(자금이탈 강등 [6]·🔴)
[placeholder 필터] 호후 6경주 쌍승 껍데기 배당 3조합 제외(값: [300.2])
[복승불일치 축교정] 호후 6경주: 축 [1, 5]로 교정(자금이탈 강등 [7]·🔴)
[placeholder 필터] 아오모리 7경주 쌍승 껍데기 배당 3조합 제외(값: [1703.0])
[다중경주] 하트비트 #11 · 스케줄 ymd=20260801 (-1초 전 갱신 · 트랙 12개)
[복승불일치 축교정] 호후 7경주: 축 [2, 5]로 교정(자금이탈 강등 [1]·🔴🔴)
[결과기록] 캐시 갱신 — 재파싱 1건 / 전체 1677건
[복승불일치 축교정] 사세보 2경주: 축 [2, 7]로 교정(자금이탈 강등 [1]·🔴🔴)
[한국이력 검역] 거부 — 파일=부산 6R / 본문 raceKey=삿포로 6경주 (경마장 불일치)
[3종 수집] 오다와라 6경주: {'quinella': 36, 'exacta': 72, 'trio': 0, 'win': 0} (history 9)
[복승불일치 축교정] 기후 2경주: 축 [3, 4]로 교정(자금이탈 강등 [6]·🔴🔴)
[복승불일치 축교정] 사세보 3경주: 축 [1, 5]로 교정(자금이탈 강등 [7]·🔴🔴)
[각질편성] 오다와라 6경주: 선행3·선입0·추입6 → ⚡ 빠른 페이스
[경륜전개] 오다와라 6경주: 보통 · 라인 3개 · 페어 [[1, 9], [5, 2], [8, 3]]
[복승불일치 축교정] 오다와라 3경주: 축 [3, 9]로 교정(자금이탈 강등 [1]·🔴)
[복승불일치 축교정] 기후 3경주: 축 [5, 7]로 교정(자금이탈 강등 [4]·🔴🔴)
[자동분석·배경] 오다와라 6경주: 마감 309초 전 재분석(rec_history 누적·cycle)
[각질편성] 오다와라 6경주: 선행3·선입0·추입6 → ⚡ 빠른 페이스
[경륜전개] 오다와라 6경주: 보통 · 라인 3개 · 페어 [[1, 9], [5, 2], [8, 3]]
[복승불일치 축교정] 사세보 4경주: 축 [1, 4]로 교정(자금이탈 강등 [7]·🔴🔴)
[placeholder 필터] 오다와라 4경주 쌍승 껍데기 배당 4조합 제외(값: [859.9])
[카카오알림] 오다와라 6경주 T-5 → 큐 적재
[복승불일치 축교정] 기후 4경주: 축 [1, 4]로 교정(자금이탈 강등 [2]·🔴🔴)
[각질편성] 오다와라 5경주: 선행3·선입0·추입6 → ⚡ 빠른 페이스
[경륜전개] 오다와라 5경주: 슬로우(단독 선행) · 라인 3개 · 페어 [[2, 5], [1, 8], [3, 7]]
[각질편성] 기후 5경주: 선행2·선입0·추입5 → 보통 페이스
[경륜전개] 기후 5경주: 보통 · 라인 2개 · 페어 [[1, 5], [3, 7]]
[각질편성] 사세보 6경주: 선행3·선입0·추입3 → ⚡ 빠른 페이스
[경륜전개] 사세보 6경주: 보통 · 라인 3개 · 페어 [[4, 2], [1, 5]]
[잔존마 필터] 삿포로 6경주: 전적 10두 → 배당 출전마 7두 (배당 없는 마번 제외: [8, 9, 10])
[잔존마 필터] 삿포로 6경주: 전적 10두 → 배당 출전마 7두 (배당 없는 마번 제외: [8, 9, 10])
[각질편성] 삿포로 6경주: 선행0·선입0·추입0 → 🐌 느린 페이스
[각질편성] 삿포로 6경주: 선행0·선입0·추입0 → 🐌 느린 페이스
[각질편성] 오다와라 6경주: 선행3·선입0·추입6 → ⚡ 빠른 페이스
[경륜전개] 오다와라 6경주: 보통 · 라인 3개 · 페어 [[1, 9], [5, 2], [8, 3]]
[잔존마 필터] 삿포로 6경주: 전적 10두 → 배당 출전마 7두 (배당 없는 마번 제외: [8, 9, 10])
[각질편성] 삿포로 6경주: 선행0·선입0·추입0 → 🐌 느린 페이스
[잔존마 필터] 삿포로 6경주: 전적 10두 → 배당 출전마 7두 (배당 없는 마번 제외: [8, 9, 10])
[각질편성] 삿포로 6경주: 선행0·선입0·추입0 → 🐌 느린 페이스
⚠️ [수신값 검증] 삿포로 6경주 · 조합수 급감(직전 28→19) → 이 틱 급락 계산 보류(배당은 저장)
[3종 수집] 삿포로 6경주: {'quinella': 19, 'exacta': 0, 'trio': 0, 'win': 0} (history 12)
[잔존마 필터] 삿포로 6경주: 전적 10두 → 배당 출전마 7두 (배당 없는 마번 제외: [8, 9, 10])
[각질편성] 삿포로 6경주: 선행0·선입0·추입0 → 🐌 느린 페이스
[잔존마 필터] 삿포로 6경주: 전적 10두 → 배당 출전마 7두 (배당 없는 마번 제외: [8, 9, 10])
[각질편성] 삿포로 6경주: 선행0·선입0·추입0 → 🐌 느린 페이스
[잔존마 필터] 삿포로 6경주: 전적 10두 → 배당 출전마 7두 (배당 없는 마번 제외: [8, 9, 10])
[잔존마 필터] 삿포로 6경주: 전적 10두 → 배당 출전마 7두 (배당 없는 마번 제외: [8, 9, 10])
[각질편성] 삿포로 6경주: 선행0·선입0·추입0 → 🐌 느린 페이스
[각질편성] 삿포로 6경주: 선행0·선입0·추입0 → 🐌 느린 페이스
[3종 수집] 오다와라 6경주: {'quinella': 36, 'exacta': 72, 'trio': 0, 'win': 0} (history 10)
[각질편성] 오다와라 6경주: 선행3·선입0·추입6 → ⚡ 빠른 페이스
[경륜전개] 오다와라 6경주: 보통 · 라인 3개 · 페어 [[1, 9], [5, 2], [8, 3]]
[경륜 추천 개수] 9명 → 메인 3개(상한 3) · 복병 이동 1개
[자동예상] 오다와라 6경주 최종예상 저장(2026_08_01_오다와라_6경주.json)
[각질편성] 오다와라 6경주: 선행3·선입0·추입6 → ⚡ 빠른 페이스
[경륜전개] 오다와라 6경주: 보통 · 라인 3개 · 페어 [[1, 9], [5, 2], [8, 3]]
[경륜 추천 개수] 9명 → 메인 3개(상한 3) · 복병 이동 1개
[자동분석·배경] 오다와라 6경주: 마감 276초 전 재분석(rec_history 누적·cycle)
[카톡 변경알림·즉시] 오다와라 6경주 (남은 276s): 삼복승 제외: 1+2+9 · 1+3+9
[활성정리] 끝난 경주 1건 제거(히스토리 보존): 사세보 5경주
[3종 수집] 삿포로 6경주: {'quinella': 55, 'exacta': 0, 'trio': 0, 'win': 0} (history 12)
[각질편성] 삿포로 6경주: 선행0·선입0·추입0 → 🐌 느린 페이스
[각질편성] 삿포로 6경주: 선행0·선입0·추입0 → 🐌 느린 페이스
[각질편성] 삿포로 6경주: 선행0·선입0·추입0 → 🐌 느린 페이스
[복승불일치 축교정] 아오모리 4경주: 축 [1, 4]로 교정(자금이탈 강등 [7]·🔴🔴)
[각질편성] 삿포로 6경주: 선행0·선입0·추입0 → 🐌 느린 페이스
[각질편성] 삿포로 6경주: 선행0·선입0·추입0 → 🐌 느린 페이스
[KRA] 30초 자동수집 데몬 시작(watch 등록 경주만 대상)
[복승불일치 축교정] 아오모리 5경주: 축 [1, 3]로 교정(자금이탈 강등 [6]·🔴)
[placeholder 필터] 호후 6경주 쌍승 껍데기 배당 3조합 제외(값: [300.2])
[복승불일치 축교정] 호후 6경주: 축 [1, 5]로 교정(자금이탈 강등 [7]·🔴)
[placeholder 필터] 아오모리 7경주 쌍승 껍데기 배당 3조합 제외(값: [1703.0])
[복승불일치 축교정] 호후 7경주: 축 [2, 5]로 교정(자금이탈 강등 [1]·🔴🔴)
[결과기록] 캐시 갱신 — 재파싱 1건 / 전체 1677건
[복승불일치 축교정] 사세보 2경주: 축 [2, 7]로 교정(자금이탈 강등 [1]·🔴🔴)
[복승불일치 축교정] 기후 2경주: 축 [3, 4]로 교정(자금이탈 강등 [6]·🔴🔴)
[복승불일치 축교정] 사세보 3경주: 축 [1, 5]로 교정(자금이탈 강등 [7]·🔴🔴)
[복승불일치 축교정] 오다와라 3경주: 축 [3, 9]로 교정(자금이탈 강등 [1]·🔴)
[복승불일치 축교정] 기후 3경주: 축 [5, 7]로 교정(자금이탈 강등 [4]·🔴🔴)
[복승불일치 축교정] 사세보 4경주: 축 [1, 4]로 교정(자금이탈 강등 [7]·🔴🔴)
[placeholder 필터] 오다와라 4경주 쌍승 껍데기 배당 4조합 제외(값: [859.9])
[복승불일치 축교정] 기후 4경주: 축 [1, 4]로 교정(자금이탈 강등 [2]·🔴🔴)
[각질편성] 오다와라 5경주: 선행3·선입0·추입6 → ⚡ 빠른 페이스
[경륜전개] 오다와라 5경주: 슬로우(단독 선행) · 라인 3개 · 페어 [[2, 5], [1, 8], [3, 7]]
[각질편성] 기후 5경주: 선행2·선입0·추입5 → 보통 페이스
[경륜전개] 기후 5경주: 보통 · 라인 2개 · 페어 [[1, 5], [3, 7]]
[각질편성] 사세보 6경주: 선행3·선입0·추입3 → ⚡ 빠른 페이스
[경륜전개] 사세보 6경주: 보통 · 라인 3개 · 페어 [[4, 2], [1, 5]]
[각질편성] 오다와라 6경주: 선행3·선입0·추입6 → ⚡ 빠른 페이스
[경륜전개] 오다와라 6경주: 보통 · 라인 3개 · 페어 [[1, 9], [5, 2], [8, 3]]
[경륜 추천 개수] 9명 → 메인 3개(상한 3) · 복병 이동 1개
[각질편성] 삿포로 6경주: 선행0·선입0·추입0 → 🐌 느린 페이스
⚠️ [수신값 검증] 오다와라 6경주 · 배당 열 밀림 의심(인접 조합 값 일치) → 이 틱 급락 계산 보류(배당은 저장)
[3종 수집] 오다와라 6경주: {'quinella': 36, 'exacta': 72, 'trio': 0, 'win': 0} (history 11)
[각질편성] 오다와라 6경주: 선행3·선입0·추입6 → ⚡ 빠른 페이스
[경륜전개] 오다와라 6경주: 보통 · 라인 3개 · 페어 [[1, 9], [5, 2], [8, 3]]
[단통 상한] 메인 2개 · 복병이동 0개
🔎 [결정론 검수] 오다와라 6경주: B라인누락
[자동분석·배경] 오다와라 6경주: 마감 243초 전 재분석(rec_history 누적·cycle)
[3종 수집] 오다와라 6경주: {'quinella': 36, 'exacta': 72, 'trio': 0, 'win': 0} (history 12)
[각질편성] 오다와라 6경주: 선행3·선입0·추입6 → ⚡ 빠른 페이스
[경륜전개] 오다와라 6경주: 보통 · 라인 3개 · 페어 [[1, 9], [5, 2], [8, 3]]
[단통 상한] 메인 2개 · 복병이동 0개
[자동분석·배경] 오다와라 6경주: 마감 212초 전 재분석(rec_history 누적·cycle)
[각질편성] 오다와라 6경주: 선행3·선입0·추입6 → ⚡ 빠른 페이스
[경륜전개] 오다와라 6경주: 보통 · 라인 3개 · 페어 [[1, 9], [5, 2], [8, 3]]
[단통 상한] 메인 2개 · 복병이동 0개
[복승불일치 축교정] 아오모리 4경주: 축 [1, 4]로 교정(자금이탈 강등 [7]·🔴🔴)
[각질편성] 삿포로 6경주: 선행0·선입0·추입0 → 🐌 느린 페이스
[각질편성] 삿포로 6경주: 선행0·선입0·추입0 → 🐌 느린 페이스
[각질편성] 오다와라 6경주: 선행3·선입0·추입6 → ⚡ 빠른 페이스
[경륜전개] 오다와라 6경주: 보통 · 라인 3개 · 페어 [[1, 9], [5, 2], [8, 3]]
[각질편성] 삿포로 6경주: 선행0·선입0·추입0 → 🐌 느린 페이스
[각질편성] 삿포로 6경주: 선행0·선입0·추입0 → 🐌 느린 페이스
[각질편성] 삿포로 6경주: 선행0·선입0·추입0 → 🐌 느린 페이스
[스냅샷] 저장: 2026_08_01_오다와라_6경주_T-10.png (654 KB · T-10)
[단통 상한] 메인 2개 · 복병이동 0개
[한국 전적] 삿포로 6경주: 10두 저장(PDF, 전적 10두)
[각질편성] 삿포로 6경주: 선행0·선입0·추입0 → 🐌 느린 페이스
[복승불일치 축교정] 아오모리 5경주: 축 [1, 3]로 교정(자금이탈 강등 [6]·🔴)
[스냅샷] 저장: 2026_08_01_오다와라_6경주_T-10.png (732 KB · T-10)
[각질편성] 오다와라 6경주: 선행3·선입0·추입6 → ⚡ 빠른 페이스
[경륜전개] 오다와라 6경주: 보통 · 라인 3개 · 페어 [[1, 9], [5, 2], [8, 3]]
[단통 상한] 메인 2개 · 복병이동 0개
[한국이력 검역] 거부 — 파일=부산 6R / 본문 raceKey=삿포로 6경주 (경마장 불일치)
[결과기록] 캐시 갱신 — 재파싱 1건 / 전체 1677건
[placeholder 필터] 호후 6경주 쌍승 껍데기 배당 3조합 제외(값: [300.2])
[복승불일치 축교정] 호후 6경주: 축 [1, 5]로 교정(자금이탈 강등 [7]·🔴)
[placeholder 필터] 아오모리 7경주 쌍승 껍데기 배당 3조합 제외(값: [1703.0])
[복승불일치 축교정] 호후 7경주: 축 [2, 5]로 교정(자금이탈 강등 [1]·🔴🔴)
[복승불일치 축교정] 사세보 2경주: 축 [2, 7]로 교정(자금이탈 강등 [1]·🔴🔴)
[복승불일치 축교정] 기후 2경주: 축 [3, 4]로 교정(자금이탈 강등 [6]·🔴🔴)
[복승불일치 축교정] 사세보 3경주: 축 [1, 5]로 교정(자금이탈 강등 [7]·🔴🔴)
[복승불일치 축교정] 오다와라 3경주: 축 [3, 9]로 교정(자금이탈 강등 [1]·🔴)
[복승불일치 축교정] 기후 3경주: 축 [5, 7]로 교정(자금이탈 강등 [4]·🔴🔴)
[복승불일치 축교정] 사세보 4경주: 축 [1, 4]로 교정(자금이탈 강등 [7]·🔴🔴)
[placeholder 필터] 오다와라 4경주 쌍승 껍데기 배당 4조합 제외(값: [859.9])
[복승불일치 축교정] 기후 4경주: 축 [1, 4]로 교정(자금이탈 강등 [2]·🔴🔴)
[각질편성] 오다와라 5경주: 선행3·선입0·추입6 → ⚡ 빠른 페이스
[경륜전개] 오다와라 5경주: 슬로우(단독 선행) · 라인 3개 · 페어 [[2, 5], [1, 8], [3, 7]]
[각질편성] 기후 5경주: 선행2·선입0·추입5 → 보통 페이스
[경륜전개] 기후 5경주: 보통 · 라인 2개 · 페어 [[1, 5], [3, 7]]
[각질편성] 사세보 6경주: 선행3·선입0·추입3 → ⚡ 빠른 페이스
[경륜전개] 사세보 6경주: 보통 · 라인 3개 · 페어 [[4, 2], [1, 5]]
[각질편성] 오다와라 6경주: 선행3·선입0·추입6 → ⚡ 빠른 페이스
[경륜전개] 오다와라 6경주: 보통 · 라인 3개 · 페어 [[1, 9], [5, 2], [8, 3]]
[단통 상한] 메인 2개 · 복병이동 0개
[각질편성] 삿포로 6경주: 선행0·선입0·추입0 → 🐌 느린 페이스
[3종 수집] 오다와라 6경주: {'quinella': 36, 'exacta': 72, 'trio': 0, 'win': 0} (history 12)
[각질편성] 삿포로 6경주: 선행0·선입0·추입0 → 🐌 느린 페이스
[한국 전적] 삿포로 6경주: 10두 저장(PDF, 전적 10두)
[각질편성] 삿포로 6경주: 선행0·선입0·추입0 → 🐌 느린 페이스
[한국이력 검역] 거부 — 파일=부산 6R / 본문 raceKey=삿포로 6경주 (경마장 불일치)
[3종 수집] 오다와라 6경주: {'quinella': 36, 'exacta': 72, 'trio': 0, 'win': 0} (history 12)
[각질편성] 오다와라 6경주: 선행3·선입0·추입6 → ⚡ 빠른 페이스
[경륜전개] 오다와라 6경주: 보통 · 라인 3개 · 페어 [[1, 9], [5, 2], [8, 3]]
[T-2분 왕축 동결] 오다와라 6경주: [2, 3] → [2, 1] 유지(cur_mb=2)
[경륜 추천 모순 수정] 고배당 강제조합 2건 메인→복병 이동(25배 상한)
[단통 상한] 메인 2개 · 복병이동 0개
🔎 [결정론 검수] 오다와라 6경주: B라인누락
[자동분석·배경] 오다와라 6경주: 마감 149초 전 재분석(rec_history 누적·cycle)
[카톡 변경알림·즉시] 오다와라 6경주 (남은 149s): 복승 제외: 2+5
[각질편성] 삿포로 6경주: 선행0·선입0·추입0 → 🐌 느린 페이스
[각질편성] 삿포로 6경주: 선행0·선입0·추입0 → 🐌 느린 페이스
[복승불일치 축교정] 아오모리 4경주: 축 [1, 4]로 교정(자금이탈 강등 [7]·🔴🔴)
[각질편성] 오다와라 6경주: 선행3·선입0·추입6 → ⚡ 빠른 페이스
[각질편성] 오다와라 6경주: 선행3·선입0·추입6 → ⚡ 빠른 페이스
[각질편성] 오다와라 6경주: 선행3·선입0·추입6 → ⚡ 빠른 페이스
[경륜전개] 오다와라 6경주: 보통 · 라인 3개 · 페어 [[1, 9], [5, 2], [8, 3]]
[경륜전개] 오다와라 6경주: 보통 · 라인 3개 · 페어 [[1, 9], [5, 2], [8, 3]]
[경륜전개] 오다와라 6경주: 보통 · 라인 3개 · 페어 [[1, 9], [5, 2], [8, 3]]
[T-2분 왕축 동결] 오다와라 6경주: [2, 3] → [2, 1] 유지(cur_mb=2)
[경륜 추천 모순 수정] 고배당 강제조합 2건 메인→복병 이동(25배 상한)
[단통 상한] 메인 2개 · 복병이동 0개
[각질편성] 삿포로 6경주: 선행0·선입0·추입0 → 🐌 느린 페이스
[T-2분 왕축 동결] 오다와라 6경주: [2, 3] → [2, 1] 유지(cur_mb=2)
[경륜 추천 모순 수정] 고배당 강제조합 2건 메인→복병 이동(25배 상한)
[단통 상한] 메인 2개 · 복병이동 0개
[T-2분 왕축 동결] 오다와라 6경주: [2, 3] → [2, 1] 유지(cur_mb=2)
[경륜 추천 모순 수정] 고배당 강제조합 2건 메인→복병 이동(25배 상한)
[단통 상한] 메인 2개 · 복병이동 0개
[분석로그] 저장 실패: [WinError 5] 액세스가 거부되었습니다: 'C:\\Users\\Administrator\\Desktop\\경마분석서버\\data\\analysis_log\\2026_08_01_오다와라_6경주.json.tmp' -> 'C:\\Users\\Administrator\\Desktop\\경마분석서버\\data\\analysis_log\\2026_08_01_오다와라_6경주.json'
[복승불일치 축교정] 아오모리 5경주: 축 [1, 3]로 교정(자금이탈 강등 [6]·🔴)
[한국 전적] 삿포로 6경주: 10두 저장(PDF, 전적 10두)
[각질편성] 삿포로 6경주: 선행0·선입0·추입0 → 🐌 느린 페이스
[각질편성] 삿포로 6경주: 선행0·선입0·추입0 → 🐌 느린 페이스
[결과기록] 캐시 갱신 — 재파싱 1건 / 전체 1677건
[placeholder 필터] 호후 6경주 쌍승 껍데기 배당 3조합 제외(값: [300.2])
[복승불일치 축교정] 호후 6경주: 축 [1, 5]로 교정(자금이탈 강등 [7]·🔴)
[한국이력 검역] 거부 — 파일=부산 6R / 본문 raceKey=삿포로 6경주 (경마장 불일치)
[placeholder 필터] 아오모리 7경주 쌍승 껍데기 배당 3조합 제외(값: [1703.0])
[복승불일치 축교정] 호후 7경주: 축 [2, 5]로 교정(자금이탈 강등 [1]·🔴🔴)
[복승불일치 축교정] 사세보 2경주: 축 [2, 7]로 교정(자금이탈 강등 [1]·🔴🔴)
[복승불일치 축교정] 기후 2경주: 축 [3, 4]로 교정(자금이탈 강등 [6]·🔴🔴)
[복승불일치 축교정] 사세보 3경주: 축 [1, 5]로 교정(자금이탈 강등 [7]·🔴🔴)
[복승불일치 축교정] 오다와라 3경주: 축 [3, 9]로 교정(자금이탈 강등 [1]·🔴)
[복승불일치 축교정] 기후 3경주: 축 [5, 7]로 교정(자금이탈 강등 [4]·🔴🔴)
[복승불일치 축교정] 사세보 4경주: 축 [1, 4]로 교정(자금이탈 강등 [7]·🔴🔴)
[placeholder 필터] 오다와라 4경주 쌍승 껍데기 배당 4조합 제외(값: [859.9])
[복승불일치 축교정] 기후 4경주: 축 [1, 4]로 교정(자금이탈 강등 [2]·🔴🔴)
[각질편성] 오다와라 5경주: 선행3·선입0·추입6 → ⚡ 빠른 페이스
[경륜전개] 오다와라 5경주: 슬로우(단독 선행) · 라인 3개 · 페어 [[2, 5], [1, 8], [3, 7]]
[각질편성] 기후 5경주: 선행2·선입0·추입5 → 보통 페이스
[경륜전개] 기후 5경주: 보통 · 라인 2개 · 페어 [[1, 5], [3, 7]]
[각질편성] 사세보 6경주: 선행3·선입0·추입3 → ⚡ 빠른 페이스
[경륜전개] 사세보 6경주: 보통 · 라인 3개 · 페어 [[4, 2], [1, 5]]
[각질편성] 오다와라 6경주: 선행3·선입0·추입6 → ⚡ 빠른 페이스
[경륜전개] 오다와라 6경주: 보통 · 라인 3개 · 페어 [[1, 9], [5, 2], [8, 3]]
[T-2분 왕축 동결] 오다와라 6경주: [2, 3] → [2, 1] 유지(cur_mb=2)
[경륜 추천 모순 수정] 고배당 강제조합 2건 메인→복병 이동(25배 상한)
[단통 상한] 메인 2개 · 복병이동 0개
[각질편성] 삿포로 6경주: 선행0·선입0·추입0 → 🐌 느린 페이스
[각질편성] 오다와라 6경주: 선행3·선입0·추입6 → ⚡ 빠른 페이스
[경륜전개] 오다와라 6경주: 보통 · 라인 3개 · 페어 [[1, 9], [5, 2], [8, 3]]
[각질편성] 삿포로 6경주: 선행0·선입0·추입0 → 🐌 느린 페이스
[T-2분 왕축 동결] 오다와라 6경주: [2, 3] → [2, 1] 유지(cur_mb=2)
[경륜 추천 모순 수정] 고배당 강제조합 2건 메인→복병 이동(25배 상한)
[단통 상한] 메인 2개 · 복병이동 0개
[3종 수집] 오다와라 6경주: {'quinella': 36, 'exacta': 72, 'trio': 0, 'win': 0} (history 12)
[각질편성] 오다와라 6경주: 선행3·선입0·추입6 → ⚡ 빠른 페이스
[경륜전개] 오다와라 6경주: 보통 · 라인 3개 · 페어 [[1, 9], [5, 2], [8, 3]]
[T-2분 왕축 동결] 오다와라 6경주: [2, 3] → [2, 1] 유지(cur_mb=1)
[경륜 추천 모순 수정] 고배당 강제조합 2건 메인→복병 이동(25배 상한)
[단통 상한] 메인 2개 · 복병이동 0개
[각질편성] 삿포로 6경주: 선행0·선입0·추입0 → 🐌 느린 페이스
[각질편성] 오다와라 6경주: 선행3·선입0·추입6 → ⚡ 빠른 페이스
[경륜전개] 오다와라 6경주: 보통 · 라인 3개 · 페어 [[1, 9], [5, 2], [8, 3]]
[T-2분 왕축 동결] 오다와라 6경주: [2, 3] → [2, 1] 유지(cur_mb=1)
[각질편성] 오다와라 6경주: 선행3·선입0·추입6 → ⚡ 빠른 페이스
[경륜 추천 모순 수정] 고배당 강제조합 2건 메인→복병 이동(25배 상한)
[단통 상한] 메인 2개 · 복병이동 0개
[경륜전개] 오다와라 6경주: 보통 · 라인 3개 · 페어 [[1, 9], [5, 2], [8, 3]]
[T-2분 왕축 동결] 오다와라 6경주: [2, 3] → [2, 1] 유지(cur_mb=1)
[경륜 추천 모순 수정] 고배당 강제조합 2건 메인→복병 이동(25배 상한)
[단통 상한] 메인 2개 · 복병이동 0개
[각질편성] 삿포로 6경주: 선행0·선입0·추입0 → 🐌 느린 페이스
[한국 전적] 삿포로 6경주: 10두 저장(PDF, 전적 10두)
[각질편성] 삿포로 6경주: 선행0·선입0·추입0 → 🐌 느린 페이스
[각질편성] 삿포로 6경주: 선행0·선입0·추입0 → 🐌 느린 페이스
[한국이력 검역] 거부 — 파일=부산 6R / 본문 raceKey=삿포로 6경주 (경마장 불일치)
[각질편성] 오다와라 6경주: 선행3·선입0·추입6 → ⚡ 빠른 페이스
[경륜전개] 오다와라 6경주: 보통 · 라인 3개 · 페어 [[1, 9], [5, 2], [8, 3]]
[T-2분 왕축 동결] 오다와라 6경주: [2, 3] → [2, 1] 유지(cur_mb=1)
[경륜 추천 모순 수정] 고배당 강제조합 2건 메인→복병 이동(25배 상한)
[단통 상한] 메인 2개 · 복병이동 0개
[3종 수집] 오다와라 6경주: {'quinella': 36, 'exacta': 72, 'trio': 0, 'win': 0} (history 12)
[각질편성] 삿포로 6경주: 선행0·선입0·추입0 → 🐌 느린 페이스
[복승불일치 축교정] 아오모리 4경주: 축 [1, 4]로 교정(자금이탈 강등 [7]·🔴🔴)
[각질편성] 삿포로 6경주: 선행0·선입0·추입0 → 🐌 느린 페이스
[각질편성] 오다와라 6경주: 선행3·선입0·추입6 → ⚡ 빠른 페이스
[경륜전개] 오다와라 6경주: 보통 · 라인 3개 · 페어 [[1, 9], [5, 2], [8, 3]]
[각질편성] 오다와라 6경주: 선행3·선입0·추입6 → ⚡ 빠른 페이스
[각질편성] 오다와라 6경주: 선행3·선입0·추입6 → ⚡ 빠른 페이스
[경륜전개] 오다와라 6경주: 보통 · 라인 3개 · 페어 [[1, 9], [5, 2], [8, 3]]
[경륜전개] 오다와라 6경주: 보통 · 라인 3개 · 페어 [[1, 9], [5, 2], [8, 3]]
[각질편성] 삿포로 6경주: 선행0·선입0·추입0 → 🐌 느린 페이스
[T-2분 왕축 동결] 오다와라 6경주: [2, 3] → [2, 1] 유지(cur_mb=1)
[경륜 추천 모순 수정] 고배당 강제조합 2건 메인→복병 이동(25배 상한)
[단통 상한] 메인 2개 · 복병이동 0개
[T-2분 왕축 동결] 오다와라 6경주: [2, 3] → [2, 1] 유지(cur_mb=1)
[경륜 추천 모순 수정] 고배당 강제조합 2건 메인→복병 이동(25배 상한)
[단통 상한] 메인 2개 · 복병이동 0개
[T-2분 왕축 동결] 오다와라 6경주: [2, 3] → [2, 1] 유지(cur_mb=1)
[경륜 추천 모순 수정] 고배당 강제조합 2건 메인→복병 이동(25배 상한)
[단통 상한] 메인 2개 · 복병이동 0개
[분석로그] 저장 실패: [WinError 5] 액세스가 거부되었습니다: 'C:\\Users\\Administrator\\Desktop\\경마분석서버\\data\\analysis_log\\2026_08_01_오다와라_6경주.json.tmp' -> 'C:\\Users\\Administrator\\Desktop\\경마분석서버\\data\\analysis_log\\2026_08_01_오다와라_6경주.json'
[한국 전적] 삿포로 6경주: 10두 저장(PDF, 전적 10두)
[복승불일치 축교정] 아오모리 5경주: 축 [1, 3]로 교정(자금이탈 강등 [6]·🔴)
[각질편성] 삿포로 6경주: 선행0·선입0·추입0 → 🐌 느린 페이스
[placeholder 필터] 호후 6경주 쌍승 껍데기 배당 3조합 제외(값: [300.2])
[복승불일치 축교정] 호후 6경주: 축 [1, 5]로 교정(자금이탈 강등 [7]·🔴)
[placeholder 필터] 아오모리 7경주 쌍승 껍데기 배당 3조합 제외(값: [1703.0])
[복승불일치 축교정] 호후 7경주: 축 [2, 5]로 교정(자금이탈 강등 [1]·🔴🔴)
[결과기록] 캐시 갱신 — 재파싱 1건 / 전체 1677건
[복승불일치 축교정] 사세보 2경주: 축 [2, 7]로 교정(자금이탈 강등 [1]·🔴🔴)
[한국이력 검역] 거부 — 파일=부산 6R / 본문 raceKey=삿포로 6경주 (경마장 불일치)
[복승불일치 축교정] 기후 2경주: 축 [3, 4]로 교정(자금이탈 강등 [6]·🔴🔴)
[복승불일치 축교정] 사세보 3경주: 축 [1, 5]로 교정(자금이탈 강등 [7]·🔴🔴)
[복승불일치 축교정] 오다와라 3경주: 축 [3, 9]로 교정(자금이탈 강등 [1]·🔴)
[복승불일치 축교정] 기후 3경주: 축 [5, 7]로 교정(자금이탈 강등 [4]·🔴🔴)
[복승불일치 축교정] 사세보 4경주: 축 [1, 4]로 교정(자금이탈 강등 [7]·🔴🔴)
[placeholder 필터] 오다와라 4경주 쌍승 껍데기 배당 4조합 제외(값: [859.9])
[복승불일치 축교정] 기후 4경주: 축 [1, 4]로 교정(자금이탈 강등 [2]·🔴🔴)
[각질편성] 오다와라 5경주: 선행3·선입0·추입6 → ⚡ 빠른 페이스
[경륜전개] 오다와라 5경주: 슬로우(단독 선행) · 라인 3개 · 페어 [[2, 5], [1, 8], [3, 7]]
[각질편성] 기후 5경주: 선행2·선입0·추입5 → 보통 페이스
[경륜전개] 기후 5경주: 보통 · 라인 2개 · 페어 [[1, 5], [3, 7]]
[각질편성] 사세보 6경주: 선행3·선입0·추입3 → ⚡ 빠른 페이스
[경륜전개] 사세보 6경주: 보통 · 라인 3개 · 페어 [[4, 2], [1, 5]]
[각질편성] 오다와라 6경주: 선행3·선입0·추입6 → ⚡ 빠른 페이스
[경륜전개] 오다와라 6경주: 보통 · 라인 3개 · 페어 [[1, 9], [5, 2], [8, 3]]
[T-2분 왕축 동결] 오다와라 6경주: [2, 3] → [2, 1] 유지(cur_mb=1)
[경륜 추천 모순 수정] 고배당 강제조합 2건 메인→복병 이동(25배 상한)
[단통 상한] 메인 2개 · 복병이동 0개
[각질편성] 삿포로 6경주: 선행0·선입0·추입0 → 🐌 느린 페이스
[경륜 전적·자동] 기후 6경주: 6두 수집(競走得点·절대등급 A/B/C/D·라인[6, 1, 2, 3, 4, 5]) → 통합등급 자동 반영
[3종 수집] 기후 6경주: {'quinella': 15, 'exacta': 30, 'trio': 0, 'win': 0} (history 1)
[3종 수집] 오다와라 6경주: {'quinella': 36, 'exacta': 72, 'trio': 0, 'win': 0} (history 12)
🔮 [예측] 기후 6경주: top3=[2, 1, 3] conf=4 · 6두 중 선행형이 1번(豊田 美香) 한 명뿐이며, 이마저도 최근 개최 성
[각질편성] 기후 6경주: 선행1·선입0·추입5 → 🐌 느린 페이스
[경륜전개] 기후 6경주: 슬로우(단독 선행) · 라인 2개 · 페어 [[1, 2]]
[경륜 추천 개수] 6명 → 메인 2개(상한 2) · 복병 이동 1개
[자동분석·배경] 기후 6경주: 마감 596초 전 재분석(rec_history 누적·cycle)
[각질편성] 기후 6경주: 선행1·선입0·추입5 → 🐌 느린 페이스
[경륜전개] 기후 6경주: 슬로우(단독 선행) · 라인 2개 · 페어 [[1, 2]]
[경륜 추천 개수] 6명 → 메인 2개(상한 2) · 복병 이동 1개
[각질편성] 삿포로 6경주: 선행0·선입0·추입0 → 🐌 느린 페이스
[한국 전적] 삿포로 6경주: 10두 저장(PDF, 전적 10두)
[각질편성] 삿포로 6경주: 선행0·선입0·추입0 → 🐌 느린 페이스
[한국이력 검역] 거부 — 파일=부산 6R / 본문 raceKey=삿포로 6경주 (경마장 불일치)
[복승불일치 축교정] 아오모리 4경주: 축 [1, 4]로 교정(자금이탈 강등 [7]·🔴🔴)
[각질편성] 오다와라 6경주: 선행3·선입0·추입6 → ⚡ 빠른 페이스
[각질편성] 오다와라 6경주: 선행3·선입0·추입6 → ⚡ 빠른 페이스
[각질편성] 삿포로 6경주: 선행0·선입0·추입0 → 🐌 느린 페이스
[경륜전개] 오다와라 6경주: 보통 · 라인 3개 · 페어 [[1, 9], [5, 2], [8, 3]]
[경륜전개] 오다와라 6경주: 보통 · 라인 3개 · 페어 [[1, 9], [5, 2], [8, 3]]
[경륜 추천 모순 수정] 고배당 강제조합 2건 메인→복병 이동(25배 상한)
[단통 상한] 메인 2개 · 복병이동 0개
[각질편성] 삿포로 6경주: 선행0·선입0·추입0 → 🐌 느린 페이스
[경륜 추천 모순 수정] 고배당 강제조합 2건 메인→복병 이동(25배 상한)
[단통 상한] 메인 2개 · 복병이동 0개
[복승불일치 축교정] 아오모리 5경주: 축 [1, 3]로 교정(자금이탈 강등 [6]·🔴)
[각질편성] 오다와라 6경주: 선행3·선입0·추입6 → ⚡ 빠른 페이스
[경륜전개] 오다와라 6경주: 보통 · 라인 3개 · 페어 [[1, 9], [5, 2], [8, 3]]
[placeholder 필터] 호후 6경주 쌍승 껍데기 배당 3조합 제외(값: [300.2])
[복승불일치 축교정] 호후 6경주: 축 [1, 5]로 교정(자금이탈 강등 [7]·🔴)
[경륜 추천 모순 수정] 고배당 강제조합 2건 메인→복병 이동(25배 상한)
[단통 상한] 메인 2개 · 복병이동 0개
[placeholder 필터] 아오모리 7경주 쌍승 껍데기 배당 3조합 제외(값: [1703.0])
[3종 수집] 기후 6경주: {'quinella': 15, 'exacta': 30, 'trio': 0, 'win': 0} (history 2)
[복승불일치 축교정] 호후 7경주: 축 [2, 5]로 교정(자금이탈 강등 [1]·🔴🔴)
[3종 수집] 오다와라 6경주: {'quinella': 36, 'exacta': 72, 'trio': 0, 'win': 0} (history 12)
[복승불일치 축교정] 사세보 2경주: 축 [2, 7]로 교정(자금이탈 강등 [1]·🔴🔴)
[각질편성] 기후 6경주: 선행1·선입0·추입5 → 🐌 느린 페이스
[경륜전개] 기후 6경주: 슬로우(단독 선행) · 라인 2개 · 페어 [[1, 2]]
[경륜 추천 개수] 6명 → 메인 2개(상한 2) · 복병 이동 1개
[복승불일치 축교정] 기후 2경주: 축 [3, 4]로 교정(자금이탈 강등 [6]·🔴🔴)
[자동분석·배경] 기후 6경주: 마감 560초 전 재분석(rec_history 누적·cycle)
[복승불일치 축교정] 사세보 3경주: 축 [1, 5]로 교정(자금이탈 강등 [7]·🔴🔴)
[복승불일치 축교정] 오다와라 3경주: 축 [3, 9]로 교정(자금이탈 강등 [1]·🔴)
[복승불일치 축교정] 기후 3경주: 축 [5, 7]로 교정(자금이탈 강등 [4]·🔴🔴)
[복승불일치 축교정] 사세보 4경주: 축 [1, 4]로 교정(자금이탈 강등 [7]·🔴🔴)
[placeholder 필터] 오다와라 4경주 쌍승 껍데기 배당 4조합 제외(값: [859.9])
[복승불일치 축교정] 기후 4경주: 축 [1, 4]로 교정(자금이탈 강등 [2]·🔴🔴)
[각질편성] 오다와라 5경주: 선행3·선입0·추입6 → ⚡ 빠른 페이스
[경륜전개] 오다와라 5경주: 슬로우(단독 선행) · 라인 3개 · 페어 [[2, 5], [1, 8], [3, 7]]
[각질편성] 기후 5경주: 선행2·선입0·추입5 → 보통 페이스
[경륜전개] 기후 5경주: 보통 · 라인 2개 · 페어 [[1, 5], [3, 7]]
[각질편성] 사세보 6경주: 선행3·선입0·추입3 → ⚡ 빠른 페이스
[경륜전개] 사세보 6경주: 보통 · 라인 3개 · 페어 [[4, 2], [1, 5]]
[각질편성] 삿포로 6경주: 선행0·선입0·추입0 → 🐌 느린 페이스
[각질편성] 오다와라 6경주: 선행3·선입0·추입6 → ⚡ 빠른 페이스
[경륜전개] 오다와라 6경주: 보통 · 라인 3개 · 페어 [[1, 9], [5, 2], [8, 3]]
[각질편성] 삿포로 6경주: 선행0·선입0·추입0 → 🐌 느린 페이스
[각질편성] 오다와라 6경주: 선행3·선입0·추입6 → ⚡ 빠른 페이스
[경륜전개] 오다와라 6경주: 보통 · 라인 3개 · 페어 [[1, 9], [5, 2], [8, 3]]
[경륜 추천 모순 수정] 고배당 강제조합 2건 메인→복병 이동(25배 상한)
[단통 상한] 메인 2개 · 복병이동 0개
[경륜 추천 모순 수정] 고배당 강제조합 2건 메인→복병 이동(25배 상한)
[단통 상한] 메인 2개 · 복병이동 0개
[한국 전적] 삿포로 6경주: 10두 저장(PDF, 전적 10두)
[각질편성] 오다와라 6경주: 선행3·선입0·추입6 → ⚡ 빠른 페이스
[경륜전개] 오다와라 6경주: 보통 · 라인 3개 · 페어 [[1, 9], [5, 2], [8, 3]]
[각질편성] 삿포로 6경주: 선행0·선입0·추입0 → 🐌 느린 페이스
[각질편성] 삿포로 6경주: 선행0·선입0·추입0 → 🐌 느린 페이스
[경륜 추천 모순 수정] 고배당 강제조합 2건 메인→복병 이동(25배 상한)
[단통 상한] 메인 2개 · 복병이동 0개
[각질편성] 기후 6경주: 선행1·선입0·추입5 → 🐌 느린 페이스
[경륜전개] 기후 6경주: 슬로우(단독 선행) · 라인 2개 · 페어 [[1, 2]]
[경륜 추천 개수] 6명 → 메인 2개(상한 2) · 복병 이동 1개
[각질편성] 삿포로 6경주: 선행0·선입0·추입0 → 🐌 느린 페이스
[한국이력 검역] 거부 — 파일=부산 6R / 본문 raceKey=삿포로 6경주 (경마장 불일치)
[각질편성] 오다와라 6경주: 선행3·선입0·추입6 → ⚡ 빠른 페이스
[경륜전개] 오다와라 6경주: 보통 · 라인 3개 · 페어 [[1, 9], [5, 2], [8, 3]]
[각질편성] 삿포로 6경주: 선행0·선입0·추입0 → 🐌 느린 페이스
[경륜 추천 모순 수정] 고배당 강제조합 2건 메인→복병 이동(25배 상한)
[단통 상한] 메인 2개 · 복병이동 0개
[복승불일치 축교정] 아오모리 4경주: 축 [1, 4]로 교정(자금이탈 강등 [7]·🔴🔴)
[결과기록] 캐시 갱신 — 재파싱 2건 / 전체 1678건
[복승불일치 축교정] 아오모리 5경주: 축 [1, 3]로 교정(자금이탈 강등 [6]·🔴)
[placeholder 필터] 호후 6경주 쌍승 껍데기 배당 3조합 제외(값: [300.2])
[복승불일치 축교정] 호후 6경주: 축 [1, 5]로 교정(자금이탈 강등 [7]·🔴)
[placeholder 필터] 아오모리 7경주 쌍승 껍데기 배당 3조합 제외(값: [1703.0])
[복승불일치 축교정] 호후 7경주: 축 [2, 5]로 교정(자금이탈 강등 [1]·🔴🔴)
[복승불일치 축교정] 사세보 2경주: 축 [2, 7]로 교정(자금이탈 강등 [1]·🔴🔴)
[복승불일치 축교정] 기후 2경주: 축 [3, 4]로 교정(자금이탈 강등 [6]·🔴🔴)
[복승불일치 축교정] 사세보 3경주: 축 [1, 5]로 교정(자금이탈 강등 [7]·🔴🔴)
[복승불일치 축교정] 오다와라 3경주: 축 [3, 9]로 교정(자금이탈 강등 [1]·🔴)
[복승불일치 축교정] 기후 3경주: 축 [5, 7]로 교정(자금이탈 강등 [4]·🔴🔴)
[복승불일치 축교정] 사세보 4경주: 축 [1, 4]로 교정(자금이탈 강등 [7]·🔴🔴)
[placeholder 필터] 오다와라 4경주 쌍승 껍데기 배당 4조합 제외(값: [859.9])
[복승불일치 축교정] 기후 4경주: 축 [1, 4]로 교정(자금이탈 강등 [2]·🔴🔴)
[각질편성] 오다와라 5경주: 선행3·선입0·추입6 → ⚡ 빠른 페이스
[경륜전개] 오다와라 5경주: 슬로우(단독 선행) · 라인 3개 · 페어 [[2, 5], [1, 8], [3, 7]]
[각질편성] 기후 5경주: 선행2·선입0·추입5 → 보통 페이스
[경륜전개] 기후 5경주: 보통 · 라인 2개 · 페어 [[1, 5], [3, 7]]
[각질편성] 사세보 6경주: 선행3·선입0·추입3 → ⚡ 빠른 페이스
[경륜전개] 사세보 6경주: 보통 · 라인 3개 · 페어 [[4, 2], [1, 5]]
[각질편성] 삿포로 6경주: 선행0·선입0·추입0 → 🐌 느린 페이스
[각질편성] 오다와라 6경주: 선행3·선입0·추입6 → ⚡ 빠른 페이스
[경륜전개] 오다와라 6경주: 보통 · 라인 3개 · 페어 [[1, 9], [5, 2], [8, 3]]
[각질편성] 기후 6경주: 선행1·선입0·추입5 → 🐌 느린 페이스
[경륜전개] 기후 6경주: 슬로우(단독 선행) · 라인 2개 · 페어 [[1, 2]]
[경륜 추천 개수] 6명 → 메인 2개(상한 2) · 복병 이동 1개
[각질편성] 삿포로 6경주: 선행0·선입0·추입0 → 🐌 느린 페이스
[각질편성] 오다와라 6경주: 선행3·선입0·추입6 → ⚡ 빠른 페이스
[경륜전개] 오다와라 6경주: 보통 · 라인 3개 · 페어 [[1, 9], [5, 2], [8, 3]]
[각질편성] 오다와라 6경주: 선행3·선입0·추입6 → ⚡ 빠른 페이스
[경륜전개] 오다와라 6경주: 보통 · 라인 3개 · 페어 [[1, 9], [5, 2], [8, 3]]
[readonly 잠금] 오다와라 6경주: 마감 확정 파일 — corePicks/시계열 보존, result/hit만 업데이트 허용
[마감 동결] 오다와라 6경주: 확정본 복원(출처 closed_row · 기준 13:03:59)
[경륜 추천 모순 수정] 고배당 강제조합 2건 메인→복병 이동(25배 상한)
[단통 상한] 메인 3개 · 복병이동 0개
🔎 [결정론 검수] 오다와라 6경주: B라인누락
[readonly 잠금] 오다와라 6경주: 마감 확정 파일 — corePicks/시계열 보존, result/hit만 업데이트 허용
[다중경주] 하트비트 #21 · 스케줄 ymd=20260801 (-1초 전 갱신 · 트랙 12개)
[3종 수집] 오다와라 6경주: {'quinella': 36, 'exacta': 72, 'trio': 0, 'win': 0} (history 12)
[3종 수집] 기후 6경주: {'quinella': 15, 'exacta': 30, 'trio': 0, 'win': 0} (history 3)
[각질편성] 기후 6경주: 선행1·선입0·추입5 → 🐌 느린 페이스
[경륜전개] 기후 6경주: 슬로우(단독 선행) · 라인 2개 · 페어 [[1, 2]]
[경륜 추천 개수] 6명 → 메인 2개(상한 2) · 복병 이동 1개
[자동분석·배경] 기후 6경주: 마감 526초 전 재분석(rec_history 누적·cycle)
[각질편성] 삿포로 6경주: 선행0·선입0·추입0 → 🐌 느린 페이스
[각질편성] 삿포로 6경주: 선행0·선입0·추입0 → 🐌 느린 페이스
[각질편성] 삿포로 6경주: 선행0·선입0·추입0 → 🐌 느린 페이스
[각질편성] 삿포로 6경주: 선행0·선입0·추입0 → 🐌 느린 페이스
[복승불일치 축교정] 아오모리 4경주: 축 [1, 4]로 교정(자금이탈 강등 [7]·🔴🔴)
[복승불일치 축교정] 아오모리 5경주: 축 [1, 3]로 교정(자금이탈 강등 [6]·🔴)
[placeholder 필터] 호후 6경주 쌍승 껍데기 배당 3조합 제외(값: [300.2])
[복승불일치 축교정] 호후 6경주: 축 [1, 5]로 교정(자금이탈 강등 [7]·🔴)
[placeholder 필터] 아오모리 7경주 쌍승 껍데기 배당 3조합 제외(값: [1703.0])
[복승불일치 축교정] 호후 7경주: 축 [2, 5]로 교정(자금이탈 강등 [1]·🔴🔴)
[복승불일치 축교정] 사세보 2경주: 축 [2, 7]로 교정(자금이탈 강등 [1]·🔴🔴)
[복승불일치 축교정] 기후 2경주: 축 [3, 4]로 교정(자금이탈 강등 [6]·🔴🔴)
[복승불일치 축교정] 사세보 3경주: 축 [1, 5]로 교정(자금이탈 강등 [7]·🔴🔴)
[복승불일치 축교정] 오다와라 3경주: 축 [3, 9]로 교정(자금이탈 강등 [1]·🔴)
[복승불일치 축교정] 기후 3경주: 축 [5, 7]로 교정(자금이탈 강등 [4]·🔴🔴)
[복승불일치 축교정] 사세보 4경주: 축 [1, 4]로 교정(자금이탈 강등 [7]·🔴🔴)
[placeholder 필터] 오다와라 4경주 쌍승 껍데기 배당 4조합 제외(값: [859.9])
[복승불일치 축교정] 기후 4경주: 축 [1, 4]로 교정(자금이탈 강등 [2]·🔴🔴)
[각질편성] 오다와라 5경주: 선행3·선입0·추입6 → ⚡ 빠른 페이스
[경륜전개] 오다와라 5경주: 슬로우(단독 선행) · 라인 3개 · 페어 [[2, 5], [1, 8], [3, 7]]
[각질편성] 기후 5경주: 선행2·선입0·추입5 → 보통 페이스
[경륜전개] 기후 5경주: 보통 · 라인 2개 · 페어 [[1, 5], [3, 7]]
[각질편성] 삿포로 6경주: 선행0·선입0·추입0 → 🐌 느린 페이스
[각질편성] 사세보 6경주: 선행3·선입0·추입3 → ⚡ 빠른 페이스
[경륜전개] 사세보 6경주: 보통 · 라인 3개 · 페어 [[4, 2], [1, 5]]
[각질편성] 오다와라 6경주: 선행3·선입0·추입6 → ⚡ 빠른 페이스
[경륜전개] 오다와라 6경주: 보통 · 라인 3개 · 페어 [[1, 9], [5, 2], [8, 3]]
[각질편성] 기후 6경주: 선행1·선입0·추입5 → 🐌 느린 페이스
[경륜전개] 기후 6경주: 슬로우(단독 선행) · 라인 2개 · 페어 [[1, 2]]
[경륜 추천 개수] 6명 → 메인 2개(상한 2) · 복병 이동 1개
[각질편성] 삿포로 6경주: 선행0·선입0·추입0 → 🐌 느린 페이스
[각질편성] 삿포로 6경주: 선행0·선입0·추입0 → 🐌 느린 페이스
[각질편성] 삿포로 6경주: 선행0·선입0·추입0 → 🐌 느린 페이스
[각질편성] 오다와라 6경주: 선행3·선입0·추입6 → ⚡ 빠른 페이스
[경륜전개] 오다와라 6경주: 보통 · 라인 3개 · 페어 [[1, 9], [5, 2], [8, 3]]
⏸ [폴링 저장 가드] 오다와라 6경주: 마감 후 readonly → 로그 저장 생략(분석·표시는 정상)
[각질편성] 삿포로 6경주: 선행0·선입0·추입0 → 🐌 느린 페이스
[3종 수집] 오다와라 6경주: {'quinella': 36, 'exacta': 72, 'trio': 0, 'win': 0} (history 12)
[3종 수집] 기후 6경주: {'quinella': 15, 'exacta': 30, 'trio': 0, 'win': 0} (history 4)
[각질편성] 기후 6경주: 선행1·선입0·추입5 → 🐌 느린 페이스
[경륜전개] 기후 6경주: 슬로우(단독 선행) · 라인 2개 · 페어 [[1, 2]]
[경륜 추천 개수] 6명 → 메인 2개(상한 2) · 복병 이동 1개
[각질편성] 삿포로 6경주: 선행0·선입0·추입0 → 🐌 느린 페이스
[자동분석·배경] 기후 6경주: 마감 493초 전 재분석(rec_history 누적·cycle)
[각질편성] 오다와라 6경주: 선행3·선입0·추입6 → ⚡ 빠른 페이스
[경륜전개] 오다와라 6경주: 보통 · 라인 3개 · 페어 [[1, 9], [5, 2], [8, 3]]
[각질편성] 삿포로 6경주: 선행0·선입0·추입0 → 🐌 느린 페이스
[복승불일치 축교정] 아오모리 4경주: 축 [1, 4]로 교정(자금이탈 강등 [7]·🔴🔴)
[결과기록] 캐시 갱신 — 재파싱 2건 / 전체 1678건
[복승불일치 축교정] 아오모리 5경주: 축 [1, 3]로 교정(자금이탈 강등 [6]·🔴)
[placeholder 필터] 호후 6경주 쌍승 껍데기 배당 3조합 제외(값: [300.2])
[복승불일치 축교정] 호후 6경주: 축 [1, 5]로 교정(자금이탈 강등 [7]·🔴)
[placeholder 필터] 아오모리 7경주 쌍승 껍데기 배당 3조합 제외(값: [1703.0])
[복승불일치 축교정] 호후 7경주: 축 [2, 5]로 교정(자금이탈 강등 [1]·🔴🔴)
[복승불일치 축교정] 사세보 2경주: 축 [2, 7]로 교정(자금이탈 강등 [1]·🔴🔴)
[복승불일치 축교정] 기후 2경주: 축 [3, 4]로 교정(자금이탈 강등 [6]·🔴🔴)
[복승불일치 축교정] 사세보 3경주: 축 [1, 5]로 교정(자금이탈 강등 [7]·🔴🔴)
[복승불일치 축교정] 오다와라 3경주: 축 [3, 9]로 교정(자금이탈 강등 [1]·🔴)
[복승불일치 축교정] 기후 3경주: 축 [5, 7]로 교정(자금이탈 강등 [4]·🔴🔴)
[복승불일치 축교정] 사세보 4경주: 축 [1, 4]로 교정(자금이탈 강등 [7]·🔴🔴)
[placeholder 필터] 오다와라 4경주 쌍승 껍데기 배당 4조합 제외(값: [859.9])
[복승불일치 축교정] 기후 4경주: 축 [1, 4]로 교정(자금이탈 강등 [2]·🔴🔴)
[각질편성] 오다와라 5경주: 선행3·선입0·추입6 → ⚡ 빠른 페이스
[경륜전개] 오다와라 5경주: 슬로우(단독 선행) · 라인 3개 · 페어 [[2, 5], [1, 8], [3, 7]]
[각질편성] 기후 5경주: 선행2·선입0·추입5 → 보통 페이스
[경륜전개] 기후 5경주: 보통 · 라인 2개 · 페어 [[1, 5], [3, 7]]
[각질편성] 사세보 6경주: 선행3·선입0·추입3 → ⚡ 빠른 페이스
[각질편성] 삿포로 6경주: 선행0·선입0·추입0 → 🐌 느린 페이스
[경륜전개] 사세보 6경주: 보통 · 라인 3개 · 페어 [[4, 2], [1, 5]]
[각질편성] 오다와라 6경주: 선행3·선입0·추입6 → ⚡ 빠른 페이스
[경륜전개] 오다와라 6경주: 보통 · 라인 3개 · 페어 [[1, 9], [5, 2], [8, 3]]
[각질편성] 기후 6경주: 선행1·선입0·추입5 → 🐌 느린 페이스
[경륜전개] 기후 6경주: 슬로우(단독 선행) · 라인 2개 · 페어 [[1, 2]]
[경륜 추천 개수] 6명 → 메인 2개(상한 2) · 복병 이동 1개
[각질편성] 삿포로 6경주: 선행0·선입0·추입0 → 🐌 느린 페이스
[각질편성] 삿포로 6경주: 선행0·선입0·추입0 → 🐌 느린 페이스
[각질편성] 삿포로 6경주: 선행0·선입0·추입0 → 🐌 느린 페이스
[각질편성] 삿포로 6경주: 선행0·선입0·추입0 → 🐌 느린 페이스
[3종 수집] 기후 6경주: {'quinella': 15, 'exacta': 30, 'trio': 0, 'win': 0} (history 5)
[3종 수집] 오다와라 6경주: {'quinella': 36, 'exacta': 72, 'trio': 0, 'win': 0} (history 12)
[각질편성] 기후 6경주: 선행1·선입0·추입5 → 🐌 느린 페이스
[경륜전개] 기후 6경주: 슬로우(단독 선행) · 라인 2개 · 페어 [[1, 2]]
[경륜 추천 개수] 6명 → 메인 2개(상한 2) · 복병 이동 1개
[자동분석·배경] 기후 6경주: 마감 460초 전 재분석(rec_history 누적·cycle)
[3종 수집] 삿포로 7경주: {'quinella': 66, 'exacta': 0, 'trio': 220, 'win': 0} (history 1)
[JRA수집] 1경주 수집 · 0경주 생략(확장 우선) · 0.32초 · 다음 60초 · 🔬관찰모드
[각질편성] 삿포로 6경주: 선행0·선입0·추입0 → 🐌 느린 페이스
[복승불일치 축교정] 아오모리 4경주: 축 [1, 4]로 교정(자금이탈 강등 [7]·🔴🔴)
[복승불일치 축교정] 아오모리 5경주: 축 [1, 3]로 교정(자금이탈 강등 [6]·🔴)
[placeholder 필터] 호후 6경주 쌍승 껍데기 배당 3조합 제외(값: [300.2])
[복승불일치 축교정] 호후 6경주: 축 [1, 5]로 교정(자금이탈 강등 [7]·🔴)
[placeholder 필터] 아오모리 7경주 쌍승 껍데기 배당 3조합 제외(값: [1703.0])
[복승불일치 축교정] 호후 7경주: 축 [2, 5]로 교정(자금이탈 강등 [1]·🔴🔴)
[복승불일치 축교정] 사세보 2경주: 축 [2, 7]로 교정(자금이탈 강등 [1]·🔴🔴)
[복승불일치 축교정] 기후 2경주: 축 [3, 4]로 교정(자금이탈 강등 [6]·🔴🔴)
[복승불일치 축교정] 사세보 3경주: 축 [1, 5]로 교정(자금이탈 강등 [7]·🔴🔴)
[복승불일치 축교정] 오다와라 3경주: 축 [3, 9]로 교정(자금이탈 강등 [1]·🔴)
[복승불일치 축교정] 기후 3경주: 축 [5, 7]로 교정(자금이탈 강등 [4]·🔴🔴)
[복승불일치 축교정] 사세보 4경주: 축 [1, 4]로 교정(자금이탈 강등 [7]·🔴🔴)
[placeholder 필터] 오다와라 4경주 쌍승 껍데기 배당 4조합 제외(값: [859.9])
[복승불일치 축교정] 기후 4경주: 축 [1, 4]로 교정(자금이탈 강등 [2]·🔴🔴)
[각질편성] 오다와라 5경주: 선행3·선입0·추입6 → ⚡ 빠른 페이스
[경륜전개] 오다와라 5경주: 슬로우(단독 선행) · 라인 3개 · 페어 [[2, 5], [1, 8], [3, 7]]
[각질편성] 기후 5경주: 선행2·선입0·추입5 → 보통 페이스
[경륜전개] 기후 5경주: 보통 · 라인 2개 · 페어 [[1, 5], [3, 7]]
[각질편성] 사세보 6경주: 선행3·선입0·추입3 → ⚡ 빠른 페이스
[경륜전개] 사세보 6경주: 보통 · 라인 3개 · 페어 [[4, 2], [1, 5]]
[각질편성] 오다와라 6경주: 선행3·선입0·추입6 → ⚡ 빠른 페이스
[경륜전개] 오다와라 6경주: 보통 · 라인 3개 · 페어 [[1, 9], [5, 2], [8, 3]]
[각질편성] 삿포로 6경주: 선행0·선입0·추입0 → 🐌 느린 페이스
[각질편성] 기후 6경주: 선행1·선입0·추입5 → 🐌 느린 페이스
[경륜전개] 기후 6경주: 슬로우(단독 선행) · 라인 2개 · 페어 [[1, 2]]
[경륜 추천 개수] 6명 → 메인 2개(상한 2) · 복병 이동 1개
[각질편성] 삿포로 6경주: 선행0·선입0·추입0 → 🐌 느린 페이스
[한국 전적] 삿포로 7경주: 11두 저장(PDF, 전적 11두)
[각질편성] 삿포로 7경주: 선행0·선입0·추입0 → 🐌 느린 페이스
[한국이력 검역] 거부 — 파일=부산 7R / 본문 raceKey=삿포로 7경주 (경마장 불일치)
[각질편성] 삿포로 6경주: 선행0·선입0·추입0 → 🐌 느린 페이스
[각질편성] 오다와라 6경주: 선행3·선입0·추입6 → ⚡ 빠른 페이스
[각질편성] 삿포로 7경주: 선행0·선입0·추입0 → 🐌 느린 페이스
[경륜전개] 오다와라 6경주: 보통 · 라인 3개 · 페어 [[1, 9], [5, 2], [8, 3]]
[각질편성] 삿포로 7경주: 선행0·선입0·추입0 → 🐌 느린 페이스
[각질편성] 삿포로 6경주: 선행0·선입0·추입0 → 🐌 느린 페이스
[각질편성] 삿포로 6경주: 선행0·선입0·추입0 → 🐌 느린 페이스
[3종 수집] 오다와라 6경주: {'quinella': 36, 'exacta': 72, 'trio': 0, 'win': 0} (history 12)
[3종 수집] 기후 6경주: {'quinella': 15, 'exacta': 30, 'trio': 0, 'win': 0} (history 6)
[각질편성] 기후 6경주: 선행1·선입0·추입5 → 🐌 느린 페이스
[경륜전개] 기후 6경주: 슬로우(단독 선행) · 라인 2개 · 페어 [[1, 2]]
[경륜 추천 개수] 6명 → 메인 2개(상한 2) · 복병 이동 1개
[자동분석·배경] 기후 6경주: 마감 428초 전 재분석(rec_history 누적·cycle)
[각질편성] 기후 6경주: 선행1·선입0·추입5 → 🐌 느린 페이스
[경륜전개] 기후 6경주: 슬로우(단독 선행) · 라인 2개 · 페어 [[1, 2]]
[경륜 추천 개수] 6명 → 메인 2개(상한 2) · 복병 이동 1개
[카카오알림] 기후 6경주 T-7 → 큐 적재
[각질편성] 삿포로 6경주: 선행0·선입0·추입0 → 🐌 느린 페이스
[복승불일치 축교정] 아오모리 4경주: 축 [1, 4]로 교정(자금이탈 강등 [7]·🔴🔴)
[복승불일치 축교정] 아오모리 5경주: 축 [1, 3]로 교정(자금이탈 강등 [6]·🔴)
[결과기록] 캐시 갱신 — 재파싱 2건 / 전체 1679건
[placeholder 필터] 호후 6경주 쌍승 껍데기 배당 3조합 제외(값: [300.2])
[복승불일치 축교정] 호후 6경주: 축 [1, 5]로 교정(자금이탈 강등 [7]·🔴)
[placeholder 필터] 아오모리 7경주 쌍승 껍데기 배당 3조합 제외(값: [1703.0])
[복승불일치 축교정] 호후 7경주: 축 [2, 5]로 교정(자금이탈 강등 [1]·🔴🔴)
[복승불일치 축교정] 사세보 2경주: 축 [2, 7]로 교정(자금이탈 강등 [1]·🔴🔴)
[복승불일치 축교정] 기후 2경주: 축 [3, 4]로 교정(자금이탈 강등 [6]·🔴🔴)
[복승불일치 축교정] 사세보 3경주: 축 [1, 5]로 교정(자금이탈 강등 [7]·🔴🔴)
[복승불일치 축교정] 오다와라 3경주: 축 [3, 9]로 교정(자금이탈 강등 [1]·🔴)
[복승불일치 축교정] 기후 3경주: 축 [5, 7]로 교정(자금이탈 강등 [4]·🔴🔴)
[복승불일치 축교정] 사세보 4경주: 축 [1, 4]로 교정(자금이탈 강등 [7]·🔴🔴)
[placeholder 필터] 오다와라 4경주 쌍승 껍데기 배당 4조합 제외(값: [859.9])
[복승불일치 축교정] 기후 4경주: 축 [1, 4]로 교정(자금이탈 강등 [2]·🔴🔴)
[각질편성] 오다와라 5경주: 선행3·선입0·추입6 → ⚡ 빠른 페이스
[경륜전개] 오다와라 5경주: 슬로우(단독 선행) · 라인 3개 · 페어 [[2, 5], [1, 8], [3, 7]]
[각질편성] 기후 5경주: 선행2·선입0·추입5 → 보통 페이스
[경륜전개] 기후 5경주: 보통 · 라인 2개 · 페어 [[1, 5], [3, 7]]
[각질편성] 사세보 6경주: 선행3·선입0·추입3 → ⚡ 빠른 페이스
[경륜전개] 사세보 6경주: 보통 · 라인 3개 · 페어 [[4, 2], [1, 5]]
[각질편성] 삿포로 6경주: 선행0·선입0·추입0 → 🐌 느린 페이스
[각질편성] 오다와라 6경주: 선행3·선입0·추입6 → ⚡ 빠른 페이스
[경륜전개] 오다와라 6경주: 보통 · 라인 3개 · 페어 [[1, 9], [5, 2], [8, 3]]
[각질편성] 기후 6경주: 선행1·선입0·추입5 → 🐌 느린 페이스
[경륜전개] 기후 6경주: 슬로우(단독 선행) · 라인 2개 · 페어 [[1, 2]]
[경륜 추천 개수] 6명 → 메인 2개(상한 2) · 복병 이동 1개
[각질편성] 삿포로 6경주: 선행0·선입0·추입0 → 🐌 느린 페이스
[각질편성] 삿포로 7경주: 선행0·선입0·추입0 → 🐌 느린 페이스
[각질편성] 삿포로 7경주: 선행0·선입0·추입0 → 🐌 느린 페이스
[각질편성] 삿포로 7경주: 선행0·선입0·추입0 → 🐌 느린 페이스
[한국 전적] 삿포로 7경주: 11두 저장(PDF, 전적 11두)
[각질편성] 삿포로 7경주: 선행0·선입0·추입0 → 🐌 느린 페이스
[한국이력 검역] 거부 — 파일=부산 7R / 본문 raceKey=삿포로 7경주 (경마장 불일치)
[각질편성] 삿포로 6경주: 선행0·선입0·추입0 → 🐌 느린 페이스
[각질편성] 삿포로 6경주: 선행0·선입0·추입0 → 🐌 느린 페이스
[3종 수집] 기후 6경주: {'quinella': 15, 'exacta': 30, 'trio': 0, 'win': 0} (history 7)
[각질편성] 기후 6경주: 선행1·선입0·추입5 → 🐌 느린 페이스
[경륜전개] 기후 6경주: 슬로우(단독 선행) · 라인 2개 · 페어 [[1, 2]]
[경륜 추천 개수] 6명 → 메인 2개(상한 2) · 복병 이동 1개
[자동분석·배경] 기후 6경주: 마감 395초 전 재분석(rec_history 누적·cycle)
[3종 수집] 삿포로 7경주: {'quinella': 66, 'exacta': 0, 'trio': 220, 'win': 0} (history 2)
[JRA수집] 1경주 수집 · 0경주 생략(확장 우선) · 0.25초 · 다음 60초 · 🔬관찰모드
[각질편성] 삿포로 6경주: 선행0·선입0·추입0 → 🐌 느린 페이스
[복승불일치 축교정] 아오모리 4경주: 축 [1, 4]로 교정(자금이탈 강등 [7]·🔴🔴)
[복승불일치 축교정] 아오모리 5경주: 축 [1, 3]로 교정(자금이탈 강등 [6]·🔴)
[placeholder 필터] 호후 6경주 쌍승 껍데기 배당 3조합 제외(값: [300.2])
[복승불일치 축교정] 호후 6경주: 축 [1, 5]로 교정(자금이탈 강등 [7]·🔴)
[placeholder 필터] 아오모리 7경주 쌍승 껍데기 배당 3조합 제외(값: [1703.0])
[복승불일치 축교정] 호후 7경주: 축 [2, 5]로 교정(자금이탈 강등 [1]·🔴🔴)
[복승불일치 축교정] 사세보 2경주: 축 [2, 7]로 교정(자금이탈 강등 [1]·🔴🔴)
[복승불일치 축교정] 기후 2경주: 축 [3, 4]로 교정(자금이탈 강등 [6]·🔴🔴)
[복승불일치 축교정] 사세보 3경주: 축 [1, 5]로 교정(자금이탈 강등 [7]·🔴🔴)
[복승불일치 축교정] 오다와라 3경주: 축 [3, 9]로 교정(자금이탈 강등 [1]·🔴)
[복승불일치 축교정] 기후 3경주: 축 [5, 7]로 교정(자금이탈 강등 [4]·🔴🔴)
[복승불일치 축교정] 사세보 4경주: 축 [1, 4]로 교정(자금이탈 강등 [7]·🔴🔴)
[placeholder 필터] 오다와라 4경주 쌍승 껍데기 배당 4조합 제외(값: [859.9])
[복승불일치 축교정] 기후 4경주: 축 [1, 4]로 교정(자금이탈 강등 [2]·🔴🔴)
[각질편성] 오다와라 5경주: 선행3·선입0·추입6 → ⚡ 빠른 페이스
[경륜전개] 오다와라 5경주: 슬로우(단독 선행) · 라인 3개 · 페어 [[2, 5], [1, 8], [3, 7]]
[각질편성] 기후 5경주: 선행2·선입0·추입5 → 보통 페이스
[경륜전개] 기후 5경주: 보통 · 라인 2개 · 페어 [[1, 5], [3, 7]]
[각질편성] 사세보 6경주: 선행3·선입0·추입3 → ⚡ 빠른 페이스
[경륜전개] 사세보 6경주: 보통 · 라인 3개 · 페어 [[4, 2], [1, 5]]
[각질편성] 오다와라 6경주: 선행3·선입0·추입6 → ⚡ 빠른 페이스
[각질편성] 삿포로 6경주: 선행0·선입0·추입0 → 🐌 느린 페이스
[경륜전개] 오다와라 6경주: 보통 · 라인 3개 · 페어 [[1, 9], [5, 2], [8, 3]]
[각질편성] 기후 6경주: 선행1·선입0·추입5 → 🐌 느린 페이스
[경륜전개] 기후 6경주: 슬로우(단독 선행) · 라인 2개 · 페어 [[1, 2]]
[경륜 추천 개수] 6명 → 메인 2개(상한 2) · 복병 이동 1개
[각질편성] 삿포로 6경주: 선행0·선입0·추입0 → 🐌 느린 페이스
[각질편성] 삿포로 7경주: 선행0·선입0·추입0 → 🐌 느린 페이스
[각질편성] 삿포로 7경주: 선행0·선입0·추입0 → 🐌 느린 페이스
[각질편성] 삿포로 7경주: 선행0·선입0·추입0 → 🐌 느린 페이스
[한국 전적] 삿포로 7경주: 11두 저장(PDF, 전적 11두)
[각질편성] 삿포로 7경주: 선행0·선입0·추입0 → 🐌 느린 페이스
[한국이력 검역] 거부 — 파일=부산 7R / 본문 raceKey=삿포로 7경주 (경마장 불일치)
[각질편성] 삿포로 6경주: 선행0·선입0·추입0 → 🐌 느린 페이스
[각질편성] 삿포로 7경주: 선행0·선입0·추입0 → 🐌 느린 페이스
[각질편성] 삿포로 7경주: 선행0·선입0·추입0 → 🐌 느린 페이스
[각질편성] 삿포로 7경주: 선행0·선입0·추입0 → 🐌 느린 페이스
[각질편성] 삿포로 7경주: 선행0·선입0·추입0 → 🐌 느린 페이스
[분석로그] 저장 실패: [WinError 32] 다른 프로세스가 파일을 사용 중이기 때문에 프로세스가 액세스 할 수 없습니다: 'C:\\Users\\Administrator\\Desktop\\경마분석서버\\data\\analysis_log\\2026_08_01_삿포로_7경주.json.tmp' -> 'C:\\Users\\Administrator\\Desktop\\경마분석서버\\data\\analysis_log\\2026_08_01_삿포로_7경주.json'
[분석로그] 저장 실패: [WinError 32] 다른 프로세스가 파일을 사용 중이기 때문에 프로세스가 액세스 할 수 없습니다: 'C:\\Users\\Administrator\\Desktop\\경마분석서버\\data\\analysis_log\\2026_08_01_삿포로_7경주.json.tmp' -> 'C:\\Users\\Administrator\\Desktop\\경마분석서버\\data\\analysis_log\\2026_08_01_삿포로_7경주.json'
[각질편성] 삿포로 6경주: 선행0·선입0·추입0 → 🐌 느린 페이스
[각질편성] 삿포로 6경주: 선행0·선입0·추입0 → 🐌 느린 페이스
[3종 수집] 기후 6경주: {'quinella': 15, 'exacta': 30, 'trio': 0, 'win': 0} (history 8)
[각질편성] 기후 6경주: 선행1·선입0·추입5 → 🐌 느린 페이스
[경륜전개] 기후 6경주: 슬로우(단독 선행) · 라인 2개 · 페어 [[1, 2]]
[경륜 추천 개수] 6명 → 메인 2개(상한 2) · 복병 이동 1개
[자동분석·배경] 기후 6경주: 마감 363초 전 재분석(rec_history 누적·cycle)
[각질편성] 오다와라 6경주: 선행3·선입0·추입6 → ⚡ 빠른 페이스
[경륜전개] 오다와라 6경주: 보통 · 라인 3개 · 페어 [[1, 9], [5, 2], [8, 3]]
[각질편성] 삿포로 6경주: 선행0·선입0·추입0 → 🐌 느린 페이스
[복승불일치 축교정] 아오모리 4경주: 축 [1, 4]로 교정(자금이탈 강등 [7]·🔴🔴)
[복승불일치 축교정] 아오모리 5경주: 축 [1, 3]로 교정(자금이탈 강등 [6]·🔴)
[결과기록] 캐시 갱신 — 재파싱 2건 / 전체 1679건
[placeholder 필터] 호후 6경주 쌍승 껍데기 배당 3조합 제외(값: [300.2])
[복승불일치 축교정] 호후 6경주: 축 [1, 5]로 교정(자금이탈 강등 [7]·🔴)
[placeholder 필터] 아오모리 7경주 쌍승 껍데기 배당 3조합 제외(값: [1703.0])
[복승불일치 축교정] 호후 7경주: 축 [2, 5]로 교정(자금이탈 강등 [1]·🔴🔴)
[복승불일치 축교정] 사세보 2경주: 축 [2, 7]로 교정(자금이탈 강등 [1]·🔴🔴)
[복승불일치 축교정] 기후 2경주: 축 [3, 4]로 교정(자금이탈 강등 [6]·🔴🔴)
[복승불일치 축교정] 사세보 3경주: 축 [1, 5]로 교정(자금이탈 강등 [7]·🔴🔴)
[복승불일치 축교정] 오다와라 3경주: 축 [3, 9]로 교정(자금이탈 강등 [1]·🔴)
[복승불일치 축교정] 기후 3경주: 축 [5, 7]로 교정(자금이탈 강등 [4]·🔴🔴)
[복승불일치 축교정] 사세보 4경주: 축 [1, 4]로 교정(자금이탈 강등 [7]·🔴🔴)
[placeholder 필터] 오다와라 4경주 쌍승 껍데기 배당 4조합 제외(값: [859.9])
[복승불일치 축교정] 기후 4경주: 축 [1, 4]로 교정(자금이탈 강등 [2]·🔴🔴)
[각질편성] 오다와라 5경주: 선행3·선입0·추입6 → ⚡ 빠른 페이스
[경륜전개] 오다와라 5경주: 슬로우(단독 선행) · 라인 3개 · 페어 [[2, 5], [1, 8], [3, 7]]
[각질편성] 기후 5경주: 선행2·선입0·추입5 → 보통 페이스
[경륜전개] 기후 5경주: 보통 · 라인 2개 · 페어 [[1, 5], [3, 7]]
[각질편성] 사세보 6경주: 선행3·선입0·추입3 → ⚡ 빠른 페이스
[경륜전개] 사세보 6경주: 보통 · 라인 3개 · 페어 [[4, 2], [1, 5]]
[각질편성] 오다와라 6경주: 선행3·선입0·추입6 → ⚡ 빠른 페이스
[경륜전개] 오다와라 6경주: 보통 · 라인 3개 · 페어 [[1, 9], [5, 2], [8, 3]]
[각질편성] 삿포로 6경주: 선행0·선입0·추입0 → 🐌 느린 페이스
[각질편성] 기후 6경주: 선행1·선입0·추입5 → 🐌 느린 페이스
[경륜전개] 기후 6경주: 슬로우(단독 선행) · 라인 2개 · 페어 [[1, 2]]
[경륜 추천 개수] 6명 → 메인 2개(상한 2) · 복병 이동 1개
[각질편성] 삿포로 6경주: 선행0·선입0·추입0 → 🐌 느린 페이스
[각질편성] 삿포로 7경주: 선행0·선입0·추입0 → 🐌 느린 페이스
[각질편성] 삿포로 7경주: 선행0·선입0·추입0 → 🐌 느린 페이스
[각질편성] 삿포로 7경주: 선행0·선입0·추입0 → 🐌 느린 페이스
[한국 전적] 삿포로 7경주: 11두 저장(PDF, 전적 11두)
[각질편성] 삿포로 7경주: 선행0·선입0·추입0 → 🐌 느린 페이스
[한국이력 검역] 거부 — 파일=부산 7R / 본문 raceKey=삿포로 7경주 (경마장 불일치)
[각질편성] 삿포로 7경주: 선행0·선입0·추입0 → 🐌 느린 페이스
[각질편성] 삿포로 7경주: 선행0·선입0·추입0 → 🐌 느린 페이스
[각질편성] 삿포로 6경주: 선행0·선입0·추입0 → 🐌 느린 페이스
[3종 수집] 삿포로 7경주: {'quinella': 66, 'exacta': 0, 'trio': 220, 'win': 0} (history 3)
[JRA수집] 1경주 수집 · 0경주 생략(확장 우선) · 0.31초 · 다음 60초 · 🔬관찰모드
[각질편성] 삿포로 6경주: 선행0·선입0·추입0 → 🐌 느린 페이스
[각질편성] 삿포로 7경주: 선행0·선입0·추입0 → 🐌 느린 페이스
[각질편성] 삿포로 7경주: 선행0·선입0·추입0 → 🐌 느린 페이스
[3종 수집] 기후 6경주: {'quinella': 15, 'exacta': 30, 'trio': 0, 'win': 0} (history 9)
[각질편성] 기후 6경주: 선행1·선입0·추입5 → 🐌 느린 페이스
[경륜전개] 기후 6경주: 슬로우(단독 선행) · 라인 2개 · 페어 [[1, 2]]
[경륜 추천 개수] 6명 → 메인 2개(상한 2) · 복병 이동 1개
[자동분석·배경] 기후 6경주: 마감 331초 전 재분석(rec_history 누적·cycle)
[각질편성] 삿포로 7경주: 선행0·선입0·추입0 → 🐌 느린 페이스
[복승불일치 축교정] 아오모리 4경주: 축 [1, 4]로 교정(자금이탈 강등 [7]·🔴🔴)
[복승불일치 축교정] 아오모리 5경주: 축 [1, 3]로 교정(자금이탈 강등 [6]·🔴)
[placeholder 필터] 호후 6경주 쌍승 껍데기 배당 3조합 제외(값: [300.2])
[복승불일치 축교정] 호후 6경주: 축 [1, 5]로 교정(자금이탈 강등 [7]·🔴)
[placeholder 필터] 아오모리 7경주 쌍승 껍데기 배당 3조합 제외(값: [1703.0])
[복승불일치 축교정] 호후 7경주: 축 [2, 5]로 교정(자금이탈 강등 [1]·🔴🔴)
[복승불일치 축교정] 사세보 2경주: 축 [2, 7]로 교정(자금이탈 강등 [1]·🔴🔴)
[복승불일치 축교정] 기후 2경주: 축 [3, 4]로 교정(자금이탈 강등 [6]·🔴🔴)
[복승불일치 축교정] 사세보 3경주: 축 [1, 5]로 교정(자금이탈 강등 [7]·🔴🔴)
[복승불일치 축교정] 오다와라 3경주: 축 [3, 9]로 교정(자금이탈 강등 [1]·🔴)
[복승불일치 축교정] 기후 3경주: 축 [5, 7]로 교정(자금이탈 강등 [4]·🔴🔴)
[복승불일치 축교정] 사세보 4경주: 축 [1, 4]로 교정(자금이탈 강등 [7]·🔴🔴)
[placeholder 필터] 오다와라 4경주 쌍승 껍데기 배당 4조합 제외(값: [859.9])
[복승불일치 축교정] 기후 4경주: 축 [1, 4]로 교정(자금이탈 강등 [2]·🔴🔴)
[각질편성] 오다와라 5경주: 선행3·선입0·추입6 → ⚡ 빠른 페이스
[경륜전개] 오다와라 5경주: 슬로우(단독 선행) · 라인 3개 · 페어 [[2, 5], [1, 8], [3, 7]]
[각질편성] 기후 5경주: 선행2·선입0·추입5 → 보통 페이스
[경륜전개] 기후 5경주: 보통 · 라인 2개 · 페어 [[1, 5], [3, 7]]
[각질편성] 사세보 6경주: 선행3·선입0·추입3 → ⚡ 빠른 페이스
[경륜전개] 사세보 6경주: 보통 · 라인 3개 · 페어 [[4, 2], [1, 5]]
[각질편성] 오다와라 6경주: 선행3·선입0·추입6 → ⚡ 빠른 페이스
[경륜전개] 오다와라 6경주: 보통 · 라인 3개 · 페어 [[1, 9], [5, 2], [8, 3]]
[각질편성] 기후 6경주: 선행1·선입0·추입5 → 🐌 느린 페이스
[경륜전개] 기후 6경주: 슬로우(단독 선행) · 라인 2개 · 페어 [[1, 2]]
[경륜 추천 개수] 6명 → 메인 2개(상한 2) · 복병 이동 1개
[각질편성] 삿포로 6경주: 선행0·선입0·추입0 → 🐌 느린 페이스
[각질편성] 삿포로 6경주: 선행0·선입0·추입0 → 🐌 느린 페이스
[각질편성] 삿포로 7경주: 선행0·선입0·추입0 → 🐌 느린 페이스
[각질편성] 삿포로 7경주: 선행0·선입0·추입0 → 🐌 느린 페이스
[각질편성] 삿포로 7경주: 선행0·선입0·추입0 → 🐌 느린 페이스
[한국 전적] 삿포로 7경주: 11두 저장(PDF, 전적 11두)
[각질편성] 삿포로 7경주: 선행0·선입0·추입0 → 🐌 느린 페이스
[각질편성] 삿포로 7경주: 선행0·선입0·추입0 → 🐌 느린 페이스
[한국이력 검역] 거부 — 파일=부산 7R / 본문 raceKey=삿포로 7경주 (경마장 불일치)
[각질편성] 삿포로 7경주: 선행0·선입0·추입0 → 🐌 느린 페이스
[각질편성] 삿포로 6경주: 선행0·선입0·추입0 → 🐌 느린 페이스
[각질편성] 삿포로 7경주: 선행0·선입0·추입0 → 🐌 느린 페이스
[각질편성] 삿포로 7경주: 선행0·선입0·추입0 → 🐌 느린 페이스
[각질편성] 삿포로 6경주: 선행0·선입0·추입0 → 🐌 느린 페이스
[각질편성] 삿포로 7경주: 선행0·선입0·추입0 → 🐌 느린 페이스
[각질편성] 삿포로 6경주: 선행0·선입0·추입0 → 🐌 느린 페이스
[각질편성] 삿포로 7경주: 선행0·선입0·추입0 → 🐌 느린 페이스
[각질편성] 삿포로 7경주: 선행0·선입0·추입0 → 🐌 느린 페이스
[복승불일치 축교정] 아오모리 4경주: 축 [1, 4]로 교정(자금이탈 강등 [7]·🔴🔴)
[3종 수집] 기후 6경주: {'quinella': 15, 'exacta': 30, 'trio': 0, 'win': 0} (history 10)
[각질편성] 기후 6경주: 선행1·선입0·추입5 → 🐌 느린 페이스
[경륜전개] 기후 6경주: 슬로우(단독 선행) · 라인 2개 · 페어 [[1, 2]]
[경륜 추천 개수] 6명 → 메인 2개(상한 2) · 복병 이동 1개
[자동예상] 기후 6경주 최종예상 저장(2026_08_01_기후_6경주.json)
[각질편성] 기후 6경주: 선행1·선입0·추입5 → 🐌 느린 페이스
[경륜전개] 기후 6경주: 슬로우(단독 선행) · 라인 2개 · 페어 [[1, 2]]
[경륜 추천 개수] 6명 → 메인 2개(상한 2) · 복병 이동 1개
[자동분석·배경] 기후 6경주: 마감 298초 전 재분석(rec_history 누적·cycle)
[각질편성] 기후 6경주: 선행1·선입0·추입5 → 🐌 느린 페이스
[경륜전개] 기후 6경주: 슬로우(단독 선행) · 라인 2개 · 페어 [[1, 2]]
[경륜 추천 개수] 6명 → 메인 2개(상한 2) · 복병 이동 1개
[카카오알림] 기후 6경주 T-5 → 큐 적재
[결과기록] 캐시 갱신 — 재파싱 2건 / 전체 1679건
[복승불일치 축교정] 아오모리 5경주: 축 [1, 3]로 교정(자금이탈 강등 [6]·🔴)
[placeholder 필터] 호후 6경주 쌍승 껍데기 배당 3조합 제외(값: [300.2])
[복승불일치 축교정] 호후 6경주: 축 [1, 5]로 교정(자금이탈 강등 [7]·🔴)
[placeholder 필터] 아오모리 7경주 쌍승 껍데기 배당 3조합 제외(값: [1703.0])
[복승불일치 축교정] 호후 7경주: 축 [2, 5]로 교정(자금이탈 강등 [1]·🔴🔴)
[복승불일치 축교정] 사세보 2경주: 축 [2, 7]로 교정(자금이탈 강등 [1]·🔴🔴)
[복승불일치 축교정] 기후 2경주: 축 [3, 4]로 교정(자금이탈 강등 [6]·🔴🔴)
[복승불일치 축교정] 사세보 3경주: 축 [1, 5]로 교정(자금이탈 강등 [7]·🔴🔴)
[복승불일치 축교정] 오다와라 3경주: 축 [3, 9]로 교정(자금이탈 강등 [1]·🔴)
[복승불일치 축교정] 기후 3경주: 축 [5, 7]로 교정(자금이탈 강등 [4]·🔴🔴)
[복승불일치 축교정] 사세보 4경주: 축 [1, 4]로 교정(자금이탈 강등 [7]·🔴🔴)
[placeholder 필터] 오다와라 4경주 쌍승 껍데기 배당 4조합 제외(값: [859.9])
[각질편성] 삿포로 6경주: 선행0·선입0·추입0 → 🐌 느린 페이스
[복승불일치 축교정] 기후 4경주: 축 [1, 4]로 교정(자금이탈 강등 [2]·🔴🔴)
[각질편성] 오다와라 5경주: 선행3·선입0·추입6 → ⚡ 빠른 페이스
[경륜전개] 오다와라 5경주: 슬로우(단독 선행) · 라인 3개 · 페어 [[2, 5], [1, 8], [3, 7]]
[각질편성] 기후 5경주: 선행2·선입0·추입5 → 보통 페이스
[경륜전개] 기후 5경주: 보통 · 라인 2개 · 페어 [[1, 5], [3, 7]]
[각질편성] 사세보 6경주: 선행3·선입0·추입3 → ⚡ 빠른 페이스
[경륜전개] 사세보 6경주: 보통 · 라인 3개 · 페어 [[4, 2], [1, 5]]
[각질편성] 오다와라 6경주: 선행3·선입0·추입6 → ⚡ 빠른 페이스
[경륜전개] 오다와라 6경주: 보통 · 라인 3개 · 페어 [[1, 9], [5, 2], [8, 3]]
[각질편성] 기후 6경주: 선행1·선입0·추입5 → 🐌 느린 페이스
[경륜전개] 기후 6경주: 슬로우(단독 선행) · 라인 2개 · 페어 [[1, 2]]
[각질편성] 삿포로 7경주: 선행0·선입0·추입0 → 🐌 느린 페이스
[경륜 추천 개수] 6명 → 메인 2개(상한 2) · 복병 이동 1개
[각질편성] 삿포로 7경주: 선행0·선입0·추입0 → 🐌 느린 페이스
[각질편성] 삿포로 6경주: 선행0·선입0·추입0 → 🐌 느린 페이스
[한국 전적] 삿포로 7경주: 11두 저장(PDF, 전적 11두)
[각질편성] 삿포로 7경주: 선행0·선입0·추입0 → 🐌 느린 페이스
[각질편성] 삿포로 7경주: 선행0·선입0·추입0 → 🐌 느린 페이스
[각질편성] 삿포로 7경주: 선행0·선입0·추입0 → 🐌 느린 페이스
[한국이력 검역] 거부 — 파일=부산 7R / 본문 raceKey=삿포로 7경주 (경마장 불일치)
[각질편성] 삿포로 7경주: 선행0·선입0·추입0 → 🐌 느린 페이스
[각질편성] 삿포로 6경주: 선행0·선입0·추입0 → 🐌 느린 페이스
[각질편성] 삿포로 7경주: 선행0·선입0·추입0 → 🐌 느린 페이스
[3종 수집] 삿포로 7경주: {'quinella': 66, 'exacta': 0, 'trio': 220, 'win': 0} (history 4)
[JRA수집] 1경주 수집 · 0경주 생략(확장 우선) · 0.29초 · 다음 60초 · 🔬관찰모드
[각질편성] 삿포로 7경주: 선행0·선입0·추입0 → 🐌 느린 페이스
[각질편성] 삿포로 7경주: 선행0·선입0·추입0 → 🐌 느린 페이스
[스냅샷] 저장: 2026_08_01_삿포로_7경주_T-10.png (753 KB · T-10)
[스냅샷] 저장: 2026_08_01_삿포로_7경주_T-10.png (801 KB · T-10)
[3종 수집] 기후 6경주: {'quinella': 15, 'exacta': 30, 'trio': 0, 'win': 0} (history 11)
[각질편성] 기후 6경주: 선행1·선입0·추입5 → 🐌 느린 페이스
[경륜전개] 기후 6경주: 슬로우(단독 선행) · 라인 2개 · 페어 [[1, 2]]
[경륜 추천 개수] 6명 → 메인 2개(상한 2) · 복병 이동 1개
[자동분석·배경] 기후 6경주: 마감 264초 전 재분석(rec_history 누적·cycle)
[카톡 변경알림·즉시] 기후 6경주 (남은 264s): 삼복승 제외: 1+2+3 · 1+2+6
[각질편성] 삿포로 7경주: 선행0·선입0·추입0 → 🐌 느린 페이스
[각질편성] 삿포로 7경주: 선행0·선입0·추입0 → 🐌 느린 페이스
[각질편성] 삿포로 6경주: 선행0·선입0·추입0 → 🐌 느린 페이스
[복승불일치 축교정] 아오모리 4경주: 축 [1, 4]로 교정(자금이탈 강등 [7]·🔴🔴)
[각질편성] 삿포로 6경주: 선행0·선입0·추입0 → 🐌 느린 페이스
[각질편성] 삿포로 7경주: 선행0·선입0·추입0 → 🐌 느린 페이스
[각질편성] 삿포로 7경주: 선행0·선입0·추입0 → 🐌 느린 페이스
[각질편성] 삿포로 7경주: 선행0·선입0·추입0 → 🐌 느린 페이스
[한국 전적] 삿포로 7경주: 11두 저장(PDF, 전적 11두)
[각질편성] 삿포로 7경주: 선행0·선입0·추입0 → 🐌 느린 페이스
[복승불일치 축교정] 아오모리 5경주: 축 [1, 3]로 교정(자금이탈 강등 [6]·🔴)
[각질편성] 삿포로 7경주: 선행0·선입0·추입0 → 🐌 느린 페이스
[placeholder 필터] 호후 6경주 쌍승 껍데기 배당 3조합 제외(값: [300.2])
[복승불일치 축교정] 호후 6경주: 축 [1, 5]로 교정(자금이탈 강등 [7]·🔴)
[placeholder 필터] 아오모리 7경주 쌍승 껍데기 배당 3조합 제외(값: [1703.0])
[복승불일치 축교정] 호후 7경주: 축 [2, 5]로 교정(자금이탈 강등 [1]·🔴🔴)
[복승불일치 축교정] 사세보 2경주: 축 [2, 7]로 교정(자금이탈 강등 [1]·🔴🔴)
[한국이력 검역] 거부 — 파일=부산 7R / 본문 raceKey=삿포로 7경주 (경마장 불일치)
[복승불일치 축교정] 기후 2경주: 축 [3, 4]로 교정(자금이탈 강등 [6]·🔴🔴)
[각질편성] 삿포로 7경주: 선행0·선입0·추입0 → 🐌 느린 페이스
[복승불일치 축교정] 사세보 3경주: 축 [1, 5]로 교정(자금이탈 강등 [7]·🔴🔴)
[복승불일치 축교정] 오다와라 3경주: 축 [3, 9]로 교정(자금이탈 강등 [1]·🔴)
[복승불일치 축교정] 기후 3경주: 축 [5, 7]로 교정(자금이탈 강등 [4]·🔴🔴)
[복승불일치 축교정] 사세보 4경주: 축 [1, 4]로 교정(자금이탈 강등 [7]·🔴🔴)
[placeholder 필터] 오다와라 4경주 쌍승 껍데기 배당 4조합 제외(값: [859.9])
[복승불일치 축교정] 기후 4경주: 축 [1, 4]로 교정(자금이탈 강등 [2]·🔴🔴)
[각질편성] 오다와라 5경주: 선행3·선입0·추입6 → ⚡ 빠른 페이스
[경륜전개] 오다와라 5경주: 슬로우(단독 선행) · 라인 3개 · 페어 [[2, 5], [1, 8], [3, 7]]
[각질편성] 기후 5경주: 선행2·선입0·추입5 → 보통 페이스
[경륜전개] 기후 5경주: 보통 · 라인 2개 · 페어 [[1, 5], [3, 7]]
[각질편성] 사세보 6경주: 선행3·선입0·추입3 → ⚡ 빠른 페이스
[경륜전개] 사세보 6경주: 보통 · 라인 3개 · 페어 [[4, 2], [1, 5]]
[각질편성] 오다와라 6경주: 선행3·선입0·추입6 → ⚡ 빠른 페이스
[경륜전개] 오다와라 6경주: 보통 · 라인 3개 · 페어 [[1, 9], [5, 2], [8, 3]]
[각질편성] 기후 6경주: 선행1·선입0·추입5 → 🐌 느린 페이스
[경륜전개] 기후 6경주: 슬로우(단독 선행) · 라인 2개 · 페어 [[1, 2]]
[경륜 추천 개수] 6명 → 메인 2개(상한 2) · 복병 이동 1개
[각질편성] 삿포로 6경주: 선행0·선입0·추입0 → 🐌 느린 페이스
[각질편성] 삿포로 7경주: 선행0·선입0·추입0 → 🐌 느린 페이스
[각질편성] 삿포로 7경주: 선행0·선입0·추입0 → 🐌 느린 페이스
[각질편성] 삿포로 7경주: 선행0·선입0·추입0 → 🐌 느린 페이스
[분석로그] 저장 실패: [WinError 32] 다른 프로세스가 파일을 사용 중이기 때문에 프로세스가 액세스 할 수 없습니다: 'C:\\Users\\Administrator\\Desktop\\경마분석서버\\data\\analysis_log\\2026_08_01_삿포로_7경주.json.tmp' -> 'C:\\Users\\Administrator\\Desktop\\경마분석서버\\data\\analysis_log\\2026_08_01_삿포로_7경주.json'
[활성정리] 끝난 경주 1건 제거(히스토리 보존): 오다와라 5경주
[3종 수집] 기후 6경주: {'quinella': 15, 'exacta': 30, 'trio': 0, 'win': 0} (history 12)
[각질편성] 기후 6경주: 선행1·선입0·추입5 → 🐌 느린 페이스
[경륜전개] 기후 6경주: 슬로우(단독 선행) · 라인 2개 · 페어 [[1, 2]]
[경륜 추천 개수] 6명 → 메인 2개(상한 2) · 복병 이동 1개
[자동분석·배경] 기후 6경주: 마감 232초 전 재분석(rec_history 누적·cycle)
[각질편성] 삿포로 7경주: 선행0·선입0·추입0 → 🐌 느린 페이스
[각질편성] 삿포로 7경주: 선행0·선입0·추입0 → 🐌 느린 페이스
[각질편성] 삿포로 7경주: 선행0·선입0·추입0 → 🐌 느린 페이스
[3종 수집] 삿포로 7경주: {'quinella': 66, 'exacta': 0, 'trio': 220, 'win': 0} (history 5)
[JRA수집] 1경주 수집 · 0경주 생략(확장 우선) · 0.19초 · 다음 60초 · 🔬관찰모드
[각질편성] 삿포로 7경주: 선행0·선입0·추입0 → 🐌 느린 페이스
🔴 [joCode 미등록] 삿포로 — 결과 백필·경주 흐름 수집이 **통째로 스킵**됩니다. RaceKekka.do 를 joCode 01~89 로 조회해 <title>의 ○○競輪 로 확정 후 KEIRIN_JO 에 추가하십시오.
📊 [채점] 사세보 6경주: Gemini 2/3 ↔ 시장 2/3 · 놓침 [6]
📝 [복기] 사세보 6경주: 6번 선행형의 오랜 공백 후 복귀로 인한 컨디션 미지수를 너무 과대평가하여 제외했으나, 실 → 규칙(3): 오랜 공백 후 복귀하는 선행형 말의 컨디션 미지수 판단 시, 경주 전개상 선행을 주도할 가능성이 높은 경우 
[각질편성] 사세보 6경주: 선행3·선입0·추입3 → ⚡ 빠른 페이스
[경륜전개] 사세보 6경주: 보통 · 라인 3개 · 페어 [[4, 2], [1, 5]]
[신호별학습] 사세보 6경주 · 활성신호 ['급락', '전적이중수렴'] · 유력마적중 복승=True 삼복승=True
[결과 수정] 사세보 6경주: 기존 레코드 교체(재입력)
[다중경주] 하트비트 #31 · 스케줄 ymd=20260801 (-1초 전 갱신 · 트랙 12개)
[복병케이스] 사세보 6경주: 복병 5두 저장(입상 3)
[각질편성] 사세보 6경주: 선행3·선입0·추입3 → ⚡ 빠른 페이스
[경륜전개] 사세보 6경주: 보통 · 라인 3개 · 페어 [[4, 2], [1, 5]]
[readonly 잠금] 사세보 6경주: 마감 확정 파일 — corePicks/시계열 보존, result/hit만 업데이트 허용
[마감 동결] 사세보 6경주: 확정본 복원(출처 closed_row · 기준 12:54:31)
[3종 수집] 기후 6경주: {'quinella': 15, 'exacta': 30, 'trio': 0, 'win': 0} (history 12)
[각질편성] 기후 6경주: 선행1·선입0·추입5 → 🐌 느린 페이스
[경륜전개] 기후 6경주: 슬로우(단독 선행) · 라인 2개 · 페어 [[1, 2]]
[경륜 추천 개수] 6명 → 메인 2개(상한 2) · 복병 이동 1개
[자동분석·배경] 기후 6경주: 마감 200초 전 재분석(rec_history 누적·cycle)
[패턴발견] 결과 1536경주 스캔 → 발견 패턴 10개(기준 적중률 35.5%)
[자동학습] 사세보 6경주 결과 [2, 4, 6] → 추천적중 True, 급락적중 False, 전적유력마 1(실패), 제거적중 False
📊 [채점] 기후 5경주: Gemini 1/3 ↔ 시장 2/3 · 놓침 [6, 3]
[각질편성] 삿포로 7경주: 선행0·선입0·추입0 → 🐌 느린 페이스
[각질편성] 삿포로 7경주: 선행0·선입0·추입0 → 🐌 느린 페이스
📝 [복기] 기후 5경주: 6번은 직전 경주 낙차 후 복귀했음에도 이전 대회에서 상위권 성적을 기록한 점을 간과했습니 → 규칙(4): 직전 낙차 경력이 있는 말은 이전 대회 성적과 회복력을 함께 평가한다. 선행마의 내부 경쟁 시 무더위 등 환
[각질편성] 기후 5경주: 선행2·선입0·추입5 → 보통 페이스
[경륜전개] 기후 5경주: 보통 · 라인 2개 · 페어 [[1, 5], [3, 7]]
[보조조합 적중] 기후 5경주 · 1+3+6 (삼복승 메인) — 승격 후보 표본 누적
[신호별학습] 기후 5경주 · 활성신호 ['급락', '전적이중수렴'] · 유력마적중 복승=True 삼복승=False
[결과 수정] 기후 5경주: 기존 레코드 교체(재입력)
[복병케이스] 기후 5경주: 복병 4두 저장(입상 1)
[각질편성] 기후 5경주: 선행2·선입0·추입5 → 보통 페이스
[경륜전개] 기후 5경주: 보통 · 라인 2개 · 페어 [[1, 5], [3, 7]]
[readonly 잠금] 기후 5경주: 마감 확정 파일 — corePicks/시계열 보존, result/hit만 업데이트 허용
[마감 동결] 기후 5경주: 확정본 복원(출처 closed_row · 기준 12:45:32)
[각질편성] 삿포로 6경주: 선행0·선입0·추입0 → 🐌 느린 페이스
[각질편성] 삿포로 7경주: 선행0·선입0·추입0 → 🐌 느린 페이스
[복승불일치 축교정] 아오모리 4경주: 축 [1, 4]로 교정(자금이탈 강등 [7]·🔴🔴)
[각질편성] 삿포로 7경주: 선행0·선입0·추입0 → 🐌 느린 페이스
[각질편성] 삿포로 6경주: 선행0·선입0·추입0 → 🐌 느린 페이스
[각질편성] 삿포로 7경주: 선행0·선입0·추입0 → 🐌 느린 페이스
[각질편성] 삿포로 7경주: 선행0·선입0·추입0 → 🐌 느린 페이스
[한국 전적] 삿포로 7경주: 11두 저장(PDF, 전적 11두)
[각질편성] 삿포로 7경주: 선행0·선입0·추입0 → 🐌 느린 페이스
[분석로그] 저장 실패: [WinError 2] 지정된 파일을 찾을 수 없습니다: 'C:\\Users\\Administrator\\Desktop\\경마분석서버\\data\\analysis_log\\2026_08_01_삿포로_7경주.json.tmp' -> 'C:\\Users\\Administrator\\Desktop\\경마분석서버\\data\\analysis_log\\2026_08_01_삿포로_7경주.json'
[결과기록] 캐시 갱신 — 재파싱 4건 / 전체 1679건
[한국이력 검역] 거부 — 파일=부산 7R / 본문 raceKey=삿포로 7경주 (경마장 불일치)
[복승불일치 축교정] 아오모리 5경주: 축 [1, 3]로 교정(자금이탈 강등 [6]·🔴)
[placeholder 필터] 호후 6경주 쌍승 껍데기 배당 3조합 제외(값: [300.2])
[복승불일치 축교정] 호후 6경주: 축 [1, 5]로 교정(자금이탈 강등 [7]·🔴)
[각질편성] 삿포로 7경주: 선행0·선입0·추입0 → 🐌 느린 페이스
[각질편성] 삿포로 7경주: 선행0·선입0·추입0 → 🐌 느린 페이스
[placeholder 필터] 아오모리 7경주 쌍승 껍데기 배당 3조합 제외(값: [1703.0])
[복승불일치 축교정] 호후 7경주: 축 [2, 5]로 교정(자금이탈 강등 [1]·🔴🔴)
[복승불일치 축교정] 사세보 2경주: 축 [2, 7]로 교정(자금이탈 강등 [1]·🔴🔴)
[복승불일치 축교정] 기후 2경주: 축 [3, 4]로 교정(자금이탈 강등 [6]·🔴🔴)
[복승불일치 축교정] 사세보 3경주: 축 [1, 5]로 교정(자금이탈 강등 [7]·🔴🔴)
[복승불일치 축교정] 오다와라 3경주: 축 [3, 9]로 교정(자금이탈 강등 [1]·🔴)
[복승불일치 축교정] 기후 3경주: 축 [5, 7]로 교정(자금이탈 강등 [4]·🔴🔴)
[복승불일치 축교정] 사세보 4경주: 축 [1, 4]로 교정(자금이탈 강등 [7]·🔴🔴)
[placeholder 필터] 오다와라 4경주 쌍승 껍데기 배당 4조합 제외(값: [859.9])
[복승불일치 축교정] 기후 4경주: 축 [1, 4]로 교정(자금이탈 강등 [2]·🔴🔴)
[각질편성] 오다와라 5경주: 선행3·선입0·추입6 → ⚡ 빠른 페이스
[경륜전개] 오다와라 5경주: 슬로우(단독 선행) · 라인 3개 · 페어 [[2, 5], [1, 8], [3, 7]]
[각질편성] 기후 5경주: 선행2·선입0·추입5 → 보통 페이스
[경륜전개] 기후 5경주: 보통 · 라인 2개 · 페어 [[1, 5], [3, 7]]
[각질편성] 사세보 6경주: 선행3·선입0·추입3 → ⚡ 빠른 페이스
[경륜전개] 사세보 6경주: 보통 · 라인 3개 · 페어 [[4, 2], [1, 5]]
[각질편성] 오다와라 6경주: 선행3·선입0·추입6 → ⚡ 빠른 페이스
[경륜전개] 오다와라 6경주: 보통 · 라인 3개 · 페어 [[1, 9], [5, 2], [8, 3]]
[각질편성] 기후 6경주: 선행1·선입0·추입5 → 🐌 느린 페이스
[경륜전개] 기후 6경주: 슬로우(단독 선행) · 라인 2개 · 페어 [[1, 2]]
[경륜 추천 개수] 6명 → 메인 2개(상한 2) · 복병 이동 1개
[각질편성] 삿포로 6경주: 선행0·선입0·추입0 → 🐌 느린 페이스
[각질편성] 삿포로 7경주: 선행0·선입0·추입0 → 🐌 느린 페이스
[각질편성] 삿포로 6경주: 선행0·선입0·추입0 → 🐌 느린 페이스
[패턴발견] 결과 1537경주 스캔 → 발견 패턴 10개(기준 적중률 35.5%)
[자동학습] 기후 5경주 결과 [1, 6, 3] → 추천적중 False, 급락적중 False, 전적유력마 1(적중), 제거적중 False
📊 [채점] 오다와라 5경주: Gemini 1/3 ↔ 시장 1/3 · 놓침 [7, 9]
[각질편성] 삿포로 7경주: 선행0·선입0·추입0 → 🐌 느린 페이스
📝 [복기] 오다와라 5경주: 2번 청양의 선행 의지가 예상보다 약했고, 1번 시마카와가 선행 주도권을 잡지 못했다. 추 → 규칙(4): 선행마들의 최근 컨디션과 경주 흐름 장악 능력을 더욱 면밀히 분석하고, 추입마들의 최근 연대 및 기세를 예측
[각질편성] 오다와라 5경주: 선행3·선입0·추입6 → ⚡ 빠른 페이스
[일본전개] 오다와라 5경주: 하이페이스 선행3 · 유력5·복병0
[데이터백업] ✅ GitHub 반영: 결과 자동백업: 사세보 6경주 2-4-6
[신호별학습] 오다와라 5경주 · 활성신호 ['급락', '전적이중수렴'] · 유력마적중 복승=False 삼복승=False
[결과 수정] 오다와라 5경주: 기존 레코드 교체(재입력)
[복병케이스] 오다와라 5경주: 복병 5두 저장(입상 1)
[각질편성] 오다와라 5경주: 선행3·선입0·추입6 → ⚡ 빠른 페이스
[일본전개] 오다와라 5경주: 하이페이스 선행3 · 유력5·복병0
[readonly 잠금] 오다와라 5경주: 마감 확정 파일 — corePicks/시계열 보존, result/hit만 업데이트 허용
[마감 동결] 오다와라 5경주: 확정본 복원(출처 closed_row · 기준 12:36:09)
[패턴발견] 결과 1538경주 스캔 → 발견 패턴 10개(기준 적중률 35.4%)
[자동학습] 오다와라 5경주 결과 [7, 3, 9] → 추천적중 False, 급락적중 False, 전적유력마 1(실패), 제거적중 False
🔴 [joCode 미등록] 중경 — 결과 백필·경주 흐름 수집이 **통째로 스킵**됩니다. RaceKekka.do 를 joCode 01~89 로 조회해 <title>의 ○○競輪 로 확정 후 KEIRIN_JO 에 추가하십시오.
[경륜 결과 백필] 2026-08-01: 시도 5 · 성공 3 · 실패 2
  ↳ 실패: 기후 6경주 - 결과 미게시/파싱 실패
  ↳ 실패: 오다와라 6경주 - 결과 미게시/파싱 실패
[각질편성] 삿포로 6경주: 선행0·선입0·추입0 → 🐌 느린 페이스
[각질편성] 삿포로 7경주: 선행0·선입0·추입0 → 🐌 느린 페이스
[각질편성] 삿포로 7경주: 선행0·선입0·추입0 → 🐌 느린 페이스
[한국 전적] 삿포로 7경주: 11두 저장(PDF, 전적 11두)
[각질편성] 삿포로 7경주: 선행0·선입0·추입0 → 🐌 느린 페이스
[3종 수집] 기후 6경주: {'quinella': 15, 'exacta': 30, 'trio': 0, 'win': 0} (history 12)
[각질편성] 기후 6경주: 선행1·선입0·추입5 → 🐌 느린 페이스
[경륜전개] 기후 6경주: 슬로우(단독 선행) · 라인 2개 · 페어 [[1, 2]]
[각질편성] 삿포로 7경주: 선행0·선입0·추입0 → 🐌 느린 페이스
[각질편성] 삿포로 7경주: 선행0·선입0·추입0 → 🐌 느린 페이스
[T-2분 왕축 동결] 기후 6경주: [1, 2] → [1, 2] 유지(cur_mb=2)
[경륜 추천 개수] 6명 → 메인 2개(상한 2) · 복병 이동 1개
[자동분석·배경] 기후 6경주: 마감 168초 전 재분석(rec_history 누적·cycle)
[한국이력 검역] 거부 — 파일=부산 7R / 본문 raceKey=삿포로 7경주 (경마장 불일치)
[각질편성] 삿포로 6경주: 선행0·선입0·추입0 → 🐌 느린 페이스
[데이터백업] ✅ GitHub 반영: 결과 자동백업: 기후 5경주 1-6-3
[각질편성] 삿포로 7경주: 선행0·선입0·추입0 → 🐌 느린 페이스
[각질편성] 삿포로 7경주: 선행0·선입0·추입0 → 🐌 느린 페이스
[3종 수집] 삿포로 7경주: {'quinella': 66, 'exacta': 0, 'trio': 220, 'win': 0} (history 6)
[JRA수집] 1경주 수집 · 0경주 생략(확장 우선) · 0.23초 · 다음 60초 · 🔬관찰모드
[각질편성] 삿포로 6경주: 선행0·선입0·추입0 → 🐌 느린 페이스
[각질편성] 삿포로 7경주: 선행0·선입0·추입0 → 🐌 느린 페이스
[각질편성] 삿포로 7경주: 선행0·선입0·추입0 → 🐌 느린 페이스
[각질편성] 삿포로 7경주: 선행0·선입0·추입0 → 🐌 느린 페이스
[3종 수집] 기후 6경주: {'quinella': 15, 'exacta': 30, 'trio': 0, 'win': 0} (history 12)
[각질편성] 기후 6경주: 선행1·선입0·추입5 → 🐌 느린 페이스
[경륜전개] 기후 6경주: 슬로우(단독 선행) · 라인 2개 · 페어 [[1, 2]]
[T-2분 왕축 동결] 기후 6경주: [1, 2] → [1, 2] 유지(cur_mb=2)
[경륜 추천 개수] 6명 → 메인 2개(상한 2) · 복병 이동 1개
[자동분석·배경] 기후 6경주: 마감 136초 전 재분석(rec_history 누적·cycle)
[각질편성] 삿포로 6경주: 선행0·선입0·추입0 → 🐌 느린 페이스
[각질편성] 삿포로 7경주: 선행0·선입0·추입0 → 🐌 느린 페이스
[각질편성] 삿포로 6경주: 선행0·선입0·추입0 → 🐌 느린 페이스
[복승불일치 축교정] 아오모리 4경주: 축 [1, 4]로 교정(자금이탈 강등 [7]·🔴🔴)
[각질편성] 삿포로 7경주: 선행0·선입0·추입0 → 🐌 느린 페이스
[각질편성] 삿포로 7경주: 선행0·선입0·추입0 → 🐌 느린 페이스
[각질편성] 삿포로 7경주: 선행0·선입0·추입0 → 🐌 느린 페이스
[분석로그] 저장 실패: [WinError 32] 다른 프로세스가 파일을 사용 중이기 때문에 프로세스가 액세스 할 수 없습니다: 'C:\\Users\\Administrator\\Desktop\\경마분석서버\\data\\analysis_log\\2026_08_01_삿포로_7경주.json.tmp' -> 'C:\\Users\\Administrator\\Desktop\\경마분석서버\\data\\analysis_log\\2026_08_01_삿포로_7경주.json'
[한국 전적] 삿포로 7경주: 11두 저장(PDF, 전적 11두)
[각질편성] 삿포로 7경주: 선행0·선입0·추입0 → 🐌 느린 페이스
[복승불일치 축교정] 아오모리 5경주: 축 [1, 3]로 교정(자금이탈 강등 [6]·🔴)
[placeholder 필터] 호후 6경주 쌍승 껍데기 배당 3조합 제외(값: [300.2])
[복승불일치 축교정] 호후 6경주: 축 [1, 5]로 교정(자금이탈 강등 [7]·🔴)
[placeholder 필터] 아오모리 7경주 쌍승 껍데기 배당 3조합 제외(값: [1703.0])
[결과기록] 캐시 갱신 — 재파싱 3건 / 전체 1679건
[복승불일치 축교정] 호후 7경주: 축 [2, 5]로 교정(자금이탈 강등 [1]·🔴🔴)
[한국이력 검역] 거부 — 파일=부산 7R / 본문 raceKey=삿포로 7경주 (경마장 불일치)
[복승불일치 축교정] 사세보 2경주: 축 [2, 7]로 교정(자금이탈 강등 [1]·🔴🔴)
[복승불일치 축교정] 기후 2경주: 축 [3, 4]로 교정(자금이탈 강등 [6]·🔴🔴)
[복승불일치 축교정] 사세보 3경주: 축 [1, 5]로 교정(자금이탈 강등 [7]·🔴🔴)
[각질편성] 삿포로 7경주: 선행0·선입0·추입0 → 🐌 느린 페이스
[복승불일치 축교정] 오다와라 3경주: 축 [3, 9]로 교정(자금이탈 강등 [1]·🔴)
[복승불일치 축교정] 기후 3경주: 축 [5, 7]로 교정(자금이탈 강등 [4]·🔴🔴)
[복승불일치 축교정] 사세보 4경주: 축 [1, 4]로 교정(자금이탈 강등 [7]·🔴🔴)
[placeholder 필터] 오다와라 4경주 쌍승 껍데기 배당 4조합 제외(값: [859.9])
[복승불일치 축교정] 기후 4경주: 축 [1, 4]로 교정(자금이탈 강등 [2]·🔴🔴)
[각질편성] 오다와라 5경주: 선행3·선입0·추입6 → ⚡ 빠른 페이스
[경륜전개] 오다와라 5경주: 슬로우(단독 선행) · 라인 3개 · 페어 [[2, 5], [1, 8], [3, 7]]
[각질편성] 기후 5경주: 선행2·선입0·추입5 → 보통 페이스
[경륜전개] 기후 5경주: 보통 · 라인 2개 · 페어 [[1, 5], [3, 7]]
[각질편성] 사세보 6경주: 선행3·선입0·추입3 → ⚡ 빠른 페이스
[경륜전개] 사세보 6경주: 보통 · 라인 3개 · 페어 [[4, 2], [1, 5]]
[각질편성] 삿포로 7경주: 선행0·선입0·추입0 → 🐌 느린 페이스
[각질편성] 오다와라 6경주: 선행3·선입0·추입6 → ⚡ 빠른 페이스
[경륜전개] 오다와라 6경주: 보통 · 라인 3개 · 페어 [[1, 9], [5, 2], [8, 3]]
[각질편성] 기후 6경주: 선행1·선입0·추입5 → 🐌 느린 페이스
[경륜전개] 기후 6경주: 슬로우(단독 선행) · 라인 2개 · 페어 [[1, 2]]
[T-2분 왕축 동결] 기후 6경주: [1, 2] → [1, 2] 유지(cur_mb=2)
[경륜 추천 개수] 6명 → 메인 2개(상한 2) · 복병 이동 1개
[각질편성] 삿포로 6경주: 선행0·선입0·추입0 → 🐌 느린 페이스
[각질편성] 삿포로 7경주: 선행0·선입0·추입0 → 🐌 느린 페이스
[각질편성] 삿포로 7경주: 선행0·선입0·추입0 → 🐌 느린 페이스
[각질편성] 삿포로 7경주: 선행0·선입0·추입0 → 🐌 느린 페이스
[각질편성] 삿포로 7경주: 선행0·선입0·추입0 → 🐌 느린 페이스
[3종 수집] 기후 6경주: {'quinella': 15, 'exacta': 30, 'trio': 0, 'win': 0} (history 12)
[각질편성] 기후 6경주: 선행1·선입0·추입5 → 🐌 느린 페이스
[경륜전개] 기후 6경주: 슬로우(단독 선행) · 라인 2개 · 페어 [[1, 2]]
[T-2분 왕축 동결] 기후 6경주: [1, 2] → [1, 2] 유지(cur_mb=1)
[경륜 추천 개수] 6명 → 메인 2개(상한 2) · 복병 이동 1개
[자동분석·배경] 기후 6경주: 마감 104초 전 재분석(rec_history 누적·cycle)
[각질편성] 삿포로 7경주: 선행0·선입0·추입0 → 🐌 느린 페이스
[각질편성] 삿포로 7경주: 선행0·선입0·추입0 → 🐌 느린 페이스
[3종 수집] 삿포로 7경주: {'quinella': 66, 'exacta': 0, 'trio': 220, 'win': 0} (history 7)
[JRA수집] 1경주 수집 · 0경주 생략(확장 우선) · 0.41초 · 다음 60초 · 🔬관찰모드
[각질편성] 삿포로 7경주: 선행0·선입0·추입0 → 🐌 느린 페이스
[각질편성] 삿포로 7경주: 선행0·선입0·추입0 → 🐌 느린 페이스
[각질편성] 삿포로 7경주: 선행0·선입0·추입0 → 🐌 느린 페이스
[각질편성] 삿포로 6경주: 선행0·선입0·추입0 → 🐌 느린 페이스
[각질편성] 삿포로 7경주: 선행0·선입0·추입0 → 🐌 느린 페이스
[각질편성] 삿포로 6경주: 선행0·선입0·추입0 → 🐌 느린 페이스
[복승불일치 축교정] 아오모리 4경주: 축 [1, 4]로 교정(자금이탈 강등 [7]·🔴🔴)
[각질편성] 삿포로 7경주: 선행0·선입0·추입0 → 🐌 느린 페이스
[각질편성] 삿포로 7경주: 선행0·선입0·추입0 → 🐌 느린 페이스
[각질편성] 삿포로 7경주: 선행0·선입0·추입0 → 🐌 느린 페이스
[한국 전적] 삿포로 7경주: 11두 저장(PDF, 전적 11두)
[각질편성] 삿포로 7경주: 선행0·선입0·추입0 → 🐌 느린 페이스
[분석로그] 저장 실패: [WinError 32] 다른 프로세스가 파일을 사용 중이기 때문에 프로세스가 액세스 할 수 없습니다: 'C:\\Users\\Administrator\\Desktop\\경마분석서버\\data\\analysis_log\\2026_08_01_삿포로_7경주.json.tmp' -> 'C:\\Users\\Administrator\\Desktop\\경마분석서버\\data\\analysis_log\\2026_08_01_삿포로_7경주.json'
[3종 수집] 기후 6경주: {'quinella': 15, 'exacta': 30, 'trio': 0, 'win': 0} (history 12)
[각질편성] 기후 6경주: 선행1·선입0·추입5 → 🐌 느린 페이스
[경륜전개] 기후 6경주: 슬로우(단독 선행) · 라인 2개 · 페어 [[1, 2]]
[T-2분 왕축 동결] 기후 6경주: [1, 2] → [1, 2] 유지(cur_mb=1)
[경륜 추천 개수] 6명 → 메인 2개(상한 2) · 복병 이동 1개
[자동분석·배경] 기후 6경주: 마감 73초 전 재분석(rec_history 누적·cycle)
[복승불일치 축교정] 아오모리 5경주: 축 [1, 3]로 교정(자금이탈 강등 [6]·🔴)
[한국이력 검역] 거부 — 파일=부산 7R / 본문 raceKey=삿포로 7경주 (경마장 불일치)
[결과기록] 캐시 갱신 — 재파싱 2건 / 전체 1679건
[placeholder 필터] 호후 6경주 쌍승 껍데기 배당 3조합 제외(값: [300.2])
[복승불일치 축교정] 호후 6경주: 축 [1, 5]로 교정(자금이탈 강등 [7]·🔴)
[placeholder 필터] 아오모리 7경주 쌍승 껍데기 배당 3조합 제외(값: [1703.0])
[복승불일치 축교정] 호후 7경주: 축 [2, 5]로 교정(자금이탈 강등 [1]·🔴🔴)
[각질편성] 삿포로 7경주: 선행0·선입0·추입0 → 🐌 느린 페이스
[복승불일치 축교정] 사세보 2경주: 축 [2, 7]로 교정(자금이탈 강등 [1]·🔴🔴)
[복승불일치 축교정] 기후 2경주: 축 [3, 4]로 교정(자금이탈 강등 [6]·🔴🔴)
[복승불일치 축교정] 사세보 3경주: 축 [1, 5]로 교정(자금이탈 강등 [7]·🔴🔴)
[복승불일치 축교정] 오다와라 3경주: 축 [3, 9]로 교정(자금이탈 강등 [1]·🔴)
[복승불일치 축교정] 기후 3경주: 축 [5, 7]로 교정(자금이탈 강등 [4]·🔴🔴)
[복승불일치 축교정] 사세보 4경주: 축 [1, 4]로 교정(자금이탈 강등 [7]·🔴🔴)
[placeholder 필터] 오다와라 4경주 쌍승 껍데기 배당 4조합 제외(값: [859.9])
[복승불일치 축교정] 기후 4경주: 축 [1, 4]로 교정(자금이탈 강등 [2]·🔴🔴)
[각질편성] 오다와라 5경주: 선행3·선입0·추입6 → ⚡ 빠른 페이스
[경륜전개] 오다와라 5경주: 슬로우(단독 선행) · 라인 3개 · 페어 [[2, 5], [1, 8], [3, 7]]
[각질편성] 기후 5경주: 선행2·선입0·추입5 → 보통 페이스
[경륜전개] 기후 5경주: 보통 · 라인 2개 · 페어 [[1, 5], [3, 7]]
[각질편성] 사세보 6경주: 선행3·선입0·추입3 → ⚡ 빠른 페이스
[경륜전개] 사세보 6경주: 보통 · 라인 3개 · 페어 [[4, 2], [1, 5]]
[각질편성] 오다와라 6경주: 선행3·선입0·추입6 → ⚡ 빠른 페이스
[경륜전개] 오다와라 6경주: 보통 · 라인 3개 · 페어 [[1, 9], [5, 2], [8, 3]]
[각질편성] 삿포로 7경주: 선행0·선입0·추입0 → 🐌 느린 페이스
[각질편성] 기후 6경주: 선행1·선입0·추입5 → 🐌 느린 페이스
[경륜전개] 기후 6경주: 슬로우(단독 선행) · 라인 2개 · 페어 [[1, 2]]
[T-2분 왕축 동결] 기후 6경주: [1, 2] → [1, 2] 유지(cur_mb=1)
[경륜 추천 개수] 6명 → 메인 2개(상한 2) · 복병 이동 1개
[각질편성] 삿포로 6경주: 선행0·선입0·추입0 → 🐌 느린 페이스
[각질편성] 삿포로 7경주: 선행0·선입0·추입0 → 🐌 느린 페이스
[각질편성] 삿포로 7경주: 선행0·선입0·추입0 → 🐌 느린 페이스
[각질편성] 삿포로 7경주: 선행0·선입0·추입0 → 🐌 느린 페이스
[3종 수집] 기후 6경주: {'quinella': 15, 'exacta': 30, 'trio': 0, 'win': 0} (history 12)
[각질편성] 기후 6경주: 선행1·선입0·추입5 → 🐌 느린 페이스
[경륜전개] 기후 6경주: 슬로우(단독 선행) · 라인 2개 · 페어 [[1, 2]]
[경륜 추천 개수] 6명 → 메인 2개(상한 2) · 복병 이동 1개
[자동분석·배경] 기후 6경주: 마감 39초 전 재분석(rec_history 누적·cycle)
[각질편성] 삿포로 7경주: 선행0·선입0·추입0 → 🐌 느린 페이스
[각질편성] 삿포로 7경주: 선행0·선입0·추입0 → 🐌 느린 페이스
[각질편성] 삿포로 7경주: 선행0·선입0·추입0 → 🐌 느린 페이스
[3종 수집] 삿포로 7경주: {'quinella': 66, 'exacta': 0, 'trio': 220, 'win': 0} (history 8)
[JRA수집] 1경주 수집 · 0경주 생략(확장 우선) · 0.44초 · 다음 60초 · 🔬관찰모드
[각질편성] 삿포로 7경주: 선행0·선입0·추입0 → 🐌 느린 페이스
[각질편성] 삿포로 7경주: 선행0·선입0·추입0 → 🐌 느린 페이스
[각질편성] 삿포로 6경주: 선행0·선입0·추입0 → 🐌 느린 페이스
[각질편성] 삿포로 7경주: 선행0·선입0·추입0 → 🐌 느린 페이스
[복승불일치 축교정] 아오모리 4경주: 축 [1, 4]로 교정(자금이탈 강등 [7]·🔴🔴)
[각질편성] 삿포로 6경주: 선행0·선입0·추입0 → 🐌 느린 페이스
[각질편성] 삿포로 7경주: 선행0·선입0·추입0 → 🐌 느린 페이스
[각질편성] 삿포로 7경주: 선행0·선입0·추입0 → 🐌 느린 페이스
[각질편성] 삿포로 7경주: 선행0·선입0·추입0 → 🐌 느린 페이스
[한국 전적] 삿포로 7경주: 11두 저장(PDF, 전적 11두)
[각질편성] 삿포로 7경주: 선행0·선입0·추입0 → 🐌 느린 페이스
[분석로그] 저장 실패: [WinError 32] 다른 프로세스가 파일을 사용 중이기 때문에 프로세스가 액세스 할 수 없습니다: 'C:\\Users\\Administrator\\Desktop\\경마분석서버\\data\\analysis_log\\2026_08_01_삿포로_7경주.json.tmp' -> 'C:\\Users\\Administrator\\Desktop\\경마분석서버\\data\\analysis_log\\2026_08_01_삿포로_7경주.json'
[복승불일치 축교정] 아오모리 5경주: 축 [1, 3]로 교정(자금이탈 강등 [6]·🔴)
[placeholder 필터] 호후 6경주 쌍승 껍데기 배당 3조합 제외(값: [300.2])
[복승불일치 축교정] 호후 6경주: 축 [1, 5]로 교정(자금이탈 강등 [7]·🔴)
[한국이력 검역] 거부 — 파일=부산 7R / 본문 raceKey=삿포로 7경주 (경마장 불일치)
[결과기록] 캐시 갱신 — 재파싱 2건 / 전체 1679건
[placeholder 필터] 아오모리 7경주 쌍승 껍데기 배당 3조합 제외(값: [1703.0])
[복승불일치 축교정] 호후 7경주: 축 [2, 5]로 교정(자금이탈 강등 [1]·🔴🔴)
[각질편성] 삿포로 7경주: 선행0·선입0·추입0 → 🐌 느린 페이스
[각질편성] 삿포로 7경주: 선행0·선입0·추입0 → 🐌 느린 페이스
[복승불일치 축교정] 사세보 2경주: 축 [2, 7]로 교정(자금이탈 강등 [1]·🔴🔴)
[복승불일치 축교정] 기후 2경주: 축 [3, 4]로 교정(자금이탈 강등 [6]·🔴🔴)
[3종 수집] 기후 6경주: {'quinella': 15, 'exacta': 30, 'trio': 0, 'win': 0} (history 12)
[복승불일치 축교정] 사세보 3경주: 축 [1, 5]로 교정(자금이탈 강등 [7]·🔴🔴)
[복승불일치 축교정] 오다와라 3경주: 축 [3, 9]로 교정(자금이탈 강등 [1]·🔴)
[복승불일치 축교정] 기후 3경주: 축 [5, 7]로 교정(자금이탈 강등 [4]·🔴🔴)
[복승불일치 축교정] 사세보 4경주: 축 [1, 4]로 교정(자금이탈 강등 [7]·🔴🔴)
[placeholder 필터] 오다와라 4경주 쌍승 껍데기 배당 4조합 제외(값: [859.9])
[복승불일치 축교정] 기후 4경주: 축 [1, 4]로 교정(자금이탈 강등 [2]·🔴🔴)
[각질편성] 오다와라 5경주: 선행3·선입0·추입6 → ⚡ 빠른 페이스
[경륜전개] 오다와라 5경주: 슬로우(단독 선행) · 라인 3개 · 페어 [[2, 5], [1, 8], [3, 7]]
[각질편성] 기후 5경주: 선행2·선입0·추입5 → 보통 페이스
[경륜전개] 기후 5경주: 보통 · 라인 2개 · 페어 [[1, 5], [3, 7]]
[각질편성] 사세보 6경주: 선행3·선입0·추입3 → ⚡ 빠른 페이스
[경륜전개] 사세보 6경주: 보통 · 라인 3개 · 페어 [[4, 2], [1, 5]]
[각질편성] 오다와라 6경주: 선행3·선입0·추입6 → ⚡ 빠른 페이스
[경륜전개] 오다와라 6경주: 보통 · 라인 3개 · 페어 [[1, 9], [5, 2], [8, 3]]
[각질편성] 기후 6경주: 선행1·선입0·추입5 → 🐌 느린 페이스
[경륜전개] 기후 6경주: 슬로우(단독 선행) · 라인 2개 · 페어 [[1, 2]]
[경륜 추천 개수] 6명 → 메인 2개(상한 2) · 복병 이동 1개
[각질편성] 삿포로 6경주: 선행0·선입0·추입0 → 🐌 느린 페이스
[각질편성] 삿포로 7경주: 선행0·선입0·추입0 → 🐌 느린 페이스
[각질편성] 삿포로 7경주: 선행0·선입0·추입0 → 🐌 느린 페이스
[각질편성] 삿포로 7경주: 선행0·선입0·추입0 → 🐌 느린 페이스
[각질편성] 삿포로 7경주: 선행0·선입0·추입0 → 🐌 느린 페이스
[각질편성] 삿포로 7경주: 선행0·선입0·추입0 → 🐌 느린 페이스
[3종 수집] 기후 6경주: {'quinella': 15, 'exacta': 30, 'trio': 0, 'win': 0} (history 12)
[경륜 득점갭] 사세보 7경주: 5번 득점 1위 갭 4.6 → +5 가점
[경륜 전적·자동] 사세보 7경주: 7두 수집(競走得点·절대등급 A/B/C/D·라인[6, 1, 7, 4, 2, 5, 3]) → 통합등급 자동 반영
[3종 수집] 사세보 7경주: {'quinella': 21, 'exacta': 42, 'trio': 0, 'win': 0} (history 1)
[3종 수집] 삿포로 7경주: {'quinella': 66, 'exacta': 0, 'trio': 220, 'win': 0} (history 9)
[JRA수집] 1경주 수집 · 0경주 생략(확장 우선) · 0.24초 · 다음 60초 · 🔬관찰모드
[각질편성] 삿포로 7경주: 선행0·선입0·추입0 → 🐌 느린 페이스
🔮 [예측] 사세보 7경주: top3=[5, 7, 2] conf=4 · 이 경주는 선행형 5번 治田 知也의 최근 컨디션 상승과 강력한 선행 의지
[각질편성] 사세보 7경주: 선행2·선입0·추입5 → 보통 페이스
[경륜전개] 사세보 7경주: 보통 · 라인 2개 · 페어 [[5, 3], [6, 1]]
[경륜 추천 개수] 7명 → 메인 3개(상한 3) · 복병 이동 1개
🔎 [결정론 검수] 사세보 7경주: B라인누락
[자동분석·배경] 사세보 7경주: 마감 574초 전 재분석(rec_history 누적·cycle)
[각질편성] 사세보 7경주: 선행2·선입0·추입5 → 보통 페이스
[경륜전개] 사세보 7경주: 보통 · 라인 2개 · 페어 [[5, 3], [6, 1]]
[경륜 추천 개수] 7명 → 메인 3개(상한 3) · 복병 이동 1개
[각질편성] 삿포로 7경주: 선행0·선입0·추입0 → 🐌 느린 페이스
[각질편성] 삿포로 7경주: 선행0·선입0·추입0 → 🐌 느린 페이스
[분석로그] 저장 실패: [WinError 32] 다른 프로세스가 파일을 사용 중이기 때문에 프로세스가 액세스 할 수 없습니다: 'C:\\Users\\Administrator\\Desktop\\경마분석서버\\data\\analysis_log\\2026_08_01_삿포로_7경주.json.tmp' -> 'C:\\Users\\Administrator\\Desktop\\경마분석서버\\data\\analysis_log\\2026_08_01_삿포로_7경주.json'
[각질편성] 삿포로 7경주: 선행0·선입0·추입0 → 🐌 느린 페이스
[각질편성] 삿포로 6경주: 선행0·선입0·추입0 → 🐌 느린 페이스
[각질편성] 삿포로 6경주: 선행0·선입0·추입0 → 🐌 느린 페이스
[각질편성] 삿포로 7경주: 선행0·선입0·추입0 → 🐌 느린 페이스
[복승불일치 축교정] 아오모리 4경주: 축 [1, 4]로 교정(자금이탈 강등 [7]·🔴🔴)
[각질편성] 삿포로 7경주: 선행0·선입0·추입0 → 🐌 느린 페이스
[각질편성] 삿포로 7경주: 선행0·선입0·추입0 → 🐌 느린 페이스
[각질편성] 삿포로 7경주: 선행0·선입0·추입0 → 🐌 느린 페이스
[한국 전적] 삿포로 7경주: 11두 저장(PDF, 전적 11두)
[각질편성] 삿포로 7경주: 선행0·선입0·추입0 → 🐌 느린 페이스
[복승불일치 축교정] 아오모리 5경주: 축 [1, 3]로 교정(자금이탈 강등 [6]·🔴)
[한국이력 검역] 거부 — 파일=부산 7R / 본문 raceKey=삿포로 7경주 (경마장 불일치)
[placeholder 필터] 호후 6경주 쌍승 껍데기 배당 3조합 제외(값: [300.2])
[복승불일치 축교정] 호후 6경주: 축 [1, 5]로 교정(자금이탈 강등 [7]·🔴)
[결과기록] 캐시 갱신 — 재파싱 2건 / 전체 1680건
[placeholder 필터] 아오모리 7경주 쌍승 껍데기 배당 3조합 제외(값: [1703.0])
[복승불일치 축교정] 호후 7경주: 축 [2, 5]로 교정(자금이탈 강등 [1]·🔴🔴)
[각질편성] 삿포로 7경주: 선행0·선입0·추입0 → 🐌 느린 페이스
[복승불일치 축교정] 사세보 2경주: 축 [2, 7]로 교정(자금이탈 강등 [1]·🔴🔴)
[복승불일치 축교정] 기후 2경주: 축 [3, 4]로 교정(자금이탈 강등 [6]·🔴🔴)
[복승불일치 축교정] 사세보 3경주: 축 [1, 5]로 교정(자금이탈 강등 [7]·🔴🔴)
[복승불일치 축교정] 오다와라 3경주: 축 [3, 9]로 교정(자금이탈 강등 [1]·🔴)
[복승불일치 축교정] 기후 3경주: 축 [5, 7]로 교정(자금이탈 강등 [4]·🔴🔴)
[복승불일치 축교정] 사세보 4경주: 축 [1, 4]로 교정(자금이탈 강등 [7]·🔴🔴)
[placeholder 필터] 오다와라 4경주 쌍승 껍데기 배당 4조합 제외(값: [859.9])
[복승불일치 축교정] 기후 4경주: 축 [1, 4]로 교정(자금이탈 강등 [2]·🔴🔴)
[각질편성] 오다와라 5경주: 선행3·선입0·추입6 → ⚡ 빠른 페이스
[경륜전개] 오다와라 5경주: 슬로우(단독 선행) · 라인 3개 · 페어 [[2, 5], [1, 8], [3, 7]]
[각질편성] 기후 5경주: 선행2·선입0·추입5 → 보통 페이스
[경륜전개] 기후 5경주: 보통 · 라인 2개 · 페어 [[1, 5], [3, 7]]
[각질편성] 사세보 6경주: 선행3·선입0·추입3 → ⚡ 빠른 페이스
[경륜전개] 사세보 6경주: 보통 · 라인 3개 · 페어 [[4, 2], [1, 5]]
[각질편성] 오다와라 6경주: 선행3·선입0·추입6 → ⚡ 빠른 페이스
[경륜전개] 오다와라 6경주: 보통 · 라인 3개 · 페어 [[1, 9], [5, 2], [8, 3]]
[각질편성] 기후 6경주: 선행1·선입0·추입5 → 🐌 느린 페이스
[경륜전개] 기후 6경주: 슬로우(단독 선행) · 라인 2개 · 페어 [[1, 2]]
[각질편성] 사세보 7경주: 선행2·선입0·추입5 → 보통 페이스
[경륜전개] 사세보 7경주: 보통 · 라인 2개 · 페어 [[5, 3], [6, 1]]
[경륜 추천 개수] 7명 → 메인 3개(상한 3) · 복병 이동 1개
[각질편성] 삿포로 6경주: 선행0·선입0·추입0 → 🐌 느린 페이스
[각질편성] 삿포로 7경주: 선행0·선입0·추입0 → 🐌 느린 페이스
[각질편성] 삿포로 7경주: 선행0·선입0·추입0 → 🐌 느린 페이스
[각질편성] 삿포로 7경주: 선행0·선입0·추입0 → 🐌 느린 페이스
[각질편성] 삿포로 7경주: 선행0·선입0·추입0 → 🐌 느린 페이스
[3종 수집] 사세보 7경주: {'quinella': 21, 'exacta': 42, 'trio': 0, 'win': 0} (history 2)
[3종 수집] 기후 6경주: {'quinella': 15, 'exacta': 30, 'trio': 0, 'win': 0} (history 12)
[각질편성] 사세보 7경주: 선행2·선입0·추입5 → 보통 페이스
[경륜전개] 사세보 7경주: 보통 · 라인 2개 · 페어 [[5, 3], [6, 1]]
[복병 이동 상한] 3+4 69.6배 > 특별상한 50.0배 → 💎 노출 제외(참고)
[복병 이동 상한] 2+3 84.8배 > 특별상한 50.0배 → 💎 노출 제외(참고)
[경륜 추천 모순 수정] 고배당 강제조합 2건 메인→복병 이동(25배 상한)
[자동분석·배경] 사세보 7경주: 마감 537초 전 재분석(rec_history 누적·cycle)
[각질편성] 기후 6경주: 선행1·선입0·추입5 → 🐌 느린 페이스
[경륜전개] 기후 6경주: 슬로우(단독 선행) · 라인 2개 · 페어 [[1, 2]]
[각질편성] 삿포로 7경주: 선행0·선입0·추입0 → 🐌 느린 페이스
[각질편성] 삿포로 7경주: 선행0·선입0·추입0 → 🐌 느린 페이스
[3종 수집] 삿포로 7경주: {'quinella': 66, 'exacta': 0, 'trio': 220, 'win': 0} (history 10)
[JRA수집] 1경주 수집 · 0경주 생략(확장 우선) · 0.44초 · 다음 60초 · 🔬관찰모드
[각질편성] 삿포로 7경주: 선행0·선입0·추입0 → 🐌 느린 페이스
[각질편성] 삿포로 7경주: 선행0·선입0·추입0 → 🐌 느린 페이스
[3종 수집] 기후 6경주: {'quinella': 15, 'exacta': 30, 'trio': 0, 'win': 0} (history 12)
[3종 수집] 사세보 7경주: {'quinella': 21, 'exacta': 42, 'trio': 0, 'win': 0} (history 3)
[각질편성] 사세보 7경주: 선행2·선입0·추입5 → 보통 페이스
[경륜전개] 사세보 7경주: 보통 · 라인 2개 · 페어 [[5, 3], [6, 1]]
[경륜 추천 모순 수정] 고배당 강제조합 1건 메인→복병 이동(25배 상한)
[경륜 추천 개수] 7명 → 메인 3개(상한 3) · 복병 이동 1개
[자동분석·배경] 사세보 7경주: 마감 504초 전 재분석(rec_history 누적·cycle)
[각질편성] 삿포로 7경주: 선행0·선입0·추입0 → 🐌 느린 페이스
[각질편성] 삿포로 7경주: 선행0·선입0·추입0 → 🐌 느린 페이스
[분석로그] 저장 실패: [WinError 32] 다른 프로세스가 파일을 사용 중이기 때문에 프로세스가 액세스 할 수 없습니다: 'C:\\Users\\Administrator\\Desktop\\경마분석서버\\data\\analysis_log\\2026_08_01_삿포로_7경주.json.tmp' -> 'C:\\Users\\Administrator\\Desktop\\경마분석서버\\data\\analysis_log\\2026_08_01_삿포로_7경주.json'
[각질편성] 삿포로 6경주: 선행0·선입0·추입0 → 🐌 느린 페이스
[각질편성] 삿포로 7경주: 선행0·선입0·추입0 → 🐌 느린 페이스
[복승불일치 축교정] 아오모리 4경주: 축 [1, 4]로 교정(자금이탈 강등 [7]·🔴🔴)
[각질편성] 삿포로 6경주: 선행0·선입0·추입0 → 🐌 느린 페이스
[각질편성] 삿포로 7경주: 선행0·선입0·추입0 → 🐌 느린 페이스
[각질편성] 삿포로 7경주: 선행0·선입0·추입0 → 🐌 느린 페이스
[각질편성] 삿포로 7경주: 선행0·선입0·추입0 → 🐌 느린 페이스
[한국 전적] 삿포로 7경주: 11두 저장(PDF, 전적 11두)
[복승불일치 축교정] 아오모리 5경주: 축 [1, 3]로 교정(자금이탈 강등 [6]·🔴)
[각질편성] 삿포로 7경주: 선행0·선입0·추입0 → 🐌 느린 페이스
[분석로그] 저장 실패: [Errno 13] Permission denied: 'C:\\Users\\Administrator\\Desktop\\경마분석서버\\data\\analysis_log\\2026_08_01_삿포로_7경주.json.tmp'
[placeholder 필터] 호후 6경주 쌍승 껍데기 배당 3조합 제외(값: [300.2])
[복승불일치 축교정] 호후 6경주: 축 [1, 5]로 교정(자금이탈 강등 [7]·🔴)
[placeholder 필터] 아오모리 7경주 쌍승 껍데기 배당 3조합 제외(값: [1703.0])
[결과기록] 캐시 갱신 — 재파싱 6건 / 전체 1680건
[복승불일치 축교정] 호후 7경주: 축 [2, 5]로 교정(자금이탈 강등 [1]·🔴🔴)
[한국이력 검역] 거부 — 파일=부산 7R / 본문 raceKey=삿포로 7경주 (경마장 불일치)
[각질편성] 삿포로 7경주: 선행0·선입0·추입0 → 🐌 느린 페이스
[복승불일치 축교정] 사세보 2경주: 축 [2, 7]로 교정(자금이탈 강등 [1]·🔴🔴)
[복승불일치 축교정] 기후 2경주: 축 [3, 4]로 교정(자금이탈 강등 [6]·🔴🔴)
[복승불일치 축교정] 사세보 3경주: 축 [1, 5]로 교정(자금이탈 강등 [7]·🔴🔴)
[복승불일치 축교정] 오다와라 3경주: 축 [3, 9]로 교정(자금이탈 강등 [1]·🔴)
[복승불일치 축교정] 기후 3경주: 축 [5, 7]로 교정(자금이탈 강등 [4]·🔴🔴)
[복승불일치 축교정] 사세보 4경주: 축 [1, 4]로 교정(자금이탈 강등 [7]·🔴🔴)
[placeholder 필터] 오다와라 4경주 쌍승 껍데기 배당 4조합 제외(값: [859.9])
[복승불일치 축교정] 기후 4경주: 축 [1, 4]로 교정(자금이탈 강등 [2]·🔴🔴)
[각질편성] 오다와라 5경주: 선행3·선입0·추입6 → ⚡ 빠른 페이스
[경륜전개] 오다와라 5경주: 슬로우(단독 선행) · 라인 3개 · 페어 [[2, 5], [1, 8], [3, 7]]
[각질편성] 기후 5경주: 선행2·선입0·추입5 → 보통 페이스
[경륜전개] 기후 5경주: 보통 · 라인 2개 · 페어 [[1, 5], [3, 7]]
[각질편성] 사세보 6경주: 선행3·선입0·추입3 → ⚡ 빠른 페이스
[경륜전개] 사세보 6경주: 보통 · 라인 3개 · 페어 [[4, 2], [1, 5]]
[각질편성] 오다와라 6경주: 선행3·선입0·추입6 → ⚡ 빠른 페이스
[경륜전개] 오다와라 6경주: 보통 · 라인 3개 · 페어 [[1, 9], [5, 2], [8, 3]]
[각질편성] 기후 6경주: 선행1·선입0·추입5 → 🐌 느린 페이스
[경륜전개] 기후 6경주: 슬로우(단독 선행) · 라인 2개 · 페어 [[1, 2]]
[각질편성] 사세보 7경주: 선행2·선입0·추입5 → 보통 페이스
[경륜전개] 사세보 7경주: 보통 · 라인 2개 · 페어 [[5, 3], [6, 1]]
[경륜 추천 모순 수정] 고배당 강제조합 1건 메인→복병 이동(25배 상한)
[경륜 추천 개수] 7명 → 메인 3개(상한 3) · 복병 이동 1개
[각질편성] 삿포로 6경주: 선행0·선입0·추입0 → 🐌 느린 페이스
[각질편성] 삿포로 7경주: 선행0·선입0·추입0 → 🐌 느린 페이스
[각질편성] 삿포로 7경주: 선행0·선입0·추입0 → 🐌 느린 페이스
[각질편성] 삿포로 7경주: 선행0·선입0·추입0 → 🐌 느린 페이스
[다중경주] 하트비트 #41 · 스케줄 ymd=20260801 (-1초 전 갱신 · 트랙 12개)
[3종 수집] 사세보 7경주: {'quinella': 21, 'exacta': 42, 'trio': 0, 'win': 0} (history 4)
[각질편성] 사세보 7경주: 선행2·선입0·추입5 → 보통 페이스
[경륜전개] 사세보 7경주: 보통 · 라인 2개 · 페어 [[5, 3], [6, 1]]
[경륜 추천 모순 수정] 고배당 강제조합 1건 메인→복병 이동(25배 상한)
[경륜 추천 개수] 7명 → 메인 3개(상한 3) · 복병 이동 1개
[자동분석·배경] 사세보 7경주: 마감 472초 전 재분석(rec_history 누적·cycle)
[각질편성] 삿포로 7경주: 선행0·선입0·추입0 → 🐌 느린 페이스
[각질편성] 삿포로 7경주: 선행0·선입0·추입0 → 🐌 느린 페이스
[각질편성] 삿포로 7경주: 선행0·선입0·추입0 → 🐌 느린 페이스
[3종 수집] 삿포로 7경주: {'quinella': 66, 'exacta': 0, 'trio': 220, 'win': 0} (history 11)
[JRA수집] 1경주 수집 · 0경주 생략(확장 우선) · 0.29초 · 다음 60초 · 🔬관찰모드
[각질편성] 삿포로 7경주: 선행0·선입0·추입0 → 🐌 느린 페이스
[KRA 자동수집] 부산 7경주 1400M 자동해제(연속 실패 20회: 데이터 없음(발매 전·비경주일 가능)) — 할당량 보호
[각질편성] 삿포로 7경주: 선행0·선입0·추입0 → 🐌 느린 페이스
[3종 수집] 사세보 7경주: {'quinella': 21, 'exacta': 42, 'trio': 0, 'win': 0} (history 5)
[placeholder 필터] 사세보 7경주 복승 껍데기 배당 3조합 제외(값: [124.7])
[각질편성] 사세보 7경주: 선행2·선입0·추입5 → 보통 페이스
[경륜전개] 사세보 7경주: 보통 · 라인 2개 · 페어 [[5, 3], [6, 1]]
[복병 이동 상한] 3+4 59.8배 > 특별상한 50.0배 → 💎 노출 제외(참고)
[복병 이동 상한] 2+3 96.5배 > 특별상한 50.0배 → 💎 노출 제외(참고)
[경륜 추천 모순 수정] 고배당 강제조합 2건 메인→복병 이동(25배 상한)
[자동분석·배경] 사세보 7경주: 마감 440초 전 재분석(rec_history 누적·cycle)
[각질편성] 기후 6경주: 선행1·선입0·추입5 → 🐌 느린 페이스
[경륜전개] 기후 6경주: 슬로우(단독 선행) · 라인 2개 · 페어 [[1, 2]]
[placeholder 필터] 사세보 7경주 복승 껍데기 배당 3조합 제외(값: [124.7])
[각질편성] 사세보 7경주: 선행2·선입0·추입5 → 보통 페이스
[경륜전개] 사세보 7경주: 보통 · 라인 2개 · 페어 [[5, 3], [6, 1]]
[각질편성] 삿포로 7경주: 선행0·선입0·추입0 → 🐌 느린 페이스
[각질편성] 삿포로 7경주: 선행0·선입0·추입0 → 🐌 느린 페이스
[복병 이동 상한] 3+4 59.8배 > 특별상한 50.0배 → 💎 노출 제외(참고)
[복병 이동 상한] 2+3 96.5배 > 특별상한 50.0배 → 💎 노출 제외(참고)
[경륜 추천 모순 수정] 고배당 강제조합 2건 메인→복병 이동(25배 상한)
[카카오알림] 사세보 7경주 T-7 → 큐 적재
[각질편성] 삿포로 6경주: 선행0·선입0·추입0 → 🐌 느린 페이스
[각질편성] 삿포로 7경주: 선행0·선입0·추입0 → 🐌 느린 페이스
[각질편성] 삿포로 6경주: 선행0·선입0·추입0 → 🐌 느린 페이스
[각질편성] 삿포로 7경주: 선행0·선입0·추입0 → 🐌 느린 페이스
[복승불일치 축교정] 아오모리 4경주: 축 [1, 4]로 교정(자금이탈 강등 [7]·🔴🔴)
[각질편성] 삿포로 7경주: 선행0·선입0·추입0 → 🐌 느린 페이스
[각질편성] 삿포로 7경주: 선행0·선입0·추입0 → 🐌 느린 페이스
[한국 전적] 삿포로 7경주: 11두 저장(PDF, 전적 11두)
[각질편성] 삿포로 7경주: 선행0·선입0·추입0 → 🐌 느린 페이스
[복승불일치 축교정] 아오모리 5경주: 축 [1, 3]로 교정(자금이탈 강등 [6]·🔴)
[placeholder 필터] 호후 6경주 쌍승 껍데기 배당 3조합 제외(값: [300.2])
[복승불일치 축교정] 호후 6경주: 축 [1, 5]로 교정(자금이탈 강등 [7]·🔴)
[placeholder 필터] 아오모리 7경주 쌍승 껍데기 배당 3조합 제외(값: [1703.0])
[복승불일치 축교정] 호후 7경주: 축 [2, 5]로 교정(자금이탈 강등 [1]·🔴🔴)
[한국이력 검역] 거부 — 파일=부산 7R / 본문 raceKey=삿포로 7경주 (경마장 불일치)
[결과기록] 캐시 갱신 — 재파싱 2건 / 전체 1680건
[복승불일치 축교정] 사세보 2경주: 축 [2, 7]로 교정(자금이탈 강등 [1]·🔴🔴)
[각질편성] 삿포로 7경주: 선행0·선입0·추입0 → 🐌 느린 페이스
[복승불일치 축교정] 기후 2경주: 축 [3, 4]로 교정(자금이탈 강등 [6]·🔴🔴)
[복승불일치 축교정] 사세보 3경주: 축 [1, 5]로 교정(자금이탈 강등 [7]·🔴🔴)
[복승불일치 축교정] 오다와라 3경주: 축 [3, 9]로 교정(자금이탈 강등 [1]·🔴)
[복승불일치 축교정] 기후 3경주: 축 [5, 7]로 교정(자금이탈 강등 [4]·🔴🔴)
[복승불일치 축교정] 사세보 4경주: 축 [1, 4]로 교정(자금이탈 강등 [7]·🔴🔴)
[placeholder 필터] 오다와라 4경주 쌍승 껍데기 배당 4조합 제외(값: [859.9])
[복승불일치 축교정] 기후 4경주: 축 [1, 4]로 교정(자금이탈 강등 [2]·🔴🔴)
[각질편성] 오다와라 5경주: 선행3·선입0·추입6 → ⚡ 빠른 페이스
[경륜전개] 오다와라 5경주: 슬로우(단독 선행) · 라인 3개 · 페어 [[2, 5], [1, 8], [3, 7]]
[각질편성] 기후 5경주: 선행2·선입0·추입5 → 보통 페이스
[경륜전개] 기후 5경주: 보통 · 라인 2개 · 페어 [[1, 5], [3, 7]]
[각질편성] 사세보 6경주: 선행3·선입0·추입3 → ⚡ 빠른 페이스
[경륜전개] 사세보 6경주: 보통 · 라인 3개 · 페어 [[4, 2], [1, 5]]
[각질편성] 오다와라 6경주: 선행3·선입0·추입6 → ⚡ 빠른 페이스
[경륜전개] 오다와라 6경주: 보통 · 라인 3개 · 페어 [[1, 9], [5, 2], [8, 3]]
[각질편성] 기후 6경주: 선행1·선입0·추입5 → 🐌 느린 페이스
[경륜전개] 기후 6경주: 슬로우(단독 선행) · 라인 2개 · 페어 [[1, 2]]
[placeholder 필터] 사세보 7경주 복승 껍데기 배당 3조합 제외(값: [124.7])
[각질편성] 사세보 7경주: 선행2·선입0·추입5 → 보통 페이스
[경륜전개] 사세보 7경주: 보통 · 라인 2개 · 페어 [[5, 3], [6, 1]]
[복병 이동 상한] 3+4 59.8배 > 특별상한 50.0배 → 💎 노출 제외(참고)
[복병 이동 상한] 2+3 96.5배 > 특별상한 50.0배 → 💎 노출 제외(참고)
[경륜 추천 모순 수정] 고배당 강제조합 2건 메인→복병 이동(25배 상한)
[각질편성] 삿포로 6경주: 선행0·선입0·추입0 → 🐌 느린 페이스
[각질편성] 삿포로 7경주: 선행0·선입0·추입0 → 🐌 느린 페이스
[각질편성] 삿포로 7경주: 선행0·선입0·추입0 → 🐌 느린 페이스
[각질편성] 삿포로 7경주: 선행0·선입0·추입0 → 🐌 느린 페이스
[각질편성] 삿포로 7경주: 선행0·선입0·추입0 → 🐌 느린 페이스
[각질편성] 삿포로 7경주: 선행0·선입0·추입0 → 🐌 느린 페이스
[3종 수집] 사세보 7경주: {'quinella': 21, 'exacta': 42, 'trio': 0, 'win': 0} (history 6)
[placeholder 필터] 사세보 7경주 복승 껍데기 배당 3조합 제외(값: [124.7])
[각질편성] 사세보 7경주: 선행2·선입0·추입5 → 보통 페이스
[경륜전개] 사세보 7경주: 보통 · 라인 2개 · 페어 [[5, 3], [6, 1]]
[복병 이동 상한] 3+4 59.8배 > 특별상한 50.0배 → 💎 노출 제외(참고)
[복병 이동 상한] 2+3 96.5배 > 특별상한 50.0배 → 💎 노출 제외(참고)
[경륜 추천 모순 수정] 고배당 강제조합 2건 메인→복병 이동(25배 상한)
[자동분석·배경] 사세보 7경주: 마감 406초 전 재분석(rec_history 누적·cycle)
[각질편성] 삿포로 7경주: 선행0·선입0·추입0 → 🐌 느린 페이스
[각질편성] 삿포로 7경주: 선행0·선입0·추입0 → 🐌 느린 페이스
[각질편성] 삿포로 7경주: 선행0·선입0·추입0 → 🐌 느린 페이스
[각질편성] 삿포로 7경주: 선행0·선입0·추입0 → 🐌 느린 페이스
[각질편성] 삿포로 7경주: 선행0·선입0·추입0 → 🐌 느린 페이스
[각질편성] 삿포로 7경주: 선행0·선입0·추입0 → 🐌 느린 페이스
[3종 수집] 삿포로 7경주: {'quinella': 66, 'exacta': 0, 'trio': 220, 'win': 0} (history 12)
[JRA수집] 1경주 수집 · 0경주 생략(확장 우선) · 0.33초 · 다음 60초 · 🔬관찰모드
[각질편성] 삿포로 7경주: 선행0·선입0·추입0 → 🐌 느린 페이스
[스냅샷] 저장: 2026_08_01_삿포로_7경주_T-2.png (761 KB · T-2)
[스냅샷] 저장: 2026_08_01_삿포로_7경주_T-2.png (766 KB · T-2)
[각질편성] 삿포로 7경주: 선행0·선입0·추입0 → 🐌 느린 페이스
[각질편성] 삿포로 7경주: 선행0·선입0·추입0 → 🐌 느린 페이스
[각질편성] 삿포로 7경주: 선행0·선입0·추입0 → 🐌 느린 페이스
[각질편성] 삿포로 6경주: 선행0·선입0·추입0 → 🐌 느린 페이스
[복승불일치 축교정] 아오모리 4경주: 축 [1, 4]로 교정(자금이탈 강등 [7]·🔴🔴)
[각질편성] 삿포로 7경주: 선행0·선입0·추입0 → 🐌 느린 페이스
[각질편성] 삿포로 7경주: 선행0·선입0·추입0 → 🐌 느린 페이스
[각질편성] 삿포로 6경주: 선행0·선입0·추입0 → 🐌 느린 페이스
[각질편성] 삿포로 7경주: 선행0·선입0·추입0 → 🐌 느린 페이스
[각질편성] 삿포로 7경주: 선행0·선입0·추입0 → 🐌 느린 페이스
[한국 전적] 삿포로 7경주: 11두 저장(PDF, 전적 11두)
[각질편성] 삿포로 7경주: 선행0·선입0·추입0 → 🐌 느린 페이스
[다중경주] 저장 실패: [WinError 5] 액세스가 거부되었습니다: 'C:\\Users\\Administrator\\Desktop\\경마분석서버\\data\\multi_race_store.json.tmp' -> 'C:\\Users\\Administrator\\Desktop\\경마분석서버\\data\\multi_race_store.json'
[분석로그] 저장 실패: [WinError 32] 다른 프로세스가 파일을 사용 중이기 때문에 프로세스가 액세스 할 수 없습니다: 'C:\\Users\\Administrator\\Desktop\\경마분석서버\\data\\analysis_log\\2026_08_01_삿포로_7경주.json.tmp' -> 'C:\\Users\\Administrator\\Desktop\\경마분석서버\\data\\analysis_log\\2026_08_01_삿포로_7경주.json'
[각질편성] 삿포로 7경주: 선행0·선입0·추입0 → 🐌 느린 페이스
[복승불일치 축교정] 아오모리 5경주: 축 [1, 3]로 교정(자금이탈 강등 [6]·🔴)
[3종 수집] 사세보 7경주: {'quinella': 21, 'exacta': 42, 'trio': 0, 'win': 0} (history 7)
[placeholder 필터] 사세보 7경주 복승 껍데기 배당 3조합 제외(값: [124.7])
[각질편성] 사세보 7경주: 선행2·선입0·추입5 → 보통 페이스
[경륜전개] 사세보 7경주: 보통 · 라인 2개 · 페어 [[5, 3], [6, 1]]
[각질편성] 삿포로 7경주: 선행0·선입0·추입0 → 🐌 느린 페이스
[복병 이동 상한] 3+4 59.8배 > 특별상한 50.0배 → 💎 노출 제외(참고)
[복병 이동 상한] 2+3 96.5배 > 특별상한 50.0배 → 💎 노출 제외(참고)
[경륜 추천 모순 수정] 고배당 강제조합 2건 메인→복병 이동(25배 상한)
[자동분석·배경] 사세보 7경주: 마감 374초 전 재분석(rec_history 누적·cycle)
[결과기록] 캐시 갱신 — 재파싱 2건 / 전체 1680건
[한국이력 검역] 거부 — 파일=부산 7R / 본문 raceKey=삿포로 7경주 (경마장 불일치)
[각질편성] 삿포로 7경주: 선행0·선입0·추입0 → 🐌 느린 페이스
[각질편성] 삿포로 7경주: 선행0·선입0·추입0 → 🐌 느린 페이스
[placeholder 필터] 호후 6경주 쌍승 껍데기 배당 3조합 제외(값: [300.2])
[복승불일치 축교정] 호후 6경주: 축 [1, 5]로 교정(자금이탈 강등 [7]·🔴)
[placeholder 필터] 아오모리 7경주 쌍승 껍데기 배당 3조합 제외(값: [1703.0])
[분석로그] 저장 실패: [WinError 2] 지정된 파일을 찾을 수 없습니다: 'C:\\Users\\Administrator\\Desktop\\경마분석서버\\data\\analysis_log\\2026_08_01_삿포로_7경주.json.tmp' -> 'C:\\Users\\Administrator\\Desktop\\경마분석서버\\data\\analysis_log\\2026_08_01_삿포로_7경주.json'
[복승불일치 축교정] 호후 7경주: 축 [2, 5]로 교정(자금이탈 강등 [1]·🔴🔴)
[복승불일치 축교정] 사세보 2경주: 축 [2, 7]로 교정(자금이탈 강등 [1]·🔴🔴)
[복승불일치 축교정] 기후 2경주: 축 [3, 4]로 교정(자금이탈 강등 [6]·🔴🔴)
[복승불일치 축교정] 사세보 3경주: 축 [1, 5]로 교정(자금이탈 강등 [7]·🔴🔴)
[복승불일치 축교정] 오다와라 3경주: 축 [3, 9]로 교정(자금이탈 강등 [1]·🔴)
[복승불일치 축교정] 기후 3경주: 축 [5, 7]로 교정(자금이탈 강등 [4]·🔴🔴)
[복승불일치 축교정] 사세보 4경주: 축 [1, 4]로 교정(자금이탈 강등 [7]·🔴🔴)
[placeholder 필터] 오다와라 4경주 쌍승 껍데기 배당 4조합 제외(값: [859.9])
[복승불일치 축교정] 기후 4경주: 축 [1, 4]로 교정(자금이탈 강등 [2]·🔴🔴)
[각질편성] 오다와라 5경주: 선행3·선입0·추입6 → ⚡ 빠른 페이스
[경륜전개] 오다와라 5경주: 슬로우(단독 선행) · 라인 3개 · 페어 [[2, 5], [1, 8], [3, 7]]
[각질편성] 기후 5경주: 선행2·선입0·추입5 → 보통 페이스
[경륜전개] 기후 5경주: 보통 · 라인 2개 · 페어 [[1, 5], [3, 7]]
[각질편성] 사세보 6경주: 선행3·선입0·추입3 → ⚡ 빠른 페이스
[경륜전개] 사세보 6경주: 보통 · 라인 3개 · 페어 [[4, 2], [1, 5]]
[각질편성] 오다와라 6경주: 선행3·선입0·추입6 → ⚡ 빠른 페이스
[경륜전개] 오다와라 6경주: 보통 · 라인 3개 · 페어 [[1, 9], [5, 2], [8, 3]]
[각질편성] 기후 6경주: 선행1·선입0·추입5 → 🐌 느린 페이스
[경륜전개] 기후 6경주: 슬로우(단독 선행) · 라인 2개 · 페어 [[1, 2]]
[placeholder 필터] 사세보 7경주 복승 껍데기 배당 3조합 제외(값: [124.7])
[각질편성] 사세보 7경주: 선행2·선입0·추입5 → 보통 페이스
[경륜전개] 사세보 7경주: 보통 · 라인 2개 · 페어 [[5, 3], [6, 1]]
[복병 이동 상한] 3+4 59.8배 > 특별상한 50.0배 → 💎 노출 제외(참고)
[복병 이동 상한] 2+3 96.5배 > 특별상한 50.0배 → 💎 노출 제외(참고)
[경륜 추천 모순 수정] 고배당 강제조합 2건 메인→복병 이동(25배 상한)
[각질편성] 삿포로 6경주: 선행0·선입0·추입0 → 🐌 느린 페이스
[각질편성] 삿포로 7경주: 선행0·선입0·추입0 → 🐌 느린 페이스
[각질편성] 삿포로 6경주: 선행0·선입0·추입0 → 🐌 느린 페이스
[각질편성] 삿포로 7경주: 선행0·선입0·추입0 → 🐌 느린 페이스
[T-2분 왕축 동결] 삿포로 7경주: [6, 10] → [6, 10] 유지(cur_mb=2)
[각질편성] 삿포로 7경주: 선행0·선입0·추입0 → 🐌 느린 페이스
[T-2분 왕축 동결] 삿포로 7경주: [6, 10] → [6, 10] 유지(cur_mb=2)
[각질편성] 삿포로 7경주: 선행0·선입0·추입0 → 🐌 느린 페이스
[T-2분 왕축 동결] 삿포로 7경주: [6, 10] → [6, 10] 유지(cur_mb=2)
[복승불일치 축교정] 아오모리 4경주: 축 [1, 4]로 교정(자금이탈 강등 [7]·🔴🔴)
[3종 수집] 삿포로 7경주: {'quinella': 55, 'exacta': 0, 'trio': 0, 'win': 0} (history 12)
[각질편성] 삿포로 7경주: 선행0·선입0·추입0 → 🐌 느린 페이스
[각질편성] 삿포로 7경주: 선행0·선입0·추입0 → 🐌 느린 페이스
[T-2분 왕축 동결] 삿포로 7경주: [6, 10] → [6, 10] 유지(cur_mb=1)
[T-2분 왕축 동결] 삿포로 7경주: [6, 10] → [6, 10] 유지(cur_mb=1)
[각질편성] 삿포로 6경주: 선행0·선입0·추입0 → 🐌 느린 페이스
[각질편성] 삿포로 7경주: 선행0·선입0·추입0 → 🐌 느린 페이스
[T-2분 왕축 동결] 삿포로 7경주: [6, 10] → [6, 10] 유지(cur_mb=1)
[각질편성] 삿포로 7경주: 선행0·선입0·추입0 → 🐌 느린 페이스
[각질편성] 삿포로 7경주: 선행0·선입0·추입0 → 🐌 느린 페이스
[T-2분 왕축 동결] 삿포로 7경주: [6, 10] → [6, 10] 유지(cur_mb=1)
[한국 전적] 삿포로 7경주: 11두 저장(PDF, 전적 11두)
[T-2분 왕축 동결] 삿포로 7경주: [6, 10] → [6, 10] 유지(cur_mb=1)
[각질편성] 삿포로 7경주: 선행0·선입0·추입0 → 🐌 느린 페이스
[T-2분 왕축 동결] 삿포로 7경주: [6, 10] → [6, 10] 유지(cur_mb=1)
[각질편성] 삿포로 7경주: 선행0·선입0·추입0 → 🐌 느린 페이스
[각질편성] 삿포로 7경주: 선행0·선입0·추입0 → 🐌 느린 페이스
[T-2분 왕축 동결] 삿포로 7경주: [6, 10] → [6, 10] 유지(cur_mb=1)
[T-2분 왕축 동결] 삿포로 7경주: [6, 10] → [6, 10] 유지(cur_mb=1)
[한국이력 검역] 거부 — 파일=부산 7R / 본문 raceKey=삿포로 7경주 (경마장 불일치)
[각질편성] 삿포로 7경주: 선행0·선입0·추입0 → 🐌 느린 페이스
[T-2분 왕축 동결] 삿포로 7경주: [6, 10] → [6, 10] 유지(cur_mb=1)
[각질편성] 삿포로 7경주: 선행0·선입0·추입0 → 🐌 느린 페이스
[T-2분 왕축 동결] 삿포로 7경주: [6, 10] → [6, 10] 유지(cur_mb=1)
[각질편성] 삿포로 6경주: 선행0·선입0·추입0 → 🐌 느린 페이스
[각질편성] 삿포로 7경주: 선행0·선입0·추입0 → 🐌 느린 페이스
[각질편성] 삿포로 7경주: 선행0·선입0·추입0 → 🐌 느린 페이스
[각질편성] 삿포로 7경주: 선행0·선입0·추입0 → 🐌 느린 페이스
[T-2분 왕축 동결] 삿포로 7경주: [6, 10] → [6, 10] 유지(cur_mb=1)
[T-2분 왕축 동결] 삿포로 7경주: [6, 10] → [6, 10] 유지(cur_mb=1)
[T-2분 왕축 동결] 삿포로 7경주: [6, 10] → [6, 10] 유지(cur_mb=1)
[3종 수집] 사세보 7경주: {'quinella': 21, 'exacta': 42, 'trio': 0, 'win': 0} (history 8)
[각질편성] 삿포로 7경주: 선행0·선입0·추입0 → 🐌 느린 페이스
[각질편성] 사세보 7경주: 선행2·선입0·추입5 → 보통 페이스
[T-2분 왕축 동결] 삿포로 7경주: [6, 10] → [6, 10] 유지(cur_mb=1)
[경륜전개] 사세보 7경주: 보통 · 라인 2개 · 페어 [[5, 3], [6, 1]]
[경륜 추천 모순 수정] 고배당 강제조합 1건 메인→복병 이동(25배 상한)
[자동분석·배경] 사세보 7경주: 마감 338초 전 재분석(rec_history 누적·cycle)
서버 시작: http://127.0.0.1:8011 (debug=True, 로컬은 자동 리로드 ON)
  · Gemini 검수 호출 : ⏸️ 꺼짐 — 일시 중단 (GEMINI_REVIEW_ENABLED)
  · Gemini 카카오발송: ⏸️ 꺼짐 — 일시 중단 (GEMINI_KAKAO_ENABLED)
  · 결정론 검수(②④) : 🟢 항상 동작 (logs/det_review/) · 경주 추천 카카오: 🟢 정상
  · Gemini 독립예측  : ✅ 켜짐
  · 선택 모듈 로드          ✅ 전부 정상
  --- 환경 플래그(자동 수집) ---
  · GEMINI_FORECAST_ENABLED    🟢 켜짐
[주기백업] 6시간 주기 데이터 안전 백업 스레드 시작
[학습일지] 매일 22:00 학습 일지 자동 생성 스케줄러 시작
[체크리스트 카카오] 자동 발송 스케줄러 시작(매일 21:00 · 60초 폴링 · HEALTH_KAKAO_HOUR)
[다중경주] 백그라운드 시작(스케줄 30분·수집 30초·실패격리·워치독 60초)
[JRA수집] 중앙경마 백그라운드 시작(60초 · 마감15분창 · type[4, 7] · 🔬관찰모드(추천 미반영))
[날씨] 자동수집 데몬 시작(30분 캐시· 키 없음→더미)
[다중경주] 하트비트 #1 · 스케줄 ymd=20260801 (-1초 전 갱신 · 트랙 12개)
[결과 백필] 데몬 시작(20분 주기·당일 미입력 자동수집 — 한국:KRA rcTime · 일본NAR:keiba RaceMarkTable·watch 무관)
[부팅] 백그라운드 작업 기동 완료(자동수집·백업·학습·날짜정리)
[각질편성] 삿포로 6경주: 선행0·선입0·추입0 → 🐌 느린 페이스
[각질편성] 삿포로 7경주: 선행0·선입0·추입0 → 🐌 느린 페이스
⏸ [폴링 저장 가드] 삿포로 6경주: 마감 후 readonly → 로그 저장 생략(분석·표시는 정상)
[각질편성] 삿포로 7경주: 선행0·선입0·추입0 → 🐌 느린 페이스
[3종 수집] 사세보 7경주: {'quinella': 21, 'exacta': 42, 'trio': 0, 'win': 0} (history 9)
[각질편성] 삿포로 7경주: 선행0·선입0·추입0 → 🐌 느린 페이스
[복승불일치 축교정] 아오모리 4경주: 축 [1, 4]로 교정(자금이탈 강등 [7]·🔴🔴)
[결과기록] 캐시 갱신 — 재파싱 1680건 / 전체 1680건
[복승불일치 축교정] 아오모리 5경주: 축 [1, 3]로 교정(자금이탈 강등 [6]·🔴)
[각질편성] 삿포로 7경주: 선행0·선입0·추입0 → 🐌 느린 페이스
🔮 [예측] 사세보 7경주: top3=[5, 7, 2] conf=4 · 5번은 최근 예선에서 부진했으나, 전전 대회까지의 성적과 '두번째 날에는
[placeholder 필터] 호후 6경주 쌍승 껍데기 배당 3조합 제외(값: [300.2])
[복승불일치 축교정] 호후 6경주: 축 [1, 5]로 교정(자금이탈 강등 [7]·🔴)
[각질편성] 삿포로 7경주: 선행0·선입0·추입0 → 🐌 느린 페이스
[placeholder 필터] 아오모리 7경주 쌍승 껍데기 배당 3조합 제외(값: [1703.0])
[복승불일치 축교정] 호후 7경주: 축 [2, 5]로 교정(자금이탈 강등 [1]·🔴🔴)
[복승불일치 축교정] 사세보 2경주: 축 [2, 7]로 교정(자금이탈 강등 [1]·🔴🔴)
[복승불일치 축교정] 기후 2경주: 축 [3, 4]로 교정(자금이탈 강등 [6]·🔴🔴)
[각질편성] 삿포로 6경주: 선행0·선입0·추입0 → 🐌 느린 페이스
[복승불일치 축교정] 사세보 3경주: 축 [1, 5]로 교정(자금이탈 강등 [7]·🔴🔴)
[3종 수집] 삿포로 7경주: {'quinella': 55, 'exacta': 0, 'trio': 0, 'win': 0} (history 12)
[복승불일치 축교정] 오다와라 3경주: 축 [3, 9]로 교정(자금이탈 강등 [1]·🔴)
[각질편성] 삿포로 7경주: 선행0·선입0·추입0 → 🐌 느린 페이스
[복승불일치 축교정] 기후 3경주: 축 [5, 7]로 교정(자금이탈 강등 [4]·🔴🔴)
[복승불일치 축교정] 사세보 4경주: 축 [1, 4]로 교정(자금이탈 강등 [7]·🔴🔴)
[placeholder 필터] 오다와라 4경주 쌍승 껍데기 배당 4조합 제외(값: [859.9])
[각질편성] 삿포로 7경주: 선행0·선입0·추입0 → 🐌 느린 페이스
[각질편성] 삿포로 7경주: 선행0·선입0·추입0 → 🐌 느린 페이스
[복승불일치 축교정] 기후 4경주: 축 [1, 4]로 교정(자금이탈 강등 [2]·🔴🔴)
[각질편성] 삿포로 7경주: 선행0·선입0·추입0 → 🐌 느린 페이스
[한국 전적] 삿포로 7경주: 11두 저장(PDF, 전적 11두)
[각질편성] 삿포로 7경주: 선행0·선입0·추입0 → 🐌 느린 페이스
[각질편성] 오다와라 5경주: 선행3·선입0·추입6 → ⚡ 빠른 페이스
[경륜전개] 오다와라 5경주: 슬로우(단독 선행) · 라인 3개 · 페어 [[2, 5], [1, 8], [3, 7]]
[각질편성] 기후 5경주: 선행2·선입0·추입5 → 보통 페이스
[경륜전개] 기후 5경주: 보통 · 라인 2개 · 페어 [[1, 5], [3, 7]]
서버 시작: http://127.0.0.1:8011 (debug=True, 로컬은 자동 리로드 ON)
  · Gemini 검수 호출 : ⏸️ 꺼짐 — 일시 중단 (GEMINI_REVIEW_ENABLED)
  · Gemini 카카오발송: ⏸️ 꺼짐 — 일시 중단 (GEMINI_KAKAO_ENABLED)
  · 결정론 검수(②④) : 🟢 항상 동작 (logs/det_review/) · 경주 추천 카카오: 🟢 정상
  · Gemini 독립예측  : ✅ 켜짐
  · 선택 모듈 로드          ✅ 전부 정상
  --- 환경 플래그(자동 수집) ---
  · GEMINI_FORECAST_ENABLED    🟢 켜짐
[주기백업] 6시간 주기 데이터 안전 백업 스레드 시작
[학습일지] 매일 22:00 학습 일지 자동 생성 스케줄러 시작
[체크리스트 카카오] 자동 발송 스케줄러 시작(매일 21:00 · 60초 폴링 · HEALTH_KAKAO_HOUR)
[다중경주] 백그라운드 시작(스케줄 30분·수집 30초·실패격리·워치독 60초)
[JRA수집] 중앙경마 백그라운드 시작(60초 · 마감15분창 · type[4, 7] · 🔬관찰모드(추천 미반영))
[다중경주] 하트비트 #1 · 스케줄 ymd=20260801 (-1초 전 갱신 · 트랙 12개)
[JRA결과] 착순·확정배당 수집 시작(300초 · 발주+8분 · 재시도 [8, 15, 25]분 · run-first)
[날씨] 자동수집 데몬 시작(30분 캐시· 키 없음→더미)
[결과 백필] 데몬 시작(20분 주기·당일 미입력 자동수집 — 한국:KRA rcTime · 일본NAR:keiba RaceMarkTable·watch 무관)
[부팅] 백그라운드 작업 기동 완료(자동수집·백업·학습·날짜정리)
[한국이력 검역] 거부 — 파일=부산 7R / 본문 raceKey=삿포로 7경주 (경마장 불일치)
[각질편성] 삿포로 7경주: 선행0·선입0·추입0 → 🐌 느린 페이스
[각질편성] 삿포로 7경주: 선행0·선입0·추입0 → 🐌 느린 페이스
[각질편성] 삿포로 6경주: 선행0·선입0·추입0 → 🐌 느린 페이스
[각질편성] 삿포로 7경주: 선행0·선입0·추입0 → 🐌 느린 페이스
[각질편성] 삿포로 7경주: 선행0·선입0·추입0 → 🐌 느린 페이스
⏸ [폴링 저장 가드] 삿포로 6경주: 마감 후 readonly → 로그 저장 생략(분석·표시는 정상)
[활성정리] 끝난 경주 1건 제거(히스토리 보존): 기후 5경주
[3종 수집] 사세보 7경주: {'quinella': 21, 'exacta': 42, 'trio': 0, 'win': 0} (history 10)
