서버 시작: http://127.0.0.1:8011 (debug=True, 로컬은 자동 리로드 ON)
  · Gemini 검수 호출 : ⏸️ 꺼짐 — 일시 중단 (GEMINI_REVIEW_ENABLED)
  · Gemini 카카오발송: ⏸️ 꺼짐 — 일시 중단 (GEMINI_KAKAO_ENABLED)
  · 결정론 검수(②④) : 🟢 항상 동작 (logs/det_review/) · 경주 추천 카카오: 🟢 정상
  · Gemini 독립예측  : ✅ 켜짐
  · 선택 모듈 로드          ✅ 전부 정상
  --- 환경 플래그(자동 수집) ---
  · GEMINI_FORECAST_ENABLED    🟢 켜짐
 * Serving Flask app 'app'
 * Debug mode: on
서버 시작: http://127.0.0.1:8011 (debug=True, 로컬은 자동 리로드 ON)
  · Gemini 검수 호출 : ⏸️ 꺼짐 — 일시 중단 (GEMINI_REVIEW_ENABLED)
  · Gemini 카카오발송: ⏸️ 꺼짐 — 일시 중단 (GEMINI_KAKAO_ENABLED)
  · 결정론 검수(②④) : 🟢 항상 동작 (logs/det_review/) · 경주 추천 카카오: 🟢 정상
  · Gemini 독립예측  : ✅ 켜짐
  · 선택 모듈 로드          ✅ 전부 정상
  --- 환경 플래그(자동 수집) ---
  · GEMINI_FORECAST_ENABLED    🟢 켜짐
[주기백업] 6시간 주기 데이터 안전 백업 스레드 시작
[학습일지] 매일 22:00 학습 일지 자동 생성 스케줄러 시작
[체크리스트 카카오] 자동 발송 스케줄러 시작(매일 21:00 · 60초 폴링 · HEALTH_KAKAO_HOUR)
[다중경주] 백그라운드 시작(스케줄 30분·수집 30초·실패격리·워치독 60초)
[다중경주] 하트비트 #1 · 스케줄 ymd=20260801 (-1초 전 갱신 · 트랙 12개)
[JRA수집] 중앙경마 백그라운드 시작(60초 · 마감15분창 · type[4, 7] · 🔬관찰모드(추천 미반영))
[JRA결과] 착순·확정배당 수집 시작(300초 · 발주+8분 · 재시도 [8, 15, 25]분 · run-first)
[날씨] 자동수집 데몬 시작(30분 캐시· 키 없음→더미)
[결과 백필] 데몬 시작(20분 주기·당일 미입력 자동수집 — 한국:KRA rcTime · 일본NAR:keiba RaceMarkTable·watch 무관)
[부팅] 백그라운드 작업 기동 완료(자동수집·백업·학습·날짜정리)
[3종 수집] 삿포로 7경주: {'quinella': 55, 'exacta': 0, 'trio': 0, 'win': 0} (history 12)
[각질편성] 삿포로 7경주: 선행0·선입0·추입0 → 🐌 느린 페이스
[3종 수집] 사세보 7경주: {'quinella': 21, 'exacta': 42, 'trio': 0, 'win': 0} (history 12)
[각질편성] 삿포로 7경주: 선행0·선입0·추입0 → 🐌 느린 페이스
🔮 [예측] 사세보 7경주: top3=[5, 7, 2] conf=4 · 선행형 5번(治田 知也)과 6번(邊見 光輝)이 같은 라인 구도에 속하지 
[각질편성] 사세보 7경주: 선행2·선입0·추입5 → 보통 페이스
[경륜전개] 사세보 7경주: 보통 · 라인 2개 · 페어 [[5, 3], [6, 1]]
[경륜 추천 모순 수정] 고배당 강제조합 1건 메인→복병 이동(25배 상한)
[삼복승 축보험] 편성 스킵(무시): cannot access local variable '_tri_odds' where it is not associated with a value
🔎 [결정론 검수] 사세보 7경주: B라인누락
[자동예상] 사세보 7경주 최종예상 저장(2026_08_01_사세보_7경주.json)
[각질편성] 사세보 7경주: 선행2·선입0·추입5 → 보통 페이스
[경륜전개] 사세보 7경주: 보통 · 라인 2개 · 페어 [[5, 3], [6, 1]]
[경륜 추천 모순 수정] 고배당 강제조합 1건 메인→복병 이동(25배 상한)
[삼복승 축보험] 편성 스킵(무시): cannot access local variable '_tri_odds' where it is not associated with a value
[카카오알림] 사세보 7경주 T-5 → 큐 적재
[각질편성] 삿포로 7경주: 선행0·선입0·추입0 → 🐌 느린 페이스
[경륜 스케줄] 20260801: 경륜장 10곳 · 경주 94개(서버 직접수집·로그인 불필요)
[각질편성] 삿포로 7경주: 선행0·선입0·추입0 → 🐌 느린 페이스
[각질편성] 삿포로 7경주: 선행0·선입0·추입0 → 🐌 느린 페이스
[스냅샷] 저장: 2026_08_01_삿포로_7경주_마감후.png (717 KB · close)
[readonly 잠금] 삿포로 7경주: 마감 확정 파일 — corePicks/시계열 보존, result/hit만 업데이트 허용
[마감 동결] 삿포로 7경주: 확정본 복원(출처 closed_row · 기준 13:18:22)
⏸ [폴링 저장 가드] 삿포로 7경주: 마감 후 readonly → 로그 저장 생략(분석·표시는 정상)
[스냅샷] 저장: 2026_08_01_삿포로_7경주_마감후.png (729 KB · close)
[각질편성] 삿포로 7경주: 선행0·선입0·추입0 → 🐌 느린 페이스
[한국경마 스케줄] 20260801: 경마장 0곳 · 경주 0개(KRA API 감지·발주시각 미제공)
[다중경주 스케줄] 20260801: 트랙 12곳(경륜 10·한국 0 포함) · 경주 118개
[각질편성] 삿포로 7경주: 선행0·선입0·추입0 → 🐌 느린 페이스
[3종 수집] 사세보 7경주: {'quinella': 21, 'exacta': 42, 'trio': 0, 'win': 0} (history 12)
[각질편성] 삿포로 7경주: 선행0·선입0·추입0 → 🐌 느린 페이스
[복승불일치 축교정] 아오모리 4경주: 축 [1, 4]로 교정(자금이탈 강등 [7]·🔴🔴)
[각질편성] 삿포로 7경주: 선행0·선입0·추입0 → 🐌 느린 페이스
[각질편성] 사세보 7경주: 선행2·선입0·추입5 → 보통 페이스
[경륜전개] 사세보 7경주: 보통 · 라인 2개 · 페어 [[5, 3], [6, 1]]
[경륜 추천 모순 수정] 고배당 강제조합 1건 메인→복병 이동(25배 상한)
[자동분석·배경] 사세보 7경주: 마감 254초 전 재분석(rec_history 누적·cycle)
[카톡 변경알림·즉시] 사세보 7경주 (남은 254s): 복승 추가: 3+5 / 삼복승 제외: 1+5+7 · 3+5+7
[3종 수집] 삿포로 7경주: {'quinella': 55, 'exacta': 0, 'trio': 0, 'win': 0} (history 12)
[각질편성] 삿포로 7경주: 선행0·선입0·추입0 → 🐌 느린 페이스
[결과기록] 캐시 갱신 — 재파싱 1680건 / 전체 1680건
[복승불일치 축교정] 아오모리 5경주: 축 [1, 3]로 교정(자금이탈 강등 [6]·🔴)
[placeholder 필터] 호후 6경주 쌍승 껍데기 배당 3조합 제외(값: [300.2])
[복승불일치 축교정] 호후 6경주: 축 [1, 5]로 교정(자금이탈 강등 [7]·🔴)
[placeholder 필터] 아오모리 7경주 쌍승 껍데기 배당 3조합 제외(값: [1703.0])
[각질편성] 삿포로 7경주: 선행0·선입0·추입0 → 🐌 느린 페이스
[복승불일치 축교정] 호후 7경주: 축 [2, 5]로 교정(자금이탈 강등 [1]·🔴🔴)
[복승불일치 축교정] 사세보 2경주: 축 [2, 7]로 교정(자금이탈 강등 [1]·🔴🔴)
[복승불일치 축교정] 기후 2경주: 축 [3, 4]로 교정(자금이탈 강등 [6]·🔴🔴)
[복승불일치 축교정] 사세보 3경주: 축 [1, 5]로 교정(자금이탈 강등 [7]·🔴🔴)
[복승불일치 축교정] 오다와라 3경주: 축 [3, 9]로 교정(자금이탈 강등 [1]·🔴)
[복승불일치 축교정] 기후 3경주: 축 [5, 7]로 교정(자금이탈 강등 [4]·🔴🔴)
[복승불일치 축교정] 사세보 4경주: 축 [1, 4]로 교정(자금이탈 강등 [7]·🔴🔴)
[placeholder 필터] 오다와라 4경주 쌍승 껍데기 배당 4조합 제외(값: [859.9])
[복승불일치 축교정] 기후 4경주: 축 [1, 4]로 교정(자금이탈 강등 [2]·🔴🔴)
[각질편성] 오다와라 5경주: 선행3·선입0·추입6 → ⚡ 빠른 페이스
[경륜전개] 오다와라 5경주: 슬로우(단독 선행) · 라인 3개 · 페어 [[2, 5], [1, 8], [3, 7]]
[각질편성] 기후 5경주: 선행2·선입0·추입5 → 보통 페이스
[경륜전개] 기후 5경주: 보통 · 라인 2개 · 페어 [[1, 5], [3, 7]]
[각질편성] 사세보 6경주: 선행3·선입0·추입3 → ⚡ 빠른 페이스
[경륜전개] 사세보 6경주: 보통 · 라인 3개 · 페어 [[4, 2], [1, 5]]
[각질편성] 오다와라 6경주: 선행3·선입0·추입6 → ⚡ 빠른 페이스
[경륜전개] 오다와라 6경주: 보통 · 라인 3개 · 페어 [[1, 9], [5, 2], [8, 3]]
[각질편성] 기후 6경주: 선행1·선입0·추입5 → 🐌 느린 페이스
[경륜전개] 기후 6경주: 슬로우(단독 선행) · 라인 2개 · 페어 [[1, 2]]
[각질편성] 사세보 7경주: 선행2·선입0·추입5 → 보통 페이스
[경륜전개] 사세보 7경주: 보통 · 라인 2개 · 페어 [[5, 3], [6, 1]]
[경륜 추천 모순 수정] 고배당 강제조합 1건 메인→복병 이동(25배 상한)
[각질편성] 삿포로 6경주: 선행0·선입0·추입0 → 🐌 느린 페이스
[각질편성] 삿포로 7경주: 선행0·선입0·추입0 → 🐌 느린 페이스
[각질편성] 삿포로 7경주: 선행0·선입0·추입0 → 🐌 느린 페이스[각질편성] 삿포로 7경주: 선행0·선입0·추입0 → 🐌 느린 페이스

[각질편성] 삿포로 7경주: 선행0·선입0·추입0 → 🐌 느린 페이스
[JRA수집] 0경주 수집 · 1경주 생략(확장 우선) · 0.01초 · 다음 25초 · ⏱마감임박 · 🔬관찰모드
[각질편성] 삿포로 7경주: 선행0·선입0·추입0 → 🐌 느린 페이스
[3종 수집] 삿포로 7경주: {'quinella': 55, 'exacta': 0, 'trio': 0, 'win': 0} (history 12)
[각질편성] 삿포로 7경주: 선행0·선입0·추입0 → 🐌 느린 페이스
[3종 수집] 사세보 7경주: {'quinella': 21, 'exacta': 42, 'trio': 0, 'win': 0} (history 12)
[각질편성] 사세보 7경주: 선행2·선입0·추입5 → 보통 페이스
[경륜전개] 사세보 7경주: 보통 · 라인 2개 · 페어 [[5, 3], [6, 1]]
[경륜 추천 모순 수정] 고배당 강제조합 1건 메인→복병 이동(25배 상한)
[자동분석·배경] 사세보 7경주: 마감 221초 전 재분석(rec_history 누적·cycle)
[각질편성] 삿포로 7경주: 선행0·선입0·추입0 → 🐌 느린 페이스
[각질편성] 삿포로 7경주: 선행0·선입0·추입0 → 🐌 느린 페이스
[JRA수집] 0경주 수집 · 1경주 생략(확장 우선) · 0.01초 · 다음 25초 · ⏱마감임박 · 🔬관찰모드
[각질편성] 삿포로 7경주: 선행0·선입0·추입0 → 🐌 느린 페이스
[각질편성] 삿포로 7경주: 선행0·선입0·추입0 → 🐌 느린 페이스
[각질편성] 삿포로 7경주: 선행0·선입0·추입0 → 🐌 느린 페이스
[복승불일치 축교정] 아오모리 4경주: 축 [1, 4]로 교정(자금이탈 강등 [7]·🔴🔴)
[각질편성] 삿포로 7경주: 선행0·선입0·추입0 → 🐌 느린 페이스
[각질편성] 삿포로 7경주: 선행0·선입0·추입0 → 🐌 느린 페이스
[각질편성] 삿포로 7경주: 선행0·선입0·추입0 → 🐌 느린 페이스
[각질편성] 삿포로 7경주: 선행0·선입0·추입0 → 🐌 느린 페이스
[각질편성] 삿포로 7경주: 선행0·선입0·추입0 → 🐌 느린 페이스
[각질편성] 삿포로 7경주: 선행0·선입0·추입0 → 🐌 느린 페이스
[한국 전적] 삿포로 7경주: 11두 저장(PDF, 전적 11두)
[각질편성] 삿포로 7경주: 선행0·선입0·추입0 → 🐌 느린 페이스
[결과기록] 캐시 갱신 — 재파싱 1건 / 전체 1680건
[복승불일치 축교정] 아오모리 5경주: 축 [1, 3]로 교정(자금이탈 강등 [6]·🔴)
[placeholder 필터] 호후 6경주 쌍승 껍데기 배당 3조합 제외(값: [300.2])
[복승불일치 축교정] 호후 6경주: 축 [1, 5]로 교정(자금이탈 강등 [7]·🔴)
[placeholder 필터] 아오모리 7경주 쌍승 껍데기 배당 3조합 제외(값: [1703.0])
[복승불일치 축교정] 호후 7경주: 축 [2, 5]로 교정(자금이탈 강등 [1]·🔴🔴)
[한국이력 검역] 거부 — 파일=부산 7R / 본문 raceKey=삿포로 7경주 (경마장 불일치)
[복승불일치 축교정] 사세보 2경주: 축 [2, 7]로 교정(자금이탈 강등 [1]·🔴🔴)
[3종 수집] 사세보 7경주: {'quinella': 21, 'exacta': 42, 'trio': 0, 'win': 0} (history 12)
[복승불일치 축교정] 기후 2경주: 축 [3, 4]로 교정(자금이탈 강등 [6]·🔴🔴)
[복승불일치 축교정] 사세보 3경주: 축 [1, 5]로 교정(자금이탈 강등 [7]·🔴🔴)
[각질편성] 사세보 7경주: 선행2·선입0·추입5 → 보통 페이스
[경륜전개] 사세보 7경주: 보통 · 라인 2개 · 페어 [[5, 3], [6, 1]]
[복승불일치 축교정] 오다와라 3경주: 축 [3, 9]로 교정(자금이탈 강등 [1]·🔴)
[경륜 추천 모순 수정] 고배당 강제조합 1건 메인→복병 이동(25배 상한)
[자동분석·배경] 사세보 7경주: 마감 189초 전 재분석(rec_history 누적·cycle)
[복승불일치 축교정] 기후 3경주: 축 [5, 7]로 교정(자금이탈 강등 [4]·🔴🔴)
[카톡 변경알림·즉시] 사세보 7경주 (남은 189s): 복승 추가: 4+7 / 복승 제외: 3+5
[복승불일치 축교정] 사세보 4경주: 축 [1, 4]로 교정(자금이탈 강등 [7]·🔴🔴)
[placeholder 필터] 오다와라 4경주 쌍승 껍데기 배당 4조합 제외(값: [859.9])
[복승불일치 축교정] 기후 4경주: 축 [1, 4]로 교정(자금이탈 강등 [2]·🔴🔴)
[각질편성] 오다와라 5경주: 선행3·선입0·추입6 → ⚡ 빠른 페이스
[경륜전개] 오다와라 5경주: 슬로우(단독 선행) · 라인 3개 · 페어 [[2, 5], [1, 8], [3, 7]]
[각질편성] 기후 5경주: 선행2·선입0·추입5 → 보통 페이스
[경륜전개] 기후 5경주: 보통 · 라인 2개 · 페어 [[1, 5], [3, 7]]
[각질편성] 사세보 6경주: 선행3·선입0·추입3 → ⚡ 빠른 페이스
[경륜전개] 사세보 6경주: 보통 · 라인 3개 · 페어 [[4, 2], [1, 5]]
[각질편성] 오다와라 6경주: 선행3·선입0·추입6 → ⚡ 빠른 페이스
[경륜전개] 오다와라 6경주: 보통 · 라인 3개 · 페어 [[1, 9], [5, 2], [8, 3]]
[각질편성] 기후 6경주: 선행1·선입0·추입5 → 🐌 느린 페이스
[경륜전개] 기후 6경주: 슬로우(단독 선행) · 라인 2개 · 페어 [[1, 2]]
[각질편성] 사세보 7경주: 선행2·선입0·추입5 → 보통 페이스
[경륜전개] 사세보 7경주: 보통 · 라인 2개 · 페어 [[5, 3], [6, 1]]
[경륜 추천 모순 수정] 고배당 강제조합 1건 메인→복병 이동(25배 상한)
[각질편성] 삿포로 6경주: 선행0·선입0·추입0 → 🐌 느린 페이스
[각질편성] 삿포로 7경주: 선행0·선입0·추입0 → 🐌 느린 페이스
[3종 수집] 삿포로 7경주: {'quinella': 55, 'exacta': 0, 'trio': 0, 'win': 0} (history 12)
[JRA수집] 0경주 수집 · 1경주 생략(확장 우선) · 0.01초 · 다음 25초 · ⏱마감임박 · 🔬관찰모드
[각질편성] 삿포로 7경주: 선행0·선입0·추입0 → 🐌 느린 페이스
[각질편성] 삿포로 7경주: 선행0·선입0·추입0 → 🐌 느린 페이스
[각질편성] 삿포로 7경주: 선행0·선입0·추입0 → 🐌 느린 페이스
[각질편성] 삿포로 7경주: 선행0·선입0·추입0 → 🐌 느린 페이스
[각질편성] 삿포로 7경주: 선행0·선입0·추입0 → 🐌 느린 페이스
[각질편성] 삿포로 7경주: 선행0·선입0·추입0 → 🐌 느린 페이스
[JRA수집] 0경주 수집 · 1경주 생략(확장 우선) · 0.01초 · 다음 60초 · 🔬관찰모드
[3종 수집] 사세보 7경주: {'quinella': 21, 'exacta': 42, 'trio': 0, 'win': 0} (history 12)
[각질편성] 사세보 7경주: 선행2·선입0·추입5 → 보통 페이스
[경륜전개] 사세보 7경주: 보통 · 라인 2개 · 페어 [[5, 3], [6, 1]]
[T-2분 왕축 동결] 사세보 7경주: [3, 4] → [3, 4] 유지(cur_mb=2)
[경륜 추천 모순 수정] 고배당 강제조합 1건 메인→복병 이동(25배 상한)
[자동분석·배경] 사세보 7경주: 마감 155초 전 재분석(rec_history 누적·cycle)
[각질편성] 삿포로 7경주: 선행0·선입0·추입0 → 🐌 느린 페이스
⚠️ [수신값 검증] 삿포로 7경주 · 배당 열 밀림 의심(인접 조합 값 일치) → 이 틱 급락 계산 보류(배당은 저장)
[3종 수집] 삿포로 7경주: {'quinella': 55, 'exacta': 0, 'trio': 0, 'win': 0} (history 12)
[각질편성] 삿포로 7경주: 선행0·선입0·추입0 → 🐌 느린 페이스
[각질편성] 삿포로 7경주: 선행0·선입0·추입0 → 🐌 느린 페이스
[각질편성] 삿포로 7경주: 선행0·선입0·추입0 → 🐌 느린 페이스
[각질편성] 삿포로 7경주: 선행0·선입0·추입0 → 🐌 느린 페이스
[각질편성] 삿포로 7경주: 선행0·선입0·추입0 → 🐌 느린 페이스
[각질편성] 삿포로 7경주: 선행0·선입0·추입0 → 🐌 느린 페이스
[복승불일치 축교정] 아오모리 4경주: 축 [1, 4]로 교정(자금이탈 강등 [7]·🔴🔴)
[각질편성] 삿포로 7경주: 선행0·선입0·추입0 → 🐌 느린 페이스
[각질편성] 삿포로 7경주: 선행0·선입0·추입0 → 🐌 느린 페이스
[각질편성] 삿포로 7경주: 선행0·선입0·추입0 → 🐌 느린 페이스
[한국 전적] 삿포로 7경주: 11두 저장(PDF, 전적 11두)
[각질편성] 삿포로 7경주: 선행0·선입0·추입0 → 🐌 느린 페이스
[각질편성] 삿포로 7경주: 선행0·선입0·추입0 → 🐌 느린 페이스
[한국이력 검역] 거부 — 파일=부산 7R / 본문 raceKey=삿포로 7경주 (경마장 불일치)
[결과기록] 캐시 갱신 — 재파싱 1건 / 전체 1680건
[복승불일치 축교정] 아오모리 5경주: 축 [1, 3]로 교정(자금이탈 강등 [6]·🔴)
[placeholder 필터] 호후 6경주 쌍승 껍데기 배당 3조합 제외(값: [300.2])
[복승불일치 축교정] 호후 6경주: 축 [1, 5]로 교정(자금이탈 강등 [7]·🔴)
[placeholder 필터] 아오모리 7경주 쌍승 껍데기 배당 3조합 제외(값: [1703.0])
[복승불일치 축교정] 호후 7경주: 축 [2, 5]로 교정(자금이탈 강등 [1]·🔴🔴)
[각질편성] 삿포로 7경주: 선행0·선입0·추입0 → 🐌 느린 페이스
[복승불일치 축교정] 사세보 2경주: 축 [2, 7]로 교정(자금이탈 강등 [1]·🔴🔴)
[복승불일치 축교정] 기후 2경주: 축 [3, 4]로 교정(자금이탈 강등 [6]·🔴🔴)
[복승불일치 축교정] 사세보 3경주: 축 [1, 5]로 교정(자금이탈 강등 [7]·🔴🔴)
[복승불일치 축교정] 오다와라 3경주: 축 [3, 9]로 교정(자금이탈 강등 [1]·🔴)
[복승불일치 축교정] 기후 3경주: 축 [5, 7]로 교정(자금이탈 강등 [4]·🔴🔴)
[복승불일치 축교정] 사세보 4경주: 축 [1, 4]로 교정(자금이탈 강등 [7]·🔴🔴)
[placeholder 필터] 오다와라 4경주 쌍승 껍데기 배당 4조합 제외(값: [859.9])
[복승불일치 축교정] 기후 4경주: 축 [1, 4]로 교정(자금이탈 강등 [2]·🔴🔴)
[각질편성] 오다와라 5경주: 선행3·선입0·추입6 → ⚡ 빠른 페이스
[경륜전개] 오다와라 5경주: 슬로우(단독 선행) · 라인 3개 · 페어 [[2, 5], [1, 8], [3, 7]]
[각질편성] 기후 5경주: 선행2·선입0·추입5 → 보통 페이스
[경륜전개] 기후 5경주: 보통 · 라인 2개 · 페어 [[1, 5], [3, 7]]
[각질편성] 사세보 6경주: 선행3·선입0·추입3 → ⚡ 빠른 페이스
[경륜전개] 사세보 6경주: 보통 · 라인 3개 · 페어 [[4, 2], [1, 5]]
[각질편성] 오다와라 6경주: 선행3·선입0·추입6 → ⚡ 빠른 페이스
[경륜전개] 오다와라 6경주: 보통 · 라인 3개 · 페어 [[1, 9], [5, 2], [8, 3]]
[각질편성] 기후 6경주: 선행1·선입0·추입5 → 🐌 느린 페이스
[경륜전개] 기후 6경주: 슬로우(단독 선행) · 라인 2개 · 페어 [[1, 2]]
[각질편성] 사세보 7경주: 선행2·선입0·추입5 → 보통 페이스
[경륜전개] 사세보 7경주: 보통 · 라인 2개 · 페어 [[5, 3], [6, 1]]
[T-2분 왕축 동결] 사세보 7경주: [3, 4] → [3, 4] 유지(cur_mb=2)
[경륜 추천 모순 수정] 고배당 강제조합 1건 메인→복병 이동(25배 상한)
[각질편성] 삿포로 6경주: 선행0·선입0·추입0 → 🐌 느린 페이스
[각질편성] 삿포로 7경주: 선행0·선입0·추입0 → 🐌 느린 페이스
[3종 수집] 사세보 7경주: {'quinella': 21, 'exacta': 42, 'trio': 0, 'win': 0} (history 12)
[각질편성] 삿포로 7경주: 선행0·선입0·추입0 → 🐌 느린 페이스
[각질편성] 사세보 7경주: 선행2·선입0·추입5 → 보통 페이스
[경륜전개] 사세보 7경주: 보통 · 라인 2개 · 페어 [[5, 3], [6, 1]]
[T-2분 왕축 동결] 사세보 7경주: [3, 4] → [3, 4] 유지(cur_mb=2)
[경륜 추천 모순 수정] 고배당 강제조합 1건 메인→복병 이동(25배 상한)
[자동분석·배경] 사세보 7경주: 마감 123초 전 재분석(rec_history 누적·cycle)
[각질편성] 삿포로 7경주: 선행0·선입0·추입0 → 🐌 느린 페이스
[각질편성] 삿포로 7경주: 선행0·선입0·추입0 → 🐌 느린 페이스
[복승불일치 축교정] 아오모리 4경주: 축 [1, 4]로 교정(자금이탈 강등 [7]·🔴🔴)
[각질편성] 사세보 7경주: 선행2·선입0·추입5 → 보통 페이스
[경륜전개] 사세보 7경주: 보통 · 라인 2개 · 페어 [[5, 3], [6, 1]]
[T-2분 왕축 동결] 사세보 7경주: [3, 4] → [3, 4] 유지(cur_mb=1)
[경륜 추천 모순 수정] 고배당 강제조합 1건 메인→복병 이동(25배 상한)
[각질편성] 삿포로 7경주: 선행0·선입0·추입0 → 🐌 느린 페이스
[각질편성] 삿포로 7경주: 선행0·선입0·추입0 → 🐌 느린 페이스
[각질편성] 삿포로 7경주: 선행0·선입0·추입0 → 🐌 느린 페이스
[각질편성] 삿포로 7경주: 선행0·선입0·추입0 → 🐌 느린 페이스
[한국 전적] 삿포로 7경주: 11두 저장(PDF, 전적 11두)
[각질편성] 삿포로 7경주: 선행0·선입0·추입0 → 🐌 느린 페이스
[각질편성] 삿포로 7경주: 선행0·선입0·추입0 → 🐌 느린 페이스
[한국이력 검역] 거부 — 파일=부산 7R / 본문 raceKey=삿포로 7경주 (경마장 불일치)
[각질편성] 삿포로 7경주: 선행0·선입0·추입0 → 🐌 느린 페이스
⚠️ [수신값 검증] 삿포로 7경주 · 배당 열 밀림 의심(인접 조합 값 일치) → 이 틱 급락 계산 보류(배당은 저장)
[3종 수집] 삿포로 7경주: {'quinella': 55, 'exacta': 0, 'trio': 0, 'win': 0} (history 12)
[각질편성] 삿포로 7경주: 선행0·선입0·추입0 → 🐌 느린 페이스
[각질편성] 삿포로 7경주: 선행0·선입0·추입0 → 🐌 느린 페이스
[JRA수집] 0경주 수집 · 1경주 생략(확장 우선) · 0.00초 · 다음 60초 · 🔬관찰모드
[각질편성] 삿포로 7경주: 선행0·선입0·추입0 → 🐌 느린 페이스
[3종 수집] 사세보 7경주: {'quinella': 21, 'exacta': 42, 'trio': 0, 'win': 0} (history 12)
[각질편성] 사세보 7경주: 선행2·선입0·추입5 → 보통 페이스
[경륜전개] 사세보 7경주: 보통 · 라인 2개 · 페어 [[5, 3], [6, 1]]
[T-2분 왕축 동결] 사세보 7경주: [3, 4] → [3, 4] 유지(cur_mb=1)
[경륜 추천 모순 수정] 고배당 강제조합 1건 메인→복병 이동(25배 상한)
[자동분석·배경] 사세보 7경주: 마감 89초 전 재분석(rec_history 누적·cycle)
[각질편성] 삿포로 7경주: 선행0·선입0·추입0 → 🐌 느린 페이스
[각질편성] 삿포로 7경주: 선행0·선입0·추입0 → 🐌 느린 페이스
[각질편성] 삿포로 7경주: 선행0·선입0·추입0 → 🐌 느린 페이스
[각질편성] 삿포로 7경주: 선행0·선입0·추입0 → 🐌 느린 페이스
[각질편성] 삿포로 7경주: 선행0·선입0·추입0 → 🐌 느린 페이스
[복승불일치 축교정] 아오모리 4경주: 축 [1, 4]로 교정(자금이탈 강등 [7]·🔴🔴)
[각질편성] 삿포로 7경주: 선행0·선입0·추입0 → 🐌 느린 페이스
[각질편성] 삿포로 7경주: 선행0·선입0·추입0 → 🐌 느린 페이스
[각질편성] 삿포로 7경주: 선행0·선입0·추입0 → 🐌 느린 페이스
[각질편성] 삿포로 7경주: 선행0·선입0·추입0 → 🐌 느린 페이스
[각질편성] 삿포로 7경주: 선행0·선입0·추입0 → 🐌 느린 페이스
[한국 전적] 삿포로 7경주: 11두 저장(PDF, 전적 11두)
⚠️ [수신값 검증] 삿포로 7경주 · 배당 열 밀림 의심(인접 조합 값 일치) → 이 틱 급락 계산 보류(배당은 저장)
[복승불일치 축교정] 아오모리 5경주: 축 [1, 3]로 교정(자금이탈 강등 [6]·🔴)
[3종 수집] 삿포로 7경주: {'quinella': 55, 'exacta': 0, 'trio': 0, 'win': 0} (history 12)
[각질편성] 삿포로 7경주: 선행0·선입0·추입0 → 🐌 느린 페이스
[placeholder 필터] 호후 6경주 쌍승 껍데기 배당 3조합 제외(값: [300.2])
[복승불일치 축교정] 호후 6경주: 축 [1, 5]로 교정(자금이탈 강등 [7]·🔴)
[placeholder 필터] 아오모리 7경주 쌍승 껍데기 배당 3조합 제외(값: [1703.0])
[복승불일치 축교정] 호후 7경주: 축 [2, 5]로 교정(자금이탈 강등 [1]·🔴🔴)
[결과기록] 캐시 갱신 — 재파싱 1건 / 전체 1680건
[복승불일치 축교정] 사세보 2경주: 축 [2, 7]로 교정(자금이탈 강등 [1]·🔴🔴)
[복승불일치 축교정] 기후 2경주: 축 [3, 4]로 교정(자금이탈 강등 [6]·🔴🔴)
[복승불일치 축교정] 사세보 3경주: 축 [1, 5]로 교정(자금이탈 강등 [7]·🔴🔴)
[복승불일치 축교정] 오다와라 3경주: 축 [3, 9]로 교정(자금이탈 강등 [1]·🔴)
[복승불일치 축교정] 기후 3경주: 축 [5, 7]로 교정(자금이탈 강등 [4]·🔴🔴)
[각질편성] 삿포로 7경주: 선행0·선입0·추입0 → 🐌 느린 페이스
[복승불일치 축교정] 사세보 4경주: 축 [1, 4]로 교정(자금이탈 강등 [7]·🔴🔴)
[placeholder 필터] 오다와라 4경주 쌍승 껍데기 배당 4조합 제외(값: [859.9])
[복승불일치 축교정] 기후 4경주: 축 [1, 4]로 교정(자금이탈 강등 [2]·🔴🔴)
[각질편성] 오다와라 5경주: 선행3·선입0·추입6 → ⚡ 빠른 페이스
[경륜전개] 오다와라 5경주: 슬로우(단독 선행) · 라인 3개 · 페어 [[2, 5], [1, 8], [3, 7]]
[각질편성] 기후 5경주: 선행2·선입0·추입5 → 보통 페이스
[경륜전개] 기후 5경주: 보통 · 라인 2개 · 페어 [[1, 5], [3, 7]]
[각질편성] 사세보 6경주: 선행3·선입0·추입3 → ⚡ 빠른 페이스
[경륜전개] 사세보 6경주: 보통 · 라인 3개 · 페어 [[4, 2], [1, 5]]
[각질편성] 오다와라 6경주: 선행3·선입0·추입6 → ⚡ 빠른 페이스
[경륜전개] 오다와라 6경주: 보통 · 라인 3개 · 페어 [[1, 9], [5, 2], [8, 3]]
[각질편성] 기후 6경주: 선행1·선입0·추입5 → 🐌 느린 페이스
[경륜전개] 기후 6경주: 슬로우(단독 선행) · 라인 2개 · 페어 [[1, 2]]
[각질편성] 사세보 7경주: 선행2·선입0·추입5 → 보통 페이스
[경륜전개] 사세보 7경주: 보통 · 라인 2개 · 페어 [[5, 3], [6, 1]]
[T-2분 왕축 동결] 사세보 7경주: [3, 4] → [3, 4] 유지(cur_mb=1)
[경륜 추천 모순 수정] 고배당 강제조합 1건 메인→복병 이동(25배 상한)
[각질편성] 삿포로 6경주: 선행0·선입0·추입0 → 🐌 느린 페이스
[각질편성] 삿포로 7경주: 선행0·선입0·추입0 → 🐌 느린 페이스
[각질편성] 삿포로 7경주: 선행0·선입0·추입0 → 🐌 느린 페이스
[3종 수집] 사세보 7경주: {'quinella': 21, 'exacta': 42, 'trio': 0, 'win': 0} (history 12)
[각질편성] 사세보 7경주: 선행2·선입0·추입5 → 보통 페이스
[경륜전개] 사세보 7경주: 보통 · 라인 2개 · 페어 [[5, 3], [6, 1]]
[경륜 추천 모순 수정] 고배당 강제조합 1건 메인→복병 이동(25배 상한)
[자동분석·배경] 사세보 7경주: 마감 58초 전 재분석(rec_history 누적·cycle)
[각질편성] 삿포로 7경주: 선행0·선입0·추입0 → 🐌 느린 페이스
[각질편성] 삿포로 7경주: 선행0·선입0·추입0 → 🐌 느린 페이스
[각질편성] 삿포로 7경주: 선행0·선입0·추입0 → 🐌 느린 페이스
[각질편성] 삿포로 7경주: 선행0·선입0·추입0 → 🐌 느린 페이스
[JRA수집] 0경주 수집 · 1경주 생략(확장 우선) · 0.01초 · 다음 60초 · 🔬관찰모드
⚠️ [수신값 검증] 삿포로 7경주 · 배당 열 밀림 의심(인접 조합 값 일치) → 이 틱 급락 계산 보류(배당은 저장)
[3종 수집] 삿포로 7경주: {'quinella': 55, 'exacta': 0, 'trio': 0, 'win': 0} (history 12)
[각질편성] 삿포로 7경주: 선행0·선입0·추입0 → 🐌 느린 페이스
[각질편성] 삿포로 7경주: 선행0·선입0·추입0 → 🐌 느린 페이스
[3종 수집] 사세보 7경주: {'quinella': 21, 'exacta': 42, 'trio': 0, 'win': 0} (history 12)
[각질편성] 삿포로 7경주: 선행0·선입0·추입0 → 🐌 느린 페이스
[각질편성] 삿포로 7경주: 선행0·선입0·추입0 → 🐌 느린 페이스
[각질편성] 삿포로 7경주: 선행0·선입0·추입0 → 🐌 느린 페이스
[각질편성] 삿포로 7경주: 선행0·선입0·추입0 → 🐌 느린 페이스
[각질편성] 삿포로 7경주: 선행0·선입0·추입0 → 🐌 느린 페이스
[각질편성] 삿포로 7경주: 선행0·선입0·추입0 → 🐌 느린 페이스
[각질편성] 삿포로 7경주: 선행0·선입0·추입0 → 🐌 느린 페이스
[복승불일치 축교정] 아오모리 4경주: 축 [1, 4]로 교정(자금이탈 강등 [7]·🔴🔴)
[각질편성] 삿포로 7경주: 선행0·선입0·추입0 → 🐌 느린 페이스
[각질편성] 삿포로 7경주: 선행0·선입0·추입0 → 🐌 느린 페이스
[한국 전적] 삿포로 7경주: 11두 저장(PDF, 전적 11두)
[각질편성] 삿포로 7경주: 선행0·선입0·추입0 → 🐌 느린 페이스
[복승불일치 축교정] 아오모리 5경주: 축 [1, 3]로 교정(자금이탈 강등 [6]·🔴)
[placeholder 필터] 호후 6경주 쌍승 껍데기 배당 3조합 제외(값: [300.2])
[복승불일치 축교정] 호후 6경주: 축 [1, 5]로 교정(자금이탈 강등 [7]·🔴)
[placeholder 필터] 아오모리 7경주 쌍승 껍데기 배당 3조합 제외(값: [1703.0])
[한국이력 검역] 거부 — 파일=부산 7R / 본문 raceKey=삿포로 7경주 (경마장 불일치)
[결과기록] 캐시 갱신 — 재파싱 1건 / 전체 1680건
[복승불일치 축교정] 호후 7경주: 축 [2, 5]로 교정(자금이탈 강등 [1]·🔴🔴)
[복승불일치 축교정] 사세보 2경주: 축 [2, 7]로 교정(자금이탈 강등 [1]·🔴🔴)
[각질편성] 삿포로 7경주: 선행0·선입0·추입0 → 🐌 느린 페이스
[복승불일치 축교정] 기후 2경주: 축 [3, 4]로 교정(자금이탈 강등 [6]·🔴🔴)
[복승불일치 축교정] 사세보 3경주: 축 [1, 5]로 교정(자금이탈 강등 [7]·🔴🔴)
[복승불일치 축교정] 오다와라 3경주: 축 [3, 9]로 교정(자금이탈 강등 [1]·🔴)
[복승불일치 축교정] 기후 3경주: 축 [5, 7]로 교정(자금이탈 강등 [4]·🔴🔴)
[복승불일치 축교정] 사세보 4경주: 축 [1, 4]로 교정(자금이탈 강등 [7]·🔴🔴)
[placeholder 필터] 오다와라 4경주 쌍승 껍데기 배당 4조합 제외(값: [859.9])
[복승불일치 축교정] 기후 4경주: 축 [1, 4]로 교정(자금이탈 강등 [2]·🔴🔴)
[각질편성] 오다와라 5경주: 선행3·선입0·추입6 → ⚡ 빠른 페이스
[경륜전개] 오다와라 5경주: 슬로우(단독 선행) · 라인 3개 · 페어 [[2, 5], [1, 8], [3, 7]]
[각질편성] 기후 5경주: 선행2·선입0·추입5 → 보통 페이스
[경륜전개] 기후 5경주: 보통 · 라인 2개 · 페어 [[1, 5], [3, 7]]
[각질편성] 사세보 6경주: 선행3·선입0·추입3 → ⚡ 빠른 페이스
[경륜전개] 사세보 6경주: 보통 · 라인 3개 · 페어 [[4, 2], [1, 5]]
[각질편성] 오다와라 6경주: 선행3·선입0·추입6 → ⚡ 빠른 페이스
[경륜전개] 오다와라 6경주: 보통 · 라인 3개 · 페어 [[1, 9], [5, 2], [8, 3]]
[각질편성] 기후 6경주: 선행1·선입0·추입5 → 🐌 느린 페이스
[경륜전개] 기후 6경주: 슬로우(단독 선행) · 라인 2개 · 페어 [[1, 2]]
[각질편성] 사세보 7경주: 선행2·선입0·추입5 → 보통 페이스
[경륜전개] 사세보 7경주: 보통 · 라인 2개 · 페어 [[5, 3], [6, 1]]
[경륜 추천 모순 수정] 고배당 강제조합 1건 메인→복병 이동(25배 상한)
[각질편성] 삿포로 6경주: 선행0·선입0·추입0 → 🐌 느린 페이스
[각질편성] 삿포로 7경주: 선행0·선입0·추입0 → 🐌 느린 페이스
⚠️ [수신값 검증] 삿포로 7경주 · 배당 열 밀림 의심(인접 조합 값 일치) → 이 틱 급락 계산 보류(배당은 저장)
[3종 수집] 삿포로 7경주: {'quinella': 55, 'exacta': 0, 'trio': 0, 'win': 0} (history 12)
[각질편성] 삿포로 7경주: 선행0·선입0·추입0 → 🐌 느린 페이스
[각질편성] 삿포로 7경주: 선행0·선입0·추입0 → 🐌 느린 페이스
[3종 수집] 사세보 7경주: {'quinella': 21, 'exacta': 42, 'trio': 0, 'win': 0} (history 12)
[경륜 전적·자동] 오다와라 7경주: 9두 수집(競走得点·절대등급 A/B/C/D·라인[9, 1, 6, 7, 2, 5, 8, 3, 4]) → 통합등급 자동 반영
[3종 수집] 오다와라 7경주: {'quinella': 36, 'exacta': 72, 'trio': 0, 'win': 0} (history 1)
🔮 [예측] 오다와라 7경주: top3=[7, 2, 9] conf=4 · 이 경주는 선행형 7번이 코멘트에서 '능력의 높이를 보여주고 있다'고 언
[placeholder 필터] 오다와라 7경주 복승 껍데기 배당 3조합 제외(값: [248.0])
[각질편성] 오다와라 7경주: 선행3·선입0·추입6 → ⚡ 빠른 페이스
[경륜전개] 오다와라 7경주: 보통 · 라인 3개 · 페어 [[7, 2], [9, 1], [8, 3]]
[경륜 추천 모순 수정] 고배당 강제조합 1건 메인→복병 이동(25배 상한)
[단통 상한] 메인 3개 · 복병이동 0개
🔎 [결정론 검수] 오다와라 7경주: B라인누락
[자동분석·배경] 오다와라 7경주: 마감 594초 전 재분석(rec_history 누적·cycle)
[placeholder 필터] 오다와라 7경주 복승 껍데기 배당 3조합 제외(값: [248.0])
[각질편성] 오다와라 7경주: 선행3·선입0·추입6 → ⚡ 빠른 페이스
[경륜전개] 오다와라 7경주: 보통 · 라인 3개 · 페어 [[7, 2], [9, 1], [8, 3]]
[경륜 추천 모순 수정] 고배당 강제조합 1건 메인→복병 이동(25배 상한)
[단통 상한] 메인 3개 · 복병이동 0개
[각질편성] 삿포로 7경주: 선행0·선입0·추입0 → 🐌 느린 페이스
[각질편성] 삿포로 7경주: 선행0·선입0·추입0 → 🐌 느린 페이스
[각질편성] 삿포로 7경주: 선행0·선입0·추입0 → 🐌 느린 페이스
[각질편성] 삿포로 7경주: 선행0·선입0·추입0 → 🐌 느린 페이스
⚠️ [수신값 검증] 삿포로 7경주 · 배당 열 밀림 의심(인접 조합 값 일치) → 이 틱 급락 계산 보류(배당은 저장)
[3종 수집] 삿포로 7경주: {'quinella': 55, 'exacta': 0, 'trio': 0, 'win': 0} (history 12)
[각질편성] 삿포로 7경주: 선행0·선입0·추입0 → 🐌 느린 페이스
[각질편성] 삿포로 7경주: 선행0·선입0·추입0 → 🐌 느린 페이스
[다중경주] 하트비트 #11 · 스케줄 ymd=20260801 (-1초 전 갱신 · 트랙 12개)
[3종 수집] 오다와라 7경주: {'quinella': 36, 'exacta': 72, 'trio': 0, 'win': 0} (history 2)
[각질편성] 삿포로 7경주: 선행0·선입0·추입0 → 🐌 느린 페이스
[3종 수집] 사세보 7경주: {'quinella': 21, 'exacta': 42, 'trio': 0, 'win': 0} (history 12)
[placeholder 필터] 오다와라 7경주 복승 껍데기 배당 3조합 제외(값: [248.0])
[placeholder 필터] 오다와라 7경주 쌍승 껍데기 배당 7조합 제외(값: [742.2, 1623.7])
[각질편성] 오다와라 7경주: 선행3·선입0·추입6 → ⚡ 빠른 페이스
[경륜전개] 오다와라 7경주: 보통 · 라인 3개 · 페어 [[7, 2], [9, 1], [8, 3]]
[경륜 추천 모순 수정] 고배당 강제조합 1건 메인→복병 이동(25배 상한)
[단통 상한] 메인 3개 · 복병이동 0개
[자동분석·배경] 오다와라 7경주: 마감 559초 전 재분석(rec_history 누적·cycle)
[각질편성] 사세보 7경주: 선행2·선입0·추입5 → 보통 페이스
[경륜전개] 사세보 7경주: 보통 · 라인 2개 · 페어 [[5, 3], [6, 1]]
[카톡 변경알림] 사세보 7경주 발송: 복승 추가: 3+5 / 복승 제외: 4+7
[각질편성] 삿포로 7경주: 선행0·선입0·추입0 → 🐌 느린 페이스
[각질편성] 삿포로 7경주: 선행0·선입0·추입0 → 🐌 느린 페이스
[각질편성] 삿포로 7경주: 선행0·선입0·추입0 → 🐌 느린 페이스
[복승불일치 축교정] 아오모리 4경주: 축 [1, 4]로 교정(자금이탈 강등 [7]·🔴🔴)
[각질편성] 삿포로 7경주: 선행0·선입0·추입0 → 🐌 느린 페이스
[각질편성] 삿포로 7경주: 선행0·선입0·추입0 → 🐌 느린 페이스
[각질편성] 삿포로 7경주: 선행0·선입0·추입0 → 🐌 느린 페이스
[각질편성] 삿포로 7경주: 선행0·선입0·추입0 → 🐌 느린 페이스
[한국 전적] 삿포로 7경주: 11두 저장(PDF, 전적 11두)
[각질편성] 삿포로 7경주: 선행0·선입0·추입0 → 🐌 느린 페이스
[복승불일치 축교정] 아오모리 5경주: 축 [1, 3]로 교정(자금이탈 강등 [6]·🔴)
[placeholder 필터] 호후 6경주 쌍승 껍데기 배당 3조합 제외(값: [300.2])
[복승불일치 축교정] 호후 6경주: 축 [1, 5]로 교정(자금이탈 강등 [7]·🔴)
[placeholder 필터] 아오모리 7경주 쌍승 껍데기 배당 3조합 제외(값: [1703.0])
[복승불일치 축교정] 호후 7경주: 축 [2, 5]로 교정(자금이탈 강등 [1]·🔴🔴)
[한국이력 검역] 거부 — 파일=부산 7R / 본문 raceKey=삿포로 7경주 (경마장 불일치)
[결과기록] 캐시 갱신 — 재파싱 1건 / 전체 1681건
[복승불일치 축교정] 사세보 2경주: 축 [2, 7]로 교정(자금이탈 강등 [1]·🔴🔴)
[각질편성] 삿포로 7경주: 선행0·선입0·추입0 → 🐌 느린 페이스
[복승불일치 축교정] 기후 2경주: 축 [3, 4]로 교정(자금이탈 강등 [6]·🔴🔴)
[복승불일치 축교정] 사세보 3경주: 축 [1, 5]로 교정(자금이탈 강등 [7]·🔴🔴)
[복승불일치 축교정] 오다와라 3경주: 축 [3, 9]로 교정(자금이탈 강등 [1]·🔴)
[복승불일치 축교정] 기후 3경주: 축 [5, 7]로 교정(자금이탈 강등 [4]·🔴🔴)
[복승불일치 축교정] 사세보 4경주: 축 [1, 4]로 교정(자금이탈 강등 [7]·🔴🔴)
[placeholder 필터] 오다와라 4경주 쌍승 껍데기 배당 4조합 제외(값: [859.9])
[복승불일치 축교정] 기후 4경주: 축 [1, 4]로 교정(자금이탈 강등 [2]·🔴🔴)
[각질편성] 오다와라 5경주: 선행3·선입0·추입6 → ⚡ 빠른 페이스
[경륜전개] 오다와라 5경주: 슬로우(단독 선행) · 라인 3개 · 페어 [[2, 5], [1, 8], [3, 7]]
[각질편성] 기후 5경주: 선행2·선입0·추입5 → 보통 페이스
[경륜전개] 기후 5경주: 보통 · 라인 2개 · 페어 [[1, 5], [3, 7]]
[각질편성] 사세보 6경주: 선행3·선입0·추입3 → ⚡ 빠른 페이스
[경륜전개] 사세보 6경주: 보통 · 라인 3개 · 페어 [[4, 2], [1, 5]]
[각질편성] 오다와라 6경주: 선행3·선입0·추입6 → ⚡ 빠른 페이스
[경륜전개] 오다와라 6경주: 보통 · 라인 3개 · 페어 [[1, 9], [5, 2], [8, 3]]
[각질편성] 기후 6경주: 선행1·선입0·추입5 → 🐌 느린 페이스
[경륜전개] 기후 6경주: 슬로우(단독 선행) · 라인 2개 · 페어 [[1, 2]]
[각질편성] 사세보 7경주: 선행2·선입0·추입5 → 보통 페이스
[경륜전개] 사세보 7경주: 보통 · 라인 2개 · 페어 [[5, 3], [6, 1]]
[placeholder 필터] 오다와라 7경주 복승 껍데기 배당 3조합 제외(값: [248.0])
[placeholder 필터] 오다와라 7경주 쌍승 껍데기 배당 7조합 제외(값: [742.2, 1623.7])
[각질편성] 오다와라 7경주: 선행3·선입0·추입6 → ⚡ 빠른 페이스
[경륜전개] 오다와라 7경주: 보통 · 라인 3개 · 페어 [[7, 2], [9, 1], [8, 3]]
[경륜 추천 모순 수정] 고배당 강제조합 1건 메인→복병 이동(25배 상한)
[단통 상한] 메인 3개 · 복병이동 0개
[각질편성] 삿포로 6경주: 선행0·선입0·추입0 → 🐌 느린 페이스
[각질편성] 삿포로 7경주: 선행0·선입0·추입0 → 🐌 느린 페이스
⚠️ [수신값 검증] 삿포로 7경주 · 배당 열 밀림 의심(인접 조합 값 일치) → 이 틱 급락 계산 보류(배당은 저장)
[3종 수집] 삿포로 7경주: {'quinella': 55, 'exacta': 0, 'trio': 0, 'win': 0} (history 12)
[각질편성] 삿포로 7경주: 선행0·선입0·추입0 → 🐌 느린 페이스
[각질편성] 삿포로 7경주: 선행0·선입0·추입0 → 🐌 느린 페이스
[각질편성] 삿포로 7경주: 선행0·선입0·추입0 → 🐌 느린 페이스
[각질편성] 삿포로 7경주: 선행0·선입0·추입0 → 🐌 느린 페이스
[3종 수집] 오다와라 7경주: {'quinella': 36, 'exacta': 72, 'trio': 0, 'win': 0} (history 3)
[3종 수집] 사세보 7경주: {'quinella': 21, 'exacta': 42, 'trio': 0, 'win': 0} (history 12)
[placeholder 필터] 오다와라 7경주 복승 껍데기 배당 3조합 제외(값: [248.0])
[placeholder 필터] 오다와라 7경주 쌍승 껍데기 배당 7조합 제외(값: [742.2, 1623.7])
[각질편성] 오다와라 7경주: 선행3·선입0·추입6 → ⚡ 빠른 페이스
[경륜전개] 오다와라 7경주: 보통 · 라인 3개 · 페어 [[7, 2], [9, 1], [8, 3]]
[경륜 추천 모순 수정] 고배당 강제조합 1건 메인→복병 이동(25배 상한)
[단통 상한] 메인 3개 · 복병이동 0개
[자동분석·배경] 오다와라 7경주: 마감 525초 전 재분석(rec_history 누적·cycle)
[각질편성] 삿포로 7경주: 선행0·선입0·추입0 → 🐌 느린 페이스
[각질편성] 삿포로 7경주: 선행0·선입0·추입0 → 🐌 느린 페이스
⚠️ [수신값 검증] 삿포로 7경주 · 배당 열 밀림 의심(인접 조합 값 일치) → 이 틱 급락 계산 보류(배당은 저장)
[3종 수집] 삿포로 7경주: {'quinella': 55, 'exacta': 0, 'trio': 0, 'win': 0} (history 12)
[각질편성] 삿포로 7경주: 선행0·선입0·추입0 → 🐌 느린 페이스
[각질편성] 삿포로 7경주: 선행0·선입0·추입0 → 🐌 느린 페이스
[각질편성] 삿포로 7경주: 선행0·선입0·추입0 → 🐌 느린 페이스
[각질편성] 삿포로 7경주: 선행0·선입0·추입0 → 🐌 느린 페이스
[각질편성] 삿포로 7경주: 선행0·선입0·추입0 → 🐌 느린 페이스
[각질편성] 삿포로 7경주: 선행0·선입0·추입0 → 🐌 느린 페이스
[각질편성] 삿포로 7경주: 선행0·선입0·추입0 → 🐌 느린 페이스
[복승불일치 축교정] 아오모리 4경주: 축 [1, 4]로 교정(자금이탈 강등 [7]·🔴🔴)
[각질편성] 삿포로 7경주: 선행0·선입0·추입0 → 🐌 느린 페이스
[각질편성] 삿포로 7경주: 선행0·선입0·추입0 → 🐌 느린 페이스
[각질편성] 삿포로 7경주: 선행0·선입0·추입0 → 🐌 느린 페이스
[한국 전적] 삿포로 7경주: 11두 저장(PDF, 전적 11두)
[각질편성] 삿포로 7경주: 선행0·선입0·추입0 → 🐌 느린 페이스
[복승불일치 축교정] 아오모리 5경주: 축 [1, 3]로 교정(자금이탈 강등 [6]·🔴)
[3종 수집] 사세보 7경주: {'quinella': 21, 'exacta': 42, 'trio': 0, 'win': 0} (history 12)
[3종 수집] 오다와라 7경주: {'quinella': 36, 'exacta': 72, 'trio': 0, 'win': 0} (history 4)
[placeholder 필터] 오다와라 7경주 쌍승 껍데기 배당 7조합 제외(값: [742.2, 1623.7])
[각질편성] 오다와라 7경주: 선행3·선입0·추입6 → ⚡ 빠른 페이스
[경륜전개] 오다와라 7경주: 보통 · 라인 3개 · 페어 [[7, 2], [9, 1], [8, 3]]
[단통 상한] 메인 2개 · 복병이동 0개
[자동분석·배경] 오다와라 7경주: 마감 493초 전 재분석(rec_history 누적·cycle)
[한국이력 검역] 거부 — 파일=부산 7R / 본문 raceKey=삿포로 7경주 (경마장 불일치)
[각질편성] 삿포로 7경주: 선행0·선입0·추입0 → 🐌 느린 페이스
[결과기록] 캐시 갱신 — 재파싱 1건 / 전체 1681건
[placeholder 필터] 호후 6경주 쌍승 껍데기 배당 3조합 제외(값: [300.2])
[복승불일치 축교정] 호후 6경주: 축 [1, 5]로 교정(자금이탈 강등 [7]·🔴)
[placeholder 필터] 아오모리 7경주 쌍승 껍데기 배당 3조합 제외(값: [1703.0])
[복승불일치 축교정] 호후 7경주: 축 [2, 5]로 교정(자금이탈 강등 [1]·🔴🔴)
[각질편성] 삿포로 7경주: 선행0·선입0·추입0 → 🐌 느린 페이스
[복승불일치 축교정] 사세보 2경주: 축 [2, 7]로 교정(자금이탈 강등 [1]·🔴🔴)
[복승불일치 축교정] 기후 2경주: 축 [3, 4]로 교정(자금이탈 강등 [6]·🔴🔴)
[복승불일치 축교정] 사세보 3경주: 축 [1, 5]로 교정(자금이탈 강등 [7]·🔴🔴)
[복승불일치 축교정] 오다와라 3경주: 축 [3, 9]로 교정(자금이탈 강등 [1]·🔴)
[복승불일치 축교정] 기후 3경주: 축 [5, 7]로 교정(자금이탈 강등 [4]·🔴🔴)
[복승불일치 축교정] 사세보 4경주: 축 [1, 4]로 교정(자금이탈 강등 [7]·🔴🔴)
[placeholder 필터] 오다와라 4경주 쌍승 껍데기 배당 4조합 제외(값: [859.9])
[복승불일치 축교정] 기후 4경주: 축 [1, 4]로 교정(자금이탈 강등 [2]·🔴🔴)
[각질편성] 오다와라 5경주: 선행3·선입0·추입6 → ⚡ 빠른 페이스
[경륜전개] 오다와라 5경주: 슬로우(단독 선행) · 라인 3개 · 페어 [[2, 5], [1, 8], [3, 7]]
[각질편성] 기후 5경주: 선행2·선입0·추입5 → 보통 페이스
[경륜전개] 기후 5경주: 보통 · 라인 2개 · 페어 [[1, 5], [3, 7]]
[각질편성] 사세보 6경주: 선행3·선입0·추입3 → ⚡ 빠른 페이스
[경륜전개] 사세보 6경주: 보통 · 라인 3개 · 페어 [[4, 2], [1, 5]]
[각질편성] 오다와라 6경주: 선행3·선입0·추입6 → ⚡ 빠른 페이스
[경륜전개] 오다와라 6경주: 보통 · 라인 3개 · 페어 [[1, 9], [5, 2], [8, 3]]
[각질편성] 기후 6경주: 선행1·선입0·추입5 → 🐌 느린 페이스
[경륜전개] 기후 6경주: 슬로우(단독 선행) · 라인 2개 · 페어 [[1, 2]]
[각질편성] 사세보 7경주: 선행2·선입0·추입5 → 보통 페이스
[경륜전개] 사세보 7경주: 보통 · 라인 2개 · 페어 [[5, 3], [6, 1]]
[placeholder 필터] 오다와라 7경주 복승 껍데기 배당 3조합 제외(값: [248.0])
[placeholder 필터] 오다와라 7경주 쌍승 껍데기 배당 7조합 제외(값: [742.2, 1623.7])
[각질편성] 오다와라 7경주: 선행3·선입0·추입6 → ⚡ 빠른 페이스
[경륜전개] 오다와라 7경주: 보통 · 라인 3개 · 페어 [[7, 2], [9, 1], [8, 3]]
[경륜 추천 모순 수정] 고배당 강제조합 1건 메인→복병 이동(25배 상한)
[단통 상한] 메인 2개 · 복병이동 0개
⚠️ [수신값 검증] 삿포로 7경주 · 배당 열 밀림 의심(인접 조합 값 일치) → 이 틱 급락 계산 보류(배당은 저장)
[3종 수집] 삿포로 7경주: {'quinella': 55, 'exacta': 0, 'trio': 0, 'win': 0} (history 12)
[각질편성] 삿포로 6경주: 선행0·선입0·추입0 → 🐌 느린 페이스
[각질편성] 삿포로 7경주: 선행0·선입0·추입0 → 🐌 느린 페이스
[각질편성] 삿포로 7경주: 선행0·선입0·추입0 → 🐌 느린 페이스
[각질편성] 삿포로 7경주: 선행0·선입0·추입0 → 🐌 느린 페이스
[각질편성] 삿포로 7경주: 선행0·선입0·추입0 → 🐌 느린 페이스
[각질편성] 삿포로 7경주: 선행0·선입0·추입0 → 🐌 느린 페이스
[3종 수집] 오다와라 7경주: {'quinella': 36, 'exacta': 72, 'trio': 0, 'win': 0} (history 5)
[placeholder 필터] 오다와라 7경주 쌍승 껍데기 배당 3조합 제외(값: [799.7])
[각질편성] 오다와라 7경주: 선행3·선입0·추입6 → ⚡ 빠른 페이스
[경륜전개] 오다와라 7경주: 보통 · 라인 3개 · 페어 [[7, 2], [9, 1], [8, 3]]
[단통 상한] 메인 2개 · 복병이동 0개
[자동분석·배경] 오다와라 7경주: 마감 459초 전 재분석(rec_history 누적·cycle)
[각질편성] 삿포로 7경주: 선행0·선입0·추입0 → 🐌 느린 페이스
[각질편성] 삿포로 7경주: 선행0·선입0·추입0 → 🐌 느린 페이스
⚠️ [수신값 검증] 삿포로 7경주 · 배당 열 밀림 의심(인접 조합 값 일치) → 이 틱 급락 계산 보류(배당은 저장)
[3종 수집] 삿포로 7경주: {'quinella': 55, 'exacta': 0, 'trio': 0, 'win': 0} (history 12)
[각질편성] 삿포로 7경주: 선행0·선입0·추입0 → 🐌 느린 페이스
[각질편성] 삿포로 7경주: 선행0·선입0·추입0 → 🐌 느린 페이스
[각질편성] 삿포로 7경주: 선행0·선입0·추입0 → 🐌 느린 페이스
[각질편성] 삿포로 7경주: 선행0·선입0·추입0 → 🐌 느린 페이스
[각질편성] 삿포로 7경주: 선행0·선입0·추입0 → 🐌 느린 페이스
[각질편성] 삿포로 7경주: 선행0·선입0·추입0 → 🐌 느린 페이스
[복승불일치 축교정] 아오모리 4경주: 축 [1, 4]로 교정(자금이탈 강등 [7]·🔴🔴)
[각질편성] 삿포로 7경주: 선행0·선입0·추입0 → 🐌 느린 페이스
[각질편성] 삿포로 7경주: 선행0·선입0·추입0 → 🐌 느린 페이스
[각질편성] 삿포로 7경주: 선행0·선입0·추입0 → 🐌 느린 페이스
[한국 전적] 삿포로 7경주: 11두 저장(PDF, 전적 11두)
[각질편성] 삿포로 7경주: 선행0·선입0·추입0 → 🐌 느린 페이스
[복승불일치 축교정] 아오모리 5경주: 축 [1, 3]로 교정(자금이탈 강등 [6]·🔴)
[placeholder 필터] 호후 6경주 쌍승 껍데기 배당 3조합 제외(값: [300.2])
[복승불일치 축교정] 호후 6경주: 축 [1, 5]로 교정(자금이탈 강등 [7]·🔴)
[placeholder 필터] 아오모리 7경주 쌍승 껍데기 배당 3조합 제외(값: [1703.0])
[복승불일치 축교정] 호후 7경주: 축 [2, 5]로 교정(자금이탈 강등 [1]·🔴🔴)
[한국이력 검역] 거부 — 파일=부산 7R / 본문 raceKey=삿포로 7경주 (경마장 불일치)
[결과기록] 캐시 갱신 — 재파싱 1건 / 전체 1681건
[복승불일치 축교정] 사세보 2경주: 축 [2, 7]로 교정(자금이탈 강등 [1]·🔴🔴)
[복승불일치 축교정] 기후 2경주: 축 [3, 4]로 교정(자금이탈 강등 [6]·🔴🔴)
[각질편성] 삿포로 7경주: 선행0·선입0·추입0 → 🐌 느린 페이스
[각질편성] 삿포로 7경주: 선행0·선입0·추입0 → 🐌 느린 페이스
[복승불일치 축교정] 사세보 3경주: 축 [1, 5]로 교정(자금이탈 강등 [7]·🔴🔴)
[각질편성] 삿포로 7경주: 선행0·선입0·추입0 → 🐌 느린 페이스
[복승불일치 축교정] 오다와라 3경주: 축 [3, 9]로 교정(자금이탈 강등 [1]·🔴)
[복승불일치 축교정] 기후 3경주: 축 [5, 7]로 교정(자금이탈 강등 [4]·🔴🔴)
[복승불일치 축교정] 사세보 4경주: 축 [1, 4]로 교정(자금이탈 강등 [7]·🔴🔴)
[3종 수집] 오다와라 7경주: {'quinella': 36, 'exacta': 72, 'trio': 0, 'win': 0} (history 6)
[placeholder 필터] 오다와라 4경주 쌍승 껍데기 배당 4조합 제외(값: [859.9])
[복승불일치 축교정] 기후 4경주: 축 [1, 4]로 교정(자금이탈 강등 [2]·🔴🔴)
[placeholder 필터] 오다와라 7경주 쌍승 껍데기 배당 3조합 제외(값: [799.7])
[각질편성] 오다와라 7경주: 선행3·선입0·추입6 → ⚡ 빠른 페이스
[경륜전개] 오다와라 7경주: 보통 · 라인 3개 · 페어 [[7, 2], [9, 1], [8, 3]]
[각질편성] 오다와라 5경주: 선행3·선입0·추입6 → ⚡ 빠른 페이스
[경륜전개] 오다와라 5경주: 슬로우(단독 선행) · 라인 3개 · 페어 [[2, 5], [1, 8], [3, 7]]
[경륜 추천 모순 수정] 고배당 강제조합 1건 메인→복병 이동(25배 상한)
[단통 상한] 메인 2개 · 복병이동 0개
🔎 [결정론 검수] 오다와라 7경주: B라인누락
[각질편성] 기후 5경주: 선행2·선입0·추입5 → 보통 페이스
[경륜전개] 기후 5경주: 보통 · 라인 2개 · 페어 [[1, 5], [3, 7]]
[자동분석·배경] 오다와라 7경주: 마감 427초 전 재분석(rec_history 누적·cycle)
[각질편성] 사세보 7경주: 선행2·선입0·추입5 → 보통 페이스
[경륜전개] 사세보 7경주: 보통 · 라인 2개 · 페어 [[5, 3], [6, 1]]
[각질편성] 사세보 6경주: 선행3·선입0·추입3 → ⚡ 빠른 페이스
[경륜전개] 사세보 6경주: 보통 · 라인 3개 · 페어 [[4, 2], [1, 5]]
[placeholder 필터] 오다와라 7경주 쌍승 껍데기 배당 3조합 제외(값: [799.7])
[각질편성] 오다와라 7경주: 선행3·선입0·추입6 → ⚡ 빠른 페이스
[경륜전개] 오다와라 7경주: 보통 · 라인 3개 · 페어 [[7, 2], [9, 1], [8, 3]]
[경륜 추천 모순 수정] 고배당 강제조합 1건 메인→복병 이동(25배 상한)
[단통 상한] 메인 2개 · 복병이동 0개
[각질편성] 오다와라 6경주: 선행3·선입0·추입6 → ⚡ 빠른 페이스
[경륜전개] 오다와라 6경주: 보통 · 라인 3개 · 페어 [[1, 9], [5, 2], [8, 3]]
[카카오알림] 오다와라 7경주 T-7 → 큐 적재
[각질편성] 기후 6경주: 선행1·선입0·추입5 → 🐌 느린 페이스
[경륜전개] 기후 6경주: 슬로우(단독 선행) · 라인 2개 · 페어 [[1, 2]]
[각질편성] 사세보 7경주: 선행2·선입0·추입5 → 보통 페이스
[경륜전개] 사세보 7경주: 보통 · 라인 2개 · 페어 [[5, 3], [6, 1]]
[placeholder 필터] 오다와라 7경주 쌍승 껍데기 배당 3조합 제외(값: [799.7])
[각질편성] 오다와라 7경주: 선행3·선입0·추입6 → ⚡ 빠른 페이스
[경륜전개] 오다와라 7경주: 보통 · 라인 3개 · 페어 [[7, 2], [9, 1], [8, 3]]
[단통 상한] 메인 2개 · 복병이동 0개
[각질편성] 삿포로 6경주: 선행0·선입0·추입0 → 🐌 느린 페이스
[각질편성] 삿포로 7경주: 선행0·선입0·추입0 → 🐌 느린 페이스
[각질편성] 삿포로 7경주: 선행0·선입0·추입0 → 🐌 느린 페이스
⚠️ [수신값 검증] 삿포로 7경주 · 배당 열 밀림 의심(인접 조합 값 일치) → 이 틱 급락 계산 보류(배당은 저장)
[3종 수집] 삿포로 7경주: {'quinella': 55, 'exacta': 0, 'trio': 0, 'win': 0} (history 12)
[각질편성] 삿포로 7경주: 선행0·선입0·추입0 → 🐌 느린 페이스
[각질편성] 삿포로 7경주: 선행0·선입0·추입0 → 🐌 느린 페이스
[각질편성] 삿포로 7경주: 선행0·선입0·추입0 → 🐌 느린 페이스
[각질편성] 삿포로 7경주: 선행0·선입0·추입0 → 🐌 느린 페이스
[3종 수집] 오다와라 7경주: {'quinella': 36, 'exacta': 72, 'trio': 0, 'win': 0} (history 7)
[placeholder 필터] 오다와라 7경주 쌍승 껍데기 배당 3조합 제외(값: [1185.6])
[각질편성] 오다와라 7경주: 선행3·선입0·추입6 → ⚡ 빠른 페이스
[경륜전개] 오다와라 7경주: 보통 · 라인 3개 · 페어 [[7, 2], [9, 1], [8, 3]]
[경륜 추천 모순 수정] 고배당 강제조합 1건 메인→복병 이동(25배 상한)
[단통 상한] 메인 2개 · 복병이동 0개
🔎 [결정론 검수] 오다와라 7경주: B라인누락
[자동분석·배경] 오다와라 7경주: 마감 392초 전 재분석(rec_history 누적·cycle)
[각질편성] 삿포로 7경주: 선행0·선입0·추입0 → 🐌 느린 페이스
[각질편성] 삿포로 7경주: 선행0·선입0·추입0 → 🐌 느린 페이스
[각질편성] 삿포로 7경주: 선행0·선입0·추입0 → 🐌 느린 페이스
[각질편성] 삿포로 7경주: 선행0·선입0·추입0 → 🐌 느린 페이스
[각질편성] 삿포로 7경주: 선행0·선입0·추입0 → 🐌 느린 페이스
[복승불일치 축교정] 아오모리 4경주: 축 [1, 4]로 교정(자금이탈 강등 [7]·🔴🔴)
[각질편성] 삿포로 7경주: 선행0·선입0·추입0 → 🐌 느린 페이스
[각질편성] 삿포로 7경주: 선행0·선입0·추입0 → 🐌 느린 페이스
[각질편성] 삿포로 7경주: 선행0·선입0·추입0 → 🐌 느린 페이스
[각질편성] 삿포로 7경주: 선행0·선입0·추입0 → 🐌 느린 페이스
[한국 전적] 삿포로 7경주: 11두 저장(PDF, 전적 11두)
⚠️ [수신값 검증] 삿포로 7경주 · 배당 열 밀림 의심(인접 조합 값 일치) → 이 틱 급락 계산 보류(배당은 저장)
[활성정리] 끝난 경주 1건 제거(히스토리 보존): 사세보 6경주
[3종 수집] 삿포로 7경주: {'quinella': 55, 'exacta': 0, 'trio': 0, 'win': 0} (history 12)
[각질편성] 삿포로 7경주: 선행0·선입0·추입0 → 🐌 느린 페이스
[복승불일치 축교정] 아오모리 5경주: 축 [1, 3]로 교정(자금이탈 강등 [6]·🔴)
[결과기록] 캐시 갱신 — 재파싱 1건 / 전체 1681건
[placeholder 필터] 호후 6경주 쌍승 껍데기 배당 3조합 제외(값: [300.2])
[복승불일치 축교정] 호후 6경주: 축 [1, 5]로 교정(자금이탈 강등 [7]·🔴)
[placeholder 필터] 아오모리 7경주 쌍승 껍데기 배당 3조합 제외(값: [1703.0])
[복승불일치 축교정] 호후 7경주: 축 [2, 5]로 교정(자금이탈 강등 [1]·🔴🔴)
[각질편성] 삿포로 7경주: 선행0·선입0·추입0 → 🐌 느린 페이스
[복승불일치 축교정] 사세보 2경주: 축 [2, 7]로 교정(자금이탈 강등 [1]·🔴🔴)
[복승불일치 축교정] 기후 2경주: 축 [3, 4]로 교정(자금이탈 강등 [6]·🔴🔴)
[복승불일치 축교정] 사세보 3경주: 축 [1, 5]로 교정(자금이탈 강등 [7]·🔴🔴)
[복승불일치 축교정] 오다와라 3경주: 축 [3, 9]로 교정(자금이탈 강등 [1]·🔴)
[복승불일치 축교정] 기후 3경주: 축 [5, 7]로 교정(자금이탈 강등 [4]·🔴🔴)
[복승불일치 축교정] 사세보 4경주: 축 [1, 4]로 교정(자금이탈 강등 [7]·🔴🔴)
[placeholder 필터] 오다와라 4경주 쌍승 껍데기 배당 4조합 제외(값: [859.9])
[복승불일치 축교정] 기후 4경주: 축 [1, 4]로 교정(자금이탈 강등 [2]·🔴🔴)
[각질편성] 오다와라 5경주: 선행3·선입0·추입6 → ⚡ 빠른 페이스
[경륜전개] 오다와라 5경주: 슬로우(단독 선행) · 라인 3개 · 페어 [[2, 5], [1, 8], [3, 7]]
[각질편성] 삿포로 7경주: 선행0·선입0·추입0 → 🐌 느린 페이스
[각질편성] 기후 5경주: 선행2·선입0·추입5 → 보통 페이스
[경륜전개] 기후 5경주: 보통 · 라인 2개 · 페어 [[1, 5], [3, 7]]
[각질편성] 사세보 6경주: 선행3·선입0·추입3 → ⚡ 빠른 페이스
[경륜전개] 사세보 6경주: 보통 · 라인 3개 · 페어 [[4, 2], [1, 5]]
[각질편성] 오다와라 6경주: 선행3·선입0·추입6 → ⚡ 빠른 페이스
[경륜전개] 오다와라 6경주: 보통 · 라인 3개 · 페어 [[1, 9], [5, 2], [8, 3]]
[각질편성] 기후 6경주: 선행1·선입0·추입5 → 🐌 느린 페이스
[경륜전개] 기후 6경주: 슬로우(단독 선행) · 라인 2개 · 페어 [[1, 2]]
[각질편성] 사세보 7경주: 선행2·선입0·추입5 → 보통 페이스
[경륜전개] 사세보 7경주: 보통 · 라인 2개 · 페어 [[5, 3], [6, 1]]
[placeholder 필터] 오다와라 7경주 쌍승 껍데기 배당 3조합 제외(값: [1185.6])
[각질편성] 오다와라 7경주: 선행3·선입0·추입6 → ⚡ 빠른 페이스
[경륜전개] 오다와라 7경주: 보통 · 라인 3개 · 페어 [[7, 2], [9, 1], [8, 3]]
[경륜 추천 모순 수정] 고배당 강제조합 1건 메인→복병 이동(25배 상한)
[단통 상한] 메인 2개 · 복병이동 0개
[각질편성] 삿포로 6경주: 선행0·선입0·추입0 → 🐌 느린 페이스
[각질편성] 삿포로 7경주: 선행0·선입0·추입0 → 🐌 느린 페이스
[3종 수집] 오다와라 7경주: {'quinella': 36, 'exacta': 72, 'trio': 0, 'win': 0} (history 8)
[placeholder 필터] 오다와라 7경주 쌍승 껍데기 배당 3조합 제외(값: [1185.6])
[각질편성] 오다와라 7경주: 선행3·선입0·추입6 → ⚡ 빠른 페이스
[경륜전개] 오다와라 7경주: 보통 · 라인 3개 · 페어 [[7, 2], [9, 1], [8, 3]]
[경륜 추천 모순 수정] 고배당 강제조합 1건 메인→복병 이동(25배 상한)
[단통 상한] 메인 2개 · 복병이동 0개
[자동분석·배경] 오다와라 7경주: 마감 359초 전 재분석(rec_history 누적·cycle)
[각질편성] 삿포로 7경주: 선행0·선입0·추입0 → 🐌 느린 페이스
[각질편성] 삿포로 7경주: 선행0·선입0·추입0 → 🐌 느린 페이스
[각질편성] 삿포로 7경주: 선행0·선입0·추입0 → 🐌 느린 페이스
⚠️ [수신값 검증] 삿포로 7경주 · 배당 열 밀림 의심(인접 조합 값 일치) → 이 틱 급락 계산 보류(배당은 저장)
[3종 수집] 삿포로 7경주: {'quinella': 55, 'exacta': 0, 'trio': 0, 'win': 0} (history 12)
[각질편성] 삿포로 7경주: 선행0·선입0·추입0 → 🐌 느린 페이스
[각질편성] 삿포로 7경주: 선행0·선입0·추입0 → 🐌 느린 페이스
[각질편성] 삿포로 7경주: 선행0·선입0·추입0 → 🐌 느린 페이스
[각질편성] 삿포로 7경주: 선행0·선입0·추입0 → 🐌 느린 페이스
[각질편성] 삿포로 7경주: 선행0·선입0·추입0 → 🐌 느린 페이스
[3종 수집] 오다와라 7경주: {'quinella': 36, 'exacta': 72, 'trio': 0, 'win': 0} (history 9)
[각질편성] 오다와라 7경주: 선행3·선입0·추입6 → ⚡ 빠른 페이스
[경륜전개] 오다와라 7경주: 보통 · 라인 3개 · 페어 [[7, 2], [9, 1], [8, 3]]
[경륜 추천 모순 수정] 고배당 강제조합 1건 메인→복병 이동(25배 상한)
[단통 상한] 메인 2개 · 복병이동 0개
[자동분석·배경] 오다와라 7경주: 마감 327초 전 재분석(rec_history 누적·cycle)
[각질편성] 오다와라 7경주: 선행3·선입0·추입6 → ⚡ 빠른 페이스
[경륜전개] 오다와라 7경주: 보통 · 라인 3개 · 페어 [[7, 2], [9, 1], [8, 3]]
[경륜 추천 모순 수정] 고배당 강제조합 1건 메인→복병 이동(25배 상한)
[단통 상한] 메인 2개 · 복병이동 0개
[카카오알림] 오다와라 7경주 T-5 → 큐 적재
[각질편성] 삿포로 7경주: 선행0·선입0·추입0 → 🐌 느린 페이스
[각질편성] 삿포로 7경주: 선행0·선입0·추입0 → 🐌 느린 페이스
[각질편성] 삿포로 7경주: 선행0·선입0·추입0 → 🐌 느린 페이스
[각질편성] 삿포로 7경주: 선행0·선입0·추입0 → 🐌 느린 페이스
[복승불일치 축교정] 아오모리 4경주: 축 [1, 4]로 교정(자금이탈 강등 [7]·🔴🔴)
[각질편성] 삿포로 7경주: 선행0·선입0·추입0 → 🐌 느린 페이스
[각질편성] 삿포로 7경주: 선행0·선입0·추입0 → 🐌 느린 페이스
[각질편성] 삿포로 7경주: 선행0·선입0·추입0 → 🐌 느린 페이스
[한국 전적] 삿포로 7경주: 11두 저장(PDF, 전적 11두)
[잔존마 필터] 삿포로 7경주: 전적 11두 → 배당 출전마 10두 (배당 없는 마번 제외: [11])
[각질편성] 삿포로 7경주: 선행0·선입0·추입0 → 🐌 느린 페이스
[복승불일치 축교정] 아오모리 5경주: 축 [1, 3]로 교정(자금이탈 강등 [6]·🔴)
[3종 수집] 삿포로 7경주: {'quinella': 45, 'exacta': 0, 'trio': 0, 'win': 0} (history 12)
[잔존마 필터] 삿포로 7경주: 전적 11두 → 배당 출전마 10두 (배당 없는 마번 제외: [11])
[각질편성] 삿포로 7경주: 선행0·선입0·추입0 → 🐌 느린 페이스
[잔존마 필터] 삿포로 7경주: 전적 11두 → 배당 출전마 10두 (배당 없는 마번 제외: [11])
[각질편성] 삿포로 7경주: 선행0·선입0·추입0 → 🐌 느린 페이스
[placeholder 필터] 호후 6경주 쌍승 껍데기 배당 3조합 제외(값: [300.2])
[복승불일치 축교정] 호후 6경주: 축 [1, 5]로 교정(자금이탈 강등 [7]·🔴)
[한국이력 검역] 거부 — 파일=부산 7R / 본문 raceKey=삿포로 7경주 (경마장 불일치)
[placeholder 필터] 아오모리 7경주 쌍승 껍데기 배당 3조합 제외(값: [1703.0])
[복승불일치 축교정] 호후 7경주: 축 [2, 5]로 교정(자금이탈 강등 [1]·🔴🔴)
[결과기록] 캐시 갱신 — 재파싱 1건 / 전체 1681건
[잔존마 필터] 삿포로 7경주: 전적 11두 → 배당 출전마 10두 (배당 없는 마번 제외: [11])
[각질편성] 삿포로 7경주: 선행0·선입0·추입0 → 🐌 느린 페이스
[복승불일치 축교정] 사세보 2경주: 축 [2, 7]로 교정(자금이탈 강등 [1]·🔴🔴)
[복승불일치 축교정] 기후 2경주: 축 [3, 4]로 교정(자금이탈 강등 [6]·🔴🔴)
[복승불일치 축교정] 사세보 3경주: 축 [1, 5]로 교정(자금이탈 강등 [7]·🔴🔴)
[복승불일치 축교정] 오다와라 3경주: 축 [3, 9]로 교정(자금이탈 강등 [1]·🔴)
[복승불일치 축교정] 기후 3경주: 축 [5, 7]로 교정(자금이탈 강등 [4]·🔴🔴)
[복승불일치 축교정] 사세보 4경주: 축 [1, 4]로 교정(자금이탈 강등 [7]·🔴🔴)
[placeholder 필터] 오다와라 4경주 쌍승 껍데기 배당 4조합 제외(값: [859.9])
[복승불일치 축교정] 기후 4경주: 축 [1, 4]로 교정(자금이탈 강등 [2]·🔴🔴)
[각질편성] 오다와라 5경주: 선행3·선입0·추입6 → ⚡ 빠른 페이스
[경륜전개] 오다와라 5경주: 슬로우(단독 선행) · 라인 3개 · 페어 [[2, 5], [1, 8], [3, 7]]
[각질편성] 기후 5경주: 선행2·선입0·추입5 → 보통 페이스
[경륜전개] 기후 5경주: 보통 · 라인 2개 · 페어 [[1, 5], [3, 7]]
[각질편성] 사세보 6경주: 선행3·선입0·추입3 → ⚡ 빠른 페이스
[경륜전개] 사세보 6경주: 보통 · 라인 3개 · 페어 [[4, 2], [1, 5]]
[각질편성] 오다와라 6경주: 선행3·선입0·추입6 → ⚡ 빠른 페이스
[경륜전개] 오다와라 6경주: 보통 · 라인 3개 · 페어 [[1, 9], [5, 2], [8, 3]]
[각질편성] 기후 6경주: 선행1·선입0·추입5 → 🐌 느린 페이스
[경륜전개] 기후 6경주: 슬로우(단독 선행) · 라인 2개 · 페어 [[1, 2]]
[각질편성] 사세보 7경주: 선행2·선입0·추입5 → 보통 페이스
[경륜전개] 사세보 7경주: 보통 · 라인 2개 · 페어 [[5, 3], [6, 1]]
[각질편성] 오다와라 7경주: 선행3·선입0·추입6 → ⚡ 빠른 페이스
[경륜전개] 오다와라 7경주: 보통 · 라인 3개 · 페어 [[7, 2], [9, 1], [8, 3]]
[경륜 추천 모순 수정] 고배당 강제조합 1건 메인→복병 이동(25배 상한)
[단통 상한] 메인 2개 · 복병이동 0개
[각질편성] 삿포로 6경주: 선행0·선입0·추입0 → 🐌 느린 페이스
[잔존마 필터] 삿포로 7경주: 전적 11두 → 배당 출전마 10두 (배당 없는 마번 제외: [11])
[각질편성] 삿포로 7경주: 선행0·선입0·추입0 → 🐌 느린 페이스
[잔존마 필터] 삿포로 7경주: 전적 11두 → 배당 출전마 10두 (배당 없는 마번 제외: [11])
[각질편성] 삿포로 7경주: 선행0·선입0·추입0 → 🐌 느린 페이스
[잔존마 필터] 삿포로 7경주: 전적 11두 → 배당 출전마 10두 (배당 없는 마번 제외: [11])
[각질편성] 삿포로 7경주: 선행0·선입0·추입0 → 🐌 느린 페이스
[잔존마 필터] 삿포로 7경주: 전적 11두 → 배당 출전마 10두 (배당 없는 마번 제외: [11])
[잔존마 필터] 삿포로 7경주: 전적 11두 → 배당 출전마 10두 (배당 없는 마번 제외: [11])
[각질편성] 삿포로 7경주: 선행0·선입0·추입0 → 🐌 느린 페이스
[각질편성] 삿포로 7경주: 선행0·선입0·추입0 → 🐌 느린 페이스
[복승불일치 축교정] 아오모리 4경주: 축 [1, 4]로 교정(자금이탈 강등 [7]·🔴🔴)
[3종 수집] 오다와라 7경주: {'quinella': 36, 'exacta': 72, 'trio': 0, 'win': 0} (history 10)
[placeholder 필터] 오다와라 7경주 쌍승 껍데기 배당 3조합 제외(값: [1303.6])
[각질편성] 오다와라 7경주: 선행3·선입0·추입6 → ⚡ 빠른 페이스
[경륜전개] 오다와라 7경주: 보통 · 라인 3개 · 페어 [[7, 2], [9, 1], [8, 3]]
[경륜 추천 모순 수정] 고배당 강제조합 1건 메인→복병 이동(25배 상한)
[단통 상한] 메인 2개 · 복병이동 0개
[자동예상] 오다와라 7경주 최종예상 저장(2026_08_01_오다와라_7경주.json)
[placeholder 필터] 오다와라 7경주 쌍승 껍데기 배당 3조합 제외(값: [1303.6])
[각질편성] 오다와라 7경주: 선행3·선입0·추입6 → ⚡ 빠른 페이스
[경륜전개] 오다와라 7경주: 보통 · 라인 3개 · 페어 [[7, 2], [9, 1], [8, 3]]
[경륜 추천 모순 수정] 고배당 강제조합 1건 메인→복병 이동(25배 상한)
[단통 상한] 메인 2개 · 복병이동 0개
[자동분석·배경] 오다와라 7경주: 마감 294초 전 재분석(rec_history 누적·cycle)
[3종 수집] 삿포로 7경주: {'quinella': 45, 'exacta': 0, 'trio': 0, 'win': 0} (history 12)
[잔존마 필터] 삿포로 7경주: 전적 11두 → 배당 출전마 10두 (배당 없는 마번 제외: [11])
[각질편성] 삿포로 7경주: 선행0·선입0·추입0 → 🐌 느린 페이스
[잔존마 필터] 삿포로 7경주: 전적 11두 → 배당 출전마 10두 (배당 없는 마번 제외: [11])
[각질편성] 삿포로 7경주: 선행0·선입0·추입0 → 🐌 느린 페이스
[잔존마 필터] 삿포로 7경주: 전적 11두 → 배당 출전마 10두 (배당 없는 마번 제외: [11])
[각질편성] 삿포로 7경주: 선행0·선입0·추입0 → 🐌 느린 페이스
[잔존마 필터] 삿포로 7경주: 전적 11두 → 배당 출전마 10두 (배당 없는 마번 제외: [11])
[각질편성] 삿포로 7경주: 선행0·선입0·추입0 → 🐌 느린 페이스
[한국 전적] 삿포로 7경주: 11두 저장(PDF, 전적 11두)
[잔존마 필터] 삿포로 7경주: 전적 11두 → 배당 출전마 10두 (배당 없는 마번 제외: [11])
[각질편성] 삿포로 7경주: 선행0·선입0·추입0 → 🐌 느린 페이스
[잔존마 필터] 삿포로 7경주: 전적 11두 → 배당 출전마 10두 (배당 없는 마번 제외: [11])
[각질편성] 삿포로 7경주: 선행0·선입0·추입0 → 🐌 느린 페이스
[한국이력 검역] 거부 — 파일=부산 7R / 본문 raceKey=삿포로 7경주 (경마장 불일치)
[잔존마 필터] 삿포로 7경주: 전적 11두 → 배당 출전마 10두 (배당 없는 마번 제외: [11])
[각질편성] 삿포로 7경주: 선행0·선입0·추입0 → 🐌 느린 페이스
[잔존마 필터] 삿포로 7경주: 전적 11두 → 배당 출전마 10두 (배당 없는 마번 제외: [11])
[각질편성] 삿포로 7경주: 선행0·선입0·추입0 → 🐌 느린 페이스
[잔존마 필터] 삿포로 7경주: 전적 11두 → 배당 출전마 10두 (배당 없는 마번 제외: [11])
[각질편성] 삿포로 7경주: 선행0·선입0·추입0 → 🐌 느린 페이스
[잔존마 필터] 삿포로 7경주: 전적 11두 → 배당 출전마 10두 (배당 없는 마번 제외: [11])
[각질편성] 삿포로 7경주: 선행0·선입0·추입0 → 🐌 느린 페이스
[잔존마 필터] 삿포로 7경주: 전적 11두 → 배당 출전마 10두 (배당 없는 마번 제외: [11])
[각질편성] 삿포로 7경주: 선행0·선입0·추입0 → 🐌 느린 페이스
[JRA결과] 삿포로 7경주 착순 [3, 11, 5] · 복승 4400円 · 삼복승 15870円
[JRA결과] 1경주 저장 · 0경주 미확정(재시도 대기)
[3종 수집] 오다와라 7경주: {'quinella': 36, 'exacta': 72, 'trio': 0, 'win': 0} (history 11)
[placeholder 필터] 오다와라 7경주 쌍승 껍데기 배당 3조합 제외(값: [1303.6])
[각질편성] 오다와라 7경주: 선행3·선입0·추입6 → ⚡ 빠른 페이스
[경륜전개] 오다와라 7경주: 보통 · 라인 3개 · 페어 [[7, 2], [9, 1], [8, 3]]
[경륜 추천 모순 수정] 고배당 강제조합 1건 메인→복병 이동(25배 상한)
[단통 상한] 메인 2개 · 복병이동 0개
[자동분석·배경] 오다와라 7경주: 마감 262초 전 재분석(rec_history 누적·cycle)
[카톡 변경알림·즉시] 오다와라 7경주 (남은 262s): 삼복승 제외: 2+3+7 · 2+7+8
[잔존마 필터] 삿포로 7경주: 전적 11두 → 배당 출전마 10두 (배당 없는 마번 제외: [11])
[각질편성] 삿포로 7경주: 선행0·선입0·추입0 → 🐌 느린 페이스
[잔존마 필터] 삿포로 7경주: 전적 11두 → 배당 출전마 10두 (배당 없는 마번 제외: [11])
[잔존마 필터] 삿포로 7경주: 전적 11두 → 배당 출전마 10두 (배당 없는 마번 제외: [11])
[각질편성] 삿포로 7경주: 선행0·선입0·추입0 → 🐌 느린 페이스
[각질편성] 삿포로 7경주: 선행0·선입0·추입0 → 🐌 느린 페이스
[잔존마 필터] 삿포로 7경주: 전적 11두 → 배당 출전마 10두 (배당 없는 마번 제외: [11])
[복승불일치 축교정] 아오모리 4경주: 축 [1, 4]로 교정(자금이탈 강등 [7]·🔴🔴)
[각질편성] 삿포로 7경주: 선행0·선입0·추입0 → 🐌 느린 페이스
[잔존마 필터] 삿포로 7경주: 전적 11두 → 배당 출전마 10두 (배당 없는 마번 제외: [11])
[잔존마 필터] 삿포로 7경주: 전적 11두 → 배당 출전마 10두 (배당 없는 마번 제외: [11])
[각질편성] 삿포로 7경주: 선행0·선입0·추입0 → 🐌 느린 페이스
[잔존마 필터] 삿포로 7경주: 전적 11두 → 배당 출전마 10두 (배당 없는 마번 제외: [11])
[각질편성] 삿포로 7경주: 선행0·선입0·추입0 → 🐌 느린 페이스
[각질편성] 삿포로 7경주: 선행0·선입0·추입0 → 🐌 느린 페이스
[한국 전적] 삿포로 7경주: 11두 저장(PDF, 전적 11두)
[잔존마 필터] 삿포로 7경주: 전적 11두 → 배당 출전마 10두 (배당 없는 마번 제외: [11])
[각질편성] 삿포로 7경주: 선행0·선입0·추입0 → 🐌 느린 페이스
[3종 수집] 삿포로 7경주: {'quinella': 45, 'exacta': 0, 'trio': 0, 'win': 0} (history 12)
[잔존마 필터] 삿포로 7경주: 전적 11두 → 배당 출전마 10두 (배당 없는 마번 제외: [11])
[각질편성] 삿포로 7경주: 선행0·선입0·추입0 → 🐌 느린 페이스
[복승불일치 축교정] 아오모리 5경주: 축 [1, 3]로 교정(자금이탈 강등 [6]·🔴)
[placeholder 필터] 호후 6경주 쌍승 껍데기 배당 3조합 제외(값: [300.2])
[복승불일치 축교정] 호후 6경주: 축 [1, 5]로 교정(자금이탈 강등 [7]·🔴)
[placeholder 필터] 아오모리 7경주 쌍승 껍데기 배당 3조합 제외(값: [1703.0])
[복승불일치 축교정] 호후 7경주: 축 [2, 5]로 교정(자금이탈 강등 [1]·🔴🔴)
[한국이력 검역] 거부 — 파일=부산 7R / 본문 raceKey=삿포로 7경주 (경마장 불일치)
[복승불일치 축교정] 사세보 2경주: 축 [2, 7]로 교정(자금이탈 강등 [1]·🔴🔴)
[결과기록] 캐시 갱신 — 재파싱 2건 / 전체 1681건
[복승불일치 축교정] 기후 2경주: 축 [3, 4]로 교정(자금이탈 강등 [6]·🔴🔴)
[복승불일치 축교정] 사세보 3경주: 축 [1, 5]로 교정(자금이탈 강등 [7]·🔴🔴)
[잔존마 필터] 삿포로 7경주: 전적 11두 → 배당 출전마 10두 (배당 없는 마번 제외: [11])
[각질편성] 삿포로 7경주: 선행0·선입0·추입0 → 🐌 느린 페이스
[복승불일치 축교정] 오다와라 3경주: 축 [3, 9]로 교정(자금이탈 강등 [1]·🔴)
[복승불일치 축교정] 기후 3경주: 축 [5, 7]로 교정(자금이탈 강등 [4]·🔴🔴)
[복승불일치 축교정] 사세보 4경주: 축 [1, 4]로 교정(자금이탈 강등 [7]·🔴🔴)
[placeholder 필터] 오다와라 4경주 쌍승 껍데기 배당 4조합 제외(값: [859.9])
[복승불일치 축교정] 기후 4경주: 축 [1, 4]로 교정(자금이탈 강등 [2]·🔴🔴)
[각질편성] 오다와라 5경주: 선행3·선입0·추입6 → ⚡ 빠른 페이스
[경륜전개] 오다와라 5경주: 슬로우(단독 선행) · 라인 3개 · 페어 [[2, 5], [1, 8], [3, 7]]
[각질편성] 기후 5경주: 선행2·선입0·추입5 → 보통 페이스
[경륜전개] 기후 5경주: 보통 · 라인 2개 · 페어 [[1, 5], [3, 7]]
[각질편성] 사세보 6경주: 선행3·선입0·추입3 → ⚡ 빠른 페이스
[경륜전개] 사세보 6경주: 보통 · 라인 3개 · 페어 [[4, 2], [1, 5]]
[각질편성] 오다와라 6경주: 선행3·선입0·추입6 → ⚡ 빠른 페이스
[경륜전개] 오다와라 6경주: 보통 · 라인 3개 · 페어 [[1, 9], [5, 2], [8, 3]]
[각질편성] 기후 6경주: 선행1·선입0·추입5 → 🐌 느린 페이스
[경륜전개] 기후 6경주: 슬로우(단독 선행) · 라인 2개 · 페어 [[1, 2]]
[각질편성] 사세보 7경주: 선행2·선입0·추입5 → 보통 페이스
[경륜전개] 사세보 7경주: 보통 · 라인 2개 · 페어 [[5, 3], [6, 1]]
[placeholder 필터] 오다와라 7경주 쌍승 껍데기 배당 3조합 제외(값: [1303.6])
[각질편성] 오다와라 7경주: 선행3·선입0·추입6 → ⚡ 빠른 페이스
[경륜전개] 오다와라 7경주: 보통 · 라인 3개 · 페어 [[7, 2], [9, 1], [8, 3]]
[경륜 추천 모순 수정] 고배당 강제조합 1건 메인→복병 이동(25배 상한)
[단통 상한] 메인 2개 · 복병이동 0개
[각질편성] 삿포로 6경주: 선행0·선입0·추입0 → 🐌 느린 페이스
[잔존마 필터] 삿포로 7경주: 전적 11두 → 배당 출전마 10두 (배당 없는 마번 제외: [11])
[각질편성] 삿포로 7경주: 선행0·선입0·추입0 → 🐌 느린 페이스
[잔존마 필터] 삿포로 7경주: 전적 11두 → 배당 출전마 10두 (배당 없는 마번 제외: [11])
[각질편성] 삿포로 7경주: 선행0·선입0·추입0 → 🐌 느린 페이스
[잔존마 필터] 삿포로 7경주: 전적 11두 → 배당 출전마 10두 (배당 없는 마번 제외: [11])
[각질편성] 삿포로 7경주: 선행0·선입0·추입0 → 🐌 느린 페이스
[다중경주] 하트비트 #21 · 스케줄 ymd=20260801 (-1초 전 갱신 · 트랙 12개)
[3종 수집] 오다와라 7경주: {'quinella': 36, 'exacta': 72, 'trio': 0, 'win': 0} (history 12)
[placeholder 필터] 오다와라 7경주 쌍승 껍데기 배당 3조합 제외(값: [1462.3])
[각질편성] 오다와라 7경주: 선행3·선입0·추입6 → ⚡ 빠른 페이스
[경륜전개] 오다와라 7경주: 보통 · 라인 3개 · 페어 [[7, 2], [9, 1], [8, 3]]
[단통 상한] 메인 2개 · 복병이동 0개
[자동분석·배경] 오다와라 7경주: 마감 229초 전 재분석(rec_history 누적·cycle)
[잔존마 필터] 삿포로 7경주: 전적 11두 → 배당 출전마 10두 (배당 없는 마번 제외: [11])
[잔존마 필터] 삿포로 7경주: 전적 11두 → 배당 출전마 10두 (배당 없는 마번 제외: [11])
[각질편성] 삿포로 7경주: 선행0·선입0·추입0 → 🐌 느린 페이스
[각질편성] 삿포로 7경주: 선행0·선입0·추입0 → 🐌 느린 페이스
[잔존마 필터] 삿포로 7경주: 전적 11두 → 배당 출전마 10두 (배당 없는 마번 제외: [11])
[각질편성] 삿포로 7경주: 선행0·선입0·추입0 → 🐌 느린 페이스
⚠️ [수신값 검증] 삿포로 7경주 · 조합수 급감(직전 55→13) → 이 틱 급락 계산 보류(배당은 저장)
[3종 수집] 삿포로 7경주: {'quinella': 13, 'exacta': 0, 'trio': 0, 'win': 0} (history 12)
[잔존마 필터] 삿포로 7경주: 전적 11두 → 배당 출전마 6두 (배당 없는 마번 제외: [7, 8, 9, 10, 11])
[각질편성] 삿포로 7경주: 선행0·선입0·추입0 → 🐌 느린 페이스
[복승불일치 축교정] 삿포로 7경주: 축 [2, 5]로 교정(자금이탈 강등 [6]·🔴🔴)
📊 [채점] 오다와라 6경주: Gemini 3/3 ↔ 시장 3/3 · 놓침 []
[각질편성] 오다와라 6경주: 선행3·선입0·추입6 → ⚡ 빠른 페이스
[경륜전개] 오다와라 6경주: 보통 · 라인 3개 · 페어 [[1, 9], [5, 2], [8, 3]]
[신호별학습] 오다와라 6경주 · 활성신호 ['급락', '전적이중수렴'] · 유력마적중 복승=True 삼복승=True
[결과 수정] 오다와라 6경주: 기존 레코드 교체(재입력)
[복병케이스] 오다와라 6경주: 복병 6두 저장(입상 1)
[각질편성] 오다와라 6경주: 선행3·선입0·추입6 → ⚡ 빠른 페이스
[경륜전개] 오다와라 6경주: 보통 · 라인 3개 · 페어 [[1, 9], [5, 2], [8, 3]]
[placeholder 필터] 오다와라 7경주 쌍승 껍데기 배당 3조합 제외(값: [1462.3])
[각질편성] 오다와라 7경주: 선행3·선입0·추입6 → ⚡ 빠른 페이스
[경륜전개] 오다와라 7경주: 보통 · 라인 3개 · 페어 [[7, 2], [9, 1], [8, 3]]
[readonly 잠금] 오다와라 6경주: 마감 확정 파일 — corePicks/시계열 보존, result/hit만 업데이트 허용
[단통 상한] 메인 2개 · 복병이동 0개
[패턴발견] 결과 1544경주 스캔 → 발견 패턴 10개(기준 적중률 35.4%)
[자동학습] 오다와라 6경주 결과 [9, 5, 1] → 추천적중 True, 급락적중 False, 전적유력마 1(적중), 제거적중 False
[경륜 결과 백필] 2026-08-01: 시도 4 · 성공 1 · 실패 3
  ↳ 실패: 오다와라 7경주 - 결과 미게시/파싱 실패
  ↳ 실패: 사세보 7경주 - 결과 미게시/파싱 실패
  ↳ 실패: 기후 6경주 - 결과 미게시/파싱 실패
[스냅샷] 저장: 2026_08_01_오다와라_7경주_T-10.png (694 KB · T-10)
[활성정리] 끝난 경주 1건 제거(히스토리 보존): 삿포로 6경주
[3종 수집] 오다와라 7경주: {'quinella': 36, 'exacta': 72, 'trio': 0, 'win': 0} (history 12)
[잔존마 필터] 삿포로 7경주: 전적 11두 → 배당 출전마 6두 (배당 없는 마번 제외: [7, 8, 9, 10, 11])
[각질편성] 삿포로 7경주: 선행0·선입0·추입0 → 🐌 느린 페이스
[복승불일치 축교정] 삿포로 7경주: 축 [2, 5]로 교정(자금이탈 강등 [6]·🔴🔴)
[잔존마 필터] 삿포로 7경주: 전적 11두 → 배당 출전마 6두 (배당 없는 마번 제외: [7, 8, 9, 10, 11])
[각질편성] 삿포로 7경주: 선행0·선입0·추입0 → 🐌 느린 페이스
[잔존마 필터] 삿포로 7경주: 전적 11두 → 배당 출전마 6두 (배당 없는 마번 제외: [7, 8, 9, 10, 11])
[placeholder 필터] 오다와라 7경주 쌍승 껍데기 배당 3조합 제외(값: [1462.3])
[각질편성] 삿포로 7경주: 선행0·선입0·추입0 → 🐌 느린 페이스
[복승불일치 축교정] 삿포로 7경주: 축 [2, 5]로 교정(자금이탈 강등 [6]·🔴🔴)
[잔존마 필터] 삿포로 7경주: 전적 11두 → 배당 출전마 6두 (배당 없는 마번 제외: [7, 8, 9, 10, 11])
[각질편성] 오다와라 7경주: 선행3·선입0·추입6 → ⚡ 빠른 페이스
[복승불일치 축교정] 아오모리 4경주: 축 [1, 4]로 교정(자금이탈 강등 [7]·🔴🔴)
[각질편성] 삿포로 7경주: 선행0·선입0·추입0 → 🐌 느린 페이스
[복승불일치 축교정] 삿포로 7경주: 축 [2, 5]로 교정(자금이탈 강등 [6]·🔴🔴)
[경륜전개] 오다와라 7경주: 보통 · 라인 3개 · 페어 [[7, 2], [9, 1], [8, 3]]
[잔존마 필터] 삿포로 7경주: 전적 11두 → 배당 출전마 6두 (배당 없는 마번 제외: [7, 8, 9, 10, 11])
[잔존마 필터] 삿포로 7경주: 전적 11두 → 배당 출전마 6두 (배당 없는 마번 제외: [7, 8, 9, 10, 11])
[각질편성] 삿포로 7경주: 선행0·선입0·추입0 → 🐌 느린 페이스
[복승불일치 축교정] 삿포로 7경주: 축 [2, 5]로 교정(자금이탈 강등 [6]·🔴🔴)
[각질편성] 삿포로 7경주: 선행0·선입0·추입0 → 🐌 느린 페이스
[복승불일치 축교정] 삿포로 7경주: 축 [2, 5]로 교정(자금이탈 강등 [6]·🔴🔴)
[복승불일치 축교정] 삿포로 7경주: 축 [2, 5]로 교정(자금이탈 강등 [6]·🔴🔴)
[placeholder 필터] 오다와라 7경주 쌍승 껍데기 배당 3조합 제외(값: [1462.3])
[각질편성] 오다와라 7경주: 선행3·선입0·추입6 → ⚡ 빠른 페이스
[경륜전개] 오다와라 7경주: 보통 · 라인 3개 · 페어 [[7, 2], [9, 1], [8, 3]]
[단통 상한] 메인 2개 · 복병이동 0개
[한국 전적] 삿포로 7경주: 11두 저장(PDF, 전적 11두)
[잔존마 필터] 삿포로 7경주: 전적 11두 → 배당 출전마 6두 (배당 없는 마번 제외: [7, 8, 9, 10, 11])
[각질편성] 삿포로 7경주: 선행0·선입0·추입0 → 🐌 느린 페이스
[복기저장] 실패: [WinError 5] 액세스가 거부되었습니다: 'C:\\Users\\Administrator\\Desktop\\경마분석서버\\data\\odds_history\\2026_08_01_삿포로_7경주.json.tmp3004_17924' -> 'C:\\Users\\Administrator\\Desktop\\경마분석서버\\data\\odds_history\\2026_08_01_삿포로_7경주.json'
[복승불일치 축교정] 삿포로 7경주: 축 [2, 5]로 교정(자금이탈 강등 [6]·🔴🔴)
[단통 상한] 메인 2개 · 복병이동 0개
[스냅샷] 저장: 2026_08_01_오다와라_7경주_T-10.png (786 KB · T-10)
[복승불일치 축교정] 아오모리 5경주: 축 [1, 3]로 교정(자금이탈 강등 [6]·🔴)
[한국이력 검역] 거부 — 파일=부산 7R / 본문 raceKey=삿포로 7경주 (경마장 불일치)
[결과기록] 캐시 갱신 — 재파싱 2건 / 전체 1681건
[placeholder 필터] 호후 6경주 쌍승 껍데기 배당 3조합 제외(값: [300.2])
[복승불일치 축교정] 호후 6경주: 축 [1, 5]로 교정(자금이탈 강등 [7]·🔴)
[placeholder 필터] 아오모리 7경주 쌍승 껍데기 배당 3조합 제외(값: [1703.0])
[복승불일치 축교정] 호후 7경주: 축 [2, 5]로 교정(자금이탈 강등 [1]·🔴🔴)
[복승불일치 축교정] 사세보 2경주: 축 [2, 7]로 교정(자금이탈 강등 [1]·🔴🔴)
[복승불일치 축교정] 기후 2경주: 축 [3, 4]로 교정(자금이탈 강등 [6]·🔴🔴)
[복승불일치 축교정] 사세보 3경주: 축 [1, 5]로 교정(자금이탈 강등 [7]·🔴🔴)
[복승불일치 축교정] 오다와라 3경주: 축 [3, 9]로 교정(자금이탈 강등 [1]·🔴)
[복승불일치 축교정] 기후 3경주: 축 [5, 7]로 교정(자금이탈 강등 [4]·🔴🔴)
[복승불일치 축교정] 사세보 4경주: 축 [1, 4]로 교정(자금이탈 강등 [7]·🔴🔴)
[placeholder 필터] 오다와라 4경주 쌍승 껍데기 배당 4조합 제외(값: [859.9])
[복승불일치 축교정] 기후 4경주: 축 [1, 4]로 교정(자금이탈 강등 [2]·🔴🔴)
[각질편성] 오다와라 5경주: 선행3·선입0·추입6 → ⚡ 빠른 페이스
[경륜전개] 오다와라 5경주: 슬로우(단독 선행) · 라인 3개 · 페어 [[2, 5], [1, 8], [3, 7]]
[각질편성] 기후 5경주: 선행2·선입0·추입5 → 보통 페이스
[경륜전개] 기후 5경주: 보통 · 라인 2개 · 페어 [[1, 5], [3, 7]]
[placeholder 필터] 오다와라 7경주 쌍승 껍데기 배당 3조합 제외(값: [1462.3])
[각질편성] 오다와라 7경주: 선행3·선입0·추입6 → ⚡ 빠른 페이스
[경륜전개] 오다와라 7경주: 보통 · 라인 3개 · 페어 [[7, 2], [9, 1], [8, 3]]
[각질편성] 사세보 6경주: 선행3·선입0·추입3 → ⚡ 빠른 페이스
[경륜전개] 사세보 6경주: 보통 · 라인 3개 · 페어 [[4, 2], [1, 5]]
[단통 상한] 메인 2개 · 복병이동 0개
[각질편성] 오다와라 6경주: 선행3·선입0·추입6 → ⚡ 빠른 페이스
[경륜전개] 오다와라 6경주: 보통 · 라인 3개 · 페어 [[1, 9], [5, 2], [8, 3]]
[각질편성] 기후 6경주: 선행1·선입0·추입5 → 🐌 느린 페이스
[경륜전개] 기후 6경주: 슬로우(단독 선행) · 라인 2개 · 페어 [[1, 2]]
[각질편성] 사세보 7경주: 선행2·선입0·추입5 → 보통 페이스
[경륜전개] 사세보 7경주: 보통 · 라인 2개 · 페어 [[5, 3], [6, 1]]
[placeholder 필터] 오다와라 7경주 쌍승 껍데기 배당 3조합 제외(값: [1462.3])
[각질편성] 오다와라 7경주: 선행3·선입0·추입6 → ⚡ 빠른 페이스
[경륜전개] 오다와라 7경주: 보통 · 라인 3개 · 페어 [[7, 2], [9, 1], [8, 3]]
[단통 상한] 메인 2개 · 복병이동 0개
[잔존마 필터] 삿포로 7경주: 전적 11두 → 배당 출전마 6두 (배당 없는 마번 제외: [7, 8, 9, 10, 11])
[각질편성] 삿포로 7경주: 선행0·선입0·추입0 → 🐌 느린 페이스
[복승불일치 축교정] 삿포로 7경주: 축 [2, 5]로 교정(자금이탈 강등 [6]·🔴🔴)
[잔존마 필터] 삿포로 7경주: 전적 11두 → 배당 출전마 6두 (배당 없는 마번 제외: [7, 8, 9, 10, 11])
[각질편성] 삿포로 7경주: 선행0·선입0·추입0 → 🐌 느린 페이스
[복승불일치 축교정] 삿포로 7경주: 축 [2, 5]로 교정(자금이탈 강등 [6]·🔴🔴)
[잔존마 필터] 삿포로 7경주: 전적 11두 → 배당 출전마 6두 (배당 없는 마번 제외: [7, 8, 9, 10, 11])
[각질편성] 삿포로 7경주: 선행0·선입0·추입0 → 🐌 느린 페이스
[복승불일치 축교정] 삿포로 7경주: 축 [2, 5]로 교정(자금이탈 강등 [6]·🔴🔴)
[데이터백업] ✅ GitHub 반영: 결과 자동백업: 오다와라 6경주 9-5-1
[placeholder 필터] 오다와라 7경주 쌍승 껍데기 배당 3조합 제외(값: [1462.3])
[각질편성] 오다와라 7경주: 선행3·선입0·추입6 → ⚡ 빠른 페이스
[경륜전개] 오다와라 7경주: 보통 · 라인 3개 · 페어 [[7, 2], [9, 1], [8, 3]]
[T-2분 왕축 동결] 오다와라 7경주: [2, 7] → [2, 7] 유지(cur_mb=2)
[단통 상한] 메인 2개 · 복병이동 0개
[잔존마 필터] 삿포로 7경주: 전적 11두 → 배당 출전마 6두 (배당 없는 마번 제외: [7, 8, 9, 10, 11])
[각질편성] 삿포로 7경주: 선행0·선입0·추입0 → 🐌 느린 페이스
[복승불일치 축교정] 삿포로 7경주: 축 [2, 5]로 교정(자금이탈 강등 [6]·🔴🔴)
[placeholder 필터] 오다와라 7경주 쌍승 껍데기 배당 3조합 제외(값: [1462.3])
[각질편성] 오다와라 7경주: 선행3·선입0·추입6 → ⚡ 빠른 페이스
[경륜전개] 오다와라 7경주: 보통 · 라인 3개 · 페어 [[7, 2], [9, 1], [8, 3]]
[T-2분 왕축 동결] 오다와라 7경주: [2, 7] → [2, 7] 유지(cur_mb=2)
[단통 상한] 메인 2개 · 복병이동 0개
[잔존마 필터] 삿포로 7경주: 전적 11두 → 배당 출전마 6두 (배당 없는 마번 제외: [7, 8, 9, 10, 11])
[각질편성] 삿포로 7경주: 선행0·선입0·추입0 → 🐌 느린 페이스
[복승불일치 축교정] 삿포로 7경주: 축 [2, 5]로 교정(자금이탈 강등 [6]·🔴🔴)
[한국 전적] 삿포로 7경주: 11두 저장(PDF, 전적 11두)
[잔존마 필터] 삿포로 7경주: 전적 11두 → 배당 출전마 6두 (배당 없는 마번 제외: [7, 8, 9, 10, 11])
[각질편성] 삿포로 7경주: 선행0·선입0·추입0 → 🐌 느린 페이스
[복승불일치 축교정] 삿포로 7경주: 축 [2, 5]로 교정(자금이탈 강등 [6]·🔴🔴)
[한국이력 검역] 거부 — 파일=부산 7R / 본문 raceKey=삿포로 7경주 (경마장 불일치)
[3종 수집] 오다와라 7경주: {'quinella': 36, 'exacta': 72, 'trio': 0, 'win': 0} (history 12)
[잔존마 필터] 삿포로 7경주: 전적 11두 → 배당 출전마 6두 (배당 없는 마번 제외: [7, 8, 9, 10, 11])
[각질편성] 삿포로 7경주: 선행0·선입0·추입0 → 🐌 느린 페이스
[복승불일치 축교정] 삿포로 7경주: 축 [2, 5]로 교정(자금이탈 강등 [6]·🔴🔴)
[각질편성] 오다와라 7경주: 선행3·선입0·추입6 → ⚡ 빠른 페이스
[경륜전개] 오다와라 7경주: 보통 · 라인 3개 · 페어 [[7, 2], [9, 1], [8, 3]]
[T-2분 왕축 동결] 오다와라 7경주: [3, 2] → [2, 7] 유지(cur_mb=2)
[경륜 추천 모순 수정] 고배당 강제조합 1건 메인→복병 이동(25배 상한)
[단통 상한] 메인 2개 · 복병이동 0개
[잔존마 필터] 삿포로 7경주: 전적 11두 → 배당 출전마 6두 (배당 없는 마번 제외: [7, 8, 9, 10, 11])
[각질편성] 삿포로 7경주: 선행0·선입0·추입0 → 🐌 느린 페이스
[복승불일치 축교정] 삿포로 7경주: 축 [2, 5]로 교정(자금이탈 강등 [6]·🔴🔴)
[복승불일치 축교정] 아오모리 4경주: 축 [1, 4]로 교정(자금이탈 강등 [7]·🔴🔴)
[잔존마 필터] 삿포로 7경주: 전적 11두 → 배당 출전마 6두 (배당 없는 마번 제외: [7, 8, 9, 10, 11])
[각질편성] 삿포로 7경주: 선행0·선입0·추입0 → 🐌 느린 페이스
[복승불일치 축교정] 삿포로 7경주: 축 [2, 5]로 교정(자금이탈 강등 [6]·🔴🔴)
[복승불일치 축교정] 아오모리 5경주: 축 [1, 3]로 교정(자금이탈 강등 [6]·🔴)
[placeholder 필터] 호후 6경주 쌍승 껍데기 배당 3조합 제외(값: [300.2])
[복승불일치 축교정] 호후 6경주: 축 [1, 5]로 교정(자금이탈 강등 [7]·🔴)
[각질편성] 오다와라 7경주: 선행3·선입0·추입6 → ⚡ 빠른 페이스
[경륜전개] 오다와라 7경주: 보통 · 라인 3개 · 페어 [[7, 2], [9, 1], [8, 3]]
[placeholder 필터] 아오모리 7경주 쌍승 껍데기 배당 3조합 제외(값: [1703.0])
[T-2분 왕축 동결] 오다와라 7경주: [3, 2] → [2, 7] 유지(cur_mb=2)
[경륜 추천 모순 수정] 고배당 강제조합 1건 메인→복병 이동(25배 상한)
[단통 상한] 메인 2개 · 복병이동 0개
[복승불일치 축교정] 호후 7경주: 축 [2, 5]로 교정(자금이탈 강등 [1]·🔴🔴)
[복승불일치 축교정] 사세보 2경주: 축 [2, 7]로 교정(자금이탈 강등 [1]·🔴🔴)
[복승불일치 축교정] 기후 2경주: 축 [3, 4]로 교정(자금이탈 강등 [6]·🔴🔴)
[복승불일치 축교정] 사세보 3경주: 축 [1, 5]로 교정(자금이탈 강등 [7]·🔴🔴)
[복승불일치 축교정] 오다와라 3경주: 축 [3, 9]로 교정(자금이탈 강등 [1]·🔴)
[복승불일치 축교정] 기후 3경주: 축 [5, 7]로 교정(자금이탈 강등 [4]·🔴🔴)
[복승불일치 축교정] 사세보 4경주: 축 [1, 4]로 교정(자금이탈 강등 [7]·🔴🔴)
[placeholder 필터] 오다와라 4경주 쌍승 껍데기 배당 4조합 제외(값: [859.9])
[복승불일치 축교정] 기후 4경주: 축 [1, 4]로 교정(자금이탈 강등 [2]·🔴🔴)
[각질편성] 오다와라 5경주: 선행3·선입0·추입6 → ⚡ 빠른 페이스
[경륜전개] 오다와라 5경주: 슬로우(단독 선행) · 라인 3개 · 페어 [[2, 5], [1, 8], [3, 7]]
[잔존마 필터] 삿포로 7경주: 전적 11두 → 배당 출전마 6두 (배당 없는 마번 제외: [7, 8, 9, 10, 11])
[각질편성] 삿포로 7경주: 선행0·선입0·추입0 → 🐌 느린 페이스
[복승불일치 축교정] 삿포로 7경주: 축 [2, 5]로 교정(자금이탈 강등 [6]·🔴🔴)
[각질편성] 기후 5경주: 선행2·선입0·추입5 → 보통 페이스
[경륜전개] 기후 5경주: 보통 · 라인 2개 · 페어 [[1, 5], [3, 7]]
[각질편성] 사세보 6경주: 선행3·선입0·추입3 → ⚡ 빠른 페이스
[경륜전개] 사세보 6경주: 보통 · 라인 3개 · 페어 [[4, 2], [1, 5]]
[각질편성] 오다와라 6경주: 선행3·선입0·추입6 → ⚡ 빠른 페이스
[경륜전개] 오다와라 6경주: 보통 · 라인 3개 · 페어 [[1, 9], [5, 2], [8, 3]]
[각질편성] 기후 6경주: 선행1·선입0·추입5 → 🐌 느린 페이스
[경륜전개] 기후 6경주: 슬로우(단독 선행) · 라인 2개 · 페어 [[1, 2]]
[각질편성] 사세보 7경주: 선행2·선입0·추입5 → 보통 페이스
[경륜전개] 사세보 7경주: 보통 · 라인 2개 · 페어 [[5, 3], [6, 1]]
[각질편성] 오다와라 7경주: 선행3·선입0·추입6 → ⚡ 빠른 페이스
[경륜전개] 오다와라 7경주: 보통 · 라인 3개 · 페어 [[7, 2], [9, 1], [8, 3]]
[각질편성] 오다와라 7경주: 선행3·선입0·추입6 → ⚡ 빠른 페이스
[T-2분 왕축 동결] 오다와라 7경주: [3, 2] → [2, 7] 유지(cur_mb=2)
[경륜전개] 오다와라 7경주: 보통 · 라인 3개 · 페어 [[7, 2], [9, 1], [8, 3]]
[경륜 추천 모순 수정] 고배당 강제조합 1건 메인→복병 이동(25배 상한)
[단통 상한] 메인 2개 · 복병이동 0개
[T-2분 왕축 동결] 오다와라 7경주: [3, 2] → [2, 7] 유지(cur_mb=2)
[경륜 추천 모순 수정] 고배당 강제조합 1건 메인→복병 이동(25배 상한)
[단통 상한] 메인 2개 · 복병이동 0개
[잔존마 필터] 삿포로 7경주: 전적 11두 → 배당 출전마 6두 (배당 없는 마번 제외: [7, 8, 9, 10, 11])
[잔존마 필터] 삿포로 7경주: 전적 11두 → 배당 출전마 6두 (배당 없는 마번 제외: [7, 8, 9, 10, 11])
[각질편성] 삿포로 7경주: 선행0·선입0·추입0 → 🐌 느린 페이스
[각질편성] 삿포로 7경주: 선행0·선입0·추입0 → 🐌 느린 페이스
[복승불일치 축교정] 삿포로 7경주: 축 [2, 5]로 교정(자금이탈 강등 [6]·🔴🔴)
[복승불일치 축교정] 삿포로 7경주: 축 [2, 5]로 교정(자금이탈 강등 [6]·🔴🔴)
[한국 전적] 삿포로 7경주: 11두 저장(PDF, 전적 11두)
[잔존마 필터] 삿포로 7경주: 전적 11두 → 배당 출전마 6두 (배당 없는 마번 제외: [7, 8, 9, 10, 11])
[각질편성] 삿포로 7경주: 선행0·선입0·추입0 → 🐌 느린 페이스
[복승불일치 축교정] 삿포로 7경주: 축 [2, 5]로 교정(자금이탈 강등 [6]·🔴🔴)
[한국이력 검역] 거부 — 파일=부산 7R / 본문 raceKey=삿포로 7경주 (경마장 불일치)
[잔존마 필터] 삿포로 7경주: 전적 11두 → 배당 출전마 6두 (배당 없는 마번 제외: [7, 8, 9, 10, 11])
[각질편성] 삿포로 7경주: 선행0·선입0·추입0 → 🐌 느린 페이스
[복승불일치 축교정] 삿포로 7경주: 축 [2, 5]로 교정(자금이탈 강등 [6]·🔴🔴)
[각질편성] 오다와라 7경주: 선행3·선입0·추입6 → ⚡ 빠른 페이스
[경륜전개] 오다와라 7경주: 보통 · 라인 3개 · 페어 [[7, 2], [9, 1], [8, 3]]
[각질편성] 오다와라 7경주: 선행3·선입0·추입6 → ⚡ 빠른 페이스
[경륜전개] 오다와라 7경주: 보통 · 라인 3개 · 페어 [[7, 2], [9, 1], [8, 3]]
[T-2분 왕축 동결] 오다와라 7경주: [3, 2] → [2, 7] 유지(cur_mb=2)
[경륜 추천 모순 수정] 고배당 강제조합 1건 메인→복병 이동(25배 상한)
[단통 상한] 메인 2개 · 복병이동 0개
[T-2분 왕축 동결] 오다와라 7경주: [3, 2] → [2, 7] 유지(cur_mb=2)
[경륜 추천 모순 수정] 고배당 강제조합 1건 메인→복병 이동(25배 상한)
[단통 상한] 메인 2개 · 복병이동 0개
[3종 수집] 오다와라 7경주: {'quinella': 36, 'exacta': 72, 'trio': 0, 'win': 0} (history 12)
[잔존마 필터] 삿포로 7경주: 전적 11두 → 배당 출전마 6두 (배당 없는 마번 제외: [7, 8, 9, 10, 11])
[각질편성] 삿포로 7경주: 선행0·선입0·추입0 → 🐌 느린 페이스
[복승불일치 축교정] 삿포로 7경주: 축 [2, 5]로 교정(자금이탈 강등 [6]·🔴🔴)
[잔존마 필터] 삿포로 7경주: 전적 11두 → 배당 출전마 6두 (배당 없는 마번 제외: [7, 8, 9, 10, 11])
[각질편성] 삿포로 7경주: 선행0·선입0·추입0 → 🐌 느린 페이스
[각질편성] 오다와라 7경주: 선행3·선입0·추입6 → ⚡ 빠른 페이스
[경륜전개] 오다와라 7경주: 보통 · 라인 3개 · 페어 [[7, 2], [9, 1], [8, 3]]
[복승불일치 축교정] 삿포로 7경주: 축 [2, 5]로 교정(자금이탈 강등 [6]·🔴🔴)
[T-2분 왕축 동결] 오다와라 7경주: [3, 2] → [2, 7] 유지(cur_mb=2)
[경륜 추천 모순 수정] 고배당 강제조합 1건 메인→복병 이동(25배 상한)
[단통 상한] 메인 2개 · 복병이동 0개
[복승불일치 축교정] 아오모리 4경주: 축 [1, 4]로 교정(자금이탈 강등 [7]·🔴🔴)
[결과기록] 캐시 갱신 — 재파싱 1건 / 전체 1681건
[복승불일치 축교정] 아오모리 5경주: 축 [1, 3]로 교정(자금이탈 강등 [6]·🔴)
[잔존마 필터] 삿포로 7경주: 전적 11두 → 배당 출전마 6두 (배당 없는 마번 제외: [7, 8, 9, 10, 11])
[각질편성] 삿포로 7경주: 선행0·선입0·추입0 → 🐌 느린 페이스
[복승불일치 축교정] 삿포로 7경주: 축 [2, 5]로 교정(자금이탈 강등 [6]·🔴🔴)
[placeholder 필터] 호후 6경주 쌍승 껍데기 배당 3조합 제외(값: [300.2])
[복승불일치 축교정] 호후 6경주: 축 [1, 5]로 교정(자금이탈 강등 [7]·🔴)
[placeholder 필터] 아오모리 7경주 쌍승 껍데기 배당 3조합 제외(값: [1703.0])
[복승불일치 축교정] 호후 7경주: 축 [2, 5]로 교정(자금이탈 강등 [1]·🔴🔴)
[복승불일치 축교정] 사세보 2경주: 축 [2, 7]로 교정(자금이탈 강등 [1]·🔴🔴)
[복승불일치 축교정] 기후 2경주: 축 [3, 4]로 교정(자금이탈 강등 [6]·🔴🔴)
[복승불일치 축교정] 사세보 3경주: 축 [1, 5]로 교정(자금이탈 강등 [7]·🔴🔴)
[복승불일치 축교정] 오다와라 3경주: 축 [3, 9]로 교정(자금이탈 강등 [1]·🔴)
[복승불일치 축교정] 기후 3경주: 축 [5, 7]로 교정(자금이탈 강등 [4]·🔴🔴)
[복승불일치 축교정] 사세보 4경주: 축 [1, 4]로 교정(자금이탈 강등 [7]·🔴🔴)
[placeholder 필터] 오다와라 4경주 쌍승 껍데기 배당 4조합 제외(값: [859.9])
[복승불일치 축교정] 기후 4경주: 축 [1, 4]로 교정(자금이탈 강등 [2]·🔴🔴)
[잔존마 필터] 삿포로 7경주: 전적 11두 → 배당 출전마 6두 (배당 없는 마번 제외: [7, 8, 9, 10, 11])
[각질편성] 삿포로 7경주: 선행0·선입0·추입0 → 🐌 느린 페이스
[복승불일치 축교정] 삿포로 7경주: 축 [2, 5]로 교정(자금이탈 강등 [6]·🔴🔴)
[각질편성] 오다와라 5경주: 선행3·선입0·추입6 → ⚡ 빠른 페이스
[경륜전개] 오다와라 5경주: 슬로우(단독 선행) · 라인 3개 · 페어 [[2, 5], [1, 8], [3, 7]]
[각질편성] 기후 5경주: 선행2·선입0·추입5 → 보통 페이스
[경륜전개] 기후 5경주: 보통 · 라인 2개 · 페어 [[1, 5], [3, 7]]
[각질편성] 사세보 6경주: 선행3·선입0·추입3 → ⚡ 빠른 페이스
[경륜전개] 사세보 6경주: 보통 · 라인 3개 · 페어 [[4, 2], [1, 5]]
[각질편성] 오다와라 6경주: 선행3·선입0·추입6 → ⚡ 빠른 페이스
[경륜전개] 오다와라 6경주: 보통 · 라인 3개 · 페어 [[1, 9], [5, 2], [8, 3]]
[각질편성] 기후 6경주: 선행1·선입0·추입5 → 🐌 느린 페이스
[경륜전개] 기후 6경주: 슬로우(단독 선행) · 라인 2개 · 페어 [[1, 2]]
[각질편성] 오다와라 7경주: 선행3·선입0·추입6 → ⚡ 빠른 페이스
[경륜전개] 오다와라 7경주: 보통 · 라인 3개 · 페어 [[7, 2], [9, 1], [8, 3]]
[각질편성] 오다와라 7경주: 선행3·선입0·추입6 → ⚡ 빠른 페이스
[경륜전개] 오다와라 7경주: 보통 · 라인 3개 · 페어 [[7, 2], [9, 1], [8, 3]]
[T-2분 왕축 동결] 오다와라 7경주: [3, 2] → [2, 7] 유지(cur_mb=1)
[경륜 추천 모순 수정] 고배당 강제조합 1건 메인→복병 이동(25배 상한)
[단통 상한] 메인 2개 · 복병이동 0개
[각질편성] 사세보 7경주: 선행2·선입0·추입5 → 보통 페이스
[경륜전개] 사세보 7경주: 보통 · 라인 2개 · 페어 [[5, 3], [6, 1]]
[잔존마 필터] 삿포로 7경주: 전적 11두 → 배당 출전마 6두 (배당 없는 마번 제외: [7, 8, 9, 10, 11])
[T-2분 왕축 동결] 오다와라 7경주: [3, 2] → [2, 7] 유지(cur_mb=1)
[각질편성] 삿포로 7경주: 선행0·선입0·추입0 → 🐌 느린 페이스
[경륜 추천 모순 수정] 고배당 강제조합 1건 메인→복병 이동(25배 상한)
[단통 상한] 메인 2개 · 복병이동 0개
[복승불일치 축교정] 삿포로 7경주: 축 [2, 5]로 교정(자금이탈 강등 [6]·🔴🔴)
[한국 전적] 삿포로 7경주: 11두 저장(PDF, 전적 11두)
[잔존마 필터] 삿포로 7경주: 전적 11두 → 배당 출전마 6두 (배당 없는 마번 제외: [7, 8, 9, 10, 11])
[각질편성] 오다와라 7경주: 선행3·선입0·추입6 → ⚡ 빠른 페이스
[각질편성] 삿포로 7경주: 선행0·선입0·추입0 → 🐌 느린 페이스
[경륜전개] 오다와라 7경주: 보통 · 라인 3개 · 페어 [[7, 2], [9, 1], [8, 3]]
[복승불일치 축교정] 삿포로 7경주: 축 [2, 5]로 교정(자금이탈 강등 [6]·🔴🔴)
[T-2분 왕축 동결] 오다와라 7경주: [3, 2] → [2, 7] 유지(cur_mb=1)
[경륜 추천 모순 수정] 고배당 강제조합 1건 메인→복병 이동(25배 상한)
[단통 상한] 메인 2개 · 복병이동 0개
[잔존마 필터] 삿포로 7경주: 전적 11두 → 배당 출전마 6두 (배당 없는 마번 제외: [7, 8, 9, 10, 11])
[각질편성] 삿포로 7경주: 선행0·선입0·추입0 → 🐌 느린 페이스
[복승불일치 축교정] 삿포로 7경주: 축 [2, 5]로 교정(자금이탈 강등 [6]·🔴🔴)
[한국이력 검역] 거부 — 파일=부산 7R / 본문 raceKey=삿포로 7경주 (경마장 불일치)
[3종 수집] 오다와라 7경주: {'quinella': 36, 'exacta': 72, 'trio': 0, 'win': 0} (history 12)
[잔존마 필터] 삿포로 7경주: 전적 11두 → 배당 출전마 6두 (배당 없는 마번 제외: [7, 8, 9, 10, 11])
[각질편성] 삿포로 7경주: 선행0·선입0·추입0 → 🐌 느린 페이스
[복승불일치 축교정] 삿포로 7경주: 축 [2, 5]로 교정(자금이탈 강등 [6]·🔴🔴)
[잔존마 필터] 삿포로 7경주: 전적 11두 → 배당 출전마 6두 (배당 없는 마번 제외: [7, 8, 9, 10, 11])
[각질편성] 삿포로 7경주: 선행0·선입0·추입0 → 🐌 느린 페이스
[잔존마 필터] 삿포로 7경주: 전적 11두 → 배당 출전마 6두 (배당 없는 마번 제외: [7, 8, 9, 10, 11])
[잔존마 필터] 삿포로 7경주: 전적 11두 → 배당 출전마 6두 (배당 없는 마번 제외: [7, 8, 9, 10, 11])
[복승불일치 축교정] 아오모리 4경주: 축 [1, 4]로 교정(자금이탈 강등 [7]·🔴🔴)
[각질편성] 오다와라 7경주: 선행3·선입0·추입6 → ⚡ 빠른 페이스
[각질편성] 삿포로 7경주: 선행0·선입0·추입0 → 🐌 느린 페이스
[각질편성] 삿포로 7경주: 선행0·선입0·추입0 → 🐌 느린 페이스
[경륜전개] 오다와라 7경주: 보통 · 라인 3개 · 페어 [[7, 2], [9, 1], [8, 3]]
[복승불일치 축교정] 삿포로 7경주: 축 [2, 5]로 교정(자금이탈 강등 [6]·🔴🔴)
[각질편성] 오다와라 7경주: 선행3·선입0·추입6 → ⚡ 빠른 페이스
[각질편성] 오다와라 7경주: 선행3·선입0·추입6 → ⚡ 빠른 페이스
[경륜전개] 오다와라 7경주: 보통 · 라인 3개 · 페어 [[7, 2], [9, 1], [8, 3]]
[복승불일치 축교정] 삿포로 7경주: 축 [2, 5]로 교정(자금이탈 강등 [6]·🔴🔴)
[경륜전개] 오다와라 7경주: 보통 · 라인 3개 · 페어 [[7, 2], [9, 1], [8, 3]]
[복승불일치 축교정] 삿포로 7경주: 축 [2, 5]로 교정(자금이탈 강등 [6]·🔴🔴)
[T-2분 왕축 동결] 오다와라 7경주: [3, 2] → [2, 7] 유지(cur_mb=1)
[경륜 추천 모순 수정] 고배당 강제조합 1건 메인→복병 이동(25배 상한)
[단통 상한] 메인 2개 · 복병이동 0개
[T-2분 왕축 동결] 오다와라 7경주: [3, 2] → [2, 7] 유지(cur_mb=1)
[경륜 추천 모순 수정] 고배당 강제조합 1건 메인→복병 이동(25배 상한)
[단통 상한] 메인 2개 · 복병이동 0개
[T-2분 왕축 동결] 오다와라 7경주: [3, 2] → [2, 7] 유지(cur_mb=1)
[한국 전적] 삿포로 7경주: 11두 저장(PDF, 전적 11두)
[경륜 추천 모순 수정] 고배당 강제조합 1건 메인→복병 이동(25배 상한)
[단통 상한] 메인 2개 · 복병이동 0개
[잔존마 필터] 삿포로 7경주: 전적 11두 → 배당 출전마 6두 (배당 없는 마번 제외: [7, 8, 9, 10, 11])
[각질편성] 삿포로 7경주: 선행0·선입0·추입0 → 🐌 느린 페이스
[분석로그] 저장 실패: [Errno 13] Permission denied: 'C:\\Users\\Administrator\\Desktop\\경마분석서버\\data\\analysis_log\\2026_08_01_오다와라_7경주.json.tmp'
[복승불일치 축교정] 삿포로 7경주: 축 [2, 5]로 교정(자금이탈 강등 [6]·🔴🔴)
[복승불일치 축교정] 아오모리 5경주: 축 [1, 3]로 교정(자금이탈 강등 [6]·🔴)
[placeholder 필터] 호후 6경주 쌍승 껍데기 배당 3조합 제외(값: [300.2])
[복승불일치 축교정] 호후 6경주: 축 [1, 5]로 교정(자금이탈 강등 [7]·🔴)
[placeholder 필터] 아오모리 7경주 쌍승 껍데기 배당 3조합 제외(값: [1703.0])
[복승불일치 축교정] 호후 7경주: 축 [2, 5]로 교정(자금이탈 강등 [1]·🔴🔴)
[한국이력 검역] 거부 — 파일=부산 7R / 본문 raceKey=삿포로 7경주 (경마장 불일치)
[복승불일치 축교정] 사세보 2경주: 축 [2, 7]로 교정(자금이탈 강등 [1]·🔴🔴)
[3종 수집] 오다와라 7경주: {'quinella': 36, 'exacta': 72, 'trio': 0, 'win': 0} (history 12)
[복승불일치 축교정] 기후 2경주: 축 [3, 4]로 교정(자금이탈 강등 [6]·🔴🔴)
[복승불일치 축교정] 사세보 3경주: 축 [1, 5]로 교정(자금이탈 강등 [7]·🔴🔴)
[복승불일치 축교정] 오다와라 3경주: 축 [3, 9]로 교정(자금이탈 강등 [1]·🔴)
[복승불일치 축교정] 기후 3경주: 축 [5, 7]로 교정(자금이탈 강등 [4]·🔴🔴)
[복승불일치 축교정] 사세보 4경주: 축 [1, 4]로 교정(자금이탈 강등 [7]·🔴🔴)
[placeholder 필터] 오다와라 4경주 쌍승 껍데기 배당 4조합 제외(값: [859.9])
[복승불일치 축교정] 기후 4경주: 축 [1, 4]로 교정(자금이탈 강등 [2]·🔴🔴)
[각질편성] 오다와라 5경주: 선행3·선입0·추입6 → ⚡ 빠른 페이스
[경륜전개] 오다와라 5경주: 슬로우(단독 선행) · 라인 3개 · 페어 [[2, 5], [1, 8], [3, 7]]
[각질편성] 기후 5경주: 선행2·선입0·추입5 → 보통 페이스
[경륜전개] 기후 5경주: 보통 · 라인 2개 · 페어 [[1, 5], [3, 7]]
[각질편성] 사세보 6경주: 선행3·선입0·추입3 → ⚡ 빠른 페이스
[경륜전개] 사세보 6경주: 보통 · 라인 3개 · 페어 [[4, 2], [1, 5]]
[각질편성] 오다와라 6경주: 선행3·선입0·추입6 → ⚡ 빠른 페이스
[경륜전개] 오다와라 6경주: 보통 · 라인 3개 · 페어 [[1, 9], [5, 2], [8, 3]]
[각질편성] 기후 6경주: 선행1·선입0·추입5 → 🐌 느린 페이스
[경륜전개] 기후 6경주: 슬로우(단독 선행) · 라인 2개 · 페어 [[1, 2]]
[각질편성] 사세보 7경주: 선행2·선입0·추입5 → 보통 페이스
[경륜전개] 사세보 7경주: 보통 · 라인 2개 · 페어 [[5, 3], [6, 1]]
[각질편성] 오다와라 7경주: 선행3·선입0·추입6 → ⚡ 빠른 페이스
[경륜전개] 오다와라 7경주: 보통 · 라인 3개 · 페어 [[7, 2], [9, 1], [8, 3]]
[T-2분 왕축 동결] 오다와라 7경주: [3, 2] → [2, 7] 유지(cur_mb=1)
[경륜 추천 모순 수정] 고배당 강제조합 1건 메인→복병 이동(25배 상한)
[단통 상한] 메인 2개 · 복병이동 0개
[잔존마 필터] 삿포로 7경주: 전적 11두 → 배당 출전마 6두 (배당 없는 마번 제외: [7, 8, 9, 10, 11])
[각질편성] 삿포로 7경주: 선행0·선입0·추입0 → 🐌 느린 페이스
[복승불일치 축교정] 삿포로 7경주: 축 [2, 5]로 교정(자금이탈 강등 [6]·🔴🔴)
[잔존마 필터] 삿포로 7경주: 전적 11두 → 배당 출전마 6두 (배당 없는 마번 제외: [7, 8, 9, 10, 11])
[각질편성] 삿포로 7경주: 선행0·선입0·추입0 → 🐌 느린 페이스
[복승불일치 축교정] 삿포로 7경주: 축 [2, 5]로 교정(자금이탈 강등 [6]·🔴🔴)
[3종 수집] 오다와라 7경주: {'quinella': 36, 'exacta': 72, 'trio': 0, 'win': 0} (history 12)
[각질편성] 오다와라 7경주: 선행3·선입0·추입6 → ⚡ 빠른 페이스
[경륜전개] 오다와라 7경주: 보통 · 라인 3개 · 페어 [[7, 2], [9, 1], [8, 3]]
[경륜 추천 모순 수정] 고배당 강제조합 1건 메인→복병 이동(25배 상한)
[단통 상한] 메인 2개 · 복병이동 0개
[자동분석·배경] 오다와라 7경주: 마감 36초 전 재분석(rec_history 누적·cycle)
[잔존마 필터] 삿포로 7경주: 전적 11두 → 배당 출전마 6두 (배당 없는 마번 제외: [7, 8, 9, 10, 11])
[각질편성] 삿포로 7경주: 선행0·선입0·추입0 → 🐌 느린 페이스
[복승불일치 축교정] 삿포로 7경주: 축 [2, 5]로 교정(자금이탈 강등 [6]·🔴🔴)
[잔존마 필터] 삿포로 7경주: 전적 11두 → 배당 출전마 6두 (배당 없는 마번 제외: [7, 8, 9, 10, 11])
[각질편성] 삿포로 7경주: 선행0·선입0·추입0 → 🐌 느린 페이스
[복승불일치 축교정] 삿포로 7경주: 축 [2, 5]로 교정(자금이탈 강등 [6]·🔴🔴)
[잔존마 필터] 삿포로 7경주: 전적 11두 → 배당 출전마 6두 (배당 없는 마번 제외: [7, 8, 9, 10, 11])
[각질편성] 삿포로 7경주: 선행0·선입0·추입0 → 🐌 느린 페이스
[잔존마 필터] 삿포로 7경주: 전적 11두 → 배당 출전마 6두 (배당 없는 마번 제외: [7, 8, 9, 10, 11])
[각질편성] 오다와라 7경주: 선행3·선입0·추입6 → ⚡ 빠른 페이스
[경륜전개] 오다와라 7경주: 보통 · 라인 3개 · 페어 [[7, 2], [9, 1], [8, 3]]
[복승불일치 축교정] 아오모리 4경주: 축 [1, 4]로 교정(자금이탈 강등 [7]·🔴🔴)
[복승불일치 축교정] 삿포로 7경주: 축 [2, 5]로 교정(자금이탈 강등 [6]·🔴🔴)
[각질편성] 삿포로 7경주: 선행0·선입0·추입0 → 🐌 느린 페이스
[각질편성] 오다와라 7경주: 선행3·선입0·추입6 → ⚡ 빠른 페이스
[각질편성] 오다와라 7경주: 선행3·선입0·추입6 → ⚡ 빠른 페이스
[경륜전개] 오다와라 7경주: 보통 · 라인 3개 · 페어 [[7, 2], [9, 1], [8, 3]]
[경륜전개] 오다와라 7경주: 보통 · 라인 3개 · 페어 [[7, 2], [9, 1], [8, 3]]
[복승불일치 축교정] 삿포로 7경주: 축 [2, 5]로 교정(자금이탈 강등 [6]·🔴🔴)
[경륜 추천 모순 수정] 고배당 강제조합 1건 메인→복병 이동(25배 상한)
[단통 상한] 메인 2개 · 복병이동 0개
[경륜 추천 모순 수정] 고배당 강제조합 1건 메인→복병 이동(25배 상한)
[단통 상한] 메인 2개 · 복병이동 0개
[경륜 추천 모순 수정] 고배당 강제조합 1건 메인→복병 이동(25배 상한)
[단통 상한] 메인 2개 · 복병이동 0개
[한국 전적] 삿포로 7경주: 11두 저장(PDF, 전적 11두)
[잔존마 필터] 삿포로 7경주: 전적 11두 → 배당 출전마 6두 (배당 없는 마번 제외: [7, 8, 9, 10, 11])
[각질편성] 삿포로 7경주: 선행0·선입0·추입0 → 🐌 느린 페이스
[복승불일치 축교정] 삿포로 7경주: 축 [2, 5]로 교정(자금이탈 강등 [6]·🔴🔴)
[분석로그] 저장 실패: [WinError 2] 지정된 파일을 찾을 수 없습니다: 'C:\\Users\\Administrator\\Desktop\\경마분석서버\\data\\analysis_log\\2026_08_01_오다와라_7경주.json.tmp' -> 'C:\\Users\\Administrator\\Desktop\\경마분석서버\\data\\analysis_log\\2026_08_01_오다와라_7경주.json'
[결과기록] 캐시 갱신 — 재파싱 1건 / 전체 1681건
[복승불일치 축교정] 아오모리 5경주: 축 [1, 3]로 교정(자금이탈 강등 [6]·🔴)
[placeholder 필터] 호후 6경주 쌍승 껍데기 배당 3조합 제외(값: [300.2])
[복승불일치 축교정] 호후 6경주: 축 [1, 5]로 교정(자금이탈 강등 [7]·🔴)
[한국이력 검역] 거부 — 파일=부산 7R / 본문 raceKey=삿포로 7경주 (경마장 불일치)
[placeholder 필터] 아오모리 7경주 쌍승 껍데기 배당 3조합 제외(값: [1703.0])
[복승불일치 축교정] 호후 7경주: 축 [2, 5]로 교정(자금이탈 강등 [1]·🔴🔴)
[복승불일치 축교정] 사세보 2경주: 축 [2, 7]로 교정(자금이탈 강등 [1]·🔴🔴)
[복승불일치 축교정] 기후 2경주: 축 [3, 4]로 교정(자금이탈 강등 [6]·🔴🔴)
[복승불일치 축교정] 사세보 3경주: 축 [1, 5]로 교정(자금이탈 강등 [7]·🔴🔴)
[복승불일치 축교정] 오다와라 3경주: 축 [3, 9]로 교정(자금이탈 강등 [1]·🔴)
[복승불일치 축교정] 기후 3경주: 축 [5, 7]로 교정(자금이탈 강등 [4]·🔴🔴)
[복승불일치 축교정] 사세보 4경주: 축 [1, 4]로 교정(자금이탈 강등 [7]·🔴🔴)
[placeholder 필터] 오다와라 4경주 쌍승 껍데기 배당 4조합 제외(값: [859.9])
[복승불일치 축교정] 기후 4경주: 축 [1, 4]로 교정(자금이탈 강등 [2]·🔴🔴)
[각질편성] 오다와라 5경주: 선행3·선입0·추입6 → ⚡ 빠른 페이스
[경륜전개] 오다와라 5경주: 슬로우(단독 선행) · 라인 3개 · 페어 [[2, 5], [1, 8], [3, 7]]
[각질편성] 기후 5경주: 선행2·선입0·추입5 → 보통 페이스
[경륜전개] 기후 5경주: 보통 · 라인 2개 · 페어 [[1, 5], [3, 7]]
[각질편성] 사세보 6경주: 선행3·선입0·추입3 → ⚡ 빠른 페이스
[경륜전개] 사세보 6경주: 보통 · 라인 3개 · 페어 [[4, 2], [1, 5]]
[각질편성] 오다와라 6경주: 선행3·선입0·추입6 → ⚡ 빠른 페이스
[경륜전개] 오다와라 6경주: 보통 · 라인 3개 · 페어 [[1, 9], [5, 2], [8, 3]]
[각질편성] 기후 6경주: 선행1·선입0·추입5 → 🐌 느린 페이스
[경륜전개] 기후 6경주: 슬로우(단독 선행) · 라인 2개 · 페어 [[1, 2]]
[각질편성] 사세보 7경주: 선행2·선입0·추입5 → 보통 페이스
[경륜전개] 사세보 7경주: 보통 · 라인 2개 · 페어 [[5, 3], [6, 1]]
[각질편성] 오다와라 7경주: 선행3·선입0·추입6 → ⚡ 빠른 페이스
[경륜전개] 오다와라 7경주: 보통 · 라인 3개 · 페어 [[7, 2], [9, 1], [8, 3]]
[경륜 추천 모순 수정] 고배당 강제조합 1건 메인→복병 이동(25배 상한)
[단통 상한] 메인 2개 · 복병이동 0개
[잔존마 필터] 삿포로 7경주: 전적 11두 → 배당 출전마 6두 (배당 없는 마번 제외: [7, 8, 9, 10, 11])
[각질편성] 삿포로 7경주: 선행0·선입0·추입0 → 🐌 느린 페이스
[복승불일치 축교정] 삿포로 7경주: 축 [2, 5]로 교정(자금이탈 강등 [6]·🔴🔴)
[3종 수집] 오다와라 7경주: {'quinella': 36, 'exacta': 72, 'trio': 0, 'win': 0} (history 12)
[잔존마 필터] 삿포로 7경주: 전적 11두 → 배당 출전마 6두 (배당 없는 마번 제외: [7, 8, 9, 10, 11])
[각질편성] 삿포로 7경주: 선행0·선입0·추입0 → 🐌 느린 페이스
[복승불일치 축교정] 삿포로 7경주: 축 [2, 5]로 교정(자금이탈 강등 [6]·🔴🔴)
[3종 수집] 오다와라 7경주: {'quinella': 36, 'exacta': 72, 'trio': 0, 'win': 0} (history 12)
[경륜 전적·자동] 기후 7경주: 7두 수집(競走得点·절대등급 A/B/C/D·라인[4, 1, 2, 3, 5, 6, 7]) → 통합등급 자동 반영
[3종 수집] 기후 7경주: {'quinella': 21, 'exacta': 42, 'trio': 0, 'win': 0} (history 1)
🔮 [예측] 기후 7경주: top3=[3, 5, 1] conf=4 · 이 경주는 7명 중 오직 1명만 선행형(3번)이고, 나머지 5명은 추입형
[각질편성] 기후 7경주: 선행2·선입0·추입5 → 보통 페이스
[경륜전개] 기후 7경주: 슬로우(단독 선행) · 라인 2개 · 페어 [[3, 5], [4, 1]]
[복승불일치 축교정] 기후 7경주: 축 [3, 5]로 교정(자금이탈 강등 [1]·🔴🔴)
🔎 [결정론 검수] 기후 7경주: B라인누락
[자동분석·배경] 기후 7경주: 마감 571초 전 재분석(rec_history 누적·cycle)
[각질편성] 기후 7경주: 선행2·선입0·추입5 → 보통 페이스
[경륜전개] 기후 7경주: 슬로우(단독 선행) · 라인 2개 · 페어 [[3, 5], [4, 1]]
[복승불일치 축교정] 기후 7경주: 축 [3, 5]로 교정(자금이탈 강등 [1]·🔴🔴)
[잔존마 필터] 삿포로 7경주: 전적 11두 → 배당 출전마 6두 (배당 없는 마번 제외: [7, 8, 9, 10, 11])
[각질편성] 삿포로 7경주: 선행0·선입0·추입0 → 🐌 느린 페이스
[복승불일치 축교정] 삿포로 7경주: 축 [2, 5]로 교정(자금이탈 강등 [6]·🔴🔴)
[잔존마 필터] 삿포로 7경주: 전적 11두 → 배당 출전마 6두 (배당 없는 마번 제외: [7, 8, 9, 10, 11])
[각질편성] 삿포로 7경주: 선행0·선입0·추입0 → 🐌 느린 페이스
[잔존마 필터] 삿포로 7경주: 전적 11두 → 배당 출전마 6두 (배당 없는 마번 제외: [7, 8, 9, 10, 11])
[각질편성] 삿포로 7경주: 선행0·선입0·추입0 → 🐌 느린 페이스
[복승불일치 축교정] 삿포로 7경주: 축 [2, 5]로 교정(자금이탈 강등 [6]·🔴🔴)
[잔존마 필터] 삿포로 7경주: 전적 11두 → 배당 출전마 6두 (배당 없는 마번 제외: [7, 8, 9, 10, 11])
[각질편성] 삿포로 7경주: 선행0·선입0·추입0 → 🐌 느린 페이스
[복승불일치 축교정] 아오모리 4경주: 축 [1, 4]로 교정(자금이탈 강등 [7]·🔴🔴)
[각질편성] 오다와라 7경주: 선행3·선입0·추입6 → ⚡ 빠른 페이스
[복승불일치 축교정] 삿포로 7경주: 축 [2, 5]로 교정(자금이탈 강등 [6]·🔴🔴)
[경륜전개] 오다와라 7경주: 보통 · 라인 3개 · 페어 [[7, 2], [9, 1], [8, 3]]
[각질편성] 오다와라 7경주: 선행3·선입0·추입6 → ⚡ 빠른 페이스
[각질편성] 오다와라 7경주: 선행3·선입0·추입6 → ⚡ 빠른 페이스
[경륜전개] 오다와라 7경주: 보통 · 라인 3개 · 페어 [[7, 2], [9, 1], [8, 3]]
[복승불일치 축교정] 삿포로 7경주: 축 [2, 5]로 교정(자금이탈 강등 [6]·🔴🔴)
[경륜전개] 오다와라 7경주: 보통 · 라인 3개 · 페어 [[7, 2], [9, 1], [8, 3]]
[한국 전적] 삿포로 7경주: 11두 저장(PDF, 전적 11두)
[잔존마 필터] 삿포로 7경주: 전적 11두 → 배당 출전마 6두 (배당 없는 마번 제외: [7, 8, 9, 10, 11])
[각질편성] 삿포로 7경주: 선행0·선입0·추입0 → 🐌 느린 페이스
[readonly 잠금] 오다와라 7경주: 마감 확정 파일 — corePicks/시계열 보존, result/hit만 업데이트 허용
[복승불일치 축교정] 삿포로 7경주: 축 [2, 5]로 교정(자금이탈 강등 [6]·🔴🔴)
[readonly 잠금] 오다와라 7경주: 마감 확정 파일 — corePicks/시계열 보존, result/hit만 업데이트 허용
[마감 동결] 오다와라 7경주: 확정본 복원(출처 closed_row · 기준 13:32:49)
[분석로그] 저장 실패: [WinError 5] 액세스가 거부되었습니다: 'C:\\Users\\Administrator\\Desktop\\경마분석서버\\data\\analysis_log\\2026_08_01_오다와라_7경주.json.tmp' -> 'C:\\Users\\Administrator\\Desktop\\경마분석서버\\data\\analysis_log\\2026_08_01_오다와라_7경주.json'
[마감 동결] 오다와라 7경주: 확정본 복원(출처 closed_row · 기준 13:32:49)
[분석로그] 저장 실패: [WinError 5] 액세스가 거부되었습니다: 'C:\\Users\\Administrator\\Desktop\\경마분석서버\\data\\analysis_log\\2026_08_01_오다와라_7경주.json.tmp' -> 'C:\\Users\\Administrator\\Desktop\\경마분석서버\\data\\analysis_log\\2026_08_01_오다와라_7경주.json'
[readonly 잠금] 오다와라 7경주: 마감 확정 파일 — corePicks/시계열 보존, result/hit만 업데이트 허용
[KRA] 30초 자동수집 데몬 시작(watch 등록 경주만 대상)
[마감 동결] 오다와라 7경주: 확정본 복원(출처 closed_row · 기준 13:32:49)
[복승불일치 축교정] 아오모리 5경주: 축 [1, 3]로 교정(자금이탈 강등 [6]·🔴)
[결과기록] 캐시 갱신 — 재파싱 2건 / 전체 1682건
[placeholder 필터] 호후 6경주 쌍승 껍데기 배당 3조합 제외(값: [300.2])
[복승불일치 축교정] 호후 6경주: 축 [1, 5]로 교정(자금이탈 강등 [7]·🔴)
[placeholder 필터] 아오모리 7경주 쌍승 껍데기 배당 3조합 제외(값: [1703.0])
[복승불일치 축교정] 호후 7경주: 축 [2, 5]로 교정(자금이탈 강등 [1]·🔴🔴)
[복승불일치 축교정] 사세보 2경주: 축 [2, 7]로 교정(자금이탈 강등 [1]·🔴🔴)
[복승불일치 축교정] 기후 2경주: 축 [3, 4]로 교정(자금이탈 강등 [6]·🔴🔴)
[복승불일치 축교정] 사세보 3경주: 축 [1, 5]로 교정(자금이탈 강등 [7]·🔴🔴)
[복승불일치 축교정] 오다와라 3경주: 축 [3, 9]로 교정(자금이탈 강등 [1]·🔴)
[복승불일치 축교정] 기후 3경주: 축 [5, 7]로 교정(자금이탈 강등 [4]·🔴🔴)
[복승불일치 축교정] 사세보 4경주: 축 [1, 4]로 교정(자금이탈 강등 [7]·🔴🔴)
[placeholder 필터] 오다와라 4경주 쌍승 껍데기 배당 4조합 제외(값: [859.9])
[복승불일치 축교정] 기후 4경주: 축 [1, 4]로 교정(자금이탈 강등 [2]·🔴🔴)
[각질편성] 오다와라 5경주: 선행3·선입0·추입6 → ⚡ 빠른 페이스
[경륜전개] 오다와라 5경주: 슬로우(단독 선행) · 라인 3개 · 페어 [[2, 5], [1, 8], [3, 7]]
[각질편성] 기후 5경주: 선행2·선입0·추입5 → 보통 페이스
[경륜전개] 기후 5경주: 보통 · 라인 2개 · 페어 [[1, 5], [3, 7]]
[각질편성] 사세보 6경주: 선행3·선입0·추입3 → ⚡ 빠른 페이스
[경륜전개] 사세보 6경주: 보통 · 라인 3개 · 페어 [[4, 2], [1, 5]]
[각질편성] 오다와라 6경주: 선행3·선입0·추입6 → ⚡ 빠른 페이스
[경륜전개] 오다와라 6경주: 보통 · 라인 3개 · 페어 [[1, 9], [5, 2], [8, 3]]
[각질편성] 기후 6경주: 선행1·선입0·추입5 → 🐌 느린 페이스
[경륜전개] 기후 6경주: 슬로우(단독 선행) · 라인 2개 · 페어 [[1, 2]]
[각질편성] 사세보 7경주: 선행2·선입0·추입5 → 보통 페이스
[경륜전개] 사세보 7경주: 보통 · 라인 2개 · 페어 [[5, 3], [6, 1]]
[각질편성] 오다와라 7경주: 선행3·선입0·추입6 → ⚡ 빠른 페이스
[경륜전개] 오다와라 7경주: 보통 · 라인 3개 · 페어 [[7, 2], [9, 1], [8, 3]]
[각질편성] 기후 7경주: 선행2·선입0·추입5 → 보통 페이스
[경륜전개] 기후 7경주: 슬로우(단독 선행) · 라인 2개 · 페어 [[3, 5], [4, 1]]
[복승불일치 축교정] 기후 7경주: 축 [3, 5]로 교정(자금이탈 강등 [1]·🔴🔴)
[잔존마 필터] 삿포로 7경주: 전적 11두 → 배당 출전마 6두 (배당 없는 마번 제외: [7, 8, 9, 10, 11])
[각질편성] 삿포로 7경주: 선행0·선입0·추입0 → 🐌 느린 페이스
[복승불일치 축교정] 삿포로 7경주: 축 [2, 5]로 교정(자금이탈 강등 [6]·🔴🔴)
[3종 수집] 오다와라 7경주: {'quinella': 36, 'exacta': 72, 'trio': 0, 'win': 0} (history 12)
[3종 수집] 기후 7경주: {'quinella': 21, 'exacta': 42, 'trio': 0, 'win': 0} (history 2)
[각질편성] 기후 7경주: 선행2·선입0·추입5 → 보통 페이스
[경륜전개] 기후 7경주: 슬로우(단독 선행) · 라인 2개 · 페어 [[3, 5], [4, 1]]
[복승불일치 축교정] 기후 7경주: 축 [3, 5]로 교정(자금이탈 강등 [1]·🔴🔴)
[자동분석·배경] 기후 7경주: 마감 535초 전 재분석(rec_history 누적·cycle)
[각질편성] 오다와라 7경주: 선행3·선입0·추입6 → ⚡ 빠른 페이스
[경륜전개] 오다와라 7경주: 보통 · 라인 3개 · 페어 [[7, 2], [9, 1], [8, 3]]
[잔존마 필터] 삿포로 7경주: 전적 11두 → 배당 출전마 6두 (배당 없는 마번 제외: [7, 8, 9, 10, 11])
[각질편성] 삿포로 7경주: 선행0·선입0·추입0 → 🐌 느린 페이스
[복승불일치 축교정] 삿포로 7경주: 축 [2, 5]로 교정(자금이탈 강등 [6]·🔴🔴)
[다중경주] 하트비트 #31 · 스케줄 ymd=20260801 (-1초 전 갱신 · 트랙 12개)
[3종 수집] 기후 7경주: {'quinella': 21, 'exacta': 42, 'trio': 0, 'win': 0} (history 3)
[3종 수집] 오다와라 7경주: {'quinella': 36, 'exacta': 72, 'trio': 0, 'win': 0} (history 12)
[각질편성] 기후 7경주: 선행2·선입0·추입5 → 보통 페이스
[경륜전개] 기후 7경주: 슬로우(단독 선행) · 라인 2개 · 페어 [[3, 5], [4, 1]]
[복승불일치 축교정] 기후 7경주: 축 [3, 5]로 교정(자금이탈 강등 [1]·🔴🔴)
🔎 [결정론 검수] 기후 7경주: B라인누락
[자동분석·배경] 기후 7경주: 마감 503초 전 재분석(rec_history 누적·cycle)
[잔존마 필터] 삿포로 7경주: 전적 11두 → 배당 출전마 6두 (배당 없는 마번 제외: [7, 8, 9, 10, 11])
[각질편성] 삿포로 7경주: 선행0·선입0·추입0 → 🐌 느린 페이스
[복승불일치 축교정] 삿포로 7경주: 축 [2, 5]로 교정(자금이탈 강등 [6]·🔴🔴)
[잔존마 필터] 삿포로 7경주: 전적 11두 → 배당 출전마 6두 (배당 없는 마번 제외: [7, 8, 9, 10, 11])
[각질편성] 삿포로 7경주: 선행0·선입0·추입0 → 🐌 느린 페이스
[복승불일치 축교정] 삿포로 7경주: 축 [2, 5]로 교정(자금이탈 강등 [6]·🔴🔴)
[잔존마 필터] 삿포로 7경주: 전적 11두 → 배당 출전마 6두 (배당 없는 마번 제외: [7, 8, 9, 10, 11])
[각질편성] 삿포로 7경주: 선행0·선입0·추입0 → 🐌 느린 페이스
[복승불일치 축교정] 아오모리 4경주: 축 [1, 4]로 교정(자금이탈 강등 [7]·🔴🔴)
[각질편성] 오다와라 7경주: 선행3·선입0·추입6 → ⚡ 빠른 페이스
[잔존마 필터] 삿포로 7경주: 전적 11두 → 배당 출전마 6두 (배당 없는 마번 제외: [7, 8, 9, 10, 11])
[경륜전개] 오다와라 7경주: 보통 · 라인 3개 · 페어 [[7, 2], [9, 1], [8, 3]]
[복승불일치 축교정] 삿포로 7경주: 축 [2, 5]로 교정(자금이탈 강등 [6]·🔴🔴)
[각질편성] 삿포로 7경주: 선행0·선입0·추입0 → 🐌 느린 페이스
[복승불일치 축교정] 삿포로 7경주: 축 [2, 5]로 교정(자금이탈 강등 [6]·🔴🔴)
⏸ [폴링 저장 가드] 오다와라 7경주: 마감 후 readonly → 로그 저장 생략(분석·표시는 정상)
[복승불일치 축교정] 아오모리 5경주: 축 [1, 3]로 교정(자금이탈 강등 [6]·🔴)
[placeholder 필터] 호후 6경주 쌍승 껍데기 배당 3조합 제외(값: [300.2])
[복승불일치 축교정] 호후 6경주: 축 [1, 5]로 교정(자금이탈 강등 [7]·🔴)
[placeholder 필터] 아오모리 7경주 쌍승 껍데기 배당 3조합 제외(값: [1703.0])
[복승불일치 축교정] 호후 7경주: 축 [2, 5]로 교정(자금이탈 강등 [1]·🔴🔴)
[결과기록] 캐시 갱신 — 재파싱 1건 / 전체 1682건
[복승불일치 축교정] 사세보 2경주: 축 [2, 7]로 교정(자금이탈 강등 [1]·🔴🔴)
[복승불일치 축교정] 기후 2경주: 축 [3, 4]로 교정(자금이탈 강등 [6]·🔴🔴)
[복승불일치 축교정] 사세보 3경주: 축 [1, 5]로 교정(자금이탈 강등 [7]·🔴🔴)
[복승불일치 축교정] 오다와라 3경주: 축 [3, 9]로 교정(자금이탈 강등 [1]·🔴)
[복승불일치 축교정] 기후 3경주: 축 [5, 7]로 교정(자금이탈 강등 [4]·🔴🔴)
[복승불일치 축교정] 사세보 4경주: 축 [1, 4]로 교정(자금이탈 강등 [7]·🔴🔴)
[placeholder 필터] 오다와라 4경주 쌍승 껍데기 배당 4조합 제외(값: [859.9])
[복승불일치 축교정] 기후 4경주: 축 [1, 4]로 교정(자금이탈 강등 [2]·🔴🔴)
[각질편성] 오다와라 5경주: 선행3·선입0·추입6 → ⚡ 빠른 페이스
[경륜전개] 오다와라 5경주: 슬로우(단독 선행) · 라인 3개 · 페어 [[2, 5], [1, 8], [3, 7]]
[각질편성] 기후 5경주: 선행2·선입0·추입5 → 보통 페이스
[경륜전개] 기후 5경주: 보통 · 라인 2개 · 페어 [[1, 5], [3, 7]]
[각질편성] 사세보 6경주: 선행3·선입0·추입3 → ⚡ 빠른 페이스
[경륜전개] 사세보 6경주: 보통 · 라인 3개 · 페어 [[4, 2], [1, 5]]
[각질편성] 오다와라 6경주: 선행3·선입0·추입6 → ⚡ 빠른 페이스
[경륜전개] 오다와라 6경주: 보통 · 라인 3개 · 페어 [[1, 9], [5, 2], [8, 3]]
[각질편성] 기후 6경주: 선행1·선입0·추입5 → 🐌 느린 페이스
[경륜전개] 기후 6경주: 슬로우(단독 선행) · 라인 2개 · 페어 [[1, 2]]
[각질편성] 사세보 7경주: 선행2·선입0·추입5 → 보통 페이스
[경륜전개] 사세보 7경주: 보통 · 라인 2개 · 페어 [[5, 3], [6, 1]]
[각질편성] 오다와라 7경주: 선행3·선입0·추입6 → ⚡ 빠른 페이스
[경륜전개] 오다와라 7경주: 보통 · 라인 3개 · 페어 [[7, 2], [9, 1], [8, 3]]
[각질편성] 기후 7경주: 선행2·선입0·추입5 → 보통 페이스
[경륜전개] 기후 7경주: 슬로우(단독 선행) · 라인 2개 · 페어 [[3, 5], [4, 1]]
[복승불일치 축교정] 기후 7경주: 축 [3, 5]로 교정(자금이탈 강등 [1]·🔴🔴)
[잔존마 필터] 삿포로 7경주: 전적 11두 → 배당 출전마 6두 (배당 없는 마번 제외: [7, 8, 9, 10, 11])
[각질편성] 삿포로 7경주: 선행0·선입0·추입0 → 🐌 느린 페이스
[복승불일치 축교정] 삿포로 7경주: 축 [2, 5]로 교정(자금이탈 강등 [6]·🔴🔴)
[3종 수집] 기후 7경주: {'quinella': 21, 'exacta': 42, 'trio': 0, 'win': 0} (history 4)
[각질편성] 기후 7경주: 선행2·선입0·추입5 → 보통 페이스
[경륜전개] 기후 7경주: 슬로우(단독 선행) · 라인 2개 · 페어 [[3, 5], [4, 1]]
[복승불일치 축교정] 기후 7경주: 축 [3, 5]로 교정(자금이탈 강등 [1]·🔴🔴)
[자동분석·배경] 기후 7경주: 마감 470초 전 재분석(rec_history 누적·cycle)
[잔존마 필터] 삿포로 7경주: 전적 11두 → 배당 출전마 6두 (배당 없는 마번 제외: [7, 8, 9, 10, 11])
[각질편성] 삿포로 7경주: 선행0·선입0·추입0 → 🐌 느린 페이스
[복승불일치 축교정] 삿포로 7경주: 축 [2, 5]로 교정(자금이탈 강등 [6]·🔴🔴)
[3종 수집] 삿포로 8경주: {'quinella': 55, 'exacta': 0, 'trio': 165, 'win': 0} (history 1)
[JRA수집] 1경주 수집 · 0경주 생략(확장 우선) · 0.32초 · 다음 60초 · 🔬관찰모드
[분석로그] 저장 실패: [WinError 32] 다른 프로세스가 파일을 사용 중이기 때문에 프로세스가 액세스 할 수 없습니다: 'C:\\Users\\Administrator\\Desktop\\경마분석서버\\data\\analysis_log\\2026_08_01_삿포로_8경주.json.tmp' -> 'C:\\Users\\Administrator\\Desktop\\경마분석서버\\data\\analysis_log\\2026_08_01_삿포로_8경주.json'
[3종 수집] 기후 7경주: {'quinella': 21, 'exacta': 42, 'trio': 0, 'win': 0} (history 5)
[각질편성] 기후 7경주: 선행2·선입0·추입5 → 보통 페이스
[경륜전개] 기후 7경주: 슬로우(단독 선행) · 라인 2개 · 페어 [[3, 5], [4, 1]]
[복승불일치 축교정] 기후 7경주: 축 [3, 5]로 교정(자금이탈 강등 [1]·🔴🔴)
[자동분석·배경] 기후 7경주: 마감 438초 전 재분석(rec_history 누적·cycle)
[각질편성] 오다와라 7경주: 선행3·선입0·추입6 → ⚡ 빠른 페이스
[경륜전개] 오다와라 7경주: 보통 · 라인 3개 · 페어 [[7, 2], [9, 1], [8, 3]]
[잔존마 필터] 삿포로 7경주: 전적 11두 → 배당 출전마 6두 (배당 없는 마번 제외: [7, 8, 9, 10, 11])
[각질편성] 삿포로 7경주: 선행0·선입0·추입0 → 🐌 느린 페이스
[복승불일치 축교정] 삿포로 7경주: 축 [2, 5]로 교정(자금이탈 강등 [6]·🔴🔴)
[각질편성] 기후 7경주: 선행2·선입0·추입5 → 보통 페이스
[경륜전개] 기후 7경주: 슬로우(단독 선행) · 라인 2개 · 페어 [[3, 5], [4, 1]]
[복승불일치 축교정] 기후 7경주: 축 [3, 5]로 교정(자금이탈 강등 [1]·🔴🔴)
[카카오알림] 기후 7경주 T-7 → 큐 적재
[잔존마 필터] 삿포로 7경주: 전적 11두 → 배당 출전마 6두 (배당 없는 마번 제외: [7, 8, 9, 10, 11])
[잔존마 필터] 삿포로 7경주: 전적 11두 → 배당 출전마 6두 (배당 없는 마번 제외: [7, 8, 9, 10, 11])
[각질편성] 삿포로 7경주: 선행0·선입0·추입0 → 🐌 느린 페이스
[각질편성] 삿포로 7경주: 선행0·선입0·추입0 → 🐌 느린 페이스
[복승불일치 축교정] 아오모리 4경주: 축 [1, 4]로 교정(자금이탈 강등 [7]·🔴🔴)
[각질편성] 오다와라 7경주: 선행3·선입0·추입6 → ⚡ 빠른 페이스
[복승불일치 축교정] 삿포로 7경주: 축 [2, 5]로 교정(자금이탈 강등 [6]·🔴🔴)
[경륜전개] 오다와라 7경주: 보통 · 라인 3개 · 페어 [[7, 2], [9, 1], [8, 3]]
[복승불일치 축교정] 삿포로 7경주: 축 [2, 5]로 교정(자금이탈 강등 [6]·🔴🔴)
[복승불일치 축교정] 아오모리 5경주: 축 [1, 3]로 교정(자금이탈 강등 [6]·🔴)
[한국 전적] 삿포로 8경주: 11두 저장(PDF, 전적 11두)
[각질편성] 삿포로 8경주: 선행0·선입0·추입0 → 🐌 느린 페이스
[placeholder 필터] 호후 6경주 쌍승 껍데기 배당 3조합 제외(값: [300.2])
[복승불일치 축교정] 호후 6경주: 축 [1, 5]로 교정(자금이탈 강등 [7]·🔴)
[결과기록] 캐시 갱신 — 재파싱 2건 / 전체 1683건
[placeholder 필터] 아오모리 7경주 쌍승 껍데기 배당 3조합 제외(값: [1703.0])
[복승불일치 축교정] 호후 7경주: 축 [2, 5]로 교정(자금이탈 강등 [1]·🔴🔴)
[한국이력 검역] 거부 — 파일=서울 8R / 본문 raceKey=삿포로 8경주 (경마장 불일치)
[복승불일치 축교정] 사세보 2경주: 축 [2, 7]로 교정(자금이탈 강등 [1]·🔴🔴)
[복승불일치 축교정] 기후 2경주: 축 [3, 4]로 교정(자금이탈 강등 [6]·🔴🔴)
[복승불일치 축교정] 사세보 3경주: 축 [1, 5]로 교정(자금이탈 강등 [7]·🔴🔴)
[복승불일치 축교정] 오다와라 3경주: 축 [3, 9]로 교정(자금이탈 강등 [1]·🔴)
[복승불일치 축교정] 기후 3경주: 축 [5, 7]로 교정(자금이탈 강등 [4]·🔴🔴)
[복승불일치 축교정] 사세보 4경주: 축 [1, 4]로 교정(자금이탈 강등 [7]·🔴🔴)
[placeholder 필터] 오다와라 4경주 쌍승 껍데기 배당 4조합 제외(값: [859.9])
[복승불일치 축교정] 기후 4경주: 축 [1, 4]로 교정(자금이탈 강등 [2]·🔴🔴)
[각질편성] 오다와라 5경주: 선행3·선입0·추입6 → ⚡ 빠른 페이스
[경륜전개] 오다와라 5경주: 슬로우(단독 선행) · 라인 3개 · 페어 [[2, 5], [1, 8], [3, 7]]
[각질편성] 기후 5경주: 선행2·선입0·추입5 → 보통 페이스
[경륜전개] 기후 5경주: 보통 · 라인 2개 · 페어 [[1, 5], [3, 7]]
[각질편성] 사세보 6경주: 선행3·선입0·추입3 → ⚡ 빠른 페이스
[경륜전개] 사세보 6경주: 보통 · 라인 3개 · 페어 [[4, 2], [1, 5]]
[각질편성] 오다와라 6경주: 선행3·선입0·추입6 → ⚡ 빠른 페이스
[경륜전개] 오다와라 6경주: 보통 · 라인 3개 · 페어 [[1, 9], [5, 2], [8, 3]]
[각질편성] 기후 6경주: 선행1·선입0·추입5 → 🐌 느린 페이스
[경륜전개] 기후 6경주: 슬로우(단독 선행) · 라인 2개 · 페어 [[1, 2]]
[각질편성] 사세보 7경주: 선행2·선입0·추입5 → 보통 페이스
[경륜전개] 사세보 7경주: 보통 · 라인 2개 · 페어 [[5, 3], [6, 1]]
[각질편성] 오다와라 7경주: 선행3·선입0·추입6 → ⚡ 빠른 페이스
[경륜전개] 오다와라 7경주: 보통 · 라인 3개 · 페어 [[7, 2], [9, 1], [8, 3]]
[각질편성] 기후 7경주: 선행2·선입0·추입5 → 보통 페이스
[경륜전개] 기후 7경주: 슬로우(단독 선행) · 라인 2개 · 페어 [[3, 5], [4, 1]]
[복승불일치 축교정] 기후 7경주: 축 [3, 5]로 교정(자금이탈 강등 [1]·🔴🔴)
[잔존마 필터] 삿포로 7경주: 전적 11두 → 배당 출전마 6두 (배당 없는 마번 제외: [7, 8, 9, 10, 11])
[각질편성] 삿포로 7경주: 선행0·선입0·추입0 → 🐌 느린 페이스
[복승불일치 축교정] 삿포로 7경주: 축 [2, 5]로 교정(자금이탈 강등 [6]·🔴🔴)
[각질편성] 삿포로 8경주: 선행0·선입0·추입0 → 🐌 느린 페이스
[각질편성] 삿포로 8경주: 선행0·선입0·추입0 → 🐌 느린 페이스
[각질편성] 삿포로 8경주: 선행0·선입0·추입0 → 🐌 느린 페이스
[잔존마 필터] 삿포로 7경주: 전적 11두 → 배당 출전마 6두 (배당 없는 마번 제외: [7, 8, 9, 10, 11])
[각질편성] 삿포로 7경주: 선행0·선입0·추입0 → 🐌 느린 페이스
[복승불일치 축교정] 삿포로 7경주: 축 [2, 5]로 교정(자금이탈 강등 [6]·🔴🔴)
[활성정리] 끝난 경주 1건 제거(히스토리 보존): 오다와라 6경주
[3종 수집] 기후 7경주: {'quinella': 21, 'exacta': 42, 'trio': 0, 'win': 0} (history 6)
[각질편성] 기후 7경주: 선행2·선입0·추입5 → 보통 페이스
[경륜전개] 기후 7경주: 슬로우(단독 선행) · 라인 2개 · 페어 [[3, 5], [4, 1]]
[복승불일치 축교정] 기후 7경주: 축 [3, 5]로 교정(자금이탈 강등 [1]·🔴🔴)
[자동분석·배경] 기후 7경주: 마감 405초 전 재분석(rec_history 누적·cycle)
[각질편성] 삿포로 8경주: 선행0·선입0·추입0 → 🐌 느린 페이스
[각질편성] 삿포로 8경주: 선행0·선입0·추입0 → 🐌 느린 페이스
[분석로그] 저장 실패: [WinError 32] 다른 프로세스가 파일을 사용 중이기 때문에 프로세스가 액세스 할 수 없습니다: 'C:\\Users\\Administrator\\Desktop\\경마분석서버\\data\\analysis_log\\2026_08_01_삿포로_8경주.json.tmp' -> 'C:\\Users\\Administrator\\Desktop\\경마분석서버\\data\\analysis_log\\2026_08_01_삿포로_8경주.json'
[각질편성] 삿포로 8경주: 선행0·선입0·추입0 → 🐌 느린 페이스
[한국 전적] 삿포로 8경주: 11두 저장(PDF, 전적 11두)
[각질편성] 삿포로 8경주: 선행0·선입0·추입0 → 🐌 느린 페이스
[한국이력 검역] 거부 — 파일=서울 8R / 본문 raceKey=삿포로 8경주 (경마장 불일치)
[3종 수집] 삿포로 8경주: {'quinella': 55, 'exacta': 0, 'trio': 165, 'win': 0} (history 2)
[JRA수집] 1경주 수집 · 0경주 생략(확장 우선) · 0.27초 · 다음 60초 · 🔬관찰모드
[각질편성] 삿포로 8경주: 선행0·선입0·추입0 → 🐌 느린 페이스
[각질편성] 삿포로 8경주: 선행0·선입0·추입0 → 🐌 느린 페이스
[잔존마 필터] 삿포로 7경주: 전적 11두 → 배당 출전마 6두 (배당 없는 마번 제외: [7, 8, 9, 10, 11])
[각질편성] 삿포로 7경주: 선행0·선입0·추입0 → 🐌 느린 페이스
[복승불일치 축교정] 삿포로 7경주: 축 [2, 5]로 교정(자금이탈 강등 [6]·🔴🔴)
[잔존마 필터] 삿포로 7경주: 전적 11두 → 배당 출전마 6두 (배당 없는 마번 제외: [7, 8, 9, 10, 11])
[각질편성] 삿포로 7경주: 선행0·선입0·추입0 → 🐌 느린 페이스
[복승불일치 축교정] 삿포로 7경주: 축 [2, 5]로 교정(자금이탈 강등 [6]·🔴🔴)
[잔존마 필터] 삿포로 7경주: 전적 11두 → 배당 출전마 6두 (배당 없는 마번 제외: [7, 8, 9, 10, 11])
[각질편성] 삿포로 7경주: 선행0·선입0·추입0 → 🐌 느린 페이스
[각질편성] 삿포로 8경주: 선행0·선입0·추입0 → 🐌 느린 페이스
[복승불일치 축교정] 아오모리 4경주: 축 [1, 4]로 교정(자금이탈 강등 [7]·🔴🔴)
[각질편성] 삿포로 8경주: 선행0·선입0·추입0 → 🐌 느린 페이스
[복승불일치 축교정] 삿포로 7경주: 축 [2, 5]로 교정(자금이탈 강등 [6]·🔴🔴)
[각질편성] 삿포로 8경주: 선행0·선입0·추입0 → 🐌 느린 페이스
[각질편성] 삿포로 8경주: 선행0·선입0·추입0 → 🐌 느린 페이스
[각질편성] 삿포로 8경주: 선행0·선입0·추입0 → 🐌 느린 페이스
[복승불일치 축교정] 아오모리 5경주: 축 [1, 3]로 교정(자금이탈 강등 [6]·🔴)
[분석로그] 저장 실패: [WinError 32] 다른 프로세스가 파일을 사용 중이기 때문에 프로세스가 액세스 할 수 없습니다: 'C:\\Users\\Administrator\\Desktop\\경마분석서버\\data\\analysis_log\\2026_08_01_삿포로_8경주.json.tmp' -> 'C:\\Users\\Administrator\\Desktop\\경마분석서버\\data\\analysis_log\\2026_08_01_삿포로_8경주.json'
[잔존마 필터] 삿포로 7경주: 전적 11두 → 배당 출전마 6두 (배당 없는 마번 제외: [7, 8, 9, 10, 11])
[각질편성] 삿포로 7경주: 선행0·선입0·추입0 → 🐌 느린 페이스
[각질편성] 삿포로 8경주: 선행0·선입0·추입0 → 🐌 느린 페이스
[복승불일치 축교정] 삿포로 7경주: 축 [2, 5]로 교정(자금이탈 강등 [6]·🔴🔴)
[3종 수집] 기후 7경주: {'quinella': 21, 'exacta': 42, 'trio': 0, 'win': 0} (history 7)
[한국 전적] 삿포로 8경주: 11두 저장(PDF, 전적 11두)
[각질편성] 삿포로 8경주: 선행0·선입0·추입0 → 🐌 느린 페이스
[각질편성] 기후 7경주: 선행2·선입0·추입5 → 보통 페이스
[경륜전개] 기후 7경주: 슬로우(단독 선행) · 라인 2개 · 페어 [[3, 5], [4, 1]]
[복승불일치 축교정] 기후 7경주: 축 [3, 5]로 교정(자금이탈 강등 [1]·🔴🔴)
[자동분석·배경] 기후 7경주: 마감 373초 전 재분석(rec_history 누적·cycle)
[결과기록] 캐시 갱신 — 재파싱 2건 / 전체 1683건
[한국이력 검역] 거부 — 파일=서울 8R / 본문 raceKey=삿포로 8경주 (경마장 불일치)
[placeholder 필터] 호후 6경주 쌍승 껍데기 배당 3조합 제외(값: [300.2])
[복승불일치 축교정] 호후 6경주: 축 [1, 5]로 교정(자금이탈 강등 [7]·🔴)
[placeholder 필터] 아오모리 7경주 쌍승 껍데기 배당 3조합 제외(값: [1703.0])
[복승불일치 축교정] 호후 7경주: 축 [2, 5]로 교정(자금이탈 강등 [1]·🔴🔴)
[복승불일치 축교정] 사세보 2경주: 축 [2, 7]로 교정(자금이탈 강등 [1]·🔴🔴)
[복승불일치 축교정] 기후 2경주: 축 [3, 4]로 교정(자금이탈 강등 [6]·🔴🔴)
[복승불일치 축교정] 사세보 3경주: 축 [1, 5]로 교정(자금이탈 강등 [7]·🔴🔴)
[복승불일치 축교정] 오다와라 3경주: 축 [3, 9]로 교정(자금이탈 강등 [1]·🔴)
[복승불일치 축교정] 기후 3경주: 축 [5, 7]로 교정(자금이탈 강등 [4]·🔴🔴)
[복승불일치 축교정] 사세보 4경주: 축 [1, 4]로 교정(자금이탈 강등 [7]·🔴🔴)
[placeholder 필터] 오다와라 4경주 쌍승 껍데기 배당 4조합 제외(값: [859.9])
[복승불일치 축교정] 기후 4경주: 축 [1, 4]로 교정(자금이탈 강등 [2]·🔴🔴)
[각질편성] 오다와라 5경주: 선행3·선입0·추입6 → ⚡ 빠른 페이스
[경륜전개] 오다와라 5경주: 슬로우(단독 선행) · 라인 3개 · 페어 [[2, 5], [1, 8], [3, 7]]
[각질편성] 기후 5경주: 선행2·선입0·추입5 → 보통 페이스
[경륜전개] 기후 5경주: 보통 · 라인 2개 · 페어 [[1, 5], [3, 7]]
[각질편성] 사세보 6경주: 선행3·선입0·추입3 → ⚡ 빠른 페이스
[경륜전개] 사세보 6경주: 보통 · 라인 3개 · 페어 [[4, 2], [1, 5]]
[각질편성] 오다와라 6경주: 선행3·선입0·추입6 → ⚡ 빠른 페이스
[경륜전개] 오다와라 6경주: 보통 · 라인 3개 · 페어 [[1, 9], [5, 2], [8, 3]]
[각질편성] 기후 6경주: 선행1·선입0·추입5 → 🐌 느린 페이스
[경륜전개] 기후 6경주: 슬로우(단독 선행) · 라인 2개 · 페어 [[1, 2]]
[각질편성] 삿포로 8경주: 선행0·선입0·추입0 → 🐌 느린 페이스
[각질편성] 사세보 7경주: 선행2·선입0·추입5 → 보통 페이스
[경륜전개] 사세보 7경주: 보통 · 라인 2개 · 페어 [[5, 3], [6, 1]]
[잔존마 필터] 삿포로 7경주: 전적 11두 → 배당 출전마 6두 (배당 없는 마번 제외: [7, 8, 9, 10, 11])
[각질편성] 삿포로 7경주: 선행0·선입0·추입0 → 🐌 느린 페이스
[복승불일치 축교정] 삿포로 7경주: 축 [2, 5]로 교정(자금이탈 강등 [6]·🔴🔴)
[각질편성] 오다와라 7경주: 선행3·선입0·추입6 → ⚡ 빠른 페이스
[경륜전개] 오다와라 7경주: 보통 · 라인 3개 · 페어 [[7, 2], [9, 1], [8, 3]]
[각질편성] 기후 7경주: 선행2·선입0·추입5 → 보통 페이스
[경륜전개] 기후 7경주: 슬로우(단독 선행) · 라인 2개 · 페어 [[3, 5], [4, 1]]
[복승불일치 축교정] 기후 7경주: 축 [3, 5]로 교정(자금이탈 강등 [1]·🔴🔴)
[잔존마 필터] 삿포로 7경주: 전적 11두 → 배당 출전마 6두 (배당 없는 마번 제외: [7, 8, 9, 10, 11])
[각질편성] 삿포로 7경주: 선행0·선입0·추입0 → 🐌 느린 페이스
[복승불일치 축교정] 삿포로 7경주: 축 [2, 5]로 교정(자금이탈 강등 [6]·🔴🔴)
[각질편성] 삿포로 8경주: 선행0·선입0·추입0 → 🐌 느린 페이스
[복승불일치 축교정] 아오모리 4경주: 축 [1, 4]로 교정(자금이탈 강등 [7]·🔴🔴)
[각질편성] 기후 7경주: 선행2·선입0·추입5 → 보통 페이스
[경륜전개] 기후 7경주: 슬로우(단독 선행) · 라인 2개 · 페어 [[3, 5], [4, 1]]
[복승불일치 축교정] 기후 7경주: 축 [3, 5]로 교정(자금이탈 강등 [1]·🔴🔴)
[각질편성] 삿포로 8경주: 선행0·선입0·추입0 → 🐌 느린 페이스
[잔존마 필터] 삿포로 7경주: 전적 11두 → 배당 출전마 6두 (배당 없는 마번 제외: [7, 8, 9, 10, 11])
[각질편성] 삿포로 7경주: 선행0·선입0·추입0 → 🐌 느린 페이스
[복승불일치 축교정] 삿포로 7경주: 축 [2, 5]로 교정(자금이탈 강등 [6]·🔴🔴)
[각질편성] 삿포로 8경주: 선행0·선입0·추입0 → 🐌 느린 페이스
[잔존마 필터] 삿포로 7경주: 전적 11두 → 배당 출전마 6두 (배당 없는 마번 제외: [7, 8, 9, 10, 11])
[각질편성] 삿포로 7경주: 선행0·선입0·추입0 → 🐌 느린 페이스
[복승불일치 축교정] 삿포로 7경주: 축 [2, 5]로 교정(자금이탈 강등 [6]·🔴🔴)
[각질편성] 삿포로 8경주: 선행0·선입0·추입0 → 🐌 느린 페이스
[잔존마 필터] 삿포로 7경주: 전적 11두 → 배당 출전마 6두 (배당 없는 마번 제외: [7, 8, 9, 10, 11])
[각질편성] 삿포로 7경주: 선행0·선입0·추입0 → 🐌 느린 페이스
[복승불일치 축교정] 삿포로 7경주: 축 [2, 5]로 교정(자금이탈 강등 [6]·🔴🔴)
[각질편성] 삿포로 8경주: 선행0·선입0·추입0 → 🐌 느린 페이스
[한국 전적] 삿포로 8경주: 11두 저장(PDF, 전적 11두)
[각질편성] 삿포로 8경주: 선행0·선입0·추입0 → 🐌 느린 페이스
[한국이력 검역] 거부 — 파일=서울 8R / 본문 raceKey=삿포로 8경주 (경마장 불일치)
[3종 수집] 기후 7경주: {'quinella': 21, 'exacta': 42, 'trio': 0, 'win': 0} (history 8)
[각질편성] 기후 7경주: 선행2·선입0·추입5 → 보통 페이스
[경륜전개] 기후 7경주: 슬로우(단독 선행) · 라인 2개 · 페어 [[3, 5], [4, 1]]
[복승불일치 축교정] 기후 7경주: 축 [3, 5]로 교정(자금이탈 강등 [1]·🔴🔴)
[자동분석·배경] 기후 7경주: 마감 338초 전 재분석(rec_history 누적·cycle)
[3종 수집] 삿포로 8경주: {'quinella': 55, 'exacta': 0, 'trio': 165, 'win': 0} (history 3)
[JRA수집] 1경주 수집 · 0경주 생략(확장 우선) · 0.23초 · 다음 60초 · 🔬관찰모드
[각질편성] 삿포로 8경주: 선행0·선입0·추입0 → 🐌 느린 페이스
[각질편성] 삿포로 8경주: 선행0·선입0·추입0 → 🐌 느린 페이스
[분석로그] 저장 실패: [WinError 32] 다른 프로세스가 파일을 사용 중이기 때문에 프로세스가 액세스 할 수 없습니다: 'C:\\Users\\Administrator\\Desktop\\경마분석서버\\data\\analysis_log\\2026_08_01_삿포로_8경주.json.tmp' -> 'C:\\Users\\Administrator\\Desktop\\경마분석서버\\data\\analysis_log\\2026_08_01_삿포로_8경주.json'
[각질편성] 삿포로 8경주: 선행0·선입0·추입0 → 🐌 느린 페이스
[잔존마 필터] 삿포로 7경주: 전적 11두 → 배당 출전마 6두 (배당 없는 마번 제외: [7, 8, 9, 10, 11])
[각질편성] 삿포로 7경주: 선행0·선입0·추입0 → 🐌 느린 페이스
[복승불일치 축교정] 삿포로 7경주: 축 [2, 5]로 교정(자금이탈 강등 [6]·🔴🔴)
[잔존마 필터] 삿포로 7경주: 전적 11두 → 배당 출전마 6두 (배당 없는 마번 제외: [7, 8, 9, 10, 11])
[복승불일치 축교정] 아오모리 4경주: 축 [1, 4]로 교정(자금이탈 강등 [7]·🔴🔴)
[각질편성] 삿포로 7경주: 선행0·선입0·추입0 → 🐌 느린 페이스
[잔존마 필터] 삿포로 7경주: 전적 11두 → 배당 출전마 6두 (배당 없는 마번 제외: [7, 8, 9, 10, 11])
[각질편성] 삿포로 8경주: 선행0·선입0·추입0 → 🐌 느린 페이스
[각질편성] 삿포로 7경주: 선행0·선입0·추입0 → 🐌 느린 페이스
[복승불일치 축교정] 삿포로 7경주: 축 [2, 5]로 교정(자금이탈 강등 [6]·🔴🔴)
[각질편성] 삿포로 8경주: 선행0·선입0·추입0 → 🐌 느린 페이스
[각질편성] 삿포로 8경주: 선행0·선입0·추입0 → 🐌 느린 페이스
[복승불일치 축교정] 삿포로 7경주: 축 [2, 5]로 교정(자금이탈 강등 [6]·🔴🔴)
[각질편성] 삿포로 8경주: 선행0·선입0·추입0 → 🐌 느린 페이스
[복승불일치 축교정] 아오모리 5경주: 축 [1, 3]로 교정(자금이탈 강등 [6]·🔴)
[placeholder 필터] 호후 6경주 쌍승 껍데기 배당 3조합 제외(값: [300.2])
[복승불일치 축교정] 호후 6경주: 축 [1, 5]로 교정(자금이탈 강등 [7]·🔴)
[placeholder 필터] 아오모리 7경주 쌍승 껍데기 배당 3조합 제외(값: [1703.0])
[복승불일치 축교정] 호후 7경주: 축 [2, 5]로 교정(자금이탈 강등 [1]·🔴🔴)
[복승불일치 축교정] 사세보 2경주: 축 [2, 7]로 교정(자금이탈 강등 [1]·🔴🔴)
[결과기록] 캐시 갱신 — 재파싱 2건 / 전체 1683건
[복승불일치 축교정] 기후 2경주: 축 [3, 4]로 교정(자금이탈 강등 [6]·🔴🔴)
[복승불일치 축교정] 사세보 3경주: 축 [1, 5]로 교정(자금이탈 강등 [7]·🔴🔴)
[복승불일치 축교정] 오다와라 3경주: 축 [3, 9]로 교정(자금이탈 강등 [1]·🔴)
[복승불일치 축교정] 기후 3경주: 축 [5, 7]로 교정(자금이탈 강등 [4]·🔴🔴)
[복승불일치 축교정] 사세보 4경주: 축 [1, 4]로 교정(자금이탈 강등 [7]·🔴🔴)
[placeholder 필터] 오다와라 4경주 쌍승 껍데기 배당 4조합 제외(값: [859.9])
[복승불일치 축교정] 기후 4경주: 축 [1, 4]로 교정(자금이탈 강등 [2]·🔴🔴)
[각질편성] 오다와라 5경주: 선행3·선입0·추입6 → ⚡ 빠른 페이스
[경륜전개] 오다와라 5경주: 슬로우(단독 선행) · 라인 3개 · 페어 [[2, 5], [1, 8], [3, 7]]
[각질편성] 기후 5경주: 선행2·선입0·추입5 → 보통 페이스
[경륜전개] 기후 5경주: 보통 · 라인 2개 · 페어 [[1, 5], [3, 7]]
[각질편성] 사세보 6경주: 선행3·선입0·추입3 → ⚡ 빠른 페이스
[경륜전개] 사세보 6경주: 보통 · 라인 3개 · 페어 [[4, 2], [1, 5]]
[3종 수집] 기후 7경주: {'quinella': 21, 'exacta': 42, 'trio': 0, 'win': 0} (history 9)
[각질편성] 오다와라 6경주: 선행3·선입0·추입6 → ⚡ 빠른 페이스
[경륜전개] 오다와라 6경주: 보통 · 라인 3개 · 페어 [[1, 9], [5, 2], [8, 3]]
[각질편성] 기후 6경주: 선행1·선입0·추입5 → 🐌 느린 페이스
[경륜전개] 기후 6경주: 슬로우(단독 선행) · 라인 2개 · 페어 [[1, 2]]
[각질편성] 사세보 7경주: 선행2·선입0·추입5 → 보통 페이스
[경륜전개] 사세보 7경주: 보통 · 라인 2개 · 페어 [[5, 3], [6, 1]]
[각질편성] 기후 7경주: 선행2·선입0·추입5 → 보통 페이스
[경륜전개] 기후 7경주: 슬로우(단독 선행) · 라인 2개 · 페어 [[3, 5], [4, 1]]
[복승불일치 축교정] 기후 7경주: 축 [3, 5]로 교정(자금이탈 강등 [1]·🔴🔴)
[각질편성] 오다와라 7경주: 선행3·선입0·추입6 → ⚡ 빠른 페이스
[경륜전개] 오다와라 7경주: 보통 · 라인 3개 · 페어 [[7, 2], [9, 1], [8, 3]]
[자동분석·배경] 기후 7경주: 마감 306초 전 재분석(rec_history 누적·cycle)
[각질편성] 기후 7경주: 선행2·선입0·추입5 → 보통 페이스
[경륜전개] 기후 7경주: 슬로우(단독 선행) · 라인 2개 · 페어 [[3, 5], [4, 1]]
[복승불일치 축교정] 기후 7경주: 축 [3, 5]로 교정(자금이탈 강등 [1]·🔴🔴)
[각질편성] 기후 7경주: 선행2·선입0·추입5 → 보통 페이스
[경륜전개] 기후 7경주: 슬로우(단독 선행) · 라인 2개 · 페어 [[3, 5], [4, 1]]
[복승불일치 축교정] 기후 7경주: 축 [3, 5]로 교정(자금이탈 강등 [1]·🔴🔴)
[잔존마 필터] 삿포로 7경주: 전적 11두 → 배당 출전마 6두 (배당 없는 마번 제외: [7, 8, 9, 10, 11])
[각질편성] 삿포로 7경주: 선행0·선입0·추입0 → 🐌 느린 페이스
[복승불일치 축교정] 삿포로 7경주: 축 [2, 5]로 교정(자금이탈 강등 [6]·🔴🔴)
[카카오알림] 기후 7경주 T-5 → 큐 적재
[각질편성] 삿포로 8경주: 선행0·선입0·추입0 → 🐌 느린 페이스
[각질편성] 삿포로 8경주: 선행0·선입0·추입0 → 🐌 느린 페이스
[각질편성] 삿포로 8경주: 선행0·선입0·추입0 → 🐌 느린 페이스
[분석로그] 저장 실패: [WinError 32] 다른 프로세스가 파일을 사용 중이기 때문에 프로세스가 액세스 할 수 없습니다: 'C:\\Users\\Administrator\\Desktop\\경마분석서버\\data\\analysis_log\\2026_08_01_삿포로_8경주.json.tmp' -> 'C:\\Users\\Administrator\\Desktop\\경마분석서버\\data\\analysis_log\\2026_08_01_삿포로_8경주.json'
[각질편성] 삿포로 8경주: 선행0·선입0·추입0 → 🐌 느린 페이스
[각질편성] 삿포로 8경주: 선행0·선입0·추입0 → 🐌 느린 페이스
[잔존마 필터] 삿포로 7경주: 전적 11두 → 배당 출전마 6두 (배당 없는 마번 제외: [7, 8, 9, 10, 11])
[각질편성] 삿포로 7경주: 선행0·선입0·추입0 → 🐌 느린 페이스
[복승불일치 축교정] 삿포로 7경주: 축 [2, 5]로 교정(자금이탈 강등 [6]·🔴🔴)
[3종 수집] 삿포로 8경주: {'quinella': 55, 'exacta': 0, 'trio': 165, 'win': 0} (history 4)
[JRA수집] 1경주 수집 · 0경주 생략(확장 우선) · 0.32초 · 다음 60초 · 🔬관찰모드
[각질편성] 삿포로 8경주: 선행0·선입0·추입0 → 🐌 느린 페이스
[3종 수집] 기후 7경주: {'quinella': 21, 'exacta': 42, 'trio': 0, 'win': 0} (history 10)
[각질편성] 기후 7경주: 선행2·선입0·추입5 → 보통 페이스
[경륜전개] 기후 7경주: 슬로우(단독 선행) · 라인 2개 · 페어 [[3, 5], [4, 1]]
[복승불일치 축교정] 기후 7경주: 축 [3, 5]로 교정(자금이탈 강등 [1]·🔴🔴)
[자동예상] 기후 7경주 최종예상 저장(2026_08_01_기후_7경주.json)
[각질편성] 기후 7경주: 선행2·선입0·추입5 → 보통 페이스
[경륜전개] 기후 7경주: 슬로우(단독 선행) · 라인 2개 · 페어 [[3, 5], [4, 1]]
[복승불일치 축교정] 기후 7경주: 축 [3, 5]로 교정(자금이탈 강등 [1]·🔴🔴)
[자동분석·배경] 기후 7경주: 마감 272초 전 재분석(rec_history 누적·cycle)
[스냅샷] 저장: 2026_08_01_삿포로_8경주_T-10.png (762 KB · T-10)
[카톡 변경알림·즉시] 기후 7경주 (남은 272s): 삼복승 제외: 2+3+5 · 3+4+5
[각질편성] 삿포로 8경주: 선행0·선입0·추입0 → 🐌 느린 페이스
[각질편성] 삿포로 8경주: 선행0·선입0·추입0 → 🐌 느린 페이스
[스냅샷] 저장: 2026_08_01_삿포로_8경주_T-10.png (786 KB · T-10)
[각질편성] 삿포로 8경주: 선행0·선입0·추입0 → 🐌 느린 페이스
[잔존마 필터] 삿포로 7경주: 전적 11두 → 배당 출전마 6두 (배당 없는 마번 제외: [7, 8, 9, 10, 11])
[잔존마 필터] 삿포로 7경주: 전적 11두 → 배당 출전마 6두 (배당 없는 마번 제외: [7, 8, 9, 10, 11])
[각질편성] 삿포로 7경주: 선행0·선입0·추입0 → 🐌 느린 페이스
[각질편성] 삿포로 7경주: 선행0·선입0·추입0 → 🐌 느린 페이스
[복승불일치 축교정] 아오모리 4경주: 축 [1, 4]로 교정(자금이탈 강등 [7]·🔴🔴)
[각질편성] 삿포로 8경주: 선행0·선입0·추입0 → 🐌 느린 페이스
[복승불일치 축교정] 삿포로 7경주: 축 [2, 5]로 교정(자금이탈 강등 [6]·🔴🔴)
[각질편성] 삿포로 8경주: 선행0·선입0·추입0 → 🐌 느린 페이스
[복승불일치 축교정] 삿포로 7경주: 축 [2, 5]로 교정(자금이탈 강등 [6]·🔴🔴)
[각질편성] 삿포로 8경주: 선행0·선입0·추입0 → 🐌 느린 페이스
[한국 전적] 삿포로 8경주: 11두 저장(PDF, 전적 11두)
[각질편성] 삿포로 8경주: 선행0·선입0·추입0 → 🐌 느린 페이스
[분석로그] 저장 실패: [WinError 5] 액세스가 거부되었습니다: 'C:\\Users\\Administrator\\Desktop\\경마분석서버\\data\\analysis_log\\2026_08_01_삿포로_8경주.json.tmp' -> 'C:\\Users\\Administrator\\Desktop\\경마분석서버\\data\\analysis_log\\2026_08_01_삿포로_8경주.json'
[복승불일치 축교정] 아오모리 5경주: 축 [1, 3]로 교정(자금이탈 강등 [6]·🔴)
[placeholder 필터] 호후 6경주 쌍승 껍데기 배당 3조합 제외(값: [300.2])
[잔존마 필터] 삿포로 7경주: 전적 11두 → 배당 출전마 6두 (배당 없는 마번 제외: [7, 8, 9, 10, 11])
[각질편성] 삿포로 7경주: 선행0·선입0·추입0 → 🐌 느린 페이스
[복승불일치 축교정] 호후 6경주: 축 [1, 5]로 교정(자금이탈 강등 [7]·🔴)
[복승불일치 축교정] 삿포로 7경주: 축 [2, 5]로 교정(자금이탈 강등 [6]·🔴🔴)
[placeholder 필터] 아오모리 7경주 쌍승 껍데기 배당 3조합 제외(값: [1703.0])
[한국이력 검역] 거부 — 파일=서울 8R / 본문 raceKey=삿포로 8경주 (경마장 불일치)
[결과기록] 캐시 갱신 — 재파싱 2건 / 전체 1683건
[복승불일치 축교정] 호후 7경주: 축 [2, 5]로 교정(자금이탈 강등 [1]·🔴🔴)
[복승불일치 축교정] 사세보 2경주: 축 [2, 7]로 교정(자금이탈 강등 [1]·🔴🔴)
[복승불일치 축교정] 기후 2경주: 축 [3, 4]로 교정(자금이탈 강등 [6]·🔴🔴)
[복승불일치 축교정] 사세보 3경주: 축 [1, 5]로 교정(자금이탈 강등 [7]·🔴🔴)
[복승불일치 축교정] 오다와라 3경주: 축 [3, 9]로 교정(자금이탈 강등 [1]·🔴)
[복승불일치 축교정] 기후 3경주: 축 [5, 7]로 교정(자금이탈 강등 [4]·🔴🔴)
[복승불일치 축교정] 사세보 4경주: 축 [1, 4]로 교정(자금이탈 강등 [7]·🔴🔴)
[placeholder 필터] 오다와라 4경주 쌍승 껍데기 배당 4조합 제외(값: [859.9])
[복승불일치 축교정] 기후 4경주: 축 [1, 4]로 교정(자금이탈 강등 [2]·🔴🔴)
[각질편성] 오다와라 5경주: 선행3·선입0·추입6 → ⚡ 빠른 페이스
[경륜전개] 오다와라 5경주: 슬로우(단독 선행) · 라인 3개 · 페어 [[2, 5], [1, 8], [3, 7]]
[각질편성] 기후 5경주: 선행2·선입0·추입5 → 보통 페이스
[경륜전개] 기후 5경주: 보통 · 라인 2개 · 페어 [[1, 5], [3, 7]]
[각질편성] 사세보 6경주: 선행3·선입0·추입3 → ⚡ 빠른 페이스
[경륜전개] 사세보 6경주: 보통 · 라인 3개 · 페어 [[4, 2], [1, 5]]
[각질편성] 오다와라 6경주: 선행3·선입0·추입6 → ⚡ 빠른 페이스
[경륜전개] 오다와라 6경주: 보통 · 라인 3개 · 페어 [[1, 9], [5, 2], [8, 3]]
[각질편성] 기후 6경주: 선행1·선입0·추입5 → 🐌 느린 페이스
[경륜전개] 기후 6경주: 슬로우(단독 선행) · 라인 2개 · 페어 [[1, 2]]
[각질편성] 사세보 7경주: 선행2·선입0·추입5 → 보통 페이스
[경륜전개] 사세보 7경주: 보통 · 라인 2개 · 페어 [[5, 3], [6, 1]]
[각질편성] 오다와라 7경주: 선행3·선입0·추입6 → ⚡ 빠른 페이스
[경륜전개] 오다와라 7경주: 보통 · 라인 3개 · 페어 [[7, 2], [9, 1], [8, 3]]
[각질편성] 삿포로 8경주: 선행0·선입0·추입0 → 🐌 느린 페이스
[각질편성] 기후 7경주: 선행2·선입0·추입5 → 보통 페이스
[경륜전개] 기후 7경주: 슬로우(단독 선행) · 라인 2개 · 페어 [[3, 5], [4, 1]]
[복승불일치 축교정] 기후 7경주: 축 [3, 5]로 교정(자금이탈 강등 [1]·🔴🔴)
[잔존마 필터] 삿포로 7경주: 전적 11두 → 배당 출전마 6두 (배당 없는 마번 제외: [7, 8, 9, 10, 11])
[각질편성] 삿포로 7경주: 선행0·선입0·추입0 → 🐌 느린 페이스
[복승불일치 축교정] 삿포로 7경주: 축 [2, 5]로 교정(자금이탈 강등 [6]·🔴🔴)
[각질편성] 삿포로 8경주: 선행0·선입0·추입0 → 🐌 느린 페이스
[3종 수집] 기후 7경주: {'quinella': 21, 'exacta': 42, 'trio': 0, 'win': 0} (history 11)
[각질편성] 기후 7경주: 선행2·선입0·추입5 → 보통 페이스
[경륜전개] 기후 7경주: 슬로우(단독 선행) · 라인 2개 · 페어 [[3, 5], [4, 1]]
[복승불일치 축교정] 기후 7경주: 축 [3, 5]로 교정(자금이탈 강등 [1]·🔴🔴)
[자동분석·배경] 기후 7경주: 마감 239초 전 재분석(rec_history 누적·cycle)
[각질편성] 삿포로 8경주: 선행0·선입0·추입0 → 🐌 느린 페이스
[각질편성] 삿포로 8경주: 선행0·선입0·추입0 → 🐌 느린 페이스
[각질편성] 삿포로 8경주: 선행0·선입0·추입0 → 🐌 느린 페이스
[잔존마 필터] 삿포로 7경주: 전적 11두 → 배당 출전마 6두 (배당 없는 마번 제외: [7, 8, 9, 10, 11])
[각질편성] 삿포로 7경주: 선행0·선입0·추입0 → 🐌 느린 페이스
[복승불일치 축교정] 삿포로 7경주: 축 [2, 5]로 교정(자금이탈 강등 [6]·🔴🔴)
[3종 수집] 삿포로 8경주: {'quinella': 55, 'exacta': 0, 'trio': 165, 'win': 0} (history 5)
[JRA수집] 1경주 수집 · 0경주 생략(확장 우선) · 0.36초 · 다음 60초 · 🔬관찰모드
[각질편성] 삿포로 8경주: 선행0·선입0·추입0 → 🐌 느린 페이스
[3종 수집] 기후 7경주: {'quinella': 21, 'exacta': 42, 'trio': 0, 'win': 0} (history 12)
[각질편성] 기후 7경주: 선행2·선입0·추입5 → 보통 페이스
[경륜전개] 기후 7경주: 슬로우(단독 선행) · 라인 2개 · 페어 [[3, 5], [4, 1]]
[복승불일치 축교정] 기후 7경주: 축 [3, 5]로 교정(자금이탈 강등 [1]·🔴🔴)
[자동분석·배경] 기후 7경주: 마감 206초 전 재분석(rec_history 누적·cycle)
[각질편성] 삿포로 8경주: 선행0·선입0·추입0 → 🐌 느린 페이스
[잔존마 필터] 삿포로 7경주: 전적 11두 → 배당 출전마 6두 (배당 없는 마번 제외: [7, 8, 9, 10, 11])
[각질편성] 삿포로 7경주: 선행0·선입0·추입0 → 🐌 느린 페이스
[각질편성] 삿포로 8경주: 선행0·선입0·추입0 → 🐌 느린 페이스
[복승불일치 축교정] 삿포로 7경주: 축 [2, 5]로 교정(자금이탈 강등 [6]·🔴🔴)
[잔존마 필터] 삿포로 7경주: 전적 11두 → 배당 출전마 6두 (배당 없는 마번 제외: [7, 8, 9, 10, 11])
[각질편성] 삿포로 7경주: 선행0·선입0·추입0 → 🐌 느린 페이스
[복승불일치 축교정] 아오모리 4경주: 축 [1, 4]로 교정(자금이탈 강등 [7]·🔴🔴)
[복승불일치 축교정] 삿포로 7경주: 축 [2, 5]로 교정(자금이탈 강등 [6]·🔴🔴)
[각질편성] 삿포로 8경주: 선행0·선입0·추입0 → 🐌 느린 페이스
[각질편성] 삿포로 8경주: 선행0·선입0·추입0 → 🐌 느린 페이스
[각질편성] 삿포로 8경주: 선행0·선입0·추입0 → 🐌 느린 페이스
[각질편성] 삿포로 8경주: 선행0·선입0·추입0 → 🐌 느린 페이스
[한국 전적] 삿포로 8경주: 11두 저장(PDF, 전적 11두)
[각질편성] 삿포로 8경주: 선행0·선입0·추입0 → 🐌 느린 페이스
[각질편성] 삿포로 8경주: 선행0·선입0·추입0 → 🐌 느린 페이스
[복승불일치 축교정] 아오모리 5경주: 축 [1, 3]로 교정(자금이탈 강등 [6]·🔴)
[분석로그] 저장 실패: [WinError 32] 다른 프로세스가 파일을 사용 중이기 때문에 프로세스가 액세스 할 수 없습니다: 'C:\\Users\\Administrator\\Desktop\\경마분석서버\\data\\analysis_log\\2026_08_01_삿포로_8경주.json.tmp' -> 'C:\\Users\\Administrator\\Desktop\\경마분석서버\\data\\analysis_log\\2026_08_01_삿포로_8경주.json'
[분석로그] 저장 실패: [WinError 5] 액세스가 거부되었습니다: 'C:\\Users\\Administrator\\Desktop\\경마분석서버\\data\\analysis_log\\2026_08_01_삿포로_8경주.json.tmp' -> 'C:\\Users\\Administrator\\Desktop\\경마분석서버\\data\\analysis_log\\2026_08_01_삿포로_8경주.json'
[placeholder 필터] 호후 6경주 쌍승 껍데기 배당 3조합 제외(값: [300.2])
[복승불일치 축교정] 호후 6경주: 축 [1, 5]로 교정(자금이탈 강등 [7]·🔴)
[placeholder 필터] 아오모리 7경주 쌍승 껍데기 배당 3조합 제외(값: [1703.0])
[복승불일치 축교정] 호후 7경주: 축 [2, 5]로 교정(자금이탈 강등 [1]·🔴🔴)
[한국이력 검역] 거부 — 파일=서울 8R / 본문 raceKey=삿포로 8경주 (경마장 불일치)
[결과기록] 캐시 갱신 — 재파싱 2건 / 전체 1683건
[잔존마 필터] 삿포로 7경주: 전적 11두 → 배당 출전마 6두 (배당 없는 마번 제외: [7, 8, 9, 10, 11])
[각질편성] 삿포로 7경주: 선행0·선입0·추입0 → 🐌 느린 페이스
[복승불일치 축교정] 사세보 2경주: 축 [2, 7]로 교정(자금이탈 강등 [1]·🔴🔴)
[복승불일치 축교정] 삿포로 7경주: 축 [2, 5]로 교정(자금이탈 강등 [6]·🔴🔴)
[복승불일치 축교정] 기후 2경주: 축 [3, 4]로 교정(자금이탈 강등 [6]·🔴🔴)
[복승불일치 축교정] 사세보 3경주: 축 [1, 5]로 교정(자금이탈 강등 [7]·🔴🔴)
[복승불일치 축교정] 오다와라 3경주: 축 [3, 9]로 교정(자금이탈 강등 [1]·🔴)
[복승불일치 축교정] 기후 3경주: 축 [5, 7]로 교정(자금이탈 강등 [4]·🔴🔴)
[복승불일치 축교정] 사세보 4경주: 축 [1, 4]로 교정(자금이탈 강등 [7]·🔴🔴)
[placeholder 필터] 오다와라 4경주 쌍승 껍데기 배당 4조합 제외(값: [859.9])
[복승불일치 축교정] 기후 4경주: 축 [1, 4]로 교정(자금이탈 강등 [2]·🔴🔴)
[각질편성] 오다와라 5경주: 선행3·선입0·추입6 → ⚡ 빠른 페이스
[경륜전개] 오다와라 5경주: 슬로우(단독 선행) · 라인 3개 · 페어 [[2, 5], [1, 8], [3, 7]]
[각질편성] 기후 5경주: 선행2·선입0·추입5 → 보통 페이스
[경륜전개] 기후 5경주: 보통 · 라인 2개 · 페어 [[1, 5], [3, 7]]
[각질편성] 사세보 6경주: 선행3·선입0·추입3 → ⚡ 빠른 페이스
[경륜전개] 사세보 6경주: 보통 · 라인 3개 · 페어 [[4, 2], [1, 5]]
[각질편성] 오다와라 6경주: 선행3·선입0·추입6 → ⚡ 빠른 페이스
[경륜전개] 오다와라 6경주: 보통 · 라인 3개 · 페어 [[1, 9], [5, 2], [8, 3]]
[각질편성] 기후 6경주: 선행1·선입0·추입5 → 🐌 느린 페이스
[경륜전개] 기후 6경주: 슬로우(단독 선행) · 라인 2개 · 페어 [[1, 2]]
[각질편성] 사세보 7경주: 선행2·선입0·추입5 → 보통 페이스
[경륜전개] 사세보 7경주: 보통 · 라인 2개 · 페어 [[5, 3], [6, 1]]
[각질편성] 오다와라 7경주: 선행3·선입0·추입6 → ⚡ 빠른 페이스
[경륜전개] 오다와라 7경주: 보통 · 라인 3개 · 페어 [[7, 2], [9, 1], [8, 3]]
[각질편성] 삿포로 8경주: 선행0·선입0·추입0 → 🐌 느린 페이스
[각질편성] 기후 7경주: 선행2·선입0·추입5 → 보통 페이스
[경륜전개] 기후 7경주: 슬로우(단독 선행) · 라인 2개 · 페어 [[3, 5], [4, 1]]
[복승불일치 축교정] 기후 7경주: 축 [3, 5]로 교정(자금이탈 강등 [1]·🔴🔴)
[잔존마 필터] 삿포로 7경주: 전적 11두 → 배당 출전마 6두 (배당 없는 마번 제외: [7, 8, 9, 10, 11])
[각질편성] 삿포로 7경주: 선행0·선입0·추입0 → 🐌 느린 페이스
[복승불일치 축교정] 삿포로 7경주: 축 [2, 5]로 교정(자금이탈 강등 [6]·🔴🔴)
[각질편성] 삿포로 8경주: 선행0·선입0·추입0 → 🐌 느린 페이스
[각질편성] 삿포로 8경주: 선행0·선입0·추입0 → 🐌 느린 페이스
[잔존마 필터] 삿포로 7경주: 전적 11두 → 배당 출전마 6두 (배당 없는 마번 제외: [7, 8, 9, 10, 11])
[각질편성] 삿포로 7경주: 선행0·선입0·추입0 → 🐌 느린 페이스
[복승불일치 축교정] 삿포로 7경주: 축 [2, 5]로 교정(자금이탈 강등 [6]·🔴🔴)
[한국 전적] 삿포로 8경주: 11두 저장(PDF, 전적 11두)
[각질편성] 삿포로 8경주: 선행0·선입0·추입0 → 🐌 느린 페이스
[한국이력 검역] 거부 — 파일=서울 8R / 본문 raceKey=삿포로 8경주 (경마장 불일치)
[다중경주] 하트비트 #41 · 스케줄 ymd=20260801 (-1초 전 갱신 · 트랙 12개)
[3종 수집] 기후 7경주: {'quinella': 21, 'exacta': 42, 'trio': 0, 'win': 0} (history 12)
[각질편성] 기후 7경주: 선행2·선입0·추입5 → 보통 페이스
[경륜전개] 기후 7경주: 슬로우(단독 선행) · 라인 2개 · 페어 [[3, 5], [4, 1]]
[복승불일치 축교정] 기후 7경주: 축 [3, 5]로 교정(자금이탈 강등 [1]·🔴🔴)
[T-2분 왕축 동결] 기후 7경주: [3, 5] → [3, 5] 유지(cur_mb=2)
[자동분석·배경] 기후 7경주: 마감 174초 전 재분석(rec_history 누적·cycle)
[카톡 변경알림·즉시] 기후 7경주 (남은 174s): 복승 추가: 1+5 / 복승 제외: 1+4
[각질편성] 삿포로 8경주: 선행0·선입0·추입0 → 🐌 느린 페이스
[잔존마 필터] 삿포로 7경주: 전적 11두 → 배당 출전마 6두 (배당 없는 마번 제외: [7, 8, 9, 10, 11])
[각질편성] 삿포로 7경주: 선행0·선입0·추입0 → 🐌 느린 페이스
[복승불일치 축교정] 삿포로 7경주: 축 [2, 5]로 교정(자금이탈 강등 [6]·🔴🔴)
[각질편성] 삿포로 8경주: 선행0·선입0·추입0 → 🐌 느린 페이스
[각질편성] 삿포로 8경주: 선행0·선입0·추입0 → 🐌 느린 페이스
[각질편성] 삿포로 8경주: 선행0·선입0·추입0 → 🐌 느린 페이스
[잔존마 필터] 삿포로 7경주: 전적 11두 → 배당 출전마 6두 (배당 없는 마번 제외: [7, 8, 9, 10, 11])
[각질편성] 삿포로 7경주: 선행0·선입0·추입0 → 🐌 느린 페이스
[복승불일치 축교정] 삿포로 7경주: 축 [2, 5]로 교정(자금이탈 강등 [6]·🔴🔴)
[각질편성] 삿포로 8경주: 선행0·선입0·추입0 → 🐌 느린 페이스
[한국 전적] 삿포로 8경주: 11두 저장(PDF, 전적 11두)
[각질편성] 삿포로 8경주: 선행0·선입0·추입0 → 🐌 느린 페이스
[한국이력 검역] 거부 — 파일=서울 8R / 본문 raceKey=삿포로 8경주 (경마장 불일치)
[잔존마 필터] 삿포로 7경주: 전적 11두 → 배당 출전마 6두 (배당 없는 마번 제외: [7, 8, 9, 10, 11])
[각질편성] 삿포로 7경주: 선행0·선입0·추입0 → 🐌 느린 페이스
[복승불일치 축교정] 삿포로 7경주: 축 [2, 5]로 교정(자금이탈 강등 [6]·🔴🔴)
[3종 수집] 삿포로 8경주: {'quinella': 55, 'exacta': 0, 'trio': 165, 'win': 0} (history 6)
[JRA수집] 1경주 수집 · 0경주 생략(확장 우선) · 0.31초 · 다음 60초 · 🔬관찰모드
[잔존마 필터] 삿포로 7경주: 전적 11두 → 배당 출전마 6두 (배당 없는 마번 제외: [7, 8, 9, 10, 11])
[각질편성] 삿포로 7경주: 선행0·선입0·추입0 → 🐌 느린 페이스
[복승불일치 축교정] 삿포로 7경주: 축 [2, 5]로 교정(자금이탈 강등 [6]·🔴🔴)
[3종 수집] 기후 7경주: {'quinella': 21, 'exacta': 42, 'trio': 0, 'win': 0} (history 12)
[각질편성] 기후 7경주: 선행2·선입0·추입5 → 보통 페이스
[경륜전개] 기후 7경주: 슬로우(단독 선행) · 라인 2개 · 페어 [[3, 5], [4, 1]]
[복승불일치 축교정] 기후 7경주: 축 [3, 5]로 교정(자금이탈 강등 [1]·🔴🔴)
[T-2분 왕축 동결] 기후 7경주: [3, 5] → [3, 5] 유지(cur_mb=2)
[자동분석·배경] 기후 7경주: 마감 141초 전 재분석(rec_history 누적·cycle)
[잔존마 필터] 삿포로 7경주: 전적 11두 → 배당 출전마 6두 (배당 없는 마번 제외: [7, 8, 9, 10, 11])
[각질편성] 삿포로 7경주: 선행0·선입0·추입0 → 🐌 느린 페이스
[잔존마 필터] 삿포로 7경주: 전적 11두 → 배당 출전마 6두 (배당 없는 마번 제외: [7, 8, 9, 10, 11])
[각질편성] 삿포로 7경주: 선행0·선입0·추입0 → 🐌 느린 페이스
[복승불일치 축교정] 삿포로 7경주: 축 [2, 5]로 교정(자금이탈 강등 [6]·🔴🔴)
[복승불일치 축교정] 아오모리 4경주: 축 [1, 4]로 교정(자금이탈 강등 [7]·🔴🔴)
[각질편성] 삿포로 8경주: 선행0·선입0·추입0 → 🐌 느린 페이스
[복승불일치 축교정] 삿포로 7경주: 축 [2, 5]로 교정(자금이탈 강등 [6]·🔴🔴)
[각질편성] 삿포로 8경주: 선행0·선입0·추입0 → 🐌 느린 페이스
[각질편성] 삿포로 8경주: 선행0·선입0·추입0 → 🐌 느린 페이스
[각질편성] 삿포로 8경주: 선행0·선입0·추입0 → 🐌 느린 페이스
[분석로그] 저장 실패: [WinError 32] 다른 프로세스가 파일을 사용 중이기 때문에 프로세스가 액세스 할 수 없습니다: 'C:\\Users\\Administrator\\Desktop\\경마분석서버\\data\\analysis_log\\2026_08_01_삿포로_8경주.json.tmp' -> 'C:\\Users\\Administrator\\Desktop\\경마분석서버\\data\\analysis_log\\2026_08_01_삿포로_8경주.json'
[복승불일치 축교정] 아오모리 5경주: 축 [1, 3]로 교정(자금이탈 강등 [6]·🔴)
[placeholder 필터] 호후 6경주 쌍승 껍데기 배당 3조합 제외(값: [300.2])
[복승불일치 축교정] 호후 6경주: 축 [1, 5]로 교정(자금이탈 강등 [7]·🔴)
[placeholder 필터] 아오모리 7경주 쌍승 껍데기 배당 3조합 제외(값: [1703.0])
[복승불일치 축교정] 호후 7경주: 축 [2, 5]로 교정(자금이탈 강등 [1]·🔴🔴)
[복승불일치 축교정] 사세보 2경주: 축 [2, 7]로 교정(자금이탈 강등 [1]·🔴🔴)
[복승불일치 축교정] 기후 2경주: 축 [3, 4]로 교정(자금이탈 강등 [6]·🔴🔴)
[복승불일치 축교정] 사세보 3경주: 축 [1, 5]로 교정(자금이탈 강등 [7]·🔴🔴)
[복승불일치 축교정] 오다와라 3경주: 축 [3, 9]로 교정(자금이탈 강등 [1]·🔴)
[복승불일치 축교정] 기후 3경주: 축 [5, 7]로 교정(자금이탈 강등 [4]·🔴🔴)
[결과기록] 캐시 갱신 — 재파싱 2건 / 전체 1683건
[복승불일치 축교정] 사세보 4경주: 축 [1, 4]로 교정(자금이탈 강등 [7]·🔴🔴)
[placeholder 필터] 오다와라 4경주 쌍승 껍데기 배당 4조합 제외(값: [859.9])
[복승불일치 축교정] 기후 4경주: 축 [1, 4]로 교정(자금이탈 강등 [2]·🔴🔴)
[각질편성] 오다와라 5경주: 선행3·선입0·추입6 → ⚡ 빠른 페이스
[경륜전개] 오다와라 5경주: 슬로우(단독 선행) · 라인 3개 · 페어 [[2, 5], [1, 8], [3, 7]]
[각질편성] 기후 5경주: 선행2·선입0·추입5 → 보통 페이스
[경륜전개] 기후 5경주: 보통 · 라인 2개 · 페어 [[1, 5], [3, 7]]
[각질편성] 사세보 6경주: 선행3·선입0·추입3 → ⚡ 빠른 페이스
[경륜전개] 사세보 6경주: 보통 · 라인 3개 · 페어 [[4, 2], [1, 5]]
[각질편성] 오다와라 6경주: 선행3·선입0·추입6 → ⚡ 빠른 페이스
[경륜전개] 오다와라 6경주: 보통 · 라인 3개 · 페어 [[1, 9], [5, 2], [8, 3]]
[각질편성] 기후 6경주: 선행1·선입0·추입5 → 🐌 느린 페이스
[경륜전개] 기후 6경주: 슬로우(단독 선행) · 라인 2개 · 페어 [[1, 2]]
[각질편성] 사세보 7경주: 선행2·선입0·추입5 → 보통 페이스
[경륜전개] 사세보 7경주: 보통 · 라인 2개 · 페어 [[5, 3], [6, 1]]
[각질편성] 오다와라 7경주: 선행3·선입0·추입6 → ⚡ 빠른 페이스
[경륜전개] 오다와라 7경주: 보통 · 라인 3개 · 페어 [[7, 2], [9, 1], [8, 3]]
[잔존마 필터] 삿포로 7경주: 전적 11두 → 배당 출전마 6두 (배당 없는 마번 제외: [7, 8, 9, 10, 11])
[각질편성] 삿포로 7경주: 선행0·선입0·추입0 → 🐌 느린 페이스
[복승불일치 축교정] 삿포로 7경주: 축 [2, 5]로 교정(자금이탈 강등 [6]·🔴🔴)
[각질편성] 기후 7경주: 선행2·선입0·추입5 → 보통 페이스
[경륜전개] 기후 7경주: 슬로우(단독 선행) · 라인 2개 · 페어 [[3, 5], [4, 1]]
[복승불일치 축교정] 기후 7경주: 축 [3, 5]로 교정(자금이탈 강등 [1]·🔴🔴)
[T-2분 왕축 동결] 기후 7경주: [3, 5] → [3, 5] 유지(cur_mb=2)
[잔존마 필터] 삿포로 7경주: 전적 11두 → 배당 출전마 6두 (배당 없는 마번 제외: [7, 8, 9, 10, 11])
[각질편성] 삿포로 7경주: 선행0·선입0·추입0 → 🐌 느린 페이스
[복승불일치 축교정] 삿포로 7경주: 축 [2, 5]로 교정(자금이탈 강등 [6]·🔴🔴)
[각질편성] 삿포로 8경주: 선행0·선입0·추입0 → 🐌 느린 페이스
[3종 수집] 기후 7경주: {'quinella': 21, 'exacta': 42, 'trio': 0, 'win': 0} (history 12)
[각질편성] 기후 7경주: 선행2·선입0·추입5 → 보통 페이스
[경륜전개] 기후 7경주: 슬로우(단독 선행) · 라인 2개 · 페어 [[3, 5], [4, 1]]
[복승불일치 축교정] 기후 7경주: 축 [3, 5]로 교정(자금이탈 강등 [1]·🔴🔴)
[T-2분 왕축 동결] 기후 7경주: [3, 5] → [3, 5] 유지(cur_mb=1)
[자동분석·배경] 기후 7경주: 마감 109초 전 재분석(rec_history 누적·cycle)
[3종 수집] 삿포로 8경주: {'quinella': 55, 'exacta': 0, 'trio': 165, 'win': 0} (history 7)
[JRA수집] 1경주 수집 · 0경주 생략(확장 우선) · 0.33초 · 다음 60초 · 🔬관찰모드
[잔존마 필터] 삿포로 7경주: 전적 11두 → 배당 출전마 6두 (배당 없는 마번 제외: [7, 8, 9, 10, 11])
[각질편성] 삿포로 7경주: 선행0·선입0·추입0 → 🐌 느린 페이스
[복승불일치 축교정] 삿포로 7경주: 축 [2, 5]로 교정(자금이탈 강등 [6]·🔴🔴)
[3종 수집] 기후 7경주: {'quinella': 21, 'exacta': 42, 'trio': 0, 'win': 0} (history 12)
[각질편성] 기후 7경주: 선행2·선입0·추입5 → 보통 페이스
[경륜전개] 기후 7경주: 슬로우(단독 선행) · 라인 2개 · 페어 [[3, 5], [4, 1]]
[복승불일치 축교정] 기후 7경주: 축 [3, 5]로 교정(자금이탈 강등 [1]·🔴🔴)
[T-2분 왕축 동결] 기후 7경주: [3, 5] → [3, 5] 유지(cur_mb=1)
[자동분석·배경] 기후 7경주: 마감 77초 전 재분석(rec_history 누적·cycle)
[각질편성] 삿포로 8경주: 선행0·선입0·추입0 → 🐌 느린 페이스
[잔존마 필터] 삿포로 7경주: 전적 11두 → 배당 출전마 6두 (배당 없는 마번 제외: [7, 8, 9, 10, 11])
[잔존마 필터] 삿포로 7경주: 전적 11두 → 배당 출전마 6두 (배당 없는 마번 제외: [7, 8, 9, 10, 11])
[각질편성] 삿포로 7경주: 선행0·선입0·추입0 → 🐌 느린 페이스
[각질편성] 삿포로 7경주: 선행0·선입0·추입0 → 🐌 느린 페이스
[복승불일치 축교정] 아오모리 4경주: 축 [1, 4]로 교정(자금이탈 강등 [7]·🔴🔴)
[각질편성] 삿포로 8경주: 선행0·선입0·추입0 → 🐌 느린 페이스
[복승불일치 축교정] 삿포로 7경주: 축 [2, 5]로 교정(자금이탈 강등 [6]·🔴🔴)
[각질편성] 삿포로 8경주: 선행0·선입0·추입0 → 🐌 느린 페이스
[복승불일치 축교정] 삿포로 7경주: 축 [2, 5]로 교정(자금이탈 강등 [6]·🔴🔴)
[각질편성] 삿포로 8경주: 선행0·선입0·추입0 → 🐌 느린 페이스
[각질편성] 삿포로 8경주: 선행0·선입0·추입0 → 🐌 느린 페이스
[각질편성] 삿포로 8경주: 선행0·선입0·추입0 → 🐌 느린 페이스
[한국 전적] 삿포로 8경주: 11두 저장(PDF, 전적 11두)
[각질편성] 삿포로 8경주: 선행0·선입0·추입0 → 🐌 느린 페이스
[복승불일치 축교정] 아오모리 5경주: 축 [1, 3]로 교정(자금이탈 강등 [6]·🔴)
[분석로그] 저장 실패: [WinError 32] 다른 프로세스가 파일을 사용 중이기 때문에 프로세스가 액세스 할 수 없습니다: 'C:\\Users\\Administrator\\Desktop\\경마분석서버\\data\\analysis_log\\2026_08_01_삿포로_8경주.json.tmp' -> 'C:\\Users\\Administrator\\Desktop\\경마분석서버\\data\\analysis_log\\2026_08_01_삿포로_8경주.json'
[분석로그] 저장 실패: [WinError 32] 다른 프로세스가 파일을 사용 중이기 때문에 프로세스가 액세스 할 수 없습니다: 'C:\\Users\\Administrator\\Desktop\\경마분석서버\\data\\analysis_log\\2026_08_01_삿포로_8경주.json.tmp' -> 'C:\\Users\\Administrator\\Desktop\\경마분석서버\\data\\analysis_log\\2026_08_01_삿포로_8경주.json'
[분석로그] 저장 실패: [WinError 32] 다른 프로세스가 파일을 사용 중이기 때문에 프로세스가 액세스 할 수 없습니다: 'C:\\Users\\Administrator\\Desktop\\경마분석서버\\data\\analysis_log\\2026_08_01_삿포로_8경주.json.tmp' -> 'C:\\Users\\Administrator\\Desktop\\경마분석서버\\data\\analysis_log\\2026_08_01_삿포로_8경주.json'
[placeholder 필터] 호후 6경주 쌍승 껍데기 배당 3조합 제외(값: [300.2])
[복승불일치 축교정] 호후 6경주: 축 [1, 5]로 교정(자금이탈 강등 [7]·🔴)
[placeholder 필터] 아오모리 7경주 쌍승 껍데기 배당 3조합 제외(값: [1703.0])
[복승불일치 축교정] 호후 7경주: 축 [2, 5]로 교정(자금이탈 강등 [1]·🔴🔴)
[한국이력 검역] 거부 — 파일=서울 8R / 본문 raceKey=삿포로 8경주 (경마장 불일치)
[결과기록] 캐시 갱신 — 재파싱 2건 / 전체 1683건
[복승불일치 축교정] 사세보 2경주: 축 [2, 7]로 교정(자금이탈 강등 [1]·🔴🔴)
[복승불일치 축교정] 기후 2경주: 축 [3, 4]로 교정(자금이탈 강등 [6]·🔴🔴)
[복승불일치 축교정] 사세보 3경주: 축 [1, 5]로 교정(자금이탈 강등 [7]·🔴🔴)
[복승불일치 축교정] 오다와라 3경주: 축 [3, 9]로 교정(자금이탈 강등 [1]·🔴)
[복승불일치 축교정] 기후 3경주: 축 [5, 7]로 교정(자금이탈 강등 [4]·🔴🔴)
[복승불일치 축교정] 사세보 4경주: 축 [1, 4]로 교정(자금이탈 강등 [7]·🔴🔴)
[placeholder 필터] 오다와라 4경주 쌍승 껍데기 배당 4조합 제외(값: [859.9])
[복승불일치 축교정] 기후 4경주: 축 [1, 4]로 교정(자금이탈 강등 [2]·🔴🔴)
[각질편성] 오다와라 5경주: 선행3·선입0·추입6 → ⚡ 빠른 페이스
[경륜전개] 오다와라 5경주: 슬로우(단독 선행) · 라인 3개 · 페어 [[2, 5], [1, 8], [3, 7]]
[각질편성] 기후 5경주: 선행2·선입0·추입5 → 보통 페이스
[경륜전개] 기후 5경주: 보통 · 라인 2개 · 페어 [[1, 5], [3, 7]]
[각질편성] 사세보 6경주: 선행3·선입0·추입3 → ⚡ 빠른 페이스
[경륜전개] 사세보 6경주: 보통 · 라인 3개 · 페어 [[4, 2], [1, 5]]
[각질편성] 오다와라 6경주: 선행3·선입0·추입6 → ⚡ 빠른 페이스
[경륜전개] 오다와라 6경주: 보통 · 라인 3개 · 페어 [[1, 9], [5, 2], [8, 3]]
[각질편성] 기후 6경주: 선행1·선입0·추입5 → 🐌 느린 페이스
[경륜전개] 기후 6경주: 슬로우(단독 선행) · 라인 2개 · 페어 [[1, 2]]
[잔존마 필터] 삿포로 7경주: 전적 11두 → 배당 출전마 6두 (배당 없는 마번 제외: [7, 8, 9, 10, 11])
[각질편성] 삿포로 7경주: 선행0·선입0·추입0 → 🐌 느린 페이스
[복승불일치 축교정] 삿포로 7경주: 축 [2, 5]로 교정(자금이탈 강등 [6]·🔴🔴)
[각질편성] 사세보 7경주: 선행2·선입0·추입5 → 보통 페이스
[경륜전개] 사세보 7경주: 보통 · 라인 2개 · 페어 [[5, 3], [6, 1]]
[각질편성] 오다와라 7경주: 선행3·선입0·추입6 → ⚡ 빠른 페이스
[경륜전개] 오다와라 7경주: 보통 · 라인 3개 · 페어 [[7, 2], [9, 1], [8, 3]]
[각질편성] 기후 7경주: 선행2·선입0·추입5 → 보통 페이스
[경륜전개] 기후 7경주: 슬로우(단독 선행) · 라인 2개 · 페어 [[3, 5], [4, 1]]
[복승불일치 축교정] 기후 7경주: 축 [3, 5]로 교정(자금이탈 강등 [1]·🔴🔴)
[T-2분 왕축 동결] 기후 7경주: [3, 5] → [3, 5] 유지(cur_mb=1)
[각질편성] 삿포로 8경주: 선행0·선입0·추입0 → 🐌 느린 페이스
[잔존마 필터] 삿포로 7경주: 전적 11두 → 배당 출전마 6두 (배당 없는 마번 제외: [7, 8, 9, 10, 11])
[각질편성] 삿포로 7경주: 선행0·선입0·추입0 → 🐌 느린 페이스
[복승불일치 축교정] 삿포로 7경주: 축 [2, 5]로 교정(자금이탈 강등 [6]·🔴🔴)
[각질편성] 삿포로 8경주: 선행0·선입0·추입0 → 🐌 느린 페이스
[각질편성] 삿포로 8경주: 선행0·선입0·추입0 → 🐌 느린 페이스
[3종 수집] 기후 7경주: {'quinella': 21, 'exacta': 42, 'trio': 0, 'win': 0} (history 12)
[각질편성] 기후 7경주: 선행2·선입0·추입5 → 보통 페이스
[경륜전개] 기후 7경주: 슬로우(단독 선행) · 라인 2개 · 페어 [[3, 5], [4, 1]]
[복승불일치 축교정] 기후 7경주: 축 [3, 5]로 교정(자금이탈 강등 [1]·🔴🔴)
[자동분석·배경] 기후 7경주: 마감 45초 전 재분석(rec_history 누적·cycle)
[각질편성] 삿포로 8경주: 선행0·선입0·추입0 → 🐌 느린 페이스
[각질편성] 삿포로 8경주: 선행0·선입0·추입0 → 🐌 느린 페이스
[분석로그] 저장 실패: [WinError 32] 다른 프로세스가 파일을 사용 중이기 때문에 프로세스가 액세스 할 수 없습니다: 'C:\\Users\\Administrator\\Desktop\\경마분석서버\\data\\analysis_log\\2026_08_01_삿포로_8경주.json.tmp' -> 'C:\\Users\\Administrator\\Desktop\\경마분석서버\\data\\analysis_log\\2026_08_01_삿포로_8경주.json'
[3종 수집] 삿포로 8경주: {'quinella': 55, 'exacta': 0, 'trio': 165, 'win': 0} (history 8)
[JRA수집] 1경주 수집 · 0경주 생략(확장 우선) · 0.38초 · 다음 60초 · 🔬관찰모드
[각질편성] 삿포로 8경주: 선행0·선입0·추입0 → 🐌 느린 페이스
[잔존마 필터] 삿포로 7경주: 전적 11두 → 배당 출전마 6두 (배당 없는 마번 제외: [7, 8, 9, 10, 11])
[각질편성] 삿포로 7경주: 선행0·선입0·추입0 → 🐌 느린 페이스
[복승불일치 축교정] 삿포로 7경주: 축 [2, 5]로 교정(자금이탈 강등 [6]·🔴🔴)
[각질편성] 삿포로 8경주: 선행0·선입0·추입0 → 🐌 느린 페이스
[잔존마 필터] 삿포로 7경주: 전적 11두 → 배당 출전마 6두 (배당 없는 마번 제외: [7, 8, 9, 10, 11])
[각질편성] 삿포로 7경주: 선행0·선입0·추입0 → 🐌 느린 페이스
[각질편성] 삿포로 8경주: 선행0·선입0·추입0 → 🐌 느린 페이스
[복승불일치 축교정] 삿포로 7경주: 축 [2, 5]로 교정(자금이탈 강등 [6]·🔴🔴)
[잔존마 필터] 삿포로 7경주: 전적 11두 → 배당 출전마 6두 (배당 없는 마번 제외: [7, 8, 9, 10, 11])
[각질편성] 삿포로 7경주: 선행0·선입0·추입0 → 🐌 느린 페이스
[각질편성] 삿포로 8경주: 선행0·선입0·추입0 → 🐌 느린 페이스
[복승불일치 축교정] 아오모리 4경주: 축 [1, 4]로 교정(자금이탈 강등 [7]·🔴🔴)
[각질편성] 삿포로 8경주: 선행0·선입0·추입0 → 🐌 느린 페이스
[복승불일치 축교정] 삿포로 7경주: 축 [2, 5]로 교정(자금이탈 강등 [6]·🔴🔴)
[각질편성] 삿포로 8경주: 선행0·선입0·추입0 → 🐌 느린 페이스
[각질편성] 삿포로 8경주: 선행0·선입0·추입0 → 🐌 느린 페이스
[각질편성] 삿포로 8경주: 선행0·선입0·추입0 → 🐌 느린 페이스
[한국 전적] 삿포로 8경주: 11두 저장(PDF, 전적 11두)
[각질편성] 삿포로 8경주: 선행0·선입0·추입0 → 🐌 느린 페이스
[3종 수집] 기후 7경주: {'quinella': 21, 'exacta': 42, 'trio': 0, 'win': 0} (history 12)
[복승불일치 축교정] 아오모리 5경주: 축 [1, 3]로 교정(자금이탈 강등 [6]·🔴)
[placeholder 필터] 호후 6경주 쌍승 껍데기 배당 3조합 제외(값: [300.2])
[복승불일치 축교정] 호후 6경주: 축 [1, 5]로 교정(자금이탈 강등 [7]·🔴)
[결과기록] 캐시 갱신 — 재파싱 2건 / 전체 1683건
[placeholder 필터] 아오모리 7경주 쌍승 껍데기 배당 3조합 제외(값: [1703.0])
[한국이력 검역] 거부 — 파일=서울 8R / 본문 raceKey=삿포로 8경주 (경마장 불일치)
[복승불일치 축교정] 호후 7경주: 축 [2, 5]로 교정(자금이탈 강등 [1]·🔴🔴)
[복승불일치 축교정] 사세보 2경주: 축 [2, 7]로 교정(자금이탈 강등 [1]·🔴🔴)
[복승불일치 축교정] 기후 2경주: 축 [3, 4]로 교정(자금이탈 강등 [6]·🔴🔴)
[복승불일치 축교정] 사세보 3경주: 축 [1, 5]로 교정(자금이탈 강등 [7]·🔴🔴)
[복승불일치 축교정] 오다와라 3경주: 축 [3, 9]로 교정(자금이탈 강등 [1]·🔴)
[복승불일치 축교정] 기후 3경주: 축 [5, 7]로 교정(자금이탈 강등 [4]·🔴🔴)
[복승불일치 축교정] 사세보 4경주: 축 [1, 4]로 교정(자금이탈 강등 [7]·🔴🔴)
[placeholder 필터] 오다와라 4경주 쌍승 껍데기 배당 4조합 제외(값: [859.9])
[복승불일치 축교정] 기후 4경주: 축 [1, 4]로 교정(자금이탈 강등 [2]·🔴🔴)
[각질편성] 오다와라 5경주: 선행3·선입0·추입6 → ⚡ 빠른 페이스
[경륜전개] 오다와라 5경주: 슬로우(단독 선행) · 라인 3개 · 페어 [[2, 5], [1, 8], [3, 7]]
[각질편성] 기후 5경주: 선행2·선입0·추입5 → 보통 페이스
[경륜전개] 기후 5경주: 보통 · 라인 2개 · 페어 [[1, 5], [3, 7]]
[각질편성] 사세보 6경주: 선행3·선입0·추입3 → ⚡ 빠른 페이스
[경륜전개] 사세보 6경주: 보통 · 라인 3개 · 페어 [[4, 2], [1, 5]]
[각질편성] 오다와라 6경주: 선행3·선입0·추입6 → ⚡ 빠른 페이스
[경륜전개] 오다와라 6경주: 보통 · 라인 3개 · 페어 [[1, 9], [5, 2], [8, 3]]
[각질편성] 삿포로 8경주: 선행0·선입0·추입0 → 🐌 느린 페이스
[각질편성] 기후 6경주: 선행1·선입0·추입5 → 🐌 느린 페이스
[경륜전개] 기후 6경주: 슬로우(단독 선행) · 라인 2개 · 페어 [[1, 2]]
[각질편성] 사세보 7경주: 선행2·선입0·추입5 → 보통 페이스
[경륜전개] 사세보 7경주: 보통 · 라인 2개 · 페어 [[5, 3], [6, 1]]
[각질편성] 오다와라 7경주: 선행3·선입0·추입6 → ⚡ 빠른 페이스
[경륜전개] 오다와라 7경주: 보통 · 라인 3개 · 페어 [[7, 2], [9, 1], [8, 3]]
[각질편성] 기후 7경주: 선행2·선입0·추입5 → 보통 페이스
[경륜전개] 기후 7경주: 슬로우(단독 선행) · 라인 2개 · 페어 [[3, 5], [4, 1]]
[복승불일치 축교정] 기후 7경주: 축 [3, 5]로 교정(자금이탈 강등 [1]·🔴🔴)
[잔존마 필터] 삿포로 7경주: 전적 11두 → 배당 출전마 6두 (배당 없는 마번 제외: [7, 8, 9, 10, 11])
[각질편성] 삿포로 7경주: 선행0·선입0·추입0 → 🐌 느린 페이스
[복승불일치 축교정] 삿포로 7경주: 축 [2, 5]로 교정(자금이탈 강등 [6]·🔴🔴)
[잔존마 필터] 삿포로 7경주: 전적 11두 → 배당 출전마 6두 (배당 없는 마번 제외: [7, 8, 9, 10, 11])
[각질편성] 삿포로 7경주: 선행0·선입0·추입0 → 🐌 느린 페이스
[복승불일치 축교정] 삿포로 7경주: 축 [2, 5]로 교정(자금이탈 강등 [6]·🔴🔴)
[각질편성] 삿포로 8경주: 선행0·선입0·추입0 → 🐌 느린 페이스
[각질편성] 삿포로 8경주: 선행0·선입0·추입0 → 🐌 느린 페이스
[각질편성] 삿포로 8경주: 선행0·선입0·추입0 → 🐌 느린 페이스
[각질편성] 삿포로 8경주: 선행0·선입0·추입0 → 🐌 느린 페이스
[분석로그] 저장 실패: [WinError 32] 다른 프로세스가 파일을 사용 중이기 때문에 프로세스가 액세스 할 수 없습니다: 'C:\\Users\\Administrator\\Desktop\\경마분석서버\\data\\analysis_log\\2026_08_01_삿포로_8경주.json.tmp' -> 'C:\\Users\\Administrator\\Desktop\\경마분석서버\\data\\analysis_log\\2026_08_01_삿포로_8경주.json'
[3종 수집] 기후 7경주: {'quinella': 21, 'exacta': 42, 'trio': 0, 'win': 0} (history 12)
[경륜 전적·자동] 사세보 8경주: 7두 수집(競走得点·절대등급 A/B/C/D·라인[4, 1, 6, 5, 2, 7, 3]) → 통합등급 자동 반영
[3종 수집] 사세보 8경주: {'quinella': 21, 'exacta': 42, 'trio': 0, 'win': 0} (history 1)
[3종 수집] 삿포로 8경주: {'quinella': 55, 'exacta': 0, 'trio': 165, 'win': 0} (history 9)
[JRA수집] 1경주 수집 · 0경주 생략(확장 우선) · 0.26초 · 다음 60초 · 🔬관찰모드
🔮 [예측] 사세보 8경주: top3=[4, 1, 5] conf=4 · 라인 구도를 보면 4번과 7번이라는 두 명의 선행형이 있지만, 4번 선수
[각질편성] 사세보 8경주: 선행2·선입0·추입5 → 보통 페이스
[경륜전개] 사세보 8경주: 보통 · 라인 2개 · 페어 [[4, 1], [7, 3]]
[복승불일치 축교정] 사세보 8경주: 축 [1, 4]로 교정(자금이탈 강등 [7]·🔴🔴)
[경륜 B라인v2] 에러(무시·보류 항목): name 'key_horses' is not defined
[자동분석·배경] 사세보 8경주: 마감 578초 전 재분석(rec_history 누적·cycle)
[각질편성] 사세보 8경주: 선행2·선입0·추입5 → 보통 페이스
[경륜전개] 사세보 8경주: 보통 · 라인 2개 · 페어 [[4, 1], [7, 3]]
[복승불일치 축교정] 사세보 8경주: 축 [1, 4]로 교정(자금이탈 강등 [7]·🔴🔴)
[각질편성] 삿포로 8경주: 선행0·선입0·추입0 → 🐌 느린 페이스
[잔존마 필터] 삿포로 7경주: 전적 11두 → 배당 출전마 6두 (배당 없는 마번 제외: [7, 8, 9, 10, 11])
[각질편성] 삿포로 7경주: 선행0·선입0·추입0 → 🐌 느린 페이스
[복승불일치 축교정] 삿포로 7경주: 축 [2, 5]로 교정(자금이탈 강등 [6]·🔴🔴)
[각질편성] 삿포로 8경주: 선행0·선입0·추입0 → 🐌 느린 페이스
[잔존마 필터] 삿포로 7경주: 전적 11두 → 배당 출전마 6두 (배당 없는 마번 제외: [7, 8, 9, 10, 11])
[각질편성] 삿포로 7경주: 선행0·선입0·추입0 → 🐌 느린 페이스
[각질편성] 삿포로 8경주: 선행0·선입0·추입0 → 🐌 느린 페이스
[복승불일치 축교정] 삿포로 7경주: 축 [2, 5]로 교정(자금이탈 강등 [6]·🔴🔴)
[잔존마 필터] 삿포로 7경주: 전적 11두 → 배당 출전마 6두 (배당 없는 마번 제외: [7, 8, 9, 10, 11])
[각질편성] 삿포로 7경주: 선행0·선입0·추입0 → 🐌 느린 페이스
[복승불일치 축교정] 아오모리 4경주: 축 [1, 4]로 교정(자금이탈 강등 [7]·🔴🔴)
[각질편성] 삿포로 8경주: 선행0·선입0·추입0 → 🐌 느린 페이스
[복승불일치 축교정] 삿포로 7경주: 축 [2, 5]로 교정(자금이탈 강등 [6]·🔴🔴)
[각질편성] 삿포로 8경주: 선행0·선입0·추입0 → 🐌 느린 페이스
[각질편성] 삿포로 8경주: 선행0·선입0·추입0 → 🐌 느린 페이스
[한국 전적] 삿포로 8경주: 11두 저장(PDF, 전적 11두)
[각질편성] 삿포로 8경주: 선행0·선입0·추입0 → 🐌 느린 페이스
[각질편성] 삿포로 8경주: 선행0·선입0·추입0 → 🐌 느린 페이스
[분석로그] 저장 실패: [WinError 5] 액세스가 거부되었습니다: 'C:\\Users\\Administrator\\Desktop\\경마분석서버\\data\\analysis_log\\2026_08_01_삿포로_8경주.json.tmp' -> 'C:\\Users\\Administrator\\Desktop\\경마분석서버\\data\\analysis_log\\2026_08_01_삿포로_8경주.json'
[분석로그] 저장 실패: [WinError 5] 액세스가 거부되었습니다: 'C:\\Users\\Administrator\\Desktop\\경마분석서버\\data\\analysis_log\\2026_08_01_삿포로_8경주.json.tmp' -> 'C:\\Users\\Administrator\\Desktop\\경마분석서버\\data\\analysis_log\\2026_08_01_삿포로_8경주.json'
[복승불일치 축교정] 아오모리 5경주: 축 [1, 3]로 교정(자금이탈 강등 [6]·🔴)
[placeholder 필터] 호후 6경주 쌍승 껍데기 배당 3조합 제외(값: [300.2])
[복승불일치 축교정] 호후 6경주: 축 [1, 5]로 교정(자금이탈 강등 [7]·🔴)
[placeholder 필터] 아오모리 7경주 쌍승 껍데기 배당 3조합 제외(값: [1703.0])
[복승불일치 축교정] 호후 7경주: 축 [2, 5]로 교정(자금이탈 강등 [1]·🔴🔴)
[한국이력 검역] 거부 — 파일=서울 8R / 본문 raceKey=삿포로 8경주 (경마장 불일치)
[결과기록] 캐시 갱신 — 재파싱 2건 / 전체 1684건
[복승불일치 축교정] 사세보 2경주: 축 [2, 7]로 교정(자금이탈 강등 [1]·🔴🔴)
[복승불일치 축교정] 기후 2경주: 축 [3, 4]로 교정(자금이탈 강등 [6]·🔴🔴)
[복승불일치 축교정] 사세보 3경주: 축 [1, 5]로 교정(자금이탈 강등 [7]·🔴🔴)
[복승불일치 축교정] 오다와라 3경주: 축 [3, 9]로 교정(자금이탈 강등 [1]·🔴)
[복승불일치 축교정] 기후 3경주: 축 [5, 7]로 교정(자금이탈 강등 [4]·🔴🔴)
[복승불일치 축교정] 사세보 4경주: 축 [1, 4]로 교정(자금이탈 강등 [7]·🔴🔴)
[placeholder 필터] 오다와라 4경주 쌍승 껍데기 배당 4조합 제외(값: [859.9])
[복승불일치 축교정] 기후 4경주: 축 [1, 4]로 교정(자금이탈 강등 [2]·🔴🔴)
[각질편성] 오다와라 5경주: 선행3·선입0·추입6 → ⚡ 빠른 페이스
[경륜전개] 오다와라 5경주: 슬로우(단독 선행) · 라인 3개 · 페어 [[2, 5], [1, 8], [3, 7]]
[각질편성] 기후 5경주: 선행2·선입0·추입5 → 보통 페이스
[경륜전개] 기후 5경주: 보통 · 라인 2개 · 페어 [[1, 5], [3, 7]]
[각질편성] 사세보 6경주: 선행3·선입0·추입3 → ⚡ 빠른 페이스
[경륜전개] 사세보 6경주: 보통 · 라인 3개 · 페어 [[4, 2], [1, 5]]
[각질편성] 오다와라 6경주: 선행3·선입0·추입6 → ⚡ 빠른 페이스
[경륜전개] 오다와라 6경주: 보통 · 라인 3개 · 페어 [[1, 9], [5, 2], [8, 3]]
[각질편성] 기후 6경주: 선행1·선입0·추입5 → 🐌 느린 페이스
[경륜전개] 기후 6경주: 슬로우(단독 선행) · 라인 2개 · 페어 [[1, 2]]
[각질편성] 사세보 7경주: 선행2·선입0·추입5 → 보통 페이스
[경륜전개] 사세보 7경주: 보통 · 라인 2개 · 페어 [[5, 3], [6, 1]]
[각질편성] 삿포로 8경주: 선행0·선입0·추입0 → 🐌 느린 페이스
[각질편성] 삿포로 8경주: 선행0·선입0·추입0 → 🐌 느린 페이스
[각질편성] 오다와라 7경주: 선행3·선입0·추입6 → ⚡ 빠른 페이스
[경륜전개] 오다와라 7경주: 보통 · 라인 3개 · 페어 [[7, 2], [9, 1], [8, 3]]
[분석로그] 저장 실패: [WinError 32] 다른 프로세스가 파일을 사용 중이기 때문에 프로세스가 액세스 할 수 없습니다: 'C:\\Users\\Administrator\\Desktop\\경마분석서버\\data\\analysis_log\\2026_08_01_삿포로_8경주.json.tmp' -> 'C:\\Users\\Administrator\\Desktop\\경마분석서버\\data\\analysis_log\\2026_08_01_삿포로_8경주.json'
[각질편성] 기후 7경주: 선행2·선입0·추입5 → 보통 페이스
[경륜전개] 기후 7경주: 슬로우(단독 선행) · 라인 2개 · 페어 [[3, 5], [4, 1]]
[각질편성] 사세보 8경주: 선행2·선입0·추입5 → 보통 페이스
[경륜전개] 사세보 8경주: 보통 · 라인 2개 · 페어 [[4, 1], [7, 3]]
[복승불일치 축교정] 사세보 8경주: 축 [1, 4]로 교정(자금이탈 강등 [7]·🔴🔴)
[3종 수집] 기후 7경주: {'quinella': 21, 'exacta': 42, 'trio': 0, 'win': 0} (history 12)
[3종 수집] 사세보 8경주: {'quinella': 21, 'exacta': 42, 'trio': 0, 'win': 0} (history 2)
[잔존마 필터] 삿포로 7경주: 전적 11두 → 배당 출전마 6두 (배당 없는 마번 제외: [7, 8, 9, 10, 11])
[각질편성] 삿포로 7경주: 선행0·선입0·추입0 → 🐌 느린 페이스
[복승불일치 축교정] 삿포로 7경주: 축 [2, 5]로 교정(자금이탈 강등 [6]·🔴🔴)
[각질편성] 삿포로 8경주: 선행0·선입0·추입0 → 🐌 느린 페이스
[각질편성] 사세보 8경주: 선행2·선입0·추입5 → 보통 페이스
[경륜전개] 사세보 8경주: 보통 · 라인 2개 · 페어 [[4, 1], [7, 3]]
[복승불일치 축교정] 사세보 8경주: 축 [1, 4]로 교정(자금이탈 강등 [7]·🔴🔴)
[경륜 추천 모순 수정] 고배당 강제조합 1건 메인→복병 이동(25배 상한)
[B라인 그물망] 사세보 8경주: B라인[7, 3] 삼복승보험 [[3, 5, 7]] 추가
[자동분석·배경] 사세보 8경주: 마감 541초 전 재분석(rec_history 누적·cycle)
[각질편성] 기후 7경주: 선행2·선입0·추입5 → 보통 페이스
[경륜전개] 기후 7경주: 슬로우(단독 선행) · 라인 2개 · 페어 [[3, 5], [4, 1]]
[잔존마 필터] 삿포로 7경주: 전적 11두 → 배당 출전마 6두 (배당 없는 마번 제외: [7, 8, 9, 10, 11])
[각질편성] 삿포로 7경주: 선행0·선입0·추입0 → 🐌 느린 페이스
[복승불일치 축교정] 삿포로 7경주: 축 [2, 5]로 교정(자금이탈 강등 [6]·🔴🔴)
[카톡 변경알림] 기후 7경주 발송: 복승 추가: 1+3 / 복승 제외: 1+5
[각질편성] 삿포로 8경주: 선행0·선입0·추입0 → 🐌 느린 페이스
[각질편성] 삿포로 8경주: 선행0·선입0·추입0 → 🐌 느린 페이스
[3종 수집] 삿포로 8경주: {'quinella': 55, 'exacta': 0, 'trio': 165, 'win': 0} (history 10)
[JRA수집] 1경주 수집 · 0경주 생략(확장 우선) · 0.50초 · 다음 60초 · 🔬관찰모드
[각질편성] 삿포로 8경주: 선행0·선입0·추입0 → 🐌 느린 페이스
[KRA 자동수집] 서울 8경주 2000M 자동해제(연속 실패 20회: 데이터 없음(발매 전·비경주일 가능)) — 할당량 보호
[잔존마 필터] 삿포로 7경주: 전적 11두 → 배당 출전마 6두 (배당 없는 마번 제외: [7, 8, 9, 10, 11])
[각질편성] 삿포로 7경주: 선행0·선입0·추입0 → 🐌 느린 페이스
[복승불일치 축교정] 삿포로 7경주: 축 [2, 5]로 교정(자금이탈 강등 [6]·🔴🔴)
[3종 수집] 기후 7경주: {'quinella': 21, 'exacta': 42, 'trio': 0, 'win': 0} (history 12)
[3종 수집] 사세보 8경주: {'quinella': 21, 'exacta': 42, 'trio': 0, 'win': 0} (history 3)
[각질편성] 사세보 8경주: 선행2·선입0·추입5 → 보통 페이스
[경륜전개] 사세보 8경주: 보통 · 라인 2개 · 페어 [[4, 1], [7, 3]]
[복승불일치 축교정] 사세보 8경주: 축 [1, 4]로 교정(자금이탈 강등 [7]·🔴🔴)
[경륜 추천 모순 수정] 고배당 강제조합 1건 메인→복병 이동(25배 상한)
[B라인 그물망] 사세보 8경주: B라인[7, 3] 삼복승보험 [[3, 5, 7]] 추가
[자동분석·배경] 사세보 8경주: 마감 507초 전 재분석(rec_history 누적·cycle)
[각질편성] 삿포로 8경주: 선행0·선입0·추입0 → 🐌 느린 페이스
[각질편성] 삿포로 8경주: 선행0·선입0·추입0 → 🐌 느린 페이스
[잔존마 필터] 삿포로 7경주: 전적 11두 → 배당 출전마 6두 (배당 없는 마번 제외: [7, 8, 9, 10, 11])
[각질편성] 삿포로 7경주: 선행0·선입0·추입0 → 🐌 느린 페이스
[각질편성] 삿포로 8경주: 선행0·선입0·추입0 → 🐌 느린 페이스
[복승불일치 축교정] 삿포로 7경주: 축 [2, 5]로 교정(자금이탈 강등 [6]·🔴🔴)
[잔존마 필터] 삿포로 7경주: 전적 11두 → 배당 출전마 6두 (배당 없는 마번 제외: [7, 8, 9, 10, 11])
[각질편성] 삿포로 7경주: 선행0·선입0·추입0 → 🐌 느린 페이스
[각질편성] 삿포로 8경주: 선행0·선입0·추입0 → 🐌 느린 페이스
[복승불일치 축교정] 아오모리 4경주: 축 [1, 4]로 교정(자금이탈 강등 [7]·🔴🔴)
[각질편성] 삿포로 8경주: 선행0·선입0·추입0 → 🐌 느린 페이스
[복승불일치 축교정] 삿포로 7경주: 축 [2, 5]로 교정(자금이탈 강등 [6]·🔴🔴)
[각질편성] 삿포로 8경주: 선행0·선입0·추입0 → 🐌 느린 페이스
[한국 전적] 삿포로 8경주: 11두 저장(PDF, 전적 11두)
[각질편성] 삿포로 8경주: 선행0·선입0·추입0 → 🐌 느린 페이스
[분석로그] 저장 실패: [WinError 5] 액세스가 거부되었습니다: 'C:\\Users\\Administrator\\Desktop\\경마분석서버\\data\\analysis_log\\2026_08_01_삿포로_8경주.json.tmp' -> 'C:\\Users\\Administrator\\Desktop\\경마분석서버\\data\\analysis_log\\2026_08_01_삿포로_8경주.json'
[복승불일치 축교정] 아오모리 5경주: 축 [1, 3]로 교정(자금이탈 강등 [6]·🔴)
[분석로그] 저장 실패: [WinError 32] 다른 프로세스가 파일을 사용 중이기 때문에 프로세스가 액세스 할 수 없습니다: 'C:\\Users\\Administrator\\Desktop\\경마분석서버\\data\\analysis_log\\2026_08_01_삿포로_8경주.json.tmp' -> 'C:\\Users\\Administrator\\Desktop\\경마분석서버\\data\\analysis_log\\2026_08_01_삿포로_8경주.json'
[placeholder 필터] 호후 6경주 쌍승 껍데기 배당 3조합 제외(값: [300.2])
[복승불일치 축교정] 호후 6경주: 축 [1, 5]로 교정(자금이탈 강등 [7]·🔴)
[placeholder 필터] 아오모리 7경주 쌍승 껍데기 배당 3조합 제외(값: [1703.0])
[복승불일치 축교정] 호후 7경주: 축 [2, 5]로 교정(자금이탈 강등 [1]·🔴🔴)
[한국이력 검역] 거부 — 파일=서울 8R / 본문 raceKey=삿포로 8경주 (경마장 불일치)
[복승불일치 축교정] 사세보 2경주: 축 [2, 7]로 교정(자금이탈 강등 [1]·🔴🔴)
[결과기록] 캐시 갱신 — 재파싱 2건 / 전체 1684건
[복승불일치 축교정] 기후 2경주: 축 [3, 4]로 교정(자금이탈 강등 [6]·🔴🔴)
[복승불일치 축교정] 사세보 3경주: 축 [1, 5]로 교정(자금이탈 강등 [7]·🔴🔴)
[복승불일치 축교정] 오다와라 3경주: 축 [3, 9]로 교정(자금이탈 강등 [1]·🔴)
[복승불일치 축교정] 기후 3경주: 축 [5, 7]로 교정(자금이탈 강등 [4]·🔴🔴)
[복승불일치 축교정] 사세보 4경주: 축 [1, 4]로 교정(자금이탈 강등 [7]·🔴🔴)
[placeholder 필터] 오다와라 4경주 쌍승 껍데기 배당 4조합 제외(값: [859.9])
[복승불일치 축교정] 기후 4경주: 축 [1, 4]로 교정(자금이탈 강등 [2]·🔴🔴)
[각질편성] 오다와라 5경주: 선행3·선입0·추입6 → ⚡ 빠른 페이스
[경륜전개] 오다와라 5경주: 슬로우(단독 선행) · 라인 3개 · 페어 [[2, 5], [1, 8], [3, 7]]
[각질편성] 기후 5경주: 선행2·선입0·추입5 → 보통 페이스
[경륜전개] 기후 5경주: 보통 · 라인 2개 · 페어 [[1, 5], [3, 7]]
[각질편성] 사세보 6경주: 선행3·선입0·추입3 → ⚡ 빠른 페이스
[경륜전개] 사세보 6경주: 보통 · 라인 3개 · 페어 [[4, 2], [1, 5]]
[각질편성] 오다와라 6경주: 선행3·선입0·추입6 → ⚡ 빠른 페이스
[경륜전개] 오다와라 6경주: 보통 · 라인 3개 · 페어 [[1, 9], [5, 2], [8, 3]]
[각질편성] 기후 6경주: 선행1·선입0·추입5 → 🐌 느린 페이스
[경륜전개] 기후 6경주: 슬로우(단독 선행) · 라인 2개 · 페어 [[1, 2]]
[각질편성] 사세보 7경주: 선행2·선입0·추입5 → 보통 페이스
[경륜전개] 사세보 7경주: 보통 · 라인 2개 · 페어 [[5, 3], [6, 1]]
[각질편성] 오다와라 7경주: 선행3·선입0·추입6 → ⚡ 빠른 페이스
[경륜전개] 오다와라 7경주: 보통 · 라인 3개 · 페어 [[7, 2], [9, 1], [8, 3]]
[각질편성] 기후 7경주: 선행2·선입0·추입5 → 보통 페이스
[경륜전개] 기후 7경주: 슬로우(단독 선행) · 라인 2개 · 페어 [[3, 5], [4, 1]]
[각질편성] 삿포로 8경주: 선행0·선입0·추입0 → 🐌 느린 페이스
[각질편성] 사세보 8경주: 선행2·선입0·추입5 → 보통 페이스
[경륜전개] 사세보 8경주: 보통 · 라인 2개 · 페어 [[4, 1], [7, 3]]
[복승불일치 축교정] 사세보 8경주: 축 [1, 4]로 교정(자금이탈 강등 [7]·🔴🔴)
[경륜 추천 모순 수정] 고배당 강제조합 1건 메인→복병 이동(25배 상한)
[B라인 그물망] 사세보 8경주: B라인[7, 3] 삼복승보험 [[3, 5, 7]] 추가
[잔존마 필터] 삿포로 7경주: 전적 11두 → 배당 출전마 6두 (배당 없는 마번 제외: [7, 8, 9, 10, 11])
[각질편성] 삿포로 7경주: 선행0·선입0·추입0 → 🐌 느린 페이스
[복승불일치 축교정] 삿포로 7경주: 축 [2, 5]로 교정(자금이탈 강등 [6]·🔴🔴)
[각질편성] 삿포로 8경주: 선행0·선입0·추입0 → 🐌 느린 페이스
[잔존마 필터] 삿포로 7경주: 전적 11두 → 배당 출전마 6두 (배당 없는 마번 제외: [7, 8, 9, 10, 11])
[각질편성] 삿포로 7경주: 선행0·선입0·추입0 → 🐌 느린 페이스
[복승불일치 축교정] 삿포로 7경주: 축 [2, 5]로 교정(자금이탈 강등 [6]·🔴🔴)
[활성정리] 끝난 경주 1건 제거(히스토리 보존): 기후 6경주
[3종 수집] 사세보 8경주: {'quinella': 21, 'exacta': 42, 'trio': 0, 'win': 0} (history 4)
[각질편성] 사세보 8경주: 선행2·선입0·추입5 → 보통 페이스
[경륜전개] 사세보 8경주: 보통 · 라인 2개 · 페어 [[4, 1], [7, 3]]
[복승불일치 축교정] 사세보 8경주: 축 [1, 4]로 교정(자금이탈 강등 [7]·🔴🔴)
[경륜 추천 모순 수정] 고배당 강제조합 1건 메인→복병 이동(25배 상한)
[B라인 그물망] 사세보 8경주: B라인[7, 3] 삼복승보험 [[3, 5, 7]] 추가
[자동분석·배경] 사세보 8경주: 마감 474초 전 재분석(rec_history 누적·cycle)
[각질편성] 삿포로 8경주: 선행0·선입0·추입0 → 🐌 느린 페이스
[각질편성] 삿포로 8경주: 선행0·선입0·추입0 → 🐌 느린 페이스
[각질편성] 삿포로 8경주: 선행0·선입0·추입0 → 🐌 느린 페이스
[3종 수집] 삿포로 8경주: {'quinella': 55, 'exacta': 0, 'trio': 165, 'win': 0} (history 11)
[JRA수집] 1경주 수집 · 0경주 생략(확장 우선) · 0.27초 · 다음 60초 · 🔬관찰모드
[각질편성] 삿포로 8경주: 선행0·선입0·추입0 → 🐌 느린 페이스
[잔존마 필터] 삿포로 7경주: 전적 11두 → 배당 출전마 6두 (배당 없는 마번 제외: [7, 8, 9, 10, 11])
[각질편성] 삿포로 7경주: 선행0·선입0·추입0 → 🐌 느린 페이스
[복승불일치 축교정] 삿포로 7경주: 축 [2, 5]로 교정(자금이탈 강등 [6]·🔴🔴)
[다중경주] 하트비트 #51 · 스케줄 ymd=20260801 (-1초 전 갱신 · 트랙 12개)
[각질편성] 삿포로 8경주: 선행0·선입0·추입0 → 🐌 느린 페이스
[각질편성] 삿포로 8경주: 선행0·선입0·추입0 → 🐌 느린 페이스
[분석로그] 저장 실패: [WinError 32] 다른 프로세스가 파일을 사용 중이기 때문에 프로세스가 액세스 할 수 없습니다: 'C:\\Users\\Administrator\\Desktop\\경마분석서버\\data\\analysis_log\\2026_08_01_삿포로_8경주.json.tmp' -> 'C:\\Users\\Administrator\\Desktop\\경마분석서버\\data\\analysis_log\\2026_08_01_삿포로_8경주.json'
[3종 수집] 사세보 8경주: {'quinella': 21, 'exacta': 42, 'trio': 0, 'win': 0} (history 5)
[각질편성] 사세보 8경주: 선행2·선입0·추입5 → 보통 페이스
[경륜전개] 사세보 8경주: 보통 · 라인 2개 · 페어 [[4, 1], [7, 3]]
[복승불일치 축교정] 사세보 8경주: 축 [1, 4]로 교정(자금이탈 강등 [7]·🔴🔴)
[경륜 추천 모순 수정] 고배당 강제조합 1건 메인→복병 이동(25배 상한)
[B라인 그물망] 사세보 8경주: B라인[7, 3] 삼복승보험 [[3, 5, 7]] 추가
[자동분석·배경] 사세보 8경주: 마감 442초 전 재분석(rec_history 누적·cycle)
[각질편성] 기후 7경주: 선행2·선입0·추입5 → 보통 페이스
[경륜전개] 기후 7경주: 슬로우(단독 선행) · 라인 2개 · 페어 [[3, 5], [4, 1]]
[각질편성] 사세보 8경주: 선행2·선입0·추입5 → 보통 페이스
[경륜전개] 사세보 8경주: 보통 · 라인 2개 · 페어 [[4, 1], [7, 3]]
[복승불일치 축교정] 사세보 8경주: 축 [1, 4]로 교정(자금이탈 강등 [7]·🔴🔴)
[경륜 추천 모순 수정] 고배당 강제조합 1건 메인→복병 이동(25배 상한)
[B라인 그물망] 사세보 8경주: B라인[7, 3] 삼복승보험 [[3, 5, 7]] 추가
[카카오알림] 사세보 8경주 T-7 → 큐 적재
[잔존마 필터] 삿포로 7경주: 전적 11두 → 배당 출전마 6두 (배당 없는 마번 제외: [7, 8, 9, 10, 11])
[각질편성] 삿포로 7경주: 선행0·선입0·추입0 → 🐌 느린 페이스
[각질편성] 삿포로 8경주: 선행0·선입0·추입0 → 🐌 느린 페이스
[복승불일치 축교정] 삿포로 7경주: 축 [2, 5]로 교정(자금이탈 강등 [6]·🔴🔴)
[잔존마 필터] 삿포로 7경주: 전적 11두 → 배당 출전마 6두 (배당 없는 마번 제외: [7, 8, 9, 10, 11])
[각질편성] 삿포로 7경주: 선행0·선입0·추입0 → 🐌 느린 페이스
[각질편성] 삿포로 8경주: 선행0·선입0·추입0 → 🐌 느린 페이스
[복승불일치 축교정] 아오모리 4경주: 축 [1, 4]로 교정(자금이탈 강등 [7]·🔴🔴)
[각질편성] 삿포로 8경주: 선행0·선입0·추입0 → 🐌 느린 페이스
[복승불일치 축교정] 삿포로 7경주: 축 [2, 5]로 교정(자금이탈 강등 [6]·🔴🔴)
[각질편성] 삿포로 8경주: 선행0·선입0·추입0 → 🐌 느린 페이스
[각질편성] 삿포로 8경주: 선행0·선입0·추입0 → 🐌 느린 페이스
[한국 전적] 삿포로 8경주: 11두 저장(PDF, 전적 11두)
[각질편성] 삿포로 8경주: 선행0·선입0·추입0 → 🐌 느린 페이스
[분석로그] 저장 실패: [WinError 32] 다른 프로세스가 파일을 사용 중이기 때문에 프로세스가 액세스 할 수 없습니다: 'C:\\Users\\Administrator\\Desktop\\경마분석서버\\data\\analysis_log\\2026_08_01_삿포로_8경주.json.tmp' -> 'C:\\Users\\Administrator\\Desktop\\경마분석서버\\data\\analysis_log\\2026_08_01_삿포로_8경주.json'
[복승불일치 축교정] 아오모리 5경주: 축 [1, 3]로 교정(자금이탈 강등 [6]·🔴)
[placeholder 필터] 호후 6경주 쌍승 껍데기 배당 3조합 제외(값: [300.2])
[복승불일치 축교정] 호후 6경주: 축 [1, 5]로 교정(자금이탈 강등 [7]·🔴)
[placeholder 필터] 아오모리 7경주 쌍승 껍데기 배당 3조합 제외(값: [1703.0])
[복승불일치 축교정] 호후 7경주: 축 [2, 5]로 교정(자금이탈 강등 [1]·🔴🔴)
[한국이력 검역] 거부 — 파일=서울 8R / 본문 raceKey=삿포로 8경주 (경마장 불일치)
[결과기록] 캐시 갱신 — 재파싱 2건 / 전체 1684건
[복승불일치 축교정] 사세보 2경주: 축 [2, 7]로 교정(자금이탈 강등 [1]·🔴🔴)
[복승불일치 축교정] 기후 2경주: 축 [3, 4]로 교정(자금이탈 강등 [6]·🔴🔴)
[복승불일치 축교정] 사세보 3경주: 축 [1, 5]로 교정(자금이탈 강등 [7]·🔴🔴)
[복승불일치 축교정] 오다와라 3경주: 축 [3, 9]로 교정(자금이탈 강등 [1]·🔴)
[복승불일치 축교정] 기후 3경주: 축 [5, 7]로 교정(자금이탈 강등 [4]·🔴🔴)
[복승불일치 축교정] 사세보 4경주: 축 [1, 4]로 교정(자금이탈 강등 [7]·🔴🔴)
[placeholder 필터] 오다와라 4경주 쌍승 껍데기 배당 4조합 제외(값: [859.9])
[복승불일치 축교정] 기후 4경주: 축 [1, 4]로 교정(자금이탈 강등 [2]·🔴🔴)
[각질편성] 오다와라 5경주: 선행3·선입0·추입6 → ⚡ 빠른 페이스
[경륜전개] 오다와라 5경주: 슬로우(단독 선행) · 라인 3개 · 페어 [[2, 5], [1, 8], [3, 7]]
[각질편성] 기후 5경주: 선행2·선입0·추입5 → 보통 페이스
[경륜전개] 기후 5경주: 보통 · 라인 2개 · 페어 [[1, 5], [3, 7]]
[각질편성] 사세보 6경주: 선행3·선입0·추입3 → ⚡ 빠른 페이스
[경륜전개] 사세보 6경주: 보통 · 라인 3개 · 페어 [[4, 2], [1, 5]]
[각질편성] 오다와라 6경주: 선행3·선입0·추입6 → ⚡ 빠른 페이스
[경륜전개] 오다와라 6경주: 보통 · 라인 3개 · 페어 [[1, 9], [5, 2], [8, 3]]
[각질편성] 기후 6경주: 선행1·선입0·추입5 → 🐌 느린 페이스
[경륜전개] 기후 6경주: 슬로우(단독 선행) · 라인 2개 · 페어 [[1, 2]]
[각질편성] 삿포로 8경주: 선행0·선입0·추입0 → 🐌 느린 페이스
[각질편성] 사세보 7경주: 선행2·선입0·추입5 → 보통 페이스
[경륜전개] 사세보 7경주: 보통 · 라인 2개 · 페어 [[5, 3], [6, 1]]
[각질편성] 오다와라 7경주: 선행3·선입0·추입6 → ⚡ 빠른 페이스
[경륜전개] 오다와라 7경주: 보통 · 라인 3개 · 페어 [[7, 2], [9, 1], [8, 3]]
[각질편성] 기후 7경주: 선행2·선입0·추입5 → 보통 페이스
[경륜전개] 기후 7경주: 슬로우(단독 선행) · 라인 2개 · 페어 [[3, 5], [4, 1]]
[각질편성] 사세보 8경주: 선행2·선입0·추입5 → 보통 페이스
[경륜전개] 사세보 8경주: 보통 · 라인 2개 · 페어 [[4, 1], [7, 3]]
[복승불일치 축교정] 사세보 8경주: 축 [1, 4]로 교정(자금이탈 강등 [7]·🔴🔴)
[경륜 추천 모순 수정] 고배당 강제조합 1건 메인→복병 이동(25배 상한)
[B라인 그물망] 사세보 8경주: B라인[7, 3] 삼복승보험 [[3, 5, 7]] 추가
[잔존마 필터] 삿포로 7경주: 전적 11두 → 배당 출전마 6두 (배당 없는 마번 제외: [7, 8, 9, 10, 11])
[각질편성] 삿포로 7경주: 선행0·선입0·추입0 → 🐌 느린 페이스
[복승불일치 축교정] 삿포로 7경주: 축 [2, 5]로 교정(자금이탈 강등 [6]·🔴🔴)
[각질편성] 삿포로 8경주: 선행0·선입0·추입0 → 🐌 느린 페이스
[각질편성] 삿포로 8경주: 선행0·선입0·추입0 → 🐌 느린 페이스
[잔존마 필터] 삿포로 7경주: 전적 11두 → 배당 출전마 6두 (배당 없는 마번 제외: [7, 8, 9, 10, 11])
[각질편성] 삿포로 7경주: 선행0·선입0·추입0 → 🐌 느린 페이스
[복승불일치 축교정] 삿포로 7경주: 축 [2, 5]로 교정(자금이탈 강등 [6]·🔴🔴)
[한국 전적] 삿포로 8경주: 11두 저장(PDF, 전적 11두)
[각질편성] 삿포로 8경주: 선행0·선입0·추입0 → 🐌 느린 페이스
[한국이력 검역] 거부 — 파일=서울 8R / 본문 raceKey=삿포로 8경주 (경마장 불일치)
[잔존마 필터] 삿포로 7경주: 전적 11두 → 배당 출전마 6두 (배당 없는 마번 제외: [7, 8, 9, 10, 11])
[각질편성] 삿포로 7경주: 선행0·선입0·추입0 → 🐌 느린 페이스
[복승불일치 축교정] 삿포로 7경주: 축 [2, 5]로 교정(자금이탈 강등 [6]·🔴🔴)
[각질편성] 삿포로 8경주: 선행0·선입0·추입0 → 🐌 느린 페이스
[각질편성] 삿포로 8경주: 선행0·선입0·추입0 → 🐌 느린 페이스
[잔존마 필터] 삿포로 7경주: 전적 11두 → 배당 출전마 6두 (배당 없는 마번 제외: [7, 8, 9, 10, 11])
[각질편성] 삿포로 7경주: 선행0·선입0·추입0 → 🐌 느린 페이스
[복승불일치 축교정] 삿포로 7경주: 축 [2, 5]로 교정(자금이탈 강등 [6]·🔴🔴)
[각질편성] 삿포로 8경주: 선행0·선입0·추입0 → 🐌 느린 페이스
[각질편성] 기후 7경주: 선행2·선입0·추입5 → 보통 페이스
[경륜전개] 기후 7경주: 슬로우(단독 선행) · 라인 2개 · 페어 [[3, 5], [4, 1]]
[readonly 잠금] 기후 7경주: 마감 확정 파일 — corePicks/시계열 보존, result/hit만 업데이트 허용
[마감 동결] 기후 7경주: 확정본 복원(출처 closed_row · 기준 13:42:16)
[3종 수집] 사세보 8경주: {'quinella': 21, 'exacta': 42, 'trio': 0, 'win': 0} (history 6)
[각질편성] 사세보 8경주: 선행2·선입0·추입5 → 보통 페이스
[경륜전개] 사세보 8경주: 보통 · 라인 2개 · 페어 [[4, 1], [7, 3]]
[복승불일치 축교정] 사세보 8경주: 축 [1, 4]로 교정(자금이탈 강등 [7]·🔴🔴)
[경륜 추천 모순 수정] 고배당 강제조합 1건 메인→복병 이동(25배 상한)
[B라인 그물망] 사세보 8경주: B라인[7, 3] 삼복승보험 [[3, 5, 7]] 추가
[자동분석·배경] 사세보 8경주: 마감 409초 전 재분석(rec_history 누적·cycle)
[잔존마 필터] 삿포로 7경주: 전적 11두 → 배당 출전마 6두 (배당 없는 마번 제외: [7, 8, 9, 10, 11])
[각질편성] 삿포로 7경주: 선행0·선입0·추입0 → 🐌 느린 페이스
[복승불일치 축교정] 삿포로 7경주: 축 [2, 5]로 교정(자금이탈 강등 [6]·🔴🔴)
[각질편성] 삿포로 8경주: 선행0·선입0·추입0 → 🐌 느린 페이스
[한국 전적] 삿포로 8경주: 11두 저장(PDF, 전적 11두)
[각질편성] 삿포로 8경주: 선행0·선입0·추입0 → 🐌 느린 페이스
[종목 정정] 기후 7경주: 경륜 전용 지명 → sport=cycle (기존 sport=horse·cat=japan_central)
[혼입가드] 기후 7경주: 마감 후 기준재설정 요청 무시 — 히스토리 보존(시계열 삭제 차단)
[3종 수집] 기후 7경주: {'quinella': 36, 'exacta': 0, 'trio': 0, 'win': 0} (history 12)
[각질편성] 오다와라 7경주: 선행3·선입0·추입6 → ⚡ 빠른 페이스
[경륜전개] 오다와라 7경주: 보통 · 라인 3개 · 페어 [[7, 2], [9, 1], [8, 3]]
[한국이력 검역] 거부 — 파일=서울 8R / 본문 raceKey=삿포로 8경주 (경마장 불일치)
[각질편성] 삿포로 8경주: 선행0·선입0·추입0 → 🐌 느린 페이스
[3종 수집] 삿포로 8경주: {'quinella': 55, 'exacta': 0, 'trio': 165, 'win': 0} (history 12)
[JRA수집] 1경주 수집 · 0경주 생략(확장 우선) · 0.33초 · 다음 60초 · 🔬관찰모드
[잔존마 필터] 삿포로 7경주: 전적 11두 → 배당 출전마 6두 (배당 없는 마번 제외: [7, 8, 9, 10, 11])
[각질편성] 삿포로 7경주: 선행0·선입0·추입0 → 🐌 느린 페이스
[복승불일치 축교정] 삿포로 7경주: 축 [2, 5]로 교정(자금이탈 강등 [6]·🔴🔴)
[각질편성] 오다와라 7경주: 선행3·선입0·추입6 → ⚡ 빠른 페이스
[경륜전개] 오다와라 7경주: 보통 · 라인 3개 · 페어 [[7, 2], [9, 1], [8, 3]]
[종목 정정] 기후 7경주: 경륜 전용 지명 → sport=cycle (기존 sport=horse·cat=japan_central)
[3종 수집] 기후 7경주: {'quinella': 36, 'exacta': 0, 'trio': 0, 'win': 0} (history 12)
[각질편성] 오다와라 7경주: 선행3·선입0·추입6 → ⚡ 빠른 페이스
[경륜전개] 오다와라 7경주: 보통 · 라인 3개 · 페어 [[7, 2], [9, 1], [8, 3]]
[스냅샷] 저장: 2026_08_01_삿포로_8경주_T-2.png (375 KB · T-2)
[잔존마 필터] 삿포로 7경주: 전적 11두 → 배당 출전마 6두 (배당 없는 마번 제외: [7, 8, 9, 10, 11])
[각질편성] 삿포로 7경주: 선행0·선입0·추입0 → 🐌 느린 페이스
[복승불일치 축교정] 삿포로 7경주: 축 [2, 5]로 교정(자금이탈 강등 [6]·🔴🔴)
[각질편성] 오다와라 7경주: 선행3·선입0·추입6 → ⚡ 빠른 페이스
[경륜전개] 오다와라 7경주: 보통 · 라인 3개 · 페어 [[7, 2], [9, 1], [8, 3]]
[각질편성] 삿포로 8경주: 선행0·선입0·추입0 → 🐌 느린 페이스
[3종 수집] 사세보 8경주: {'quinella': 21, 'exacta': 42, 'trio': 0, 'win': 0} (history 7)
[각질편성] 사세보 8경주: 선행2·선입0·추입5 → 보통 페이스
[경륜전개] 사세보 8경주: 보통 · 라인 2개 · 페어 [[4, 1], [7, 3]]
[복승불일치 축교정] 사세보 8경주: 축 [1, 4]로 교정(자금이탈 강등 [7]·🔴🔴)
[경륜 추천 모순 수정] 고배당 강제조합 1건 메인→복병 이동(25배 상한)
[B라인 그물망] 사세보 8경주: B라인[7, 3] 삼복승보험 [[3, 5, 7]] 추가
[자동분석·배경] 사세보 8경주: 마감 377초 전 재분석(rec_history 누적·cycle)
[잔존마 필터] 삿포로 7경주: 전적 11두 → 배당 출전마 6두 (배당 없는 마번 제외: [7, 8, 9, 10, 11])
[잔존마 필터] 삿포로 7경주: 전적 11두 → 배당 출전마 6두 (배당 없는 마번 제외: [7, 8, 9, 10, 11])
[각질편성] 삿포로 7경주: 선행0·선입0·추입0 → 🐌 느린 페이스
[복승불일치 축교정] 아오모리 4경주: 축 [1, 4]로 교정(자금이탈 강등 [7]·🔴🔴)
[각질편성] 삿포로 7경주: 선행0·선입0·추입0 → 🐌 느린 페이스
[각질편성] 삿포로 8경주: 선행0·선입0·추입0 → 🐌 느린 페이스
[스냅샷] 저장: 2026_08_01_삿포로_8경주_T-2.png (559 KB · T-2)
[각질편성] 삿포로 8경주: 선행0·선입0·추입0 → 🐌 느린 페이스
[복승불일치 축교정] 삿포로 7경주: 축 [2, 5]로 교정(자금이탈 강등 [6]·🔴🔴)
[복승불일치 축교정] 삿포로 7경주: 축 [2, 5]로 교정(자금이탈 강등 [6]·🔴🔴)
[각질편성] 삿포로 8경주: 선행0·선입0·추입0 → 🐌 느린 페이스
[분석로그] 저장 실패: [WinError 2] 지정된 파일을 찾을 수 없습니다: 'C:\\Users\\Administrator\\Desktop\\경마분석서버\\data\\analysis_log\\2026_08_01_삿포로_8경주.json.tmp' -> 'C:\\Users\\Administrator\\Desktop\\경마분석서버\\data\\analysis_log\\2026_08_01_삿포로_8경주.json'
[복승불일치 축교정] 아오모리 5경주: 축 [1, 3]로 교정(자금이탈 강등 [6]·🔴)
[placeholder 필터] 호후 6경주 쌍승 껍데기 배당 3조합 제외(값: [300.2])
[복승불일치 축교정] 호후 6경주: 축 [1, 5]로 교정(자금이탈 강등 [7]·🔴)
[placeholder 필터] 아오모리 7경주 쌍승 껍데기 배당 3조합 제외(값: [1703.0])
[각질편성] 삿포로 8경주: 선행0·선입0·추입0 → 🐌 느린 페이스
[복승불일치 축교정] 호후 7경주: 축 [2, 5]로 교정(자금이탈 강등 [1]·🔴🔴)
[복승불일치 축교정] 사세보 2경주: 축 [2, 7]로 교정(자금이탈 강등 [1]·🔴🔴)
[복승불일치 축교정] 기후 2경주: 축 [3, 4]로 교정(자금이탈 강등 [6]·🔴🔴)
[복승불일치 축교정] 사세보 3경주: 축 [1, 5]로 교정(자금이탈 강등 [7]·🔴🔴)
[복승불일치 축교정] 오다와라 3경주: 축 [3, 9]로 교정(자금이탈 강등 [1]·🔴)
[복승불일치 축교정] 기후 3경주: 축 [5, 7]로 교정(자금이탈 강등 [4]·🔴🔴)
[결과기록] 캐시 갱신 — 재파싱 3건 / 전체 1684건
[복승불일치 축교정] 사세보 4경주: 축 [1, 4]로 교정(자금이탈 강등 [7]·🔴🔴)
[placeholder 필터] 오다와라 4경주 쌍승 껍데기 배당 4조합 제외(값: [859.9])
[복승불일치 축교정] 기후 4경주: 축 [1, 4]로 교정(자금이탈 강등 [2]·🔴🔴)
[각질편성] 오다와라 5경주: 선행3·선입0·추입6 → ⚡ 빠른 페이스
[경륜전개] 오다와라 5경주: 슬로우(단독 선행) · 라인 3개 · 페어 [[2, 5], [1, 8], [3, 7]]
[각질편성] 기후 5경주: 선행2·선입0·추입5 → 보통 페이스
[경륜전개] 기후 5경주: 보통 · 라인 2개 · 페어 [[1, 5], [3, 7]]
[각질편성] 사세보 6경주: 선행3·선입0·추입3 → ⚡ 빠른 페이스
[경륜전개] 사세보 6경주: 보통 · 라인 3개 · 페어 [[4, 2], [1, 5]]
[각질편성] 오다와라 6경주: 선행3·선입0·추입6 → ⚡ 빠른 페이스
[경륜전개] 오다와라 6경주: 보통 · 라인 3개 · 페어 [[1, 9], [5, 2], [8, 3]]
[각질편성] 기후 6경주: 선행1·선입0·추입5 → 🐌 느린 페이스
[경륜전개] 기후 6경주: 슬로우(단독 선행) · 라인 2개 · 페어 [[1, 2]]
[각질편성] 사세보 7경주: 선행2·선입0·추입5 → 보통 페이스
[경륜전개] 사세보 7경주: 보통 · 라인 2개 · 페어 [[5, 3], [6, 1]]
[각질편성] 오다와라 7경주: 선행3·선입0·추입6 → ⚡ 빠른 페이스
[경륜전개] 오다와라 7경주: 보통 · 라인 3개 · 페어 [[7, 2], [9, 1], [8, 3]]
[각질편성] 기후 7경주: 선행2·선입0·추입5 → 보통 페이스
[경륜전개] 기후 7경주: 슬로우(단독 선행) · 라인 2개 · 페어 [[3, 5], [4, 1]]
[복승불일치 축교정] 기후 7경주: 축 [3, 5]로 교정(자금이탈 강등 [1]·🔴🔴)
[T-2분 왕축 동결] 기후 7경주: [3, 5] → [3, 5] 유지(cur_mb=1)
[각질편성] 사세보 8경주: 선행2·선입0·추입5 → 보통 페이스
[경륜전개] 사세보 8경주: 보통 · 라인 2개 · 페어 [[4, 1], [7, 3]]
[복승불일치 축교정] 사세보 8경주: 축 [1, 4]로 교정(자금이탈 강등 [7]·🔴🔴)
[경륜 추천 모순 수정] 고배당 강제조합 1건 메인→복병 이동(25배 상한)
[B라인 그물망] 사세보 8경주: B라인[7, 3] 삼복승보험 [[3, 5, 7]] 추가
[잔존마 필터] 삿포로 7경주: 전적 11두 → 배당 출전마 6두 (배당 없는 마번 제외: [7, 8, 9, 10, 11])
[각질편성] 삿포로 7경주: 선행0·선입0·추입0 → 🐌 느린 페이스
[복승불일치 축교정] 삿포로 7경주: 축 [2, 5]로 교정(자금이탈 강등 [6]·🔴🔴)
[각질편성] 삿포로 8경주: 선행0·선입0·추입0 → 🐌 느린 페이스
[각질편성] 삿포로 8경주: 선행0·선입0·추입0 → 🐌 느린 페이스
[T-2분 왕축 동결] 삿포로 8경주: [11, 1] → [11, 1] 유지(cur_mb=2)
[잔존마 필터] 삿포로 7경주: 전적 11두 → 배당 출전마 6두 (배당 없는 마번 제외: [7, 8, 9, 10, 11])
[각질편성] 삿포로 7경주: 선행0·선입0·추입0 → 🐌 느린 페이스
[복승불일치 축교정] 삿포로 7경주: 축 [2, 5]로 교정(자금이탈 강등 [6]·🔴🔴)
[각질편성] 삿포로 8경주: 선행0·선입0·추입0 → 🐌 느린 페이스
[T-2분 왕축 동결] 삿포로 8경주: [11, 1] → [11, 1] 유지(cur_mb=2)
[3종 수집] 사세보 8경주: {'quinella': 21, 'exacta': 42, 'trio': 0, 'win': 0} (history 8)
[각질편성] 사세보 8경주: 선행2·선입0·추입5 → 보통 페이스
[경륜전개] 사세보 8경주: 보통 · 라인 2개 · 페어 [[4, 1], [7, 3]]
[복승불일치 축교정] 사세보 8경주: 축 [1, 4]로 교정(자금이탈 강등 [7]·🔴🔴)
[경륜 추천 모순 수정] 고배당 강제조합 1건 메인→복병 이동(25배 상한)
[B라인 그물망] 사세보 8경주: B라인[7, 3] 삼복승보험 [[3, 5, 7]] 추가
[자동분석·배경] 사세보 8경주: 마감 345초 전 재분석(rec_history 누적·cycle)
[각질편성] 삿포로 8경주: 선행0·선입0·추입0 → 🐌 느린 페이스
[각질편성] 삿포로 8경주: 선행0·선입0·추입0 → 🐌 느린 페이스
[T-2분 왕축 동결] 삿포로 8경주: [11, 1] → [11, 1] 유지(cur_mb=2)
[T-2분 왕축 동결] 삿포로 8경주: [11, 1] → [11, 1] 유지(cur_mb=2)
[3종 수집] 삿포로 8경주: {'quinella': 55, 'exacta': 0, 'trio': 165, 'win': 0} (history 12)
[JRA수집] 1경주 수집 · 0경주 생략(확장 우선) · 0.38초 · 다음 25초 · ⏱마감임박 · 🔬관찰모드
[각질편성] 삿포로 8경주: 선행0·선입0·추입0 → 🐌 느린 페이스
[T-2분 왕축 동결] 삿포로 8경주: [11, 1] → [11, 1] 유지(cur_mb=2)
[잔존마 필터] 삿포로 7경주: 전적 11두 → 배당 출전마 6두 (배당 없는 마번 제외: [7, 8, 9, 10, 11])
[각질편성] 삿포로 7경주: 선행0·선입0·추입0 → 🐌 느린 페이스
[복승불일치 축교정] 삿포로 7경주: 축 [2, 5]로 교정(자금이탈 강등 [6]·🔴🔴)
[각질편성] 삿포로 8경주: 선행0·선입0·추입0 → 🐌 느린 페이스
[T-2분 왕축 동결] 삿포로 8경주: [11, 1] → [11, 1] 유지(cur_mb=2)
[각질편성] 삿포로 8경주: 선행0·선입0·추입0 → 🐌 느린 페이스
[잔존마 필터] 삿포로 7경주: 전적 11두 → 배당 출전마 6두 (배당 없는 마번 제외: [7, 8, 9, 10, 11])
[각질편성] 삿포로 7경주: 선행0·선입0·추입0 → 🐌 느린 페이스
[잔존마 필터] 삿포로 7경주: 전적 11두 → 배당 출전마 6두 (배당 없는 마번 제외: [7, 8, 9, 10, 11])
[각질편성] 삿포로 7경주: 선행0·선입0·추입0 → 🐌 느린 페이스
[각질편성] 삿포로 8경주: 선행0·선입0·추입0 → 🐌 느린 페이스
[복승불일치 축교정] 삿포로 7경주: 축 [2, 5]로 교정(자금이탈 강등 [6]·🔴🔴)
[복승불일치 축교정] 삿포로 7경주: 축 [2, 5]로 교정(자금이탈 강등 [6]·🔴🔴)
[복승불일치 축교정] 아오모리 4경주: 축 [1, 4]로 교정(자금이탈 강등 [7]·🔴🔴)
[각질편성] 삿포로 8경주: 선행0·선입0·추입0 → 🐌 느린 페이스
[각질편성] 삿포로 8경주: 선행0·선입0·추입0 → 🐌 느린 페이스
[T-2분 왕축 동결] 삿포로 8경주: [11, 1] → [11, 1] 유지(cur_mb=2)
[T-2분 왕축 동결] 삿포로 8경주: [11, 1] → [11, 1] 유지(cur_mb=2)
[T-2분 왕축 동결] 삿포로 8경주: [11, 1] → [11, 1] 유지(cur_mb=2)
[T-2분 왕축 동결] 삿포로 8경주: [11, 1] → [11, 1] 유지(cur_mb=2)
[한국 전적] 삿포로 8경주: 11두 저장(PDF, 전적 11두)
[각질편성] 삿포로 8경주: 선행0·선입0·추입0 → 🐌 느린 페이스
[분석로그] 저장 실패: [WinError 5] 액세스가 거부되었습니다: 'C:\\Users\\Administrator\\Desktop\\경마분석서버\\data\\analysis_log\\2026_08_01_삿포로_8경주.json.tmp' -> 'C:\\Users\\Administrator\\Desktop\\경마분석서버\\data\\analysis_log\\2026_08_01_삿포로_8경주.json'
[분석로그] 저장 실패: [WinError 5] 액세스가 거부되었습니다: 'C:\\Users\\Administrator\\Desktop\\경마분석서버\\data\\analysis_log\\2026_08_01_삿포로_8경주.json.tmp' -> 'C:\\Users\\Administrator\\Desktop\\경마분석서버\\data\\analysis_log\\2026_08_01_삿포로_8경주.json'
[복승불일치 축교정] 아오모리 5경주: 축 [1, 3]로 교정(자금이탈 강등 [6]·🔴)
[다중경주] 저장 실패: [WinError 5] 액세스가 거부되었습니다: 'C:\\Users\\Administrator\\Desktop\\경마분석서버\\data\\multi_race_store.json.tmp' -> 'C:\\Users\\Administrator\\Desktop\\경마분석서버\\data\\multi_race_store.json'
[T-2분 왕축 동결] 삿포로 8경주: [11, 1] → [11, 1] 유지(cur_mb=2)
[3종 수집] 사세보 8경주: {'quinella': 21, 'exacta': 42, 'trio': 0, 'win': 0} (history 9)
[각질편성] 삿포로 8경주: 선행0·선입0·추입0 → 🐌 느린 페이스
[각질편성] 삿포로 8경주: 선행0·선입0·추입0 → 🐌 느린 페이스
[T-2분 왕축 동결] 삿포로 8경주: [11, 1] → [11, 1] 유지(cur_mb=2)
[T-2분 왕축 동결] 삿포로 8경주: [11, 1] → [11, 1] 유지(cur_mb=2)
[분석로그] 저장 실패: [WinError 5] 액세스가 거부되었습니다: 'C:\\Users\\Administrator\\Desktop\\경마분석서버\\data\\analysis_log\\2026_08_01_삿포로_8경주.json.tmp' -> 'C:\\Users\\Administrator\\Desktop\\경마분석서버\\data\\analysis_log\\2026_08_01_삿포로_8경주.json'
[placeholder 필터] 호후 6경주 쌍승 껍데기 배당 3조합 제외(값: [300.2])
[복승불일치 축교정] 호후 6경주: 축 [1, 5]로 교정(자금이탈 강등 [7]·🔴)
[각질편성] 사세보 8경주: 선행2·선입0·추입5 → 보통 페이스
[경륜전개] 사세보 8경주: 보통 · 라인 2개 · 페어 [[4, 1], [7, 3]]
[복승불일치 축교정] 사세보 8경주: 축 [1, 4]로 교정(자금이탈 강등 [7]·🔴🔴)
[경륜 추천 모순 수정] 고배당 강제조합 1건 메인→복병 이동(25배 상한)
[B라인 그물망] 사세보 8경주: B라인[7, 3] 삼복승보험 [[3, 5, 7]] 추가
[자동분석·배경] 사세보 8경주: 마감 313초 전 재분석(rec_history 누적·cycle)
[각질편성] 사세보 8경주: 선행2·선입0·추입5 → 보통 페이스
[경륜전개] 사세보 8경주: 보통 · 라인 2개 · 페어 [[4, 1], [7, 3]]
[복승불일치 축교정] 사세보 8경주: 축 [1, 4]로 교정(자금이탈 강등 [7]·🔴🔴)
[경륜 추천 모순 수정] 고배당 강제조합 1건 메인→복병 이동(25배 상한)
[B라인 그물망] 사세보 8경주: B라인[7, 3] 삼복승보험 [[3, 5, 7]] 추가
[카카오알림] 사세보 8경주 T-5 → 큐 적재
[3종 수집] 삿포로 8경주: {'quinella': 55, 'exacta': 0, 'trio': 165, 'win': 0} (history 12)
[JRA수집] 1경주 수집 · 0경주 생략(확장 우선) · 0.53초 · 다음 25초 · ⏱마감임박 · 🔬관찰모드
[한국이력 검역] 거부 — 파일=서울 8R / 본문 raceKey=삿포로 8경주 (경마장 불일치)
[결과기록] 캐시 갱신 — 재파싱 2건 / 전체 1684건
[placeholder 필터] 아오모리 7경주 쌍승 껍데기 배당 3조합 제외(값: [1703.0])
[복승불일치 축교정] 호후 7경주: 축 [2, 5]로 교정(자금이탈 강등 [1]·🔴🔴)
[복승불일치 축교정] 사세보 2경주: 축 [2, 7]로 교정(자금이탈 강등 [1]·🔴🔴)
[복승불일치 축교정] 기후 2경주: 축 [3, 4]로 교정(자금이탈 강등 [6]·🔴🔴)
[복승불일치 축교정] 사세보 3경주: 축 [1, 5]로 교정(자금이탈 강등 [7]·🔴🔴)
[복승불일치 축교정] 오다와라 3경주: 축 [3, 9]로 교정(자금이탈 강등 [1]·🔴)
[복승불일치 축교정] 기후 3경주: 축 [5, 7]로 교정(자금이탈 강등 [4]·🔴🔴)
[복승불일치 축교정] 사세보 4경주: 축 [1, 4]로 교정(자금이탈 강등 [7]·🔴🔴)
[placeholder 필터] 오다와라 4경주 쌍승 껍데기 배당 4조합 제외(값: [859.9])
[복승불일치 축교정] 기후 4경주: 축 [1, 4]로 교정(자금이탈 강등 [2]·🔴🔴)
[각질편성] 오다와라 5경주: 선행3·선입0·추입6 → ⚡ 빠른 페이스
[경륜전개] 오다와라 5경주: 슬로우(단독 선행) · 라인 3개 · 페어 [[2, 5], [1, 8], [3, 7]]
[각질편성] 기후 5경주: 선행2·선입0·추입5 → 보통 페이스
[경륜전개] 기후 5경주: 보통 · 라인 2개 · 페어 [[1, 5], [3, 7]]
[각질편성] 사세보 6경주: 선행3·선입0·추입3 → ⚡ 빠른 페이스
[경륜전개] 사세보 6경주: 보통 · 라인 3개 · 페어 [[4, 2], [1, 5]]
[각질편성] 오다와라 6경주: 선행3·선입0·추입6 → ⚡ 빠른 페이스
[경륜전개] 오다와라 6경주: 보통 · 라인 3개 · 페어 [[1, 9], [5, 2], [8, 3]]
[각질편성] 기후 6경주: 선행1·선입0·추입5 → 🐌 느린 페이스
[경륜전개] 기후 6경주: 슬로우(단독 선행) · 라인 2개 · 페어 [[1, 2]]
[각질편성] 사세보 7경주: 선행2·선입0·추입5 → 보통 페이스
[경륜전개] 사세보 7경주: 보통 · 라인 2개 · 페어 [[5, 3], [6, 1]]
[각질편성] 오다와라 7경주: 선행3·선입0·추입6 → ⚡ 빠른 페이스
[경륜전개] 오다와라 7경주: 보통 · 라인 3개 · 페어 [[7, 2], [9, 1], [8, 3]]
[각질편성] 기후 7경주: 선행2·선입0·추입5 → 보통 페이스
[경륜전개] 기후 7경주: 슬로우(단독 선행) · 라인 2개 · 페어 [[3, 5], [4, 1]]
[복승불일치 축교정] 기후 7경주: 축 [3, 5]로 교정(자금이탈 강등 [1]·🔴🔴)
[각질편성] 삿포로 8경주: 선행0·선입0·추입0 → 🐌 느린 페이스
[T-2분 왕축 동결] 삿포로 8경주: [11, 1] → [11, 1] 유지(cur_mb=1)
[각질편성] 사세보 8경주: 선행2·선입0·추입5 → 보통 페이스
[경륜전개] 사세보 8경주: 보통 · 라인 2개 · 페어 [[4, 1], [7, 3]]
[복승불일치 축교정] 사세보 8경주: 축 [1, 4]로 교정(자금이탈 강등 [7]·🔴🔴)
[경륜 추천 모순 수정] 고배당 강제조합 1건 메인→복병 이동(25배 상한)
[B라인 그물망] 사세보 8경주: B라인[7, 3] 삼복승보험 [[3, 5, 7]] 추가
[잔존마 필터] 삿포로 7경주: 전적 11두 → 배당 출전마 6두 (배당 없는 마번 제외: [7, 8, 9, 10, 11])
[각질편성] 삿포로 7경주: 선행0·선입0·추입0 → 🐌 느린 페이스
[복승불일치 축교정] 삿포로 7경주: 축 [2, 5]로 교정(자금이탈 강등 [6]·🔴🔴)
[각질편성] 삿포로 8경주: 선행0·선입0·추입0 → 🐌 느린 페이스
[T-2분 왕축 동결] 삿포로 8경주: [11, 1] → [11, 1] 유지(cur_mb=1)
[잔존마 필터] 삿포로 7경주: 전적 11두 → 배당 출전마 6두 (배당 없는 마번 제외: [7, 8, 9, 10, 11])
[각질편성] 삿포로 7경주: 선행0·선입0·추입0 → 🐌 느린 페이스
[복승불일치 축교정] 삿포로 7경주: 축 [2, 5]로 교정(자금이탈 강등 [6]·🔴🔴)
[각질편성] 삿포로 8경주: 선행0·선입0·추입0 → 🐌 느린 페이스
[T-2분 왕축 동결] 삿포로 8경주: [11, 1] → [11, 1] 유지(cur_mb=1)
[3종 수집] 삿포로 8경주: {'quinella': 55, 'exacta': 0, 'trio': 165, 'win': 0} (history 12)
[JRA수집] 1경주 수집 · 0경주 생략(확장 우선) · 0.38초 · 다음 25초 · ⏱마감임박 · 🔬관찰모드
[각질편성] 삿포로 8경주: 선행0·선입0·추입0 → 🐌 느린 페이스
[T-2분 왕축 동결] 삿포로 8경주: [11, 1] → [11, 1] 유지(cur_mb=1)
[3종 수집] 사세보 8경주: {'quinella': 21, 'exacta': 42, 'trio': 0, 'win': 0} (history 10)
[각질편성] 사세보 8경주: 선행2·선입0·추입5 → 보통 페이스
[경륜전개] 사세보 8경주: 보통 · 라인 2개 · 페어 [[4, 1], [7, 3]]
[복승불일치 축교정] 사세보 8경주: 축 [1, 4]로 교정(자금이탈 강등 [7]·🔴🔴)
[경륜 추천 모순 수정] 고배당 강제조합 1건 메인→복병 이동(25배 상한)
[B라인 그물망] 사세보 8경주: B라인[7, 3] 삼복승보험 [[3, 5, 7]] 추가
[자동예상] 사세보 8경주 최종예상 저장(2026_08_01_사세보_8경주.json)
[각질편성] 사세보 8경주: 선행2·선입0·추입5 → 보통 페이스
[경륜전개] 사세보 8경주: 보통 · 라인 2개 · 페어 [[4, 1], [7, 3]]
[복승불일치 축교정] 사세보 8경주: 축 [1, 4]로 교정(자금이탈 강등 [7]·🔴🔴)
[경륜 추천 모순 수정] 고배당 강제조합 1건 메인→복병 이동(25배 상한)
[B라인 그물망] 사세보 8경주: B라인[7, 3] 삼복승보험 [[3, 5, 7]] 추가
[자동분석·배경] 사세보 8경주: 마감 276초 전 재분석(rec_history 누적·cycle)
[카톡 변경알림·즉시] 사세보 8경주 (남은 276s): 삼복승 제외: 1+2+4 · 1+3+4
[다중경주 스케줄] 20260801: 트랙 12곳(경륜 10·한국 0 포함) · 경주 118개
[각질편성] 삿포로 8경주: 선행0·선입0·추입0 → 🐌 느린 페이스
[각질편성] 삿포로 8경주: 선행0·선입0·추입0 → 🐌 느린 페이스
[T-2분 왕축 동결] 삿포로 8경주: [11, 1] → [11, 1] 유지(cur_mb=1)
[T-2분 왕축 동결] 삿포로 8경주: [11, 1] → [11, 1] 유지(cur_mb=1)
[분석로그] 저장 실패: [WinError 32] 다른 프로세스가 파일을 사용 중이기 때문에 프로세스가 액세스 할 수 없습니다: 'C:\\Users\\Administrator\\Desktop\\경마분석서버\\data\\analysis_log\\2026_08_01_삿포로_8경주.json.tmp' -> 'C:\\Users\\Administrator\\Desktop\\경마분석서버\\data\\analysis_log\\2026_08_01_삿포로_8경주.json'
[스냅샷] 저장: 2026_08_01_삿포로_8경주_마감후.png (669 KB · close)
[각질편성] 삿포로 8경주: 선행0·선입0·추입0 → 🐌 느린 페이스
[잔존마 필터] 삿포로 7경주: 전적 11두 → 배당 출전마 6두 (배당 없는 마번 제외: [7, 8, 9, 10, 11])
[각질편성] 삿포로 7경주: 선행0·선입0·추입0 → 🐌 느린 페이스
[복승불일치 축교정] 삿포로 7경주: 축 [2, 5]로 교정(자금이탈 강등 [6]·🔴🔴)
[T-2분 왕축 동결] 삿포로 8경주: [11, 1] → [11, 1] 유지(cur_mb=1)
[스냅샷] 저장: 2026_08_01_삿포로_8경주_마감후.png (593 KB · close)
[스냅샷] 저장: 2026_08_01_삿포로_7경주_마감후.png (594 KB · close)
[3종 수집] 삿포로 8경주: {'quinella': 55, 'exacta': 0, 'trio': 165, 'win': 0} (history 12)
[JRA수집] 1경주 수집 · 0경주 생략(확장 우선) · 0.34초 · 다음 25초 · ⏱마감임박 · 🔬관찰모드
[잔존마 필터] 삿포로 7경주: 전적 11두 → 배당 출전마 6두 (배당 없는 마번 제외: [7, 8, 9, 10, 11])
[각질편성] 삿포로 7경주: 선행0·선입0·추입0 → 🐌 느린 페이스
[각질편성] 삿포로 8경주: 선행0·선입0·추입0 → 🐌 느린 페이스
[복승불일치 축교정] 삿포로 7경주: 축 [2, 5]로 교정(자금이탈 강등 [6]·🔴🔴)
[잔존마 필터] 삿포로 7경주: 전적 11두 → 배당 출전마 6두 (배당 없는 마번 제외: [7, 8, 9, 10, 11])
[각질편성] 삿포로 7경주: 선행0·선입0·추입0 → 🐌 느린 페이스
[복승불일치 축교정] 아오모리 4경주: 축 [1, 4]로 교정(자금이탈 강등 [7]·🔴🔴)
[각질편성] 삿포로 8경주: 선행0·선입0·추입0 → 🐌 느린 페이스
[복승불일치 축교정] 삿포로 7경주: 축 [2, 5]로 교정(자금이탈 강등 [6]·🔴🔴)
[각질편성] 삿포로 8경주: 선행0·선입0·추입0 → 🐌 느린 페이스
[각질편성] 삿포로 8경주: 선행0·선입0·추입0 → 🐌 느린 페이스
[T-2분 왕축 동결] 삿포로 8경주: [11, 1] → [11, 1] 유지(cur_mb=1)
[T-2분 왕축 동결] 삿포로 8경주: [11, 1] → [11, 1] 유지(cur_mb=1)
[T-2분 왕축 동결] 삿포로 8경주: [11, 1] → [11, 1] 유지(cur_mb=1)
[T-2분 왕축 동결] 삿포로 8경주: [11, 1] → [11, 1] 유지(cur_mb=1)
[한국 전적] 삿포로 8경주: 11두 저장(PDF, 전적 11두)
[각질편성] 삿포로 8경주: 선행0·선입0·추입0 → 🐌 느린 페이스
[복승불일치 축교정] 아오모리 5경주: 축 [1, 3]로 교정(자금이탈 강등 [6]·🔴)
[분석로그] 저장 실패: [WinError 32] 다른 프로세스가 파일을 사용 중이기 때문에 프로세스가 액세스 할 수 없습니다: 'C:\\Users\\Administrator\\Desktop\\경마분석서버\\data\\analysis_log\\2026_08_01_삿포로_8경주.json.tmp' -> 'C:\\Users\\Administrator\\Desktop\\경마분석서버\\data\\analysis_log\\2026_08_01_삿포로_8경주.json'
[T-2분 왕축 동결] 삿포로 8경주: [11, 1] → [11, 1] 유지(cur_mb=1)
[각질편성] 삿포로 8경주: 선행0·선입0·추입0 → 🐌 느린 페이스
[placeholder 필터] 호후 6경주 쌍승 껍데기 배당 3조합 제외(값: [300.2])
[복승불일치 축교정] 호후 6경주: 축 [1, 5]로 교정(자금이탈 강등 [7]·🔴)
[T-2분 왕축 동결] 삿포로 8경주: [11, 1] → [11, 1] 유지(cur_mb=1)
[placeholder 필터] 아오모리 7경주 쌍승 껍데기 배당 3조합 제외(값: [1703.0])
[복승불일치 축교정] 호후 7경주: 축 [2, 5]로 교정(자금이탈 강등 [1]·🔴🔴)
[한국이력 검역] 거부 — 파일=서울 8R / 본문 raceKey=삿포로 8경주 (경마장 불일치)
[복승불일치 축교정] 사세보 2경주: 축 [2, 7]로 교정(자금이탈 강등 [1]·🔴🔴)
[복승불일치 축교정] 기후 2경주: 축 [3, 4]로 교정(자금이탈 강등 [6]·🔴🔴)
[복승불일치 축교정] 사세보 3경주: 축 [1, 5]로 교정(자금이탈 강등 [7]·🔴🔴)
[결과기록] 캐시 갱신 — 재파싱 2건 / 전체 1684건
[복승불일치 축교정] 오다와라 3경주: 축 [3, 9]로 교정(자금이탈 강등 [1]·🔴)
[복승불일치 축교정] 기후 3경주: 축 [5, 7]로 교정(자금이탈 강등 [4]·🔴🔴)
[복승불일치 축교정] 사세보 4경주: 축 [1, 4]로 교정(자금이탈 강등 [7]·🔴🔴)
[placeholder 필터] 오다와라 4경주 쌍승 껍데기 배당 4조합 제외(값: [859.9])
[복승불일치 축교정] 기후 4경주: 축 [1, 4]로 교정(자금이탈 강등 [2]·🔴🔴)
[각질편성] 오다와라 5경주: 선행3·선입0·추입6 → ⚡ 빠른 페이스
[경륜전개] 오다와라 5경주: 슬로우(단독 선행) · 라인 3개 · 페어 [[2, 5], [1, 8], [3, 7]]
[각질편성] 기후 5경주: 선행2·선입0·추입5 → 보통 페이스
[경륜전개] 기후 5경주: 보통 · 라인 2개 · 페어 [[1, 5], [3, 7]]
[각질편성] 사세보 6경주: 선행3·선입0·추입3 → ⚡ 빠른 페이스
[경륜전개] 사세보 6경주: 보통 · 라인 3개 · 페어 [[4, 2], [1, 5]]
[각질편성] 오다와라 6경주: 선행3·선입0·추입6 → ⚡ 빠른 페이스
[경륜전개] 오다와라 6경주: 보통 · 라인 3개 · 페어 [[1, 9], [5, 2], [8, 3]]
[각질편성] 기후 6경주: 선행1·선입0·추입5 → 🐌 느린 페이스
[경륜전개] 기후 6경주: 슬로우(단독 선행) · 라인 2개 · 페어 [[1, 2]]
[각질편성] 사세보 7경주: 선행2·선입0·추입5 → 보통 페이스
[경륜전개] 사세보 7경주: 보통 · 라인 2개 · 페어 [[5, 3], [6, 1]]
[3종 수집] 사세보 8경주: {'quinella': 21, 'exacta': 42, 'trio': 0, 'win': 0} (history 11)
[각질편성] 오다와라 7경주: 선행3·선입0·추입6 → ⚡ 빠른 페이스
[경륜전개] 오다와라 7경주: 보통 · 라인 3개 · 페어 [[7, 2], [9, 1], [8, 3]]
[각질편성] 기후 7경주: 선행2·선입0·추입5 → 보통 페이스
[경륜전개] 기후 7경주: 슬로우(단독 선행) · 라인 2개 · 페어 [[3, 5], [4, 1]]
[각질편성] 사세보 8경주: 선행2·선입0·추입5 → 보통 페이스
[경륜전개] 사세보 8경주: 보통 · 라인 2개 · 페어 [[4, 1], [7, 3]]
[복승불일치 축교정] 사세보 8경주: 축 [1, 4]로 교정(자금이탈 강등 [7]·🔴🔴)
[경륜 추천 모순 수정] 고배당 강제조합 1건 메인→복병 이동(25배 상한)
[B라인 그물망] 사세보 8경주: B라인[7, 3] 삼복승보험 [[3, 5, 7]] 추가
[자동분석·배경] 사세보 8경주: 마감 244초 전 재분석(rec_history 누적·cycle)
[각질편성] 사세보 8경주: 선행2·선입0·추입5 → 보통 페이스
[경륜전개] 사세보 8경주: 보통 · 라인 2개 · 페어 [[4, 1], [7, 3]]
[복승불일치 축교정] 사세보 8경주: 축 [1, 4]로 교정(자금이탈 강등 [7]·🔴🔴)
[경륜 추천 모순 수정] 고배당 강제조합 1건 메인→복병 이동(25배 상한)
[B라인 그물망] 사세보 8경주: B라인[7, 3] 삼복승보험 [[3, 5, 7]] 추가
[잔존마 필터] 삿포로 7경주: 전적 11두 → 배당 출전마 6두 (배당 없는 마번 제외: [7, 8, 9, 10, 11])
[각질편성] 삿포로 7경주: 선행0·선입0·추입0 → 🐌 느린 페이스
[복승불일치 축교정] 삿포로 7경주: 축 [2, 5]로 교정(자금이탈 강등 [6]·🔴🔴)
[각질편성] 삿포로 8경주: 선행0·선입0·추입0 → 🐌 느린 페이스
[T-2분 왕축 동결] 삿포로 8경주: [11, 1] → [11, 1] 유지(cur_mb=1)
[각질편성] 삿포로 8경주: 선행0·선입0·추입0 → 🐌 느린 페이스
[3종 수집] 삿포로 8경주: {'quinella': 55, 'exacta': 0, 'trio': 165, 'win': 0} (history 12)
[JRA수집] 1경주 수집 · 0경주 생략(확장 우선) · 0.31초 · 다음 25초 · ⏱마감임박 · 🔬관찰모드
[각질편성] 삿포로 8경주: 선행0·선입0·추입0 → 🐌 느린 페이스
[각질편성] 삿포로 8경주: 선행0·선입0·추입0 → 🐌 느린 페이스
[분석로그] 저장 실패: [WinError 32] 다른 프로세스가 파일을 사용 중이기 때문에 프로세스가 액세스 할 수 없습니다: 'C:\\Users\\Administrator\\Desktop\\경마분석서버\\data\\analysis_log\\2026_08_01_삿포로_8경주.json.tmp' -> 'C:\\Users\\Administrator\\Desktop\\경마분석서버\\data\\analysis_log\\2026_08_01_삿포로_8경주.json'
[잔존마 필터] 삿포로 7경주: 전적 11두 → 배당 출전마 6두 (배당 없는 마번 제외: [7, 8, 9, 10, 11])
[각질편성] 삿포로 7경주: 선행0·선입0·추입0 → 🐌 느린 페이스
[복승불일치 축교정] 삿포로 7경주: 축 [2, 5]로 교정(자금이탈 강등 [6]·🔴🔴)
[각질편성] 삿포로 8경주: 선행0·선입0·추입0 → 🐌 느린 페이스
[각질편성] 삿포로 8경주: 선행0·선입0·추입0 → 🐌 느린 페이스
[3종 수집] 사세보 8경주: {'quinella': 21, 'exacta': 42, 'trio': 0, 'win': 0} (history 12)
[각질편성] 사세보 8경주: 선행2·선입0·추입5 → 보통 페이스
[경륜전개] 사세보 8경주: 보통 · 라인 2개 · 페어 [[4, 1], [7, 3]]
[복승불일치 축교정] 사세보 8경주: 축 [1, 4]로 교정(자금이탈 강등 [7]·🔴🔴)
[경륜 추천 모순 수정] 고배당 강제조합 1건 메인→복병 이동(25배 상한)
[B라인 그물망] 사세보 8경주: B라인[7, 3] 삼복승보험 [[3, 5, 7]] 추가
[자동분석·배경] 사세보 8경주: 마감 211초 전 재분석(rec_history 누적·cycle)
[카톡 변경알림·즉시] 사세보 8경주 (남은 211s): 복승 추가: 1+5 / 복승 제외: 1+2
[3종 수집] 삿포로 8경주: {'quinella': 55, 'exacta': 0, 'trio': 165, 'win': 0} (history 12)
[JRA수집] 1경주 수집 · 0경주 생략(확장 우선) · 0.43초 · 다음 25초 · ⏱마감임박 · 🔬관찰모드
🔴 [joCode 미등록] 삿포로 — 결과 백필·경주 흐름 수집이 **통째로 스킵**됩니다. RaceKekka.do 를 joCode 01~89 로 조회해 <title>의 ○○競輪 로 확정 후 KEIRIN_JO 에 추가하십시오.
📊 [채점] 오다와라 7경주: Gemini 2/3 ↔ 시장 2/3 · 놓침 [1]
📝 [복기] 오다와라 7경주: 추입형 1번의 최근 착순 정보는 없었지만, chaku 데이터에서 상위권 진입 경험이 충분히 → 규칙(4): 라인 내 추입형 선수가 과거 chaku 데이터에서 꾸준히 상위권에 들었는지 확인하고, 해당 선수가 견고한 라
[각질편성] 오다와라 7경주: 선행3·선입0·추입6 → ⚡ 빠른 페이스
[경륜전개] 오다와라 7경주: 보통 · 라인 3개 · 페어 [[7, 2], [9, 1], [8, 3]]
[신호별학습] 오다와라 7경주 · 활성신호 ['급락', '전적이중수렴'] · 유력마적중 복승=True 삼복승=False
[결과 수정] 오다와라 7경주: 기존 레코드 교체(재입력)
[각질편성] 삿포로 8경주: 선행0·선입0·추입0 → 🐌 느린 페이스
[각질편성] 삿포로 8경주: 선행0·선입0·추입0 → 🐌 느린 페이스
[분석로그] 저장 실패: [WinError 32] 다른 프로세스가 파일을 사용 중이기 때문에 프로세스가 액세스 할 수 없습니다: 'C:\\Users\\Administrator\\Desktop\\경마분석서버\\data\\analysis_log\\2026_08_01_삿포로_8경주.json.tmp' -> 'C:\\Users\\Administrator\\Desktop\\경마분석서버\\data\\analysis_log\\2026_08_01_삿포로_8경주.json'
[복병케이스] 오다와라 7경주: 복병 4두 저장(입상 0)
[각질편성] 오다와라 7경주: 선행3·선입0·추입6 → ⚡ 빠른 페이스
[경륜전개] 오다와라 7경주: 보통 · 라인 3개 · 페어 [[7, 2], [9, 1], [8, 3]]
[readonly 잠금] 오다와라 7경주: 마감 확정 파일 — corePicks/시계열 보존, result/hit만 업데이트 허용
[잔존마 필터] 삿포로 7경주: 전적 11두 → 배당 출전마 6두 (배당 없는 마번 제외: [7, 8, 9, 10, 11])
[각질편성] 삿포로 7경주: 선행0·선입0·추입0 → 🐌 느린 페이스
[복승불일치 축교정] 삿포로 7경주: 축 [2, 5]로 교정(자금이탈 강등 [6]·🔴🔴)
[패턴발견] 결과 1545경주 스캔 → 발견 패턴 10개(기준 적중률 35.4%)
[자동학습] 오다와라 7경주 결과 [7, 2, 1] → 추천적중 True, 급락적중 False, 전적유력마 1(적중), 제거적중 False
📊 [채점] 사세보 7경주: Gemini 1/3 ↔ 시장 2/3 · 놓침 [4, 3]
[잔존마 필터] 삿포로 7경주: 전적 11두 → 배당 출전마 6두 (배당 없는 마번 제외: [7, 8, 9, 10, 11])
[각질편성] 삿포로 7경주: 선행0·선입0·추입0 → 🐌 느린 페이스
[복승불일치 축교정] 삿포로 7경주: 축 [2, 5]로 교정(자금이탈 강등 [6]·🔴🔴)
[각질편성] 삿포로 8경주: 선행0·선입0·추입0 → 🐌 느린 페이스
[잔존마 필터] 삿포로 7경주: 전적 11두 → 배당 출전마 6두 (배당 없는 마번 제외: [7, 8, 9, 10, 11])
[각질편성] 삿포로 7경주: 선행0·선입0·추입0 → 🐌 느린 페이스
[복승불일치 축교정] 삿포로 7경주: 축 [2, 5]로 교정(자금이탈 강등 [6]·🔴🔴)
[각질편성] 삿포로 8경주: 선행0·선입0·추입0 → 🐌 느린 페이스
[각질편성] 삿포로 8경주: 선행0·선입0·추입0 → 🐌 느린 페이스
[복승불일치 축교정] 아오모리 4경주: 축 [1, 4]로 교정(자금이탈 강등 [7]·🔴🔴)
[각질편성] 삿포로 8경주: 선행0·선입0·추입0 → 🐌 느린 페이스
📝 [복기] 사세보 7경주: 4번과 3번 모두 추입형으로, 강한 바람이 선행형에게 불리할 수 있다는 판단은 옳았으나,  → 규칙(3): 강한 바람과 선행 경쟁이 예상될 경우, 등급이 낮거나 최근 성적이 좋지 않더라도 복수의 추입형 마필 중 숨겨
[각질편성] 사세보 7경주: 선행2·선입0·추입5 → 보통 페이스
[경륜전개] 사세보 7경주: 보통 · 라인 2개 · 페어 [[5, 3], [6, 1]]
[한국 전적] 삿포로 8경주: 11두 저장(PDF, 전적 11두)
[각질편성] 삿포로 8경주: 선행0·선입0·추입0 → 🐌 느린 페이스
[보조조합 적중] 사세보 7경주 · 3+4+7 (삼복승 메인) — 승격 후보 표본 누적
[복승불일치 축교정] 아오모리 5경주: 축 [1, 3]로 교정(자금이탈 강등 [6]·🔴)
[각질편성] 삿포로 8경주: 선행0·선입0·추입0 → 🐌 느린 페이스
[placeholder 필터] 호후 6경주 쌍승 껍데기 배당 3조합 제외(값: [300.2])
[복승불일치 축교정] 호후 6경주: 축 [1, 5]로 교정(자금이탈 강등 [7]·🔴)
[placeholder 필터] 아오모리 7경주 쌍승 껍데기 배당 3조합 제외(값: [1703.0])
[복승불일치 축교정] 호후 7경주: 축 [2, 5]로 교정(자금이탈 강등 [1]·🔴🔴)
[한국이력 검역] 거부 — 파일=서울 8R / 본문 raceKey=삿포로 8경주 (경마장 불일치)
[신호별학습] 사세보 7경주 · 활성신호 ['급락', '전적이중수렴'] · 유력마적중 복승=True 삼복승=True
[결과 수정] 사세보 7경주: 기존 레코드 교체(재입력)
[복병케이스] 사세보 7경주: 복병 4두 저장(입상 2)
[결과기록] 캐시 갱신 — 재파싱 3건 / 전체 1684건
[복승불일치 축교정] 사세보 2경주: 축 [2, 7]로 교정(자금이탈 강등 [1]·🔴🔴)
[복승불일치 축교정] 기후 2경주: 축 [3, 4]로 교정(자금이탈 강등 [6]·🔴🔴)
[복승불일치 축교정] 사세보 3경주: 축 [1, 5]로 교정(자금이탈 강등 [7]·🔴🔴)
[복승불일치 축교정] 오다와라 3경주: 축 [3, 9]로 교정(자금이탈 강등 [1]·🔴)
[복승불일치 축교정] 기후 3경주: 축 [5, 7]로 교정(자금이탈 강등 [4]·🔴🔴)
[복승불일치 축교정] 사세보 4경주: 축 [1, 4]로 교정(자금이탈 강등 [7]·🔴🔴)
[placeholder 필터] 오다와라 4경주 쌍승 껍데기 배당 4조합 제외(값: [859.9])
[복승불일치 축교정] 기후 4경주: 축 [1, 4]로 교정(자금이탈 강등 [2]·🔴🔴)
[각질편성] 오다와라 5경주: 선행3·선입0·추입6 → ⚡ 빠른 페이스
[경륜전개] 오다와라 5경주: 슬로우(단독 선행) · 라인 3개 · 페어 [[2, 5], [1, 8], [3, 7]]
[각질편성] 기후 5경주: 선행2·선입0·추입5 → 보통 페이스
[경륜전개] 기후 5경주: 보통 · 라인 2개 · 페어 [[1, 5], [3, 7]]
[각질편성] 사세보 6경주: 선행3·선입0·추입3 → ⚡ 빠른 페이스
[경륜전개] 사세보 6경주: 보통 · 라인 3개 · 페어 [[4, 2], [1, 5]]
[각질편성] 오다와라 6경주: 선행3·선입0·추입6 → ⚡ 빠른 페이스
[경륜전개] 오다와라 6경주: 보통 · 라인 3개 · 페어 [[1, 9], [5, 2], [8, 3]]
[각질편성] 기후 6경주: 선행1·선입0·추입5 → 🐌 느린 페이스
[경륜전개] 기후 6경주: 슬로우(단독 선행) · 라인 2개 · 페어 [[1, 2]]
[각질편성] 사세보 7경주: 선행2·선입0·추입5 → 보통 페이스
[경륜전개] 사세보 7경주: 보통 · 라인 2개 · 페어 [[5, 3], [6, 1]]
[각질편성] 오다와라 7경주: 선행3·선입0·추입6 → ⚡ 빠른 페이스
[경륜전개] 오다와라 7경주: 보통 · 라인 3개 · 페어 [[7, 2], [9, 1], [8, 3]]
[각질편성] 기후 7경주: 선행2·선입0·추입5 → 보통 페이스
[경륜전개] 기후 7경주: 슬로우(단독 선행) · 라인 2개 · 페어 [[3, 5], [4, 1]]
[3종 수집] 삿포로 8경주: {'quinella': 55, 'exacta': 0, 'trio': 165, 'win': 0} (history 12)
[JRA수집] 1경주 수집 · 0경주 생략(확장 우선) · 0.60초 · 다음 25초 · ⏱마감임박 · 🔬관찰모드
[각질편성] 사세보 8경주: 선행2·선입0·추입5 → 보통 페이스
[경륜전개] 사세보 8경주: 보통 · 라인 2개 · 페어 [[4, 1], [7, 3]]
[복승불일치 축교정] 사세보 8경주: 축 [1, 4]로 교정(자금이탈 강등 [7]·🔴🔴)
[T-2분 왕축 동결] 사세보 8경주: [1, 4] → [1, 4] 유지(cur_mb=2)
[경륜 추천 모순 수정] 고배당 강제조합 1건 메인→복병 이동(25배 상한)
[B라인 그물망] 사세보 8경주: B라인[7, 3] 삼복승보험 [[3, 5, 7]] 추가
[잔존마 필터] 삿포로 7경주: 전적 11두 → 배당 출전마 6두 (배당 없는 마번 제외: [7, 8, 9, 10, 11])
[각질편성] 삿포로 7경주: 선행0·선입0·추입0 → 🐌 느린 페이스
[복승불일치 축교정] 삿포로 7경주: 축 [2, 5]로 교정(자금이탈 강등 [6]·🔴🔴)
[각질편성] 삿포로 8경주: 선행0·선입0·추입0 → 🐌 느린 페이스
[각질편성] 사세보 7경주: 선행2·선입0·추입5 → 보통 페이스
[경륜전개] 사세보 7경주: 보통 · 라인 2개 · 페어 [[5, 3], [6, 1]]
[각질편성] 삿포로 8경주: 선행0·선입0·추입0 → 🐌 느린 페이스
[잔존마 필터] 삿포로 7경주: 전적 11두 → 배당 출전마 6두 (배당 없는 마번 제외: [7, 8, 9, 10, 11])
[각질편성] 삿포로 7경주: 선행0·선입0·추입0 → 🐌 느린 페이스
[복승불일치 축교정] 삿포로 7경주: 축 [2, 5]로 교정(자금이탈 강등 [6]·🔴🔴)
[readonly 잠금] 사세보 7경주: 마감 확정 파일 — corePicks/시계열 보존, result/hit만 업데이트 허용
[마감 동결] 사세보 7경주: 확정본 복원(출처 closed_row · 기준 13:22:03)
[한국 전적] 삿포로 8경주: 11두 저장(PDF, 전적 11두)
[각질편성] 삿포로 8경주: 선행0·선입0·추입0 → 🐌 느린 페이스
[readonly 잠금] 삿포로 8경주: 마감 확정 파일 — corePicks/시계열 보존, result/hit만 업데이트 허용
[마감 동결] 삿포로 8경주: 확정본 복원(출처 closed_row · 기준 13:49:51)
[3종 수집] 사세보 8경주: {'quinella': 21, 'exacta': 42, 'trio': 0, 'win': 0} (history 12)
[한국이력 검역] 거부 — 파일=서울 8R / 본문 raceKey=삿포로 8경주 (경마장 불일치)
[각질편성] 사세보 8경주: 선행2·선입0·추입5 → 보통 페이스
[경륜전개] 사세보 8경주: 보통 · 라인 2개 · 페어 [[4, 1], [7, 3]]
[복승불일치 축교정] 사세보 8경주: 축 [1, 4]로 교정(자금이탈 강등 [7]·🔴🔴)
[T-2분 왕축 동결] 사세보 8경주: [1, 4] → [1, 4] 유지(cur_mb=2)
[경륜 추천 모순 수정] 고배당 강제조합 1건 메인→복병 이동(25배 상한)
[B라인 그물망] 사세보 8경주: B라인[7, 3] 삼복승보험 [[3, 5, 7]] 추가
[자동분석·배경] 사세보 8경주: 마감 177초 전 재분석(rec_history 누적·cycle)
[패턴발견] 결과 1546경주 스캔 → 발견 패턴 10개(기준 적중률 35.4%)
[자동학습] 사세보 7경주 결과 [7, 4, 3] → 추천적중 False, 급락적중 False, 전적유력마 1(실패), 제거적중 False
📊 [채점] 기후 6경주: Gemini 2/3 ↔ 시장 3/3 · 놓침 [6]
[데이터백업] ✅ GitHub 반영: 결과 자동백업: 오다와라 7경주 7-2-1
[잔존마 필터] 삿포로 7경주: 전적 11두 → 배당 출전마 6두 (배당 없는 마번 제외: [7, 8, 9, 10, 11])
[각질편성] 삿포로 7경주: 선행0·선입0·추입0 → 🐌 느린 페이스
[복승불일치 축교정] 삿포로 7경주: 축 [2, 5]로 교정(자금이탈 강등 [6]·🔴🔴)
📝 [복기] 기후 6경주: 6번 마필의 최근 착순 정보가 누락되어 있었고, 이로 인해 6번 마필의 전반적인 컨디션이나 → 규칙(3): 누락된 정보가 있는 경우 해당 마필의 최근 경향을 파악하기 위해 다른 인접 정보들을 면밀히 살펴본다.
[각질편성] 기후 6경주: 선행1·선입0·추입5 → 🐌 느린 페이스
[일본전개] 기후 6경주: 슬로우페이스 선행1 · 유력1·복병0
[신호별학습] 기후 6경주 · 활성신호 ['급락', '전적이중수렴'] · 유력마적중 복승=True 삼복승=True
[결과 수정] 기후 6경주: 기존 레코드 교체(재입력)
[복병케이스] 기후 6경주: 복병 2두 저장(입상 2)
[각질편성] 기후 6경주: 선행1·선입0·추입5 → 🐌 느린 페이스
[일본전개] 기후 6경주: 슬로우페이스 선행1 · 유력1·복병0
[각질편성] 삿포로 8경주: 선행0·선입0·추입0 → 🐌 느린 페이스
[readonly 잠금] 기후 6경주: 마감 확정 파일 — corePicks/시계열 보존, result/hit만 업데이트 허용
⏸ [폴링 저장 가드] 삿포로 8경주: 마감 후 readonly → 로그 저장 생략(분석·표시는 정상)
[각질편성] 삿포로 8경주: 선행0·선입0·추입0 → 🐌 느린 페이스
[마감 동결] 기후 6경주: 확정본 복원(출처 closed_row · 기준 13:12:22)
[잔존마 필터] 삿포로 7경주: 전적 11두 → 배당 출전마 6두 (배당 없는 마번 제외: [7, 8, 9, 10, 11])
[각질편성] 삿포로 7경주: 선행0·선입0·추입0 → 🐌 느린 페이스
[복승불일치 축교정] 삿포로 7경주: 축 [2, 5]로 교정(자금이탈 강등 [6]·🔴🔴)
[패턴발견] 결과 1547경주 스캔 → 발견 패턴 10개(기준 적중률 35.4%)
[자동학습] 기후 6경주 결과 [2, 1, 6] → 추천적중 True, 급락적중 False, 전적유력마 1(적중), 제거적중 False
[경륜 결과 백필] 2026-08-01: 시도 5 · 성공 3 · 실패 2
  ↳ 실패: 사세보 8경주 - 결과 미게시/파싱 실패
  ↳ 실패: 기후 7경주 - 결과 미게시/파싱 실패
[잔존마 필터] 삿포로 7경주: 전적 11두 → 배당 출전마 6두 (배당 없는 마번 제외: [7, 8, 9, 10, 11])
[각질편성] 삿포로 7경주: 선행0·선입0·추입0 → 🐌 느린 페이스
[복승불일치 축교정] 삿포로 7경주: 축 [2, 5]로 교정(자금이탈 강등 [6]·🔴🔴)
[각질편성] 삿포로 8경주: 선행0·선입0·추입0 → 🐌 느린 페이스
[한국 전적] 삿포로 8경주: 11두 저장(PDF, 전적 11두)
[각질편성] 삿포로 8경주: 선행0·선입0·추입0 → 🐌 느린 페이스
[각질편성] 삿포로 8경주: 선행0·선입0·추입0 → 🐌 느린 페이스
[각질편성] 삿포로 8경주: 선행0·선입0·추입0 → 🐌 느린 페이스
[한국이력 검역] 거부 — 파일=서울 8R / 본문 raceKey=삿포로 8경주 (경마장 불일치)
[3종 수집] 삿포로 8경주: {'quinella': 55, 'exacta': 0, 'trio': 165, 'win': 0} (history 12)
[JRA수집] 1경주 수집 · 0경주 생략(확장 우선) · 0.30초 · 다음 60초 · 🔬관찰모드
[데이터백업] ✅ GitHub 반영: 결과 자동백업: 사세보 7경주 7-4-3
[잔존마 필터] 삿포로 7경주: 전적 11두 → 배당 출전마 6두 (배당 없는 마번 제외: [7, 8, 9, 10, 11])
[각질편성] 삿포로 7경주: 선행0·선입0·추입0 → 🐌 느린 페이스
[복승불일치 축교정] 삿포로 7경주: 축 [2, 5]로 교정(자금이탈 강등 [6]·🔴🔴)
[각질편성] 삿포로 8경주: 선행0·선입0·추입0 → 🐌 느린 페이스
[3종 수집] 사세보 8경주: {'quinella': 21, 'exacta': 42, 'trio': 0, 'win': 0} (history 12)
[각질편성] 사세보 8경주: 선행2·선입0·추입5 → 보통 페이스
[경륜전개] 사세보 8경주: 보통 · 라인 2개 · 페어 [[4, 1], [7, 3]]
[복승불일치 축교정] 사세보 8경주: 축 [1, 4]로 교정(자금이탈 강등 [7]·🔴🔴)
[T-2분 왕축 동결] 사세보 8경주: [1, 4] → [1, 4] 유지(cur_mb=2)
[경륜 추천 모순 수정] 고배당 강제조합 1건 메인→복병 이동(25배 상한)
[B라인 그물망] 사세보 8경주: B라인[7, 3] 삼복승보험 [[3, 5, 7]] 추가
[자동분석·배경] 사세보 8경주: 마감 145초 전 재분석(rec_history 누적·cycle)
[각질편성] 삿포로 8경주: 선행0·선입0·추입0 → 🐌 느린 페이스
[잔존마 필터] 삿포로 7경주: 전적 11두 → 배당 출전마 6두 (배당 없는 마번 제외: [7, 8, 9, 10, 11])
[각질편성] 삿포로 7경주: 선행0·선입0·추입0 → 🐌 느린 페이스
[복승불일치 축교정] 삿포로 7경주: 축 [2, 5]로 교정(자금이탈 강등 [6]·🔴🔴)
[잔존마 필터] 삿포로 7경주: 전적 11두 → 배당 출전마 6두 (배당 없는 마번 제외: [7, 8, 9, 10, 11])
[각질편성] 삿포로 7경주: 선행0·선입0·추입0 → 🐌 느린 페이스
[복승불일치 축교정] 삿포로 7경주: 축 [2, 5]로 교정(자금이탈 강등 [6]·🔴🔴)
[복승불일치 축교정] 아오모리 4경주: 축 [1, 4]로 교정(자금이탈 강등 [7]·🔴🔴)
[잔존마 필터] 삿포로 7경주: 전적 11두 → 배당 출전마 6두 (배당 없는 마번 제외: [7, 8, 9, 10, 11])
[각질편성] 삿포로 7경주: 선행0·선입0·추입0 → 🐌 느린 페이스
[각질편성] 삿포로 8경주: 선행0·선입0·추입0 → 🐌 느린 페이스
[복승불일치 축교정] 삿포로 7경주: 축 [2, 5]로 교정(자금이탈 강등 [6]·🔴🔴)
[각질편성] 삿포로 8경주: 선행0·선입0·추입0 → 🐌 느린 페이스
[각질편성] 삿포로 8경주: 선행0·선입0·추입0 → 🐌 느린 페이스
[복승불일치 축교정] 아오모리 5경주: 축 [1, 3]로 교정(자금이탈 강등 [6]·🔴)
[각질편성] 삿포로 8경주: 선행0·선입0·추입0 → 🐌 느린 페이스
[잔존마 필터] 삿포로 7경주: 전적 11두 → 배당 출전마 6두 (배당 없는 마번 제외: [7, 8, 9, 10, 11])
[각질편성] 삿포로 7경주: 선행0·선입0·추입0 → 🐌 느린 페이스
[복승불일치 축교정] 삿포로 7경주: 축 [2, 5]로 교정(자금이탈 강등 [6]·🔴🔴)
[한국 전적] 삿포로 8경주: 11두 저장(PDF, 전적 11두)
[각질편성] 삿포로 8경주: 선행0·선입0·추입0 → 🐌 느린 페이스
[각질편성] 삿포로 8경주: 선행0·선입0·추입0 → 🐌 느린 페이스
[placeholder 필터] 호후 6경주 쌍승 껍데기 배당 3조합 제외(값: [300.2])
[복승불일치 축교정] 호후 6경주: 축 [1, 5]로 교정(자금이탈 강등 [7]·🔴)
[placeholder 필터] 아오모리 7경주 쌍승 껍데기 배당 3조합 제외(값: [1703.0])
[복승불일치 축교정] 호후 7경주: 축 [2, 5]로 교정(자금이탈 강등 [1]·🔴🔴)
[한국이력 검역] 거부 — 파일=서울 8R / 본문 raceKey=삿포로 8경주 (경마장 불일치)
[복승불일치 축교정] 사세보 2경주: 축 [2, 7]로 교정(자금이탈 강등 [1]·🔴🔴)
[복승불일치 축교정] 기후 2경주: 축 [3, 4]로 교정(자금이탈 강등 [6]·🔴🔴)
[복승불일치 축교정] 사세보 3경주: 축 [1, 5]로 교정(자금이탈 강등 [7]·🔴🔴)
[결과기록] 캐시 갱신 — 재파싱 4건 / 전체 1684건
[복승불일치 축교정] 오다와라 3경주: 축 [3, 9]로 교정(자금이탈 강등 [1]·🔴)
[복승불일치 축교정] 기후 3경주: 축 [5, 7]로 교정(자금이탈 강등 [4]·🔴🔴)
[복승불일치 축교정] 사세보 4경주: 축 [1, 4]로 교정(자금이탈 강등 [7]·🔴🔴)
[placeholder 필터] 오다와라 4경주 쌍승 껍데기 배당 4조합 제외(값: [859.9])
[복승불일치 축교정] 기후 4경주: 축 [1, 4]로 교정(자금이탈 강등 [2]·🔴🔴)
[각질편성] 오다와라 5경주: 선행3·선입0·추입6 → ⚡ 빠른 페이스
[경륜전개] 오다와라 5경주: 슬로우(단독 선행) · 라인 3개 · 페어 [[2, 5], [1, 8], [3, 7]]
[각질편성] 기후 5경주: 선행2·선입0·추입5 → 보통 페이스
[경륜전개] 기후 5경주: 보통 · 라인 2개 · 페어 [[1, 5], [3, 7]]
[각질편성] 사세보 6경주: 선행3·선입0·추입3 → ⚡ 빠른 페이스
[경륜전개] 사세보 6경주: 보통 · 라인 3개 · 페어 [[4, 2], [1, 5]]
[각질편성] 오다와라 6경주: 선행3·선입0·추입6 → ⚡ 빠른 페이스
[경륜전개] 오다와라 6경주: 보통 · 라인 3개 · 페어 [[1, 9], [5, 2], [8, 3]]
[각질편성] 기후 6경주: 선행1·선입0·추입5 → 🐌 느린 페이스
[경륜전개] 기후 6경주: 슬로우(단독 선행) · 라인 2개 · 페어 [[1, 2]]
[각질편성] 사세보 7경주: 선행2·선입0·추입5 → 보통 페이스
[경륜전개] 사세보 7경주: 보통 · 라인 2개 · 페어 [[5, 3], [6, 1]]
[각질편성] 오다와라 7경주: 선행3·선입0·추입6 → ⚡ 빠른 페이스
[경륜전개] 오다와라 7경주: 보통 · 라인 3개 · 페어 [[7, 2], [9, 1], [8, 3]]
[각질편성] 기후 7경주: 선행2·선입0·추입5 → 보통 페이스
[경륜전개] 기후 7경주: 슬로우(단독 선행) · 라인 2개 · 페어 [[3, 5], [4, 1]]
[각질편성] 사세보 8경주: 선행2·선입0·추입5 → 보통 페이스
[경륜전개] 사세보 8경주: 보통 · 라인 2개 · 페어 [[4, 1], [7, 3]]
[복승불일치 축교정] 사세보 8경주: 축 [1, 4]로 교정(자금이탈 강등 [7]·🔴🔴)
[T-2분 왕축 동결] 사세보 8경주: [1, 4] → [1, 4] 유지(cur_mb=2)
[경륜 추천 모순 수정] 고배당 강제조합 1건 메인→복병 이동(25배 상한)
[B라인 그물망] 사세보 8경주: B라인[7, 3] 삼복승보험 [[3, 5, 7]] 추가
[잔존마 필터] 삿포로 7경주: 전적 11두 → 배당 출전마 6두 (배당 없는 마번 제외: [7, 8, 9, 10, 11])
[각질편성] 삿포로 7경주: 선행0·선입0·추입0 → 🐌 느린 페이스
[복승불일치 축교정] 삿포로 7경주: 축 [2, 5]로 교정(자금이탈 강등 [6]·🔴🔴)
[잔존마 필터] 삿포로 7경주: 전적 11두 → 배당 출전마 6두 (배당 없는 마번 제외: [7, 8, 9, 10, 11])
[각질편성] 삿포로 7경주: 선행0·선입0·추입0 → 🐌 느린 페이스
[복승불일치 축교정] 삿포로 7경주: 축 [2, 5]로 교정(자금이탈 강등 [6]·🔴🔴)
[각질편성] 삿포로 8경주: 선행0·선입0·추입0 → 🐌 느린 페이스
[각질편성] 삿포로 8경주: 선행0·선입0·추입0 → 🐌 느린 페이스
[복승불일치 축교정] 아오모리 4경주: 축 [1, 4]로 교정(자금이탈 강등 [7]·🔴🔴)
[다중경주] 하트비트 #61 · 스케줄 ymd=20260801 (-1초 전 갱신 · 트랙 12개)
[3종 수집] 사세보 8경주: {'quinella': 21, 'exacta': 42, 'trio': 0, 'win': 0} (history 12)
[각질편성] 사세보 8경주: 선행2·선입0·추입5 → 보통 페이스
[경륜전개] 사세보 8경주: 보통 · 라인 2개 · 페어 [[4, 1], [7, 3]]
[복승불일치 축교정] 사세보 8경주: 축 [1, 4]로 교정(자금이탈 강등 [7]·🔴🔴)
[잔존마 필터] 삿포로 7경주: 전적 11두 → 배당 출전마 6두 (배당 없는 마번 제외: [7, 8, 9, 10, 11])
[각질편성] 삿포로 7경주: 선행0·선입0·추입0 → 🐌 느린 페이스
[복승불일치 축교정] 삿포로 7경주: 축 [2, 5]로 교정(자금이탈 강등 [6]·🔴🔴)
[T-2분 왕축 동결] 사세보 8경주: [1, 4] → [1, 4] 유지(cur_mb=1)
[경륜 추천 모순 수정] 고배당 강제조합 1건 메인→복병 이동(25배 상한)
[B라인 그물망] 사세보 8경주: B라인[7, 3] 삼복승보험 [[3, 5, 7]] 추가
[자동분석·배경] 사세보 8경주: 마감 113초 전 재분석(rec_history 누적·cycle)
[각질편성] 삿포로 8경주: 선행0·선입0·추입0 → 🐌 느린 페이스
[각질편성] 삿포로 8경주: 선행0·선입0·추입0 → 🐌 느린 페이스
[잔존마 필터] 삿포로 7경주: 전적 11두 → 배당 출전마 6두 (배당 없는 마번 제외: [7, 8, 9, 10, 11])
[각질편성] 삿포로 7경주: 선행0·선입0·추입0 → 🐌 느린 페이스
[복승불일치 축교정] 삿포로 7경주: 축 [2, 5]로 교정(자금이탈 강등 [6]·🔴🔴)
[잔존마 필터] 삿포로 7경주: 전적 11두 → 배당 출전마 6두 (배당 없는 마번 제외: [7, 8, 9, 10, 11])
[각질편성] 삿포로 7경주: 선행0·선입0·추입0 → 🐌 느린 페이스
[복승불일치 축교정] 삿포로 7경주: 축 [2, 5]로 교정(자금이탈 강등 [6]·🔴🔴)
[각질편성] 삿포로 8경주: 선행0·선입0·추입0 → 🐌 느린 페이스
[한국 전적] 삿포로 8경주: 11두 저장(PDF, 전적 11두)
[각질편성] 삿포로 8경주: 선행0·선입0·추입0 → 🐌 느린 페이스
[각질편성] 삿포로 8경주: 선행0·선입0·추입0 → 🐌 느린 페이스
[각질편성] 삿포로 8경주: 선행0·선입0·추입0 → 🐌 느린 페이스
[한국이력 검역] 거부 — 파일=서울 8R / 본문 raceKey=삿포로 8경주 (경마장 불일치)
[3종 수집] 삿포로 8경주: {'quinella': 55, 'exacta': 0, 'trio': 165, 'win': 0} (history 12)
[JRA수집] 1경주 수집 · 0경주 생략(확장 우선) · 0.26초 · 다음 60초 · 🔬관찰모드
[각질편성] 삿포로 8경주: 선행0·선입0·추입0 → 🐌 느린 페이스
[각질편성] 삿포로 8경주: 선행0·선입0·추입0 → 🐌 느린 페이스
[3종 수집] 사세보 8경주: {'quinella': 21, 'exacta': 42, 'trio': 0, 'win': 0} (history 12)
[각질편성] 사세보 8경주: 선행2·선입0·추입5 → 보통 페이스
[경륜전개] 사세보 8경주: 보통 · 라인 2개 · 페어 [[4, 1], [7, 3]]
[복승불일치 축교정] 사세보 8경주: 축 [1, 4]로 교정(자금이탈 강등 [7]·🔴🔴)
[T-2분 왕축 동결] 사세보 8경주: [1, 4] → [1, 4] 유지(cur_mb=1)
[경륜 추천 모순 수정] 고배당 강제조합 1건 메인→복병 이동(25배 상한)
[B라인 그물망] 사세보 8경주: B라인[7, 3] 삼복승보험 [[3, 5, 7]] 추가
[자동분석·배경] 사세보 8경주: 마감 80초 전 재분석(rec_history 누적·cycle)
[잔존마 필터] 삿포로 7경주: 전적 11두 → 배당 출전마 6두 (배당 없는 마번 제외: [7, 8, 9, 10, 11])
[각질편성] 삿포로 7경주: 선행0·선입0·추입0 → 🐌 느린 페이스
[복승불일치 축교정] 삿포로 7경주: 축 [2, 5]로 교정(자금이탈 강등 [6]·🔴🔴)
[잔존마 필터] 삿포로 7경주: 전적 11두 → 배당 출전마 6두 (배당 없는 마번 제외: [7, 8, 9, 10, 11])
[각질편성] 삿포로 7경주: 선행0·선입0·추입0 → 🐌 느린 페이스
[복승불일치 축교정] 삿포로 7경주: 축 [2, 5]로 교정(자금이탈 강등 [6]·🔴🔴)
[잔존마 필터] 삿포로 7경주: 전적 11두 → 배당 출전마 6두 (배당 없는 마번 제외: [7, 8, 9, 10, 11])
[각질편성] 삿포로 7경주: 선행0·선입0·추입0 → 🐌 느린 페이스
[복승불일치 축교정] 아오모리 4경주: 축 [1, 4]로 교정(자금이탈 강등 [7]·🔴🔴)
[각질편성] 삿포로 8경주: 선행0·선입0·추입0 → 🐌 느린 페이스
[각질편성] 삿포로 8경주: 선행0·선입0·추입0 → 🐌 느린 페이스
[복승불일치 축교정] 삿포로 7경주: 축 [2, 5]로 교정(자금이탈 강등 [6]·🔴🔴)
[각질편성] 삿포로 8경주: 선행0·선입0·추입0 → 🐌 느린 페이스
[복승불일치 축교정] 아오모리 5경주: 축 [1, 3]로 교정(자금이탈 강등 [6]·🔴)
[placeholder 필터] 호후 6경주 쌍승 껍데기 배당 3조합 제외(값: [300.2])
[복승불일치 축교정] 호후 6경주: 축 [1, 5]로 교정(자금이탈 강등 [7]·🔴)
[placeholder 필터] 아오모리 7경주 쌍승 껍데기 배당 3조합 제외(값: [1703.0])
[복승불일치 축교정] 호후 7경주: 축 [2, 5]로 교정(자금이탈 강등 [1]·🔴🔴)
[각질편성] 삿포로 8경주: 선행0·선입0·추입0 → 🐌 느린 페이스
[각질편성] 삿포로 8경주: 선행0·선입0·추입0 → 🐌 느린 페이스
[복승불일치 축교정] 사세보 2경주: 축 [2, 7]로 교정(자금이탈 강등 [1]·🔴🔴)
[복승불일치 축교정] 기후 2경주: 축 [3, 4]로 교정(자금이탈 강등 [6]·🔴🔴)
[복승불일치 축교정] 사세보 3경주: 축 [1, 5]로 교정(자금이탈 강등 [7]·🔴🔴)
[복승불일치 축교정] 오다와라 3경주: 축 [3, 9]로 교정(자금이탈 강등 [1]·🔴)
[복승불일치 축교정] 기후 3경주: 축 [5, 7]로 교정(자금이탈 강등 [4]·🔴🔴)
[복승불일치 축교정] 사세보 4경주: 축 [1, 4]로 교정(자금이탈 강등 [7]·🔴🔴)
[placeholder 필터] 오다와라 4경주 쌍승 껍데기 배당 4조합 제외(값: [859.9])
[복승불일치 축교정] 기후 4경주: 축 [1, 4]로 교정(자금이탈 강등 [2]·🔴🔴)
[각질편성] 오다와라 5경주: 선행3·선입0·추입6 → ⚡ 빠른 페이스
[경륜전개] 오다와라 5경주: 슬로우(단독 선행) · 라인 3개 · 페어 [[2, 5], [1, 8], [3, 7]]
[각질편성] 기후 5경주: 선행2·선입0·추입5 → 보통 페이스
[경륜전개] 기후 5경주: 보통 · 라인 2개 · 페어 [[1, 5], [3, 7]]
[결과기록] 캐시 갱신 — 재파싱 1건 / 전체 1684건
[각질편성] 사세보 6경주: 선행3·선입0·추입3 → ⚡ 빠른 페이스
[경륜전개] 사세보 6경주: 보통 · 라인 3개 · 페어 [[4, 2], [1, 5]]
[각질편성] 오다와라 6경주: 선행3·선입0·추입6 → ⚡ 빠른 페이스
[경륜전개] 오다와라 6경주: 보통 · 라인 3개 · 페어 [[1, 9], [5, 2], [8, 3]]
[각질편성] 기후 6경주: 선행1·선입0·추입5 → 🐌 느린 페이스
[경륜전개] 기후 6경주: 슬로우(단독 선행) · 라인 2개 · 페어 [[1, 2]]
[각질편성] 사세보 7경주: 선행2·선입0·추입5 → 보통 페이스
[경륜전개] 사세보 7경주: 보통 · 라인 2개 · 페어 [[5, 3], [6, 1]]
[각질편성] 오다와라 7경주: 선행3·선입0·추입6 → ⚡ 빠른 페이스
[경륜전개] 오다와라 7경주: 보통 · 라인 3개 · 페어 [[7, 2], [9, 1], [8, 3]]
[각질편성] 기후 7경주: 선행2·선입0·추입5 → 보통 페이스
[경륜전개] 기후 7경주: 슬로우(단독 선행) · 라인 2개 · 페어 [[3, 5], [4, 1]]
[각질편성] 사세보 8경주: 선행2·선입0·추입5 → 보통 페이스
[경륜전개] 사세보 8경주: 보통 · 라인 2개 · 페어 [[4, 1], [7, 3]]
[복승불일치 축교정] 사세보 8경주: 축 [1, 4]로 교정(자금이탈 강등 [7]·🔴🔴)
[T-2분 왕축 동결] 사세보 8경주: [1, 4] → [1, 4] 유지(cur_mb=1)
[경륜 추천 모순 수정] 고배당 강제조합 1건 메인→복병 이동(25배 상한)
[B라인 그물망] 사세보 8경주: B라인[7, 3] 삼복승보험 [[3, 5, 7]] 추가
[잔존마 필터] 삿포로 7경주: 전적 11두 → 배당 출전마 6두 (배당 없는 마번 제외: [7, 8, 9, 10, 11])
[각질편성] 삿포로 7경주: 선행0·선입0·추입0 → 🐌 느린 페이스
[복승불일치 축교정] 삿포로 7경주: 축 [2, 5]로 교정(자금이탈 강등 [6]·🔴🔴)
[각질편성] 삿포로 8경주: 선행0·선입0·추입0 → 🐌 느린 페이스
[각질편성] 삿포로 8경주: 선행0·선입0·추입0 → 🐌 느린 페이스
[각질편성] 삿포로 8경주: 선행0·선입0·추입0 → 🐌 느린 페이스
[3종 수집] 사세보 8경주: {'quinella': 21, 'exacta': 42, 'trio': 0, 'win': 0} (history 12)
[각질편성] 사세보 8경주: 선행2·선입0·추입5 → 보통 페이스
[경륜전개] 사세보 8경주: 보통 · 라인 2개 · 페어 [[4, 1], [7, 3]]
[복승불일치 축교정] 사세보 8경주: 축 [1, 4]로 교정(자금이탈 강등 [7]·🔴🔴)
[경륜 추천 모순 수정] 고배당 강제조합 1건 메인→복병 이동(25배 상한)
[B라인 그물망] 사세보 8경주: B라인[7, 3] 삼복승보험 [[3, 5, 7]] 추가
[자동분석·배경] 사세보 8경주: 마감 48초 전 재분석(rec_history 누적·cycle)
[잔존마 필터] 삿포로 7경주: 전적 11두 → 배당 출전마 6두 (배당 없는 마번 제외: [7, 8, 9, 10, 11])
[각질편성] 삿포로 7경주: 선행0·선입0·추입0 → 🐌 느린 페이스
[복승불일치 축교정] 삿포로 7경주: 축 [2, 5]로 교정(자금이탈 강등 [6]·🔴🔴)
[각질편성] 삿포로 8경주: 선행0·선입0·추입0 → 🐌 느린 페이스
[각질편성] 삿포로 8경주: 선행0·선입0·추입0 → 🐌 느린 페이스
[3종 수집] 삿포로 8경주: {'quinella': 55, 'exacta': 0, 'trio': 165, 'win': 0} (history 12)
[JRA수집] 1경주 수집 · 0경주 생략(확장 우선) · 0.31초 · 다음 60초 · 🔬관찰모드
[각질편성] 삿포로 8경주: 선행0·선입0·추입0 → 🐌 느린 페이스
[각질편성] 삿포로 8경주: 선행0·선입0·추입0 → 🐌 느린 페이스
[3종 수집] 사세보 8경주: {'quinella': 21, 'exacta': 42, 'trio': 0, 'win': 0} (history 12)
[잔존마 필터] 삿포로 7경주: 전적 11두 → 배당 출전마 6두 (배당 없는 마번 제외: [7, 8, 9, 10, 11])
[각질편성] 삿포로 7경주: 선행0·선입0·추입0 → 🐌 느린 페이스
[잔존마 필터] 삿포로 7경주: 전적 11두 → 배당 출전마 6두 (배당 없는 마번 제외: [7, 8, 9, 10, 11])
[각질편성] 삿포로 8경주: 선행0·선입0·추입0 → 🐌 느린 페이스
[복승불일치 축교정] 삿포로 7경주: 축 [2, 5]로 교정(자금이탈 강등 [6]·🔴🔴)
[각질편성] 삿포로 7경주: 선행0·선입0·추입0 → 🐌 느린 페이스
[복승불일치 축교정] 삿포로 7경주: 축 [2, 5]로 교정(자금이탈 강등 [6]·🔴🔴)
[각질편성] 삿포로 8경주: 선행0·선입0·추입0 → 🐌 느린 페이스
[각질편성] 삿포로 8경주: 선행0·선입0·추입0 → 🐌 느린 페이스
[잔존마 필터] 삿포로 7경주: 전적 11두 → 배당 출전마 6두 (배당 없는 마번 제외: [7, 8, 9, 10, 11])
[복승불일치 축교정] 아오모리 4경주: 축 [1, 4]로 교정(자금이탈 강등 [7]·🔴🔴)
[각질편성] 삿포로 7경주: 선행0·선입0·추입0 → 🐌 느린 페이스
[복승불일치 축교정] 삿포로 7경주: 축 [2, 5]로 교정(자금이탈 강등 [6]·🔴🔴)
[각질편성] 삿포로 8경주: 선행0·선입0·추입0 → 🐌 느린 페이스
[한국 전적] 삿포로 8경주: 11두 저장(PDF, 전적 11두)
[각질편성] 삿포로 8경주: 선행0·선입0·추입0 → 🐌 느린 페이스
[복승불일치 축교정] 아오모리 5경주: 축 [1, 3]로 교정(자금이탈 강등 [6]·🔴)
[각질편성] 삿포로 8경주: 선행0·선입0·추입0 → 🐌 느린 페이스
[각질편성] 삿포로 8경주: 선행0·선입0·추입0 → 🐌 느린 페이스
[placeholder 필터] 호후 6경주 쌍승 껍데기 배당 3조합 제외(값: [300.2])
[복승불일치 축교정] 호후 6경주: 축 [1, 5]로 교정(자금이탈 강등 [7]·🔴)
[한국이력 검역] 거부 — 파일=서울 8R / 본문 raceKey=삿포로 8경주 (경마장 불일치)
[placeholder 필터] 아오모리 7경주 쌍승 껍데기 배당 3조합 제외(값: [1703.0])
[복승불일치 축교정] 호후 7경주: 축 [2, 5]로 교정(자금이탈 강등 [1]·🔴🔴)
[복승불일치 축교정] 사세보 2경주: 축 [2, 7]로 교정(자금이탈 강등 [1]·🔴🔴)
[복승불일치 축교정] 기후 2경주: 축 [3, 4]로 교정(자금이탈 강등 [6]·🔴🔴)
[복승불일치 축교정] 사세보 3경주: 축 [1, 5]로 교정(자금이탈 강등 [7]·🔴🔴)
[복승불일치 축교정] 오다와라 3경주: 축 [3, 9]로 교정(자금이탈 강등 [1]·🔴)
[결과기록] 캐시 갱신 — 재파싱 1건 / 전체 1684건
[복승불일치 축교정] 기후 3경주: 축 [5, 7]로 교정(자금이탈 강등 [4]·🔴🔴)
[복승불일치 축교정] 사세보 4경주: 축 [1, 4]로 교정(자금이탈 강등 [7]·🔴🔴)
[placeholder 필터] 오다와라 4경주 쌍승 껍데기 배당 4조합 제외(값: [859.9])
[복승불일치 축교정] 기후 4경주: 축 [1, 4]로 교정(자금이탈 강등 [2]·🔴🔴)
[각질편성] 오다와라 5경주: 선행3·선입0·추입6 → ⚡ 빠른 페이스
[경륜전개] 오다와라 5경주: 슬로우(단독 선행) · 라인 3개 · 페어 [[2, 5], [1, 8], [3, 7]]
[각질편성] 기후 5경주: 선행2·선입0·추입5 → 보통 페이스
[경륜전개] 기후 5경주: 보통 · 라인 2개 · 페어 [[1, 5], [3, 7]]
[각질편성] 사세보 6경주: 선행3·선입0·추입3 → ⚡ 빠른 페이스
[경륜전개] 사세보 6경주: 보통 · 라인 3개 · 페어 [[4, 2], [1, 5]]
[각질편성] 오다와라 6경주: 선행3·선입0·추입6 → ⚡ 빠른 페이스
[경륜전개] 오다와라 6경주: 보통 · 라인 3개 · 페어 [[1, 9], [5, 2], [8, 3]]
[각질편성] 기후 6경주: 선행1·선입0·추입5 → 🐌 느린 페이스
[경륜전개] 기후 6경주: 슬로우(단독 선행) · 라인 2개 · 페어 [[1, 2]]
[각질편성] 사세보 7경주: 선행2·선입0·추입5 → 보통 페이스
[경륜전개] 사세보 7경주: 보통 · 라인 2개 · 페어 [[5, 3], [6, 1]]
[각질편성] 오다와라 7경주: 선행3·선입0·추입6 → ⚡ 빠른 페이스
[경륜전개] 오다와라 7경주: 보통 · 라인 3개 · 페어 [[7, 2], [9, 1], [8, 3]]
[각질편성] 기후 7경주: 선행2·선입0·추입5 → 보통 페이스
[경륜전개] 기후 7경주: 슬로우(단독 선행) · 라인 2개 · 페어 [[3, 5], [4, 1]]
[각질편성] 사세보 8경주: 선행2·선입0·추입5 → 보통 페이스
[경륜전개] 사세보 8경주: 보통 · 라인 2개 · 페어 [[4, 1], [7, 3]]
[복승불일치 축교정] 사세보 8경주: 축 [1, 4]로 교정(자금이탈 강등 [7]·🔴🔴)
[경륜 추천 모순 수정] 고배당 강제조합 1건 메인→복병 이동(25배 상한)
[B라인 그물망] 사세보 8경주: B라인[7, 3] 삼복승보험 [[3, 5, 7]] 추가
[잔존마 필터] 삿포로 7경주: 전적 11두 → 배당 출전마 6두 (배당 없는 마번 제외: [7, 8, 9, 10, 11])
[각질편성] 삿포로 7경주: 선행0·선입0·추입0 → 🐌 느린 페이스
[복승불일치 축교정] 삿포로 7경주: 축 [2, 5]로 교정(자금이탈 강등 [6]·🔴🔴)
[각질편성] 삿포로 8경주: 선행0·선입0·추입0 → 🐌 느린 페이스
[각질편성] 삿포로 8경주: 선행0·선입0·추입0 → 🐌 느린 페이스
[각질편성] 삿포로 8경주: 선행0·선입0·추입0 → 🐌 느린 페이스
[경륜 전적·자동] 오다와라 8경주: 9두 수집(競走得点·절대등급 A/B/C/D·라인[1, 7, 4, 2, 5, 8, 3, 9, 6]) → 통합등급 자동 반영
[3종 수집] 오다와라 8경주: {'quinella': 36, 'exacta': 72, 'trio': 0, 'win': 0} (history 1)
[3종 수집] 사세보 8경주: {'quinella': 21, 'exacta': 42, 'trio': 0, 'win': 0} (history 12)
🔮 [예측] 오다와라 8경주: top3=[1, 7, 2] conf=4 · 경기 총평에서 河端과 橋本의 연대 가능성을 명시적으로 언급하며 특정 라인
[각질편성] 오다와라 8경주: 선행3·선입0·추입6 → ⚡ 빠른 페이스
[경륜전개] 오다와라 8경주: 슬로우(단독 선행) · 라인 3개 · 페어 [[1, 7], [3, 9], [2, 5]]
[자동분석·배경] 오다와라 8경주: 마감 585초 전 재분석(rec_history 누적·cycle)
[각질편성] 오다와라 8경주: 선행3·선입0·추입6 → ⚡ 빠른 페이스
[경륜전개] 오다와라 8경주: 슬로우(단독 선행) · 라인 3개 · 페어 [[1, 7], [3, 9], [2, 5]]
[각질편성] 삿포로 8경주: 선행0·선입0·추입0 → 🐌 느린 페이스
[각질편성] 삿포로 8경주: 선행0·선입0·추입0 → 🐌 느린 페이스
[잔존마 필터] 삿포로 7경주: 전적 11두 → 배당 출전마 6두 (배당 없는 마번 제외: [7, 8, 9, 10, 11])
[각질편성] 삿포로 7경주: 선행0·선입0·추입0 → 🐌 느린 페이스
[복승불일치 축교정] 삿포로 7경주: 축 [2, 5]로 교정(자금이탈 강등 [6]·🔴🔴)
[각질편성] 삿포로 8경주: 선행0·선입0·추입0 → 🐌 느린 페이스
[각질편성] 삿포로 8경주: 선행0·선입0·추입0 → 🐌 느린 페이스
[잔존마 필터] 삿포로 7경주: 전적 11두 → 배당 출전마 6두 (배당 없는 마번 제외: [7, 8, 9, 10, 11])
[각질편성] 삿포로 7경주: 선행0·선입0·추입0 → 🐌 느린 페이스
[잔존마 필터] 삿포로 7경주: 전적 11두 → 배당 출전마 6두 (배당 없는 마번 제외: [7, 8, 9, 10, 11])[각질편성] 삿포로 8경주: 선행0·선입0·추입0 → 🐌 느린 페이스
[복승불일치 축교정] 삿포로 7경주: 축 [2, 5]로 교정(자금이탈 강등 [6]·🔴🔴)
[각질편성] 삿포로 8경주: 선행0·선입0·추입0 → 🐌 느린 페이스
[각질편성] 삿포로 8경주: 선행0·선입0·추입0 → 🐌 느린 페이스

[각질편성] 삿포로 7경주: 선행0·선입0·추입0 → 🐌 느린 페이스
[복승불일치 축교정] 삿포로 7경주: 축 [2, 5]로 교정(자금이탈 강등 [6]·🔴🔴)
[복승불일치 축교정] 아오모리 4경주: 축 [1, 4]로 교정(자금이탈 강등 [7]·🔴🔴)
[각질편성] 삿포로 8경주: 선행0·선입0·추입0 → 🐌 느린 페이스
[한국 전적] 삿포로 8경주: 11두 저장(PDF, 전적 11두)
[각질편성] 삿포로 8경주: 선행0·선입0·추입0 → 🐌 느린 페이스
[복승불일치 축교정] 아오모리 5경주: 축 [1, 3]로 교정(자금이탈 강등 [6]·🔴)
[placeholder 필터] 호후 6경주 쌍승 껍데기 배당 3조합 제외(값: [300.2])
[복승불일치 축교정] 호후 6경주: 축 [1, 5]로 교정(자금이탈 강등 [7]·🔴)
[각질편성] 삿포로 8경주: 선행0·선입0·추입0 → 🐌 느린 페이스
[각질편성] 삿포로 8경주: 선행0·선입0·추입0 → 🐌 느린 페이스
[placeholder 필터] 아오모리 7경주 쌍승 껍데기 배당 3조합 제외(값: [1703.0])
[복승불일치 축교정] 호후 7경주: 축 [2, 5]로 교정(자금이탈 강등 [1]·🔴🔴)
[한국이력 검역] 거부 — 파일=서울 8R / 본문 raceKey=삿포로 8경주 (경마장 불일치)
[3종 수집] 사세보 8경주: {'quinella': 21, 'exacta': 42, 'trio': 0, 'win': 0} (history 12)
[잔존마 필터] 삿포로 7경주: 전적 11두 → 배당 출전마 6두 (배당 없는 마번 제외: [7, 8, 9, 10, 11])
[각질편성] 삿포로 7경주: 선행0·선입0·추입0 → 🐌 느린 페이스
[복승불일치 축교정] 삿포로 7경주: 축 [2, 5]로 교정(자금이탈 강등 [6]·🔴🔴)
[3종 수집] 오다와라 8경주: {'quinella': 36, 'exacta': 72, 'trio': 0, 'win': 0} (history 2)
[각질편성] 오다와라 8경주: 선행3·선입0·추입6 → ⚡ 빠른 페이스
[경륜전개] 오다와라 8경주: 슬로우(단독 선행) · 라인 3개 · 페어 [[1, 7], [3, 9], [2, 5]]
[복승불일치 축교정] 오다와라 8경주: 축 [1, 7]로 교정(자금이탈 강등 [2]·🔴🔴)
🔎 [결정론 검수] 오다와라 8경주: B라인누락
[자동분석·배경] 오다와라 8경주: 마감 549초 전 재분석(rec_history 누적·cycle)
[각질편성] 사세보 8경주: 선행2·선입0·추입5 → 보통 페이스
[경륜전개] 사세보 8경주: 보통 · 라인 2개 · 페어 [[4, 1], [7, 3]]
[카톡 변경알림] 사세보 8경주 발송: 복승 추가: 1+2 / 복승 제외: 1+5
[복승불일치 축교정] 사세보 2경주: 축 [2, 7]로 교정(자금이탈 강등 [1]·🔴🔴)
[결과기록] 캐시 갱신 — 재파싱 1건 / 전체 1685건
[복승불일치 축교정] 기후 2경주: 축 [3, 4]로 교정(자금이탈 강등 [6]·🔴🔴)
[복승불일치 축교정] 사세보 3경주: 축 [1, 5]로 교정(자금이탈 강등 [7]·🔴🔴)
[복승불일치 축교정] 오다와라 3경주: 축 [3, 9]로 교정(자금이탈 강등 [1]·🔴)
[복승불일치 축교정] 기후 3경주: 축 [5, 7]로 교정(자금이탈 강등 [4]·🔴🔴)
[복승불일치 축교정] 사세보 4경주: 축 [1, 4]로 교정(자금이탈 강등 [7]·🔴🔴)
[placeholder 필터] 오다와라 4경주 쌍승 껍데기 배당 4조합 제외(값: [859.9])
[복승불일치 축교정] 기후 4경주: 축 [1, 4]로 교정(자금이탈 강등 [2]·🔴🔴)
[각질편성] 오다와라 5경주: 선행3·선입0·추입6 → ⚡ 빠른 페이스
[경륜전개] 오다와라 5경주: 슬로우(단독 선행) · 라인 3개 · 페어 [[2, 5], [1, 8], [3, 7]]
[각질편성] 기후 5경주: 선행2·선입0·추입5 → 보통 페이스
[경륜전개] 기후 5경주: 보통 · 라인 2개 · 페어 [[1, 5], [3, 7]]
[각질편성] 사세보 6경주: 선행3·선입0·추입3 → ⚡ 빠른 페이스
[경륜전개] 사세보 6경주: 보통 · 라인 3개 · 페어 [[4, 2], [1, 5]]
[각질편성] 오다와라 6경주: 선행3·선입0·추입6 → ⚡ 빠른 페이스
[경륜전개] 오다와라 6경주: 보통 · 라인 3개 · 페어 [[1, 9], [5, 2], [8, 3]]
[각질편성] 기후 6경주: 선행1·선입0·추입5 → 🐌 느린 페이스
[경륜전개] 기후 6경주: 슬로우(단독 선행) · 라인 2개 · 페어 [[1, 2]]
[각질편성] 사세보 7경주: 선행2·선입0·추입5 → 보통 페이스
[경륜전개] 사세보 7경주: 보통 · 라인 2개 · 페어 [[5, 3], [6, 1]]
[각질편성] 오다와라 7경주: 선행3·선입0·추입6 → ⚡ 빠른 페이스
[경륜전개] 오다와라 7경주: 보통 · 라인 3개 · 페어 [[7, 2], [9, 1], [8, 3]]
[각질편성] 기후 7경주: 선행2·선입0·추입5 → 보통 페이스
[경륜전개] 기후 7경주: 슬로우(단독 선행) · 라인 2개 · 페어 [[3, 5], [4, 1]]
[각질편성] 사세보 8경주: 선행2·선입0·추입5 → 보통 페이스
[경륜전개] 사세보 8경주: 보통 · 라인 2개 · 페어 [[4, 1], [7, 3]]
[각질편성] 오다와라 8경주: 선행3·선입0·추입6 → ⚡ 빠른 페이스
[경륜전개] 오다와라 8경주: 슬로우(단독 선행) · 라인 3개 · 페어 [[1, 7], [3, 9], [2, 5]]
[각질편성] 삿포로 8경주: 선행0·선입0·추입0 → 🐌 느린 페이스
[잔존마 필터] 삿포로 7경주: 전적 11두 → 배당 출전마 6두 (배당 없는 마번 제외: [7, 8, 9, 10, 11])
[각질편성] 삿포로 7경주: 선행0·선입0·추입0 → 🐌 느린 페이스
[복승불일치 축교정] 삿포로 7경주: 축 [2, 5]로 교정(자금이탈 강등 [6]·🔴🔴)
[각질편성] 삿포로 8경주: 선행0·선입0·추입0 → 🐌 느린 페이스
[각질편성] 삿포로 8경주: 선행0·선입0·추입0 → 🐌 느린 페이스
[각질편성] 삿포로 8경주: 선행0·선입0·추입0 → 🐌 느린 페이스
[잔존마 필터] 삿포로 7경주: 전적 11두 → 배당 출전마 6두 (배당 없는 마번 제외: [7, 8, 9, 10, 11])
[각질편성] 삿포로 7경주: 선행0·선입0·추입0 → 🐌 느린 페이스
[복승불일치 축교정] 삿포로 7경주: 축 [2, 5]로 교정(자금이탈 강등 [6]·🔴🔴)
[3종 수집] 사세보 8경주: {'quinella': 21, 'exacta': 42, 'trio': 0, 'win': 0} (history 12)
[3종 수집] 오다와라 8경주: {'quinella': 36, 'exacta': 72, 'trio': 0, 'win': 0} (history 3)
[placeholder 필터] 오다와라 8경주 쌍승 껍데기 배당 3조합 제외(값: [360.4])
[각질편성] 오다와라 8경주: 선행3·선입0·추입6 → ⚡ 빠른 페이스
[경륜전개] 오다와라 8경주: 슬로우(단독 선행) · 라인 3개 · 페어 [[1, 7], [3, 9], [2, 5]]
[경륜 추천 모순 수정] 고배당 강제조합 2건 메인→복병 이동(25배 상한)
[자동분석·배경] 오다와라 8경주: 마감 515초 전 재분석(rec_history 누적·cycle)
[잔존마 필터] 삿포로 7경주: 전적 11두 → 배당 출전마 6두 (배당 없는 마번 제외: [7, 8, 9, 10, 11])
[각질편성] 삿포로 7경주: 선행0·선입0·추입0 → 🐌 느린 페이스
[각질편성] 삿포로 8경주: 선행0·선입0·추입0 → 🐌 느린 페이스
[잔존마 필터] 삿포로 7경주: 전적 11두 → 배당 출전마 6두 (배당 없는 마번 제외: [7, 8, 9, 10, 11])
[각질편성] 삿포로 7경주: 선행0·선입0·추입0 → 🐌 느린 페이스
[복승불일치 축교정] 아오모리 4경주: 축 [1, 4]로 교정(자금이탈 강등 [7]·🔴🔴)
[복승불일치 축교정] 삿포로 7경주: 축 [2, 5]로 교정(자금이탈 강등 [6]·🔴🔴)
[각질편성] 삿포로 8경주: 선행0·선입0·추입0 → 🐌 느린 페이스
[각질편성] 삿포로 8경주: 선행0·선입0·추입0 → 🐌 느린 페이스
[각질편성] 삿포로 8경주: 선행0·선입0·추입0 → 🐌 느린 페이스[복승불일치 축교정] 삿포로 7경주: 축 [2, 5]로 교정(자금이탈 강등 [6]·🔴🔴)

[각질편성] 삿포로 8경주: 선행0·선입0·추입0 → 🐌 느린 페이스
[각질편성] 삿포로 8경주: 선행0·선입0·추입0 → 🐌 느린 페이스
[한국 전적] 삿포로 8경주: 11두 저장(PDF, 전적 11두)
[각질편성] 삿포로 8경주: 선행0·선입0·추입0 → 🐌 느린 페이스
[복승불일치 축교정] 아오모리 5경주: 축 [1, 3]로 교정(자금이탈 강등 [6]·🔴)
[placeholder 필터] 호후 6경주 쌍승 껍데기 배당 3조합 제외(값: [300.2])
[복승불일치 축교정] 호후 6경주: 축 [1, 5]로 교정(자금이탈 강등 [7]·🔴)
[placeholder 필터] 아오모리 7경주 쌍승 껍데기 배당 3조합 제외(값: [1703.0])
[복승불일치 축교정] 호후 7경주: 축 [2, 5]로 교정(자금이탈 강등 [1]·🔴🔴)
[한국이력 검역] 거부 — 파일=서울 8R / 본문 raceKey=삿포로 8경주 (경마장 불일치)
[복승불일치 축교정] 사세보 2경주: 축 [2, 7]로 교정(자금이탈 강등 [1]·🔴🔴)
[복승불일치 축교정] 기후 2경주: 축 [3, 4]로 교정(자금이탈 강등 [6]·🔴🔴)
[복승불일치 축교정] 사세보 3경주: 축 [1, 5]로 교정(자금이탈 강등 [7]·🔴🔴)
[복승불일치 축교정] 오다와라 3경주: 축 [3, 9]로 교정(자금이탈 강등 [1]·🔴)
[복승불일치 축교정] 기후 3경주: 축 [5, 7]로 교정(자금이탈 강등 [4]·🔴🔴)
[잔존마 필터] 삿포로 7경주: 전적 11두 → 배당 출전마 6두 (배당 없는 마번 제외: [7, 8, 9, 10, 11])
[각질편성] 삿포로 7경주: 선행0·선입0·추입0 → 🐌 느린 페이스
[복승불일치 축교정] 삿포로 7경주: 축 [2, 5]로 교정(자금이탈 강등 [6]·🔴🔴)
[복승불일치 축교정] 사세보 4경주: 축 [1, 4]로 교정(자금이탈 강등 [7]·🔴🔴)
[결과기록] 캐시 갱신 — 재파싱 1건 / 전체 1685건
[placeholder 필터] 오다와라 4경주 쌍승 껍데기 배당 4조합 제외(값: [859.9])
[복승불일치 축교정] 기후 4경주: 축 [1, 4]로 교정(자금이탈 강등 [2]·🔴🔴)
[각질편성] 오다와라 5경주: 선행3·선입0·추입6 → ⚡ 빠른 페이스
[경륜전개] 오다와라 5경주: 슬로우(단독 선행) · 라인 3개 · 페어 [[2, 5], [1, 8], [3, 7]]
[각질편성] 기후 5경주: 선행2·선입0·추입5 → 보통 페이스
[경륜전개] 기후 5경주: 보통 · 라인 2개 · 페어 [[1, 5], [3, 7]]
[각질편성] 사세보 6경주: 선행3·선입0·추입3 → ⚡ 빠른 페이스
[경륜전개] 사세보 6경주: 보통 · 라인 3개 · 페어 [[4, 2], [1, 5]]
[각질편성] 오다와라 6경주: 선행3·선입0·추입6 → ⚡ 빠른 페이스
[경륜전개] 오다와라 6경주: 보통 · 라인 3개 · 페어 [[1, 9], [5, 2], [8, 3]]
[각질편성] 기후 6경주: 선행1·선입0·추입5 → 🐌 느린 페이스
[경륜전개] 기후 6경주: 슬로우(단독 선행) · 라인 2개 · 페어 [[1, 2]]
[각질편성] 사세보 7경주: 선행2·선입0·추입5 → 보통 페이스
[경륜전개] 사세보 7경주: 보통 · 라인 2개 · 페어 [[5, 3], [6, 1]]
[활성정리] 끝난 경주 1건 제거(히스토리 보존): 사세보 7경주
[3종 수집] 사세보 8경주: {'quinella': 21, 'exacta': 42, 'trio': 0, 'win': 0} (history 12)
[각질편성] 오다와라 7경주: 선행3·선입0·추입6 → ⚡ 빠른 페이스
[경륜전개] 오다와라 7경주: 보통 · 라인 3개 · 페어 [[7, 2], [9, 1], [8, 3]]
[각질편성] 기후 7경주: 선행2·선입0·추입5 → 보통 페이스
[경륜전개] 기후 7경주: 슬로우(단독 선행) · 라인 2개 · 페어 [[3, 5], [4, 1]]
[3종 수집] 오다와라 8경주: {'quinella': 36, 'exacta': 72, 'trio': 0, 'win': 0} (history 4)
[각질편성] 사세보 8경주: 선행2·선입0·추입5 → 보통 페이스
[경륜전개] 사세보 8경주: 보통 · 라인 2개 · 페어 [[4, 1], [7, 3]]
[placeholder 필터] 오다와라 8경주 쌍승 껍데기 배당 3조합 제외(값: [360.4])
[각질편성] 오다와라 8경주: 선행3·선입0·추입6 → ⚡ 빠른 페이스
[placeholder 필터] 오다와라 8경주 쌍승 껍데기 배당 3조합 제외(값: [1044.8])
[경륜전개] 오다와라 8경주: 슬로우(단독 선행) · 라인 3개 · 페어 [[1, 7], [3, 9], [2, 5]]
[각질편성] 오다와라 8경주: 선행3·선입0·추입6 → ⚡ 빠른 페이스
[경륜전개] 오다와라 8경주: 슬로우(단독 선행) · 라인 3개 · 페어 [[1, 7], [3, 9], [2, 5]]
[경륜 추천 모순 수정] 고배당 강제조합 2건 메인→복병 이동(25배 상한)
[경륜 추천 모순 수정] 고배당 강제조합 2건 메인→복병 이동(25배 상한)
[자동분석·배경] 오다와라 8경주: 마감 483초 전 재분석(rec_history 누적·cycle)
[잔존마 필터] 삿포로 7경주: 전적 11두 → 배당 출전마 6두 (배당 없는 마번 제외: [7, 8, 9, 10, 11])
[각질편성] 삿포로 7경주: 선행0·선입0·추입0 → 🐌 느린 페이스
[복승불일치 축교정] 삿포로 7경주: 축 [2, 5]로 교정(자금이탈 강등 [6]·🔴🔴)
[각질편성] 삿포로 8경주: 선행0·선입0·추입0 → 🐌 느린 페이스
[잔존마 필터] 삿포로 7경주: 전적 11두 → 배당 출전마 6두 (배당 없는 마번 제외: [7, 8, 9, 10, 11])
[각질편성] 삿포로 7경주: 선행0·선입0·추입0 → 🐌 느린 페이스
[복승불일치 축교정] 삿포로 7경주: 축 [2, 5]로 교정(자금이탈 강등 [6]·🔴🔴)
[3종 수집] 오다와라 8경주: {'quinella': 36, 'exacta': 72, 'trio': 0, 'win': 0} (history 5)
[placeholder 필터] 오다와라 8경주 쌍승 껍데기 배당 3조합 제외(값: [1044.8])
[각질편성] 오다와라 8경주: 선행3·선입0·추입6 → ⚡ 빠른 페이스
[경륜전개] 오다와라 8경주: 슬로우(단독 선행) · 라인 3개 · 페어 [[1, 7], [3, 9], [2, 5]]
[경륜 추천 모순 수정] 고배당 강제조합 2건 메인→복병 이동(25배 상한)
[자동분석·배경] 오다와라 8경주: 마감 449초 전 재분석(rec_history 누적·cycle)
[각질편성] 사세보 8경주: 선행2·선입0·추입5 → 보통 페이스
[경륜전개] 사세보 8경주: 보통 · 라인 2개 · 페어 [[4, 1], [7, 3]]
[placeholder 필터] 오다와라 8경주 쌍승 껍데기 배당 3조합 제외(값: [1044.8])
[각질편성] 오다와라 8경주: 선행3·선입0·추입6 → ⚡ 빠른 페이스
[경륜전개] 오다와라 8경주: 슬로우(단독 선행) · 라인 3개 · 페어 [[1, 7], [3, 9], [2, 5]]
[경륜 추천 모순 수정] 고배당 강제조합 2건 메인→복병 이동(25배 상한)
[카카오알림] 오다와라 8경주 T-7 → 큐 적재
[각질편성] 삿포로 8경주: 선행0·선입0·추입0 → 🐌 느린 페이스
[복승불일치 축교정] 아오모리 4경주: 축 [1, 4]로 교정(자금이탈 강등 [7]·🔴🔴)
[잔존마 필터] 삿포로 7경주: 전적 11두 → 배당 출전마 6두 (배당 없는 마번 제외: [7, 8, 9, 10, 11])
[잔존마 필터] 삿포로 7경주: 전적 11두 → 배당 출전마 6두 (배당 없는 마번 제외: [7, 8, 9, 10, 11])
[각질편성] 삿포로 7경주: 선행0·선입0·추입0 → 🐌 느린 페이스
[각질편성] 삿포로 7경주: 선행0·선입0·추입0 → 🐌 느린 페이스
[각질편성] 삿포로 8경주: 선행0·선입0·추입0 → 🐌 느린 페이스
[각질편성] 삿포로 8경주: 선행0·선입0·추입0 → 🐌 느린 페이스
[복승불일치 축교정] 삿포로 7경주: 축 [2, 5]로 교정(자금이탈 강등 [6]·🔴🔴)
[복승불일치 축교정] 삿포로 7경주: 축 [2, 5]로 교정(자금이탈 강등 [6]·🔴🔴)
[각질편성] 삿포로 8경주: 선행0·선입0·추입0 → 🐌 느린 페이스
[각질편성] 삿포로 8경주: 선행0·선입0·추입0 → 🐌 느린 페이스
[각질편성] 삿포로 8경주: 선행0·선입0·추입0 → 🐌 느린 페이스
[한국 전적] 삿포로 8경주: 11두 저장(PDF, 전적 11두)
[각질편성] 삿포로 8경주: 선행0·선입0·추입0 → 🐌 느린 페이스
[복승불일치 축교정] 아오모리 5경주: 축 [1, 3]로 교정(자금이탈 강등 [6]·🔴)
[placeholder 필터] 호후 6경주 쌍승 껍데기 배당 3조합 제외(값: [300.2])
[복승불일치 축교정] 호후 6경주: 축 [1, 5]로 교정(자금이탈 강등 [7]·🔴)
[placeholder 필터] 아오모리 7경주 쌍승 껍데기 배당 3조합 제외(값: [1703.0])
[복승불일치 축교정] 호후 7경주: 축 [2, 5]로 교정(자금이탈 강등 [1]·🔴🔴)
[복승불일치 축교정] 사세보 2경주: 축 [2, 7]로 교정(자금이탈 강등 [1]·🔴🔴)
[한국이력 검역] 거부 — 파일=서울 8R / 본문 raceKey=삿포로 8경주 (경마장 불일치)
[복승불일치 축교정] 기후 2경주: 축 [3, 4]로 교정(자금이탈 강등 [6]·🔴🔴)
[복승불일치 축교정] 사세보 3경주: 축 [1, 5]로 교정(자금이탈 강등 [7]·🔴🔴)
[복승불일치 축교정] 오다와라 3경주: 축 [3, 9]로 교정(자금이탈 강등 [1]·🔴)
[복승불일치 축교정] 기후 3경주: 축 [5, 7]로 교정(자금이탈 강등 [4]·🔴🔴)
[복승불일치 축교정] 사세보 4경주: 축 [1, 4]로 교정(자금이탈 강등 [7]·🔴🔴)
[placeholder 필터] 오다와라 4경주 쌍승 껍데기 배당 4조합 제외(값: [859.9])
[복승불일치 축교정] 기후 4경주: 축 [1, 4]로 교정(자금이탈 강등 [2]·🔴🔴)
[결과기록] 캐시 갱신 — 재파싱 1건 / 전체 1685건
[각질편성] 오다와라 5경주: 선행3·선입0·추입6 → ⚡ 빠른 페이스
[경륜전개] 오다와라 5경주: 슬로우(단독 선행) · 라인 3개 · 페어 [[2, 5], [1, 8], [3, 7]]
[각질편성] 기후 5경주: 선행2·선입0·추입5 → 보통 페이스
[경륜전개] 기후 5경주: 보통 · 라인 2개 · 페어 [[1, 5], [3, 7]]
[각질편성] 사세보 6경주: 선행3·선입0·추입3 → ⚡ 빠른 페이스
[경륜전개] 사세보 6경주: 보통 · 라인 3개 · 페어 [[4, 2], [1, 5]]
[잔존마 필터] 삿포로 7경주: 전적 11두 → 배당 출전마 6두 (배당 없는 마번 제외: [7, 8, 9, 10, 11])
[각질편성] 오다와라 6경주: 선행3·선입0·추입6 → ⚡ 빠른 페이스
[경륜전개] 오다와라 6경주: 보통 · 라인 3개 · 페어 [[1, 9], [5, 2], [8, 3]]
[각질편성] 삿포로 7경주: 선행0·선입0·추입0 → 🐌 느린 페이스
[복승불일치 축교정] 삿포로 7경주: 축 [2, 5]로 교정(자금이탈 강등 [6]·🔴🔴)
[각질편성] 기후 6경주: 선행1·선입0·추입5 → 🐌 느린 페이스
[경륜전개] 기후 6경주: 슬로우(단독 선행) · 라인 2개 · 페어 [[1, 2]]
[각질편성] 사세보 7경주: 선행2·선입0·추입5 → 보통 페이스
[경륜전개] 사세보 7경주: 보통 · 라인 2개 · 페어 [[5, 3], [6, 1]]
[각질편성] 오다와라 7경주: 선행3·선입0·추입6 → ⚡ 빠른 페이스
[경륜전개] 오다와라 7경주: 보통 · 라인 3개 · 페어 [[7, 2], [9, 1], [8, 3]]
[각질편성] 기후 7경주: 선행2·선입0·추입5 → 보통 페이스
[경륜전개] 기후 7경주: 슬로우(단독 선행) · 라인 2개 · 페어 [[3, 5], [4, 1]]
[각질편성] 사세보 8경주: 선행2·선입0·추입5 → 보통 페이스
[경륜전개] 사세보 8경주: 보통 · 라인 2개 · 페어 [[4, 1], [7, 3]]
[placeholder 필터] 오다와라 8경주 쌍승 껍데기 배당 3조합 제외(값: [1044.8])
[각질편성] 오다와라 8경주: 선행3·선입0·추입6 → ⚡ 빠른 페이스
[경륜전개] 오다와라 8경주: 슬로우(단독 선행) · 라인 3개 · 페어 [[1, 7], [3, 9], [2, 5]]
[경륜 추천 모순 수정] 고배당 강제조합 2건 메인→복병 이동(25배 상한)
[잔존마 필터] 삿포로 7경주: 전적 11두 → 배당 출전마 6두 (배당 없는 마번 제외: [7, 8, 9, 10, 11])
[각질편성] 삿포로 7경주: 선행0·선입0·추입0 → 🐌 느린 페이스
[복승불일치 축교정] 삿포로 7경주: 축 [2, 5]로 교정(자금이탈 강등 [6]·🔴🔴)
[각질편성] 삿포로 8경주: 선행0·선입0·추입0 → 🐌 느린 페이스
[3종 수집] 오다와라 8경주: {'quinella': 36, 'exacta': 72, 'trio': 0, 'win': 0} (history 6)
[placeholder 필터] 오다와라 8경주 쌍승 껍데기 배당 6조합 제외(값: [1054.2, 1886.5])
[각질편성] 오다와라 8경주: 선행3·선입0·추입6 → ⚡ 빠른 페이스
[경륜전개] 오다와라 8경주: 슬로우(단독 선행) · 라인 3개 · 페어 [[1, 7], [3, 9], [2, 5]]
[경륜 추천 모순 수정] 고배당 강제조합 2건 메인→복병 이동(25배 상한)
[자동분석·배경] 오다와라 8경주: 마감 416초 전 재분석(rec_history 누적·cycle)
[잔존마 필터] 삿포로 7경주: 전적 11두 → 배당 출전마 6두 (배당 없는 마번 제외: [7, 8, 9, 10, 11])
[각질편성] 삿포로 7경주: 선행0·선입0·추입0 → 🐌 느린 페이스
[복승불일치 축교정] 삿포로 7경주: 축 [2, 5]로 교정(자금이탈 강등 [6]·🔴🔴)
[다중경주] 하트비트 #71 · 스케줄 ymd=20260801 (-1초 전 갱신 · 트랙 12개)
[3종 수집] 오다와라 8경주: {'quinella': 36, 'exacta': 72, 'trio': 0, 'win': 0} (history 7)
[placeholder 필터] 오다와라 8경주 쌍승 껍데기 배당 6조합 제외(값: [1054.2, 1886.5])
[각질편성] 오다와라 8경주: 선행3·선입0·추입6 → ⚡ 빠른 페이스
[경륜전개] 오다와라 8경주: 슬로우(단독 선행) · 라인 3개 · 페어 [[1, 7], [3, 9], [2, 5]]
[경륜 추천 모순 수정] 고배당 강제조합 2건 메인→복병 이동(25배 상한)
[자동분석·배경] 오다와라 8경주: 마감 384초 전 재분석(rec_history 누적·cycle)
[각질편성] 삿포로 8경주: 선행0·선입0·추입0 → 🐌 느린 페이스
[잔존마 필터] 삿포로 7경주: 전적 11두 → 배당 출전마 6두 (배당 없는 마번 제외: [7, 8, 9, 10, 11])
[잔존마 필터] 삿포로 7경주: 전적 11두 → 배당 출전마 6두 (배당 없는 마번 제외: [7, 8, 9, 10, 11])
[복승불일치 축교정] 아오모리 4경주: 축 [1, 4]로 교정(자금이탈 강등 [7]·🔴🔴)
[각질편성] 삿포로 7경주: 선행0·선입0·추입0 → 🐌 느린 페이스
[각질편성] 삿포로 7경주: 선행0·선입0·추입0 → 🐌 느린 페이스
[각질편성] 삿포로 8경주: 선행0·선입0·추입0 → 🐌 느린 페이스
[각질편성] 삿포로 8경주: 선행0·선입0·추입0 → 🐌 느린 페이스
[복승불일치 축교정] 삿포로 7경주: 축 [2, 5]로 교정(자금이탈 강등 [6]·🔴🔴)
[각질편성] 삿포로 8경주: 선행0·선입0·추입0 → 🐌 느린 페이스
[복승불일치 축교정] 삿포로 7경주: 축 [2, 5]로 교정(자금이탈 강등 [6]·🔴🔴)
[각질편성] 삿포로 8경주: 선행0·선입0·추입0 → 🐌 느린 페이스
[각질편성] 삿포로 8경주: 선행0·선입0·추입0 → 🐌 느린 페이스
[한국 전적] 삿포로 8경주: 11두 저장(PDF, 전적 11두)
[각질편성] 삿포로 8경주: 선행0·선입0·추입0 → 🐌 느린 페이스
[복승불일치 축교정] 아오모리 5경주: 축 [1, 3]로 교정(자금이탈 강등 [6]·🔴)
[placeholder 필터] 호후 6경주 쌍승 껍데기 배당 3조합 제외(값: [300.2])
[복승불일치 축교정] 호후 6경주: 축 [1, 5]로 교정(자금이탈 강등 [7]·🔴)
[placeholder 필터] 아오모리 7경주 쌍승 껍데기 배당 3조합 제외(값: [1703.0])
[복승불일치 축교정] 호후 7경주: 축 [2, 5]로 교정(자금이탈 강등 [1]·🔴🔴)
[한국이력 검역] 거부 — 파일=서울 8R / 본문 raceKey=삿포로 8경주 (경마장 불일치)
[복승불일치 축교정] 사세보 2경주: 축 [2, 7]로 교정(자금이탈 강등 [1]·🔴🔴)
[복승불일치 축교정] 기후 2경주: 축 [3, 4]로 교정(자금이탈 강등 [6]·🔴🔴)
[복승불일치 축교정] 사세보 3경주: 축 [1, 5]로 교정(자금이탈 강등 [7]·🔴🔴)
[복승불일치 축교정] 오다와라 3경주: 축 [3, 9]로 교정(자금이탈 강등 [1]·🔴)
[복승불일치 축교정] 기후 3경주: 축 [5, 7]로 교정(자금이탈 강등 [4]·🔴🔴)
[복승불일치 축교정] 사세보 4경주: 축 [1, 4]로 교정(자금이탈 강등 [7]·🔴🔴)
[placeholder 필터] 오다와라 4경주 쌍승 껍데기 배당 4조합 제외(값: [859.9])
[복승불일치 축교정] 기후 4경주: 축 [1, 4]로 교정(자금이탈 강등 [2]·🔴🔴)
[결과기록] 캐시 갱신 — 재파싱 1건 / 전체 1685건
[각질편성] 오다와라 5경주: 선행3·선입0·추입6 → ⚡ 빠른 페이스
[경륜전개] 오다와라 5경주: 슬로우(단독 선행) · 라인 3개 · 페어 [[2, 5], [1, 8], [3, 7]]
[각질편성] 기후 5경주: 선행2·선입0·추입5 → 보통 페이스
[경륜전개] 기후 5경주: 보통 · 라인 2개 · 페어 [[1, 5], [3, 7]]
[각질편성] 사세보 6경주: 선행3·선입0·추입3 → ⚡ 빠른 페이스
[경륜전개] 사세보 6경주: 보통 · 라인 3개 · 페어 [[4, 2], [1, 5]]
[각질편성] 오다와라 6경주: 선행3·선입0·추입6 → ⚡ 빠른 페이스
[경륜전개] 오다와라 6경주: 보통 · 라인 3개 · 페어 [[1, 9], [5, 2], [8, 3]]
[각질편성] 기후 6경주: 선행1·선입0·추입5 → 🐌 느린 페이스
[경륜전개] 기후 6경주: 슬로우(단독 선행) · 라인 2개 · 페어 [[1, 2]]
[각질편성] 사세보 7경주: 선행2·선입0·추입5 → 보통 페이스
[경륜전개] 사세보 7경주: 보통 · 라인 2개 · 페어 [[5, 3], [6, 1]]
[각질편성] 오다와라 7경주: 선행3·선입0·추입6 → ⚡ 빠른 페이스
[경륜전개] 오다와라 7경주: 보통 · 라인 3개 · 페어 [[7, 2], [9, 1], [8, 3]]
[각질편성] 기후 7경주: 선행2·선입0·추입5 → 보통 페이스
[경륜전개] 기후 7경주: 슬로우(단독 선행) · 라인 2개 · 페어 [[3, 5], [4, 1]]
[각질편성] 사세보 8경주: 선행2·선입0·추입5 → 보통 페이스
[경륜전개] 사세보 8경주: 보통 · 라인 2개 · 페어 [[4, 1], [7, 3]]
[placeholder 필터] 오다와라 8경주 쌍승 껍데기 배당 6조합 제외(값: [1054.2, 1886.5])
[각질편성] 오다와라 8경주: 선행3·선입0·추입6 → ⚡ 빠른 페이스
[경륜전개] 오다와라 8경주: 슬로우(단독 선행) · 라인 3개 · 페어 [[1, 7], [3, 9], [2, 5]]
[경륜 추천 모순 수정] 고배당 강제조합 2건 메인→복병 이동(25배 상한)
[잔존마 필터] 삿포로 7경주: 전적 11두 → 배당 출전마 6두 (배당 없는 마번 제외: [7, 8, 9, 10, 11])
[각질편성] 삿포로 7경주: 선행0·선입0·추입0 → 🐌 느린 페이스
[복승불일치 축교정] 삿포로 7경주: 축 [2, 5]로 교정(자금이탈 강등 [6]·🔴🔴)
[잔존마 필터] 삿포로 7경주: 전적 11두 → 배당 출전마 6두 (배당 없는 마번 제외: [7, 8, 9, 10, 11])
[각질편성] 삿포로 7경주: 선행0·선입0·추입0 → 🐌 느린 페이스
[복승불일치 축교정] 삿포로 7경주: 축 [2, 5]로 교정(자금이탈 강등 [6]·🔴🔴)
[각질편성] 삿포로 8경주: 선행0·선입0·추입0 → 🐌 느린 페이스
[각질편성] 삿포로 8경주: 선행0·선입0·추입0 → 🐌 느린 페이스
[placeholder 필터] 오다와라 8경주 쌍승 껍데기 배당 6조합 제외(값: [1054.2, 1886.5])
[각질편성] 오다와라 8경주: 선행3·선입0·추입6 → ⚡ 빠른 페이스
[경륜전개] 오다와라 8경주: 슬로우(단독 선행) · 라인 3개 · 페어 [[1, 7], [3, 9], [2, 5]]
[경륜 추천 모순 수정] 고배당 강제조합 2건 메인→복병 이동(25배 상한)
[3종 수집] 오다와라 8경주: {'quinella': 36, 'exacta': 72, 'trio': 0, 'win': 0} (history 8)
[스냅샷] 저장: 2026_08_01_오다와라_8경주_T-10.png (659 KB · T-10)
[placeholder 필터] 오다와라 8경주 쌍승 껍데기 배당 6조합 제외(값: [1054.2, 1886.5])
[각질편성] 오다와라 8경주: 선행3·선입0·추입6 → ⚡ 빠른 페이스
[경륜전개] 오다와라 8경주: 슬로우(단독 선행) · 라인 3개 · 페어 [[1, 7], [3, 9], [2, 5]]
[경륜 추천 모순 수정] 고배당 강제조합 2건 메인→복병 이동(25배 상한)
[잔존마 필터] 삿포로 7경주: 전적 11두 → 배당 출전마 6두 (배당 없는 마번 제외: [7, 8, 9, 10, 11])
[각질편성] 삿포로 7경주: 선행0·선입0·추입0 → 🐌 느린 페이스
[복승불일치 축교정] 삿포로 7경주: 축 [2, 5]로 교정(자금이탈 강등 [6]·🔴🔴)
[3종 수집] 오다와라 8경주: {'quinella': 36, 'exacta': 72, 'trio': 0, 'win': 0} (history 9)
[placeholder 필터] 오다와라 8경주 쌍승 껍데기 배당 3조합 제외(값: [1144.3])
[각질편성] 오다와라 8경주: 선행3·선입0·추입6 → ⚡ 빠른 페이스
[경륜전개] 오다와라 8경주: 슬로우(단독 선행) · 라인 3개 · 페어 [[1, 7], [3, 9], [2, 5]]
[경륜 추천 모순 수정] 고배당 강제조합 2건 메인→복병 이동(25배 상한)
[카카오알림] 오다와라 8경주 T-5 → 큐 적재
[잔존마 필터] 삿포로 7경주: 전적 11두 → 배당 출전마 6두 (배당 없는 마번 제외: [7, 8, 9, 10, 11])
[각질편성] 삿포로 7경주: 선행0·선입0·추입0 → 🐌 느린 페이스
[잔존마 필터] 삿포로 7경주: 전적 11두 → 배당 출전마 6두 (배당 없는 마번 제외: [7, 8, 9, 10, 11])
[각질편성] 삿포로 8경주: 선행0·선입0·추입0 → 🐌 느린 페이스
[복승불일치 축교정] 삿포로 7경주: 축 [2, 5]로 교정(자금이탈 강등 [6]·🔴🔴)
[각질편성] 삿포로 7경주: 선행0·선입0·추입0 → 🐌 느린 페이스
[복승불일치 축교정] 아오모리 4경주: 축 [1, 4]로 교정(자금이탈 강등 [7]·🔴🔴)
[복승불일치 축교정] 삿포로 7경주: 축 [2, 5]로 교정(자금이탈 강등 [6]·🔴🔴)
[각질편성] 삿포로 8경주: 선행0·선입0·추입0 → 🐌 느린 페이스
[각질편성] 삿포로 8경주: 선행0·선입0·추입0 → 🐌 느린 페이스
[복승불일치 축교정] 아오모리 5경주: 축 [1, 3]로 교정(자금이탈 강등 [6]·🔴)
[placeholder 필터] 호후 6경주 쌍승 껍데기 배당 3조합 제외(값: [300.2])
[복승불일치 축교정] 호후 6경주: 축 [1, 5]로 교정(자금이탈 강등 [7]·🔴)
[placeholder 필터] 아오모리 7경주 쌍승 껍데기 배당 3조합 제외(값: [1703.0])
[복승불일치 축교정] 호후 7경주: 축 [2, 5]로 교정(자금이탈 강등 [1]·🔴🔴)
[복승불일치 축교정] 사세보 2경주: 축 [2, 7]로 교정(자금이탈 강등 [1]·🔴🔴)
[복승불일치 축교정] 기후 2경주: 축 [3, 4]로 교정(자금이탈 강등 [6]·🔴🔴)
[복승불일치 축교정] 사세보 3경주: 축 [1, 5]로 교정(자금이탈 강등 [7]·🔴🔴)
[복승불일치 축교정] 오다와라 3경주: 축 [3, 9]로 교정(자금이탈 강등 [1]·🔴)
[복승불일치 축교정] 기후 3경주: 축 [5, 7]로 교정(자금이탈 강등 [4]·🔴🔴)
[복승불일치 축교정] 사세보 4경주: 축 [1, 4]로 교정(자금이탈 강등 [7]·🔴🔴)
[placeholder 필터] 오다와라 4경주 쌍승 껍데기 배당 4조합 제외(값: [859.9])
[복승불일치 축교정] 기후 4경주: 축 [1, 4]로 교정(자금이탈 강등 [2]·🔴🔴)
[각질편성] 오다와라 5경주: 선행3·선입0·추입6 → ⚡ 빠른 페이스
[경륜전개] 오다와라 5경주: 슬로우(단독 선행) · 라인 3개 · 페어 [[2, 5], [1, 8], [3, 7]]
[각질편성] 기후 5경주: 선행2·선입0·추입5 → 보통 페이스
[경륜전개] 기후 5경주: 보통 · 라인 2개 · 페어 [[1, 5], [3, 7]]
[각질편성] 사세보 6경주: 선행3·선입0·추입3 → ⚡ 빠른 페이스
[경륜전개] 사세보 6경주: 보통 · 라인 3개 · 페어 [[4, 2], [1, 5]]
[결과기록] 캐시 갱신 — 재파싱 1건 / 전체 1685건
[각질편성] 오다와라 6경주: 선행3·선입0·추입6 → ⚡ 빠른 페이스
[경륜전개] 오다와라 6경주: 보통 · 라인 3개 · 페어 [[1, 9], [5, 2], [8, 3]]
[각질편성] 기후 6경주: 선행1·선입0·추입5 → 🐌 느린 페이스
[경륜전개] 기후 6경주: 슬로우(단독 선행) · 라인 2개 · 페어 [[1, 2]]
[각질편성] 사세보 7경주: 선행2·선입0·추입5 → 보통 페이스
[경륜전개] 사세보 7경주: 보통 · 라인 2개 · 페어 [[5, 3], [6, 1]]
[각질편성] 오다와라 7경주: 선행3·선입0·추입6 → ⚡ 빠른 페이스
[경륜전개] 오다와라 7경주: 보통 · 라인 3개 · 페어 [[7, 2], [9, 1], [8, 3]]
[각질편성] 기후 7경주: 선행2·선입0·추입5 → 보통 페이스
[경륜전개] 기후 7경주: 슬로우(단독 선행) · 라인 2개 · 페어 [[3, 5], [4, 1]]
[각질편성] 사세보 8경주: 선행2·선입0·추입5 → 보통 페이스
[경륜전개] 사세보 8경주: 보통 · 라인 2개 · 페어 [[4, 1], [7, 3]]
[placeholder 필터] 오다와라 8경주 쌍승 껍데기 배당 3조합 제외(값: [1144.3])
[각질편성] 오다와라 8경주: 선행3·선입0·추입6 → ⚡ 빠른 페이스
[경륜전개] 오다와라 8경주: 슬로우(단독 선행) · 라인 3개 · 페어 [[1, 7], [3, 9], [2, 5]]
[경륜 추천 모순 수정] 고배당 강제조합 2건 메인→복병 이동(25배 상한)
[잔존마 필터] 삿포로 7경주: 전적 11두 → 배당 출전마 6두 (배당 없는 마번 제외: [7, 8, 9, 10, 11])
[각질편성] 삿포로 7경주: 선행0·선입0·추입0 → 🐌 느린 페이스
[복승불일치 축교정] 삿포로 7경주: 축 [2, 5]로 교정(자금이탈 강등 [6]·🔴🔴)
[각질편성] 삿포로 8경주: 선행0·선입0·추입0 → 🐌 느린 페이스
[잔존마 필터] 삿포로 7경주: 전적 11두 → 배당 출전마 6두 (배당 없는 마번 제외: [7, 8, 9, 10, 11])
[각질편성] 삿포로 7경주: 선행0·선입0·추입0 → 🐌 느린 페이스
[복승불일치 축교정] 삿포로 7경주: 축 [2, 5]로 교정(자금이탈 강등 [6]·🔴🔴)
[3종 수집] 오다와라 8경주: {'quinella': 36, 'exacta': 72, 'trio': 0, 'win': 0} (history 10)
[placeholder 필터] 오다와라 8경주 쌍승 껍데기 배당 3조합 제외(값: [1144.3])
[각질편성] 오다와라 8경주: 선행3·선입0·추입6 → ⚡ 빠른 페이스
[경륜전개] 오다와라 8경주: 슬로우(단독 선행) · 라인 3개 · 페어 [[1, 7], [3, 9], [2, 5]]
[경륜 추천 모순 수정] 고배당 강제조합 2건 메인→복병 이동(25배 상한)
[자동예상] 오다와라 8경주 최종예상 저장(2026_08_01_오다와라_8경주.json)
[placeholder 필터] 오다와라 8경주 쌍승 껍데기 배당 3조합 제외(값: [1144.3])
[각질편성] 오다와라 8경주: 선행3·선입0·추입6 → ⚡ 빠른 페이스
[경륜전개] 오다와라 8경주: 슬로우(단독 선행) · 라인 3개 · 페어 [[1, 7], [3, 9], [2, 5]]
[경륜 추천 모순 수정] 고배당 강제조합 2건 메인→복병 이동(25배 상한)
[자동분석·배경] 오다와라 8경주: 마감 287초 전 재분석(rec_history 누적·cycle)
[잔존마 필터] 삿포로 7경주: 전적 11두 → 배당 출전마 6두 (배당 없는 마번 제외: [7, 8, 9, 10, 11])
[각질편성] 삿포로 7경주: 선행0·선입0·추입0 → 🐌 느린 페이스
[복승불일치 축교정] 삿포로 7경주: 축 [2, 5]로 교정(자금이탈 강등 [6]·🔴🔴)
[JRA결과] 삿포로 8경주 착순 [4, 10, 8] · 복승 1790円 · 삼복승 5010円
[JRA결과] 1경주 저장 · 0경주 미확정(재시도 대기)
[3종 수집] 오다와라 8경주: {'quinella': 36, 'exacta': 72, 'trio': 0, 'win': 0} (history 11)
[각질편성] 오다와라 8경주: 선행3·선입0·추입6 → ⚡ 빠른 페이스
[경륜전개] 오다와라 8경주: 슬로우(단독 선행) · 라인 3개 · 페어 [[1, 7], [3, 9], [2, 5]]
[경륜 추천 모순 수정] 고배당 강제조합 2건 메인→복병 이동(25배 상한)
[자동분석·배경] 오다와라 8경주: 마감 255초 전 재분석(rec_history 누적·cycle)
[카톡 변경알림·즉시] 오다와라 8경주 (남은 255s): 삼복승 제외: 1+4+7 · 1+5+7
[잔존마 필터] 삿포로 7경주: 전적 11두 → 배당 출전마 6두 (배당 없는 마번 제외: [7, 8, 9, 10, 11])
[각질편성] 삿포로 7경주: 선행0·선입0·추입0 → 🐌 느린 페이스
[잔존마 필터] 삿포로 7경주: 전적 11두 → 배당 출전마 6두 (배당 없는 마번 제외: [7, 8, 9, 10, 11])
[각질편성] 삿포로 7경주: 선행0·선입0·추입0 → 🐌 느린 페이스
[복승불일치 축교정] 아오모리 4경주: 축 [1, 4]로 교정(자금이탈 강등 [7]·🔴🔴)
[각질편성] 삿포로 8경주: 선행0·선입0·추입0 → 🐌 느린 페이스
[복승불일치 축교정] 삿포로 7경주: 축 [2, 5]로 교정(자금이탈 강등 [6]·🔴🔴)
[복승불일치 축교정] 삿포로 7경주: 축 [2, 5]로 교정(자금이탈 강등 [6]·🔴🔴)
[각질편성] 삿포로 8경주: 선행0·선입0·추입0 → 🐌 느린 페이스
[복승불일치 축교정] 아오모리 5경주: 축 [1, 3]로 교정(자금이탈 강등 [6]·🔴)
[placeholder 필터] 호후 6경주 쌍승 껍데기 배당 3조합 제외(값: [300.2])
[복승불일치 축교정] 호후 6경주: 축 [1, 5]로 교정(자금이탈 강등 [7]·🔴)
[placeholder 필터] 아오모리 7경주 쌍승 껍데기 배당 3조합 제외(값: [1703.0])
[복승불일치 축교정] 호후 7경주: 축 [2, 5]로 교정(자금이탈 강등 [1]·🔴🔴)
[복승불일치 축교정] 사세보 2경주: 축 [2, 7]로 교정(자금이탈 강등 [1]·🔴🔴)
[복승불일치 축교정] 기후 2경주: 축 [3, 4]로 교정(자금이탈 강등 [6]·🔴🔴)
[복승불일치 축교정] 사세보 3경주: 축 [1, 5]로 교정(자금이탈 강등 [7]·🔴🔴)
[복승불일치 축교정] 오다와라 3경주: 축 [3, 9]로 교정(자금이탈 강등 [1]·🔴)
[복승불일치 축교정] 기후 3경주: 축 [5, 7]로 교정(자금이탈 강등 [4]·🔴🔴)
[복승불일치 축교정] 사세보 4경주: 축 [1, 4]로 교정(자금이탈 강등 [7]·🔴🔴)
[placeholder 필터] 오다와라 4경주 쌍승 껍데기 배당 4조합 제외(값: [859.9])
[복승불일치 축교정] 기후 4경주: 축 [1, 4]로 교정(자금이탈 강등 [2]·🔴🔴)
[각질편성] 오다와라 5경주: 선행3·선입0·추입6 → ⚡ 빠른 페이스
[경륜전개] 오다와라 5경주: 슬로우(단독 선행) · 라인 3개 · 페어 [[2, 5], [1, 8], [3, 7]]
[각질편성] 기후 5경주: 선행2·선입0·추입5 → 보통 페이스
[경륜전개] 기후 5경주: 보통 · 라인 2개 · 페어 [[1, 5], [3, 7]]
[각질편성] 사세보 6경주: 선행3·선입0·추입3 → ⚡ 빠른 페이스
[경륜전개] 사세보 6경주: 보통 · 라인 3개 · 페어 [[4, 2], [1, 5]]
[각질편성] 오다와라 6경주: 선행3·선입0·추입6 → ⚡ 빠른 페이스
[경륜전개] 오다와라 6경주: 보통 · 라인 3개 · 페어 [[1, 9], [5, 2], [8, 3]]
[각질편성] 기후 6경주: 선행1·선입0·추입5 → 🐌 느린 페이스
[경륜전개] 기후 6경주: 슬로우(단독 선행) · 라인 2개 · 페어 [[1, 2]]
[각질편성] 사세보 7경주: 선행2·선입0·추입5 → 보통 페이스
[경륜전개] 사세보 7경주: 보통 · 라인 2개 · 페어 [[5, 3], [6, 1]]
[결과기록] 캐시 갱신 — 재파싱 2건 / 전체 1685건
[각질편성] 오다와라 7경주: 선행3·선입0·추입6 → ⚡ 빠른 페이스
[경륜전개] 오다와라 7경주: 보통 · 라인 3개 · 페어 [[7, 2], [9, 1], [8, 3]]
[각질편성] 기후 7경주: 선행2·선입0·추입5 → 보통 페이스
[경륜전개] 기후 7경주: 슬로우(단독 선행) · 라인 2개 · 페어 [[3, 5], [4, 1]]
[각질편성] 사세보 8경주: 선행2·선입0·추입5 → 보통 페이스
[경륜전개] 사세보 8경주: 보통 · 라인 2개 · 페어 [[4, 1], [7, 3]]
[각질편성] 오다와라 8경주: 선행3·선입0·추입6 → ⚡ 빠른 페이스
[경륜전개] 오다와라 8경주: 슬로우(단독 선행) · 라인 3개 · 페어 [[1, 7], [3, 9], [2, 5]]
[경륜 추천 모순 수정] 고배당 강제조합 2건 메인→복병 이동(25배 상한)
[잔존마 필터] 삿포로 7경주: 전적 11두 → 배당 출전마 6두 (배당 없는 마번 제외: [7, 8, 9, 10, 11])
[각질편성] 삿포로 7경주: 선행0·선입0·추입0 → 🐌 느린 페이스
[복승불일치 축교정] 삿포로 7경주: 축 [2, 5]로 교정(자금이탈 강등 [6]·🔴🔴)
[각질편성] 삿포로 8경주: 선행0·선입0·추입0 → 🐌 느린 페이스
[잔존마 필터] 삿포로 7경주: 전적 11두 → 배당 출전마 6두 (배당 없는 마번 제외: [7, 8, 9, 10, 11])
[각질편성] 삿포로 7경주: 선행0·선입0·추입0 → 🐌 느린 페이스
[복승불일치 축교정] 삿포로 7경주: 축 [2, 5]로 교정(자금이탈 강등 [6]·🔴🔴)
[3종 수집] 오다와라 8경주: {'quinella': 36, 'exacta': 72, 'trio': 0, 'win': 0} (history 12)
[각질편성] 오다와라 8경주: 선행3·선입0·추입6 → ⚡ 빠른 페이스
[경륜전개] 오다와라 8경주: 슬로우(단독 선행) · 라인 3개 · 페어 [[1, 7], [3, 9], [2, 5]]
[경륜 추천 모순 수정] 고배당 강제조합 2건 메인→복병 이동(25배 상한)
[자동분석·배경] 오다와라 8경주: 마감 223초 전 재분석(rec_history 누적·cycle)
[잔존마 필터] 삿포로 7경주: 전적 11두 → 배당 출전마 6두 (배당 없는 마번 제외: [7, 8, 9, 10, 11])
[각질편성] 삿포로 7경주: 선행0·선입0·추입0 → 🐌 느린 페이스
[복승불일치 축교정] 삿포로 7경주: 축 [2, 5]로 교정(자금이탈 강등 [6]·🔴🔴)
[복승불일치 축교정] 아오모리 4경주: 축 [1, 4]로 교정(자금이탈 강등 [7]·🔴🔴)
[잔존마 필터] 삿포로 7경주: 전적 11두 → 배당 출전마 6두 (배당 없는 마번 제외: [7, 8, 9, 10, 11])
[잔존마 필터] 삿포로 7경주: 전적 11두 → 배당 출전마 6두 (배당 없는 마번 제외: [7, 8, 9, 10, 11])
[각질편성] 삿포로 7경주: 선행0·선입0·추입0 → 🐌 느린 페이스
[각질편성] 삿포로 8경주: 선행0·선입0·추입0 → 🐌 느린 페이스
[각질편성] 삿포로 7경주: 선행0·선입0·추입0 → 🐌 느린 페이스
[각질편성] 삿포로 8경주: 선행0·선입0·추입0 → 🐌 느린 페이스
[복승불일치 축교정] 삿포로 7경주: 축 [2, 5]로 교정(자금이탈 강등 [6]·🔴🔴)
[복승불일치 축교정] 삿포로 7경주: 축 [2, 5]로 교정(자금이탈 강등 [6]·🔴🔴)
[복승불일치 축교정] 아오모리 5경주: 축 [1, 3]로 교정(자금이탈 강등 [6]·🔴)
[placeholder 필터] 호후 6경주 쌍승 껍데기 배당 3조합 제외(값: [300.2])
[복승불일치 축교정] 호후 6경주: 축 [1, 5]로 교정(자금이탈 강등 [7]·🔴)
[placeholder 필터] 아오모리 7경주 쌍승 껍데기 배당 3조합 제외(값: [1703.0])
[복승불일치 축교정] 호후 7경주: 축 [2, 5]로 교정(자금이탈 강등 [1]·🔴🔴)
[활성정리] 끝난 경주 1건 제거(히스토리 보존): 삿포로 7경주
[3종 수집] 오다와라 8경주: {'quinella': 36, 'exacta': 72, 'trio': 0, 'win': 0} (history 12)
[복승불일치 축교정] 사세보 2경주: 축 [2, 7]로 교정(자금이탈 강등 [1]·🔴🔴)
[복승불일치 축교정] 기후 2경주: 축 [3, 4]로 교정(자금이탈 강등 [6]·🔴🔴)
[복승불일치 축교정] 사세보 3경주: 축 [1, 5]로 교정(자금이탈 강등 [7]·🔴🔴)
[복승불일치 축교정] 오다와라 3경주: 축 [3, 9]로 교정(자금이탈 강등 [1]·🔴)
[복승불일치 축교정] 기후 3경주: 축 [5, 7]로 교정(자금이탈 강등 [4]·🔴🔴)
[각질편성] 오다와라 8경주: 선행3·선입0·추입6 → ⚡ 빠른 페이스
[경륜전개] 오다와라 8경주: 슬로우(단독 선행) · 라인 3개 · 페어 [[1, 7], [3, 9], [2, 5]]
[복승불일치 축교정] 오다와라 8경주: 축 [1, 7]로 교정(자금이탈 강등 [2]·🔴🔴)
[복승불일치 축교정] 사세보 4경주: 축 [1, 4]로 교정(자금이탈 강등 [7]·🔴🔴)
[자동분석·배경] 오다와라 8경주: 마감 191초 전 재분석(rec_history 누적·cycle)
[placeholder 필터] 오다와라 4경주 쌍승 껍데기 배당 4조합 제외(값: [859.9])
[복승불일치 축교정] 기후 4경주: 축 [1, 4]로 교정(자금이탈 강등 [2]·🔴🔴)
[각질편성] 오다와라 5경주: 선행3·선입0·추입6 → ⚡ 빠른 페이스
[경륜전개] 오다와라 5경주: 슬로우(단독 선행) · 라인 3개 · 페어 [[2, 5], [1, 8], [3, 7]]
[각질편성] 기후 5경주: 선행2·선입0·추입5 → 보통 페이스
[경륜전개] 기후 5경주: 보통 · 라인 2개 · 페어 [[1, 5], [3, 7]]
[각질편성] 사세보 6경주: 선행3·선입0·추입3 → ⚡ 빠른 페이스
[경륜전개] 사세보 6경주: 보통 · 라인 3개 · 페어 [[4, 2], [1, 5]]
[각질편성] 오다와라 6경주: 선행3·선입0·추입6 → ⚡ 빠른 페이스
[경륜전개] 오다와라 6경주: 보통 · 라인 3개 · 페어 [[1, 9], [5, 2], [8, 3]]
[각질편성] 기후 6경주: 선행1·선입0·추입5 → 🐌 느린 페이스
[경륜전개] 기후 6경주: 슬로우(단독 선행) · 라인 2개 · 페어 [[1, 2]]
[결과기록] 캐시 갱신 — 재파싱 1건 / 전체 1685건
[각질편성] 사세보 7경주: 선행2·선입0·추입5 → 보통 페이스
[경륜전개] 사세보 7경주: 보통 · 라인 2개 · 페어 [[5, 3], [6, 1]]
[각질편성] 오다와라 7경주: 선행3·선입0·추입6 → ⚡ 빠른 페이스
[경륜전개] 오다와라 7경주: 보통 · 라인 3개 · 페어 [[7, 2], [9, 1], [8, 3]]
[각질편성] 기후 7경주: 선행2·선입0·추입5 → 보통 페이스
[경륜전개] 기후 7경주: 슬로우(단독 선행) · 라인 2개 · 페어 [[3, 5], [4, 1]]
[각질편성] 사세보 8경주: 선행2·선입0·추입5 → 보통 페이스
[경륜전개] 사세보 8경주: 보통 · 라인 2개 · 페어 [[4, 1], [7, 3]]
[각질편성] 오다와라 8경주: 선행3·선입0·추입6 → ⚡ 빠른 페이스
[경륜전개] 오다와라 8경주: 슬로우(단독 선행) · 라인 3개 · 페어 [[1, 7], [3, 9], [2, 5]]
[경륜 추천 모순 수정] 고배당 강제조합 2건 메인→복병 이동(25배 상한)
[각질편성] 삿포로 8경주: 선행0·선입0·추입0 → 🐌 느린 페이스
[3종 수집] 오다와라 8경주: {'quinella': 36, 'exacta': 72, 'trio': 0, 'win': 0} (history 12)
[placeholder 필터] 오다와라 8경주 쌍승 껍데기 배당 3조합 제외(값: [1440.2])
[각질편성] 오다와라 8경주: 선행3·선입0·추입6 → ⚡ 빠른 페이스
[경륜전개] 오다와라 8경주: 슬로우(단독 선행) · 라인 3개 · 페어 [[1, 7], [3, 9], [2, 5]]
[T-2분 왕축 동결] 오다와라 8경주: [7, 5] → [9, 5] 유지(cur_mb=2)
[경륜 추천 모순 수정] 고배당 강제조합 2건 메인→복병 이동(25배 상한)
[자동분석·배경] 오다와라 8경주: 마감 157초 전 재분석(rec_history 누적·cycle)
[카톡 변경알림·즉시] 오다와라 8경주 (남은 157s): 복승 추가: 1+5 / 복승 제외: 3+9
[복승불일치 축교정] 아오모리 4경주: 축 [1, 4]로 교정(자금이탈 강등 [7]·🔴🔴)
[각질편성] 삿포로 8경주: 선행0·선입0·추입0 → 🐌 느린 페이스
[각질편성] 삿포로 8경주: 선행0·선입0·추입0 → 🐌 느린 페이스
[복승불일치 축교정] 아오모리 5경주: 축 [1, 3]로 교정(자금이탈 강등 [6]·🔴)
[placeholder 필터] 호후 6경주 쌍승 껍데기 배당 3조합 제외(값: [300.2])
[복승불일치 축교정] 호후 6경주: 축 [1, 5]로 교정(자금이탈 강등 [7]·🔴)
[placeholder 필터] 아오모리 7경주 쌍승 껍데기 배당 3조합 제외(값: [1703.0])
[복승불일치 축교정] 호후 7경주: 축 [2, 5]로 교정(자금이탈 강등 [1]·🔴🔴)
[복승불일치 축교정] 사세보 2경주: 축 [2, 7]로 교정(자금이탈 강등 [1]·🔴🔴)
[복승불일치 축교정] 기후 2경주: 축 [3, 4]로 교정(자금이탈 강등 [6]·🔴🔴)
[복승불일치 축교정] 사세보 3경주: 축 [1, 5]로 교정(자금이탈 강등 [7]·🔴🔴)
[복승불일치 축교정] 오다와라 3경주: 축 [3, 9]로 교정(자금이탈 강등 [1]·🔴)
[복승불일치 축교정] 기후 3경주: 축 [5, 7]로 교정(자금이탈 강등 [4]·🔴🔴)
[복승불일치 축교정] 사세보 4경주: 축 [1, 4]로 교정(자금이탈 강등 [7]·🔴🔴)
[placeholder 필터] 오다와라 4경주 쌍승 껍데기 배당 4조합 제외(값: [859.9])
[복승불일치 축교정] 기후 4경주: 축 [1, 4]로 교정(자금이탈 강등 [2]·🔴🔴)
[각질편성] 오다와라 5경주: 선행3·선입0·추입6 → ⚡ 빠른 페이스
[경륜전개] 오다와라 5경주: 슬로우(단독 선행) · 라인 3개 · 페어 [[2, 5], [1, 8], [3, 7]]
[각질편성] 기후 5경주: 선행2·선입0·추입5 → 보통 페이스
[경륜전개] 기후 5경주: 보통 · 라인 2개 · 페어 [[1, 5], [3, 7]]
[각질편성] 사세보 6경주: 선행3·선입0·추입3 → ⚡ 빠른 페이스
[경륜전개] 사세보 6경주: 보통 · 라인 3개 · 페어 [[4, 2], [1, 5]]
[각질편성] 오다와라 6경주: 선행3·선입0·추입6 → ⚡ 빠른 페이스
[경륜전개] 오다와라 6경주: 보통 · 라인 3개 · 페어 [[1, 9], [5, 2], [8, 3]]
[각질편성] 기후 6경주: 선행1·선입0·추입5 → 🐌 느린 페이스
[경륜전개] 기후 6경주: 슬로우(단독 선행) · 라인 2개 · 페어 [[1, 2]]
[각질편성] 사세보 7경주: 선행2·선입0·추입5 → 보통 페이스
[경륜전개] 사세보 7경주: 보통 · 라인 2개 · 페어 [[5, 3], [6, 1]]
[각질편성] 오다와라 7경주: 선행3·선입0·추입6 → ⚡ 빠른 페이스
[경륜전개] 오다와라 7경주: 보통 · 라인 3개 · 페어 [[7, 2], [9, 1], [8, 3]]
[각질편성] 기후 7경주: 선행2·선입0·추입5 → 보통 페이스
[경륜전개] 기후 7경주: 슬로우(단독 선행) · 라인 2개 · 페어 [[3, 5], [4, 1]]
[각질편성] 사세보 8경주: 선행2·선입0·추입5 → 보통 페이스
[경륜전개] 사세보 8경주: 보통 · 라인 2개 · 페어 [[4, 1], [7, 3]]
[결과기록] 캐시 갱신 — 재파싱 1건 / 전체 1685건
[placeholder 필터] 오다와라 8경주 쌍승 껍데기 배당 3조합 제외(값: [1440.2])
[각질편성] 오다와라 8경주: 선행3·선입0·추입6 → ⚡ 빠른 페이스
[경륜전개] 오다와라 8경주: 슬로우(단독 선행) · 라인 3개 · 페어 [[1, 7], [3, 9], [2, 5]]
[T-2분 왕축 동결] 오다와라 8경주: [7, 5] → [9, 5] 유지(cur_mb=2)
[경륜 추천 모순 수정] 고배당 강제조합 2건 메인→복병 이동(25배 상한)
[각질편성] 삿포로 8경주: 선행0·선입0·추입0 → 🐌 느린 페이스
[3종 수집] 오다와라 8경주: {'quinella': 36, 'exacta': 72, 'trio': 0, 'win': 0} (history 12)
[placeholder 필터] 오다와라 8경주 쌍승 껍데기 배당 3조합 제외(값: [1440.2])
[각질편성] 오다와라 8경주: 선행3·선입0·추입6 → ⚡ 빠른 페이스
[경륜전개] 오다와라 8경주: 슬로우(단독 선행) · 라인 3개 · 페어 [[1, 7], [3, 9], [2, 5]]
[T-2분 왕축 동결] 오다와라 8경주: [7, 5] → [9, 5] 유지(cur_mb=2)
[경륜 추천 모순 수정] 고배당 강제조합 2건 메인→복병 이동(25배 상한)
[자동분석·배경] 오다와라 8경주: 마감 125초 전 재분석(rec_history 누적·cycle)
[복승불일치 축교정] 아오모리 4경주: 축 [1, 4]로 교정(자금이탈 강등 [7]·🔴🔴)
[복승불일치 축교정] 아오모리 5경주: 축 [1, 3]로 교정(자금이탈 강등 [6]·🔴)
[placeholder 필터] 호후 6경주 쌍승 껍데기 배당 3조합 제외(값: [300.2])
[복승불일치 축교정] 호후 6경주: 축 [1, 5]로 교정(자금이탈 강등 [7]·🔴)
[placeholder 필터] 아오모리 7경주 쌍승 껍데기 배당 3조합 제외(값: [1703.0])
[복승불일치 축교정] 호후 7경주: 축 [2, 5]로 교정(자금이탈 강등 [1]·🔴🔴)
[복승불일치 축교정] 사세보 2경주: 축 [2, 7]로 교정(자금이탈 강등 [1]·🔴🔴)
[복승불일치 축교정] 기후 2경주: 축 [3, 4]로 교정(자금이탈 강등 [6]·🔴🔴)
[복승불일치 축교정] 사세보 3경주: 축 [1, 5]로 교정(자금이탈 강등 [7]·🔴🔴)
[복승불일치 축교정] 오다와라 3경주: 축 [3, 9]로 교정(자금이탈 강등 [1]·🔴)
[복승불일치 축교정] 기후 3경주: 축 [5, 7]로 교정(자금이탈 강등 [4]·🔴🔴)
[복승불일치 축교정] 사세보 4경주: 축 [1, 4]로 교정(자금이탈 강등 [7]·🔴🔴)
[placeholder 필터] 오다와라 4경주 쌍승 껍데기 배당 4조합 제외(값: [859.9])
[복승불일치 축교정] 기후 4경주: 축 [1, 4]로 교정(자금이탈 강등 [2]·🔴🔴)
[각질편성] 오다와라 5경주: 선행3·선입0·추입6 → ⚡ 빠른 페이스
[경륜전개] 오다와라 5경주: 슬로우(단독 선행) · 라인 3개 · 페어 [[2, 5], [1, 8], [3, 7]]
[각질편성] 기후 5경주: 선행2·선입0·추입5 → 보통 페이스
[경륜전개] 기후 5경주: 보통 · 라인 2개 · 페어 [[1, 5], [3, 7]]
[각질편성] 사세보 6경주: 선행3·선입0·추입3 → ⚡ 빠른 페이스
[경륜전개] 사세보 6경주: 보통 · 라인 3개 · 페어 [[4, 2], [1, 5]]
[각질편성] 오다와라 6경주: 선행3·선입0·추입6 → ⚡ 빠른 페이스
[경륜전개] 오다와라 6경주: 보통 · 라인 3개 · 페어 [[1, 9], [5, 2], [8, 3]]
[각질편성] 기후 6경주: 선행1·선입0·추입5 → 🐌 느린 페이스
[경륜전개] 기후 6경주: 슬로우(단독 선행) · 라인 2개 · 페어 [[1, 2]]
[각질편성] 사세보 7경주: 선행2·선입0·추입5 → 보통 페이스
[경륜전개] 사세보 7경주: 보통 · 라인 2개 · 페어 [[5, 3], [6, 1]]
[placeholder 필터] 오다와라 8경주 쌍승 껍데기 배당 3조합 제외(값: [1440.2])
[각질편성] 오다와라 8경주: 선행3·선입0·추입6 → ⚡ 빠른 페이스
[경륜전개] 오다와라 8경주: 슬로우(단독 선행) · 라인 3개 · 페어 [[1, 7], [3, 9], [2, 5]]
[T-2분 왕축 동결] 오다와라 8경주: [7, 5] → [9, 5] 유지(cur_mb=1)
[경륜 추천 모순 수정] 고배당 강제조합 2건 메인→복병 이동(25배 상한)
[각질편성] 삿포로 8경주: 선행0·선입0·추입0 → 🐌 느린 페이스
[3종 수집] 오다와라 8경주: {'quinella': 36, 'exacta': 72, 'trio': 0, 'win': 0} (history 12)
[각질편성] 오다와라 8경주: 선행3·선입0·추입6 → ⚡ 빠른 페이스
[경륜전개] 오다와라 8경주: 슬로우(단독 선행) · 라인 3개 · 페어 [[1, 7], [3, 9], [2, 5]]
[T-2분 왕축 동결] 오다와라 8경주: [5, 7] → [9, 5] 유지(cur_mb=1)
[경륜 추천 모순 수정] 고배당 강제조합 2건 메인→복병 이동(25배 상한)
[자동분석·배경] 오다와라 8경주: 마감 92초 전 재분석(rec_history 누적·cycle)
[복승불일치 축교정] 아오모리 4경주: 축 [1, 4]로 교정(자금이탈 강등 [7]·🔴🔴)
[각질편성] 삿포로 8경주: 선행0·선입0·추입0 → 🐌 느린 페이스
[각질편성] 삿포로 8경주: 선행0·선입0·추입0 → 🐌 느린 페이스
[복승불일치 축교정] 아오모리 5경주: 축 [1, 3]로 교정(자금이탈 강등 [6]·🔴)
[placeholder 필터] 호후 6경주 쌍승 껍데기 배당 3조합 제외(값: [300.2])
[복승불일치 축교정] 호후 6경주: 축 [1, 5]로 교정(자금이탈 강등 [7]·🔴)
[placeholder 필터] 아오모리 7경주 쌍승 껍데기 배당 3조합 제외(값: [1703.0])
[복승불일치 축교정] 호후 7경주: 축 [2, 5]로 교정(자금이탈 강등 [1]·🔴🔴)
[복승불일치 축교정] 사세보 2경주: 축 [2, 7]로 교정(자금이탈 강등 [1]·🔴🔴)
[복승불일치 축교정] 기후 2경주: 축 [3, 4]로 교정(자금이탈 강등 [6]·🔴🔴)
[복승불일치 축교정] 사세보 3경주: 축 [1, 5]로 교정(자금이탈 강등 [7]·🔴🔴)
[복승불일치 축교정] 오다와라 3경주: 축 [3, 9]로 교정(자금이탈 강등 [1]·🔴)
[복승불일치 축교정] 기후 3경주: 축 [5, 7]로 교정(자금이탈 강등 [4]·🔴🔴)
[복승불일치 축교정] 사세보 4경주: 축 [1, 4]로 교정(자금이탈 강등 [7]·🔴🔴)
[placeholder 필터] 오다와라 4경주 쌍승 껍데기 배당 4조합 제외(값: [859.9])
[복승불일치 축교정] 기후 4경주: 축 [1, 4]로 교정(자금이탈 강등 [2]·🔴🔴)
[각질편성] 오다와라 5경주: 선행3·선입0·추입6 → ⚡ 빠른 페이스
[경륜전개] 오다와라 5경주: 슬로우(단독 선행) · 라인 3개 · 페어 [[2, 5], [1, 8], [3, 7]]
[각질편성] 기후 5경주: 선행2·선입0·추입5 → 보통 페이스
[경륜전개] 기후 5경주: 보통 · 라인 2개 · 페어 [[1, 5], [3, 7]]
[각질편성] 사세보 6경주: 선행3·선입0·추입3 → ⚡ 빠른 페이스
[경륜전개] 사세보 6경주: 보통 · 라인 3개 · 페어 [[4, 2], [1, 5]]
[각질편성] 오다와라 6경주: 선행3·선입0·추입6 → ⚡ 빠른 페이스
[경륜전개] 오다와라 6경주: 보통 · 라인 3개 · 페어 [[1, 9], [5, 2], [8, 3]]
[각질편성] 기후 6경주: 선행1·선입0·추입5 → 🐌 느린 페이스
[경륜전개] 기후 6경주: 슬로우(단독 선행) · 라인 2개 · 페어 [[1, 2]]
[각질편성] 사세보 7경주: 선행2·선입0·추입5 → 보통 페이스
[경륜전개] 사세보 7경주: 보통 · 라인 2개 · 페어 [[5, 3], [6, 1]]
[각질편성] 오다와라 7경주: 선행3·선입0·추입6 → ⚡ 빠른 페이스
[경륜전개] 오다와라 7경주: 보통 · 라인 3개 · 페어 [[7, 2], [9, 1], [8, 3]]
[각질편성] 기후 7경주: 선행2·선입0·추입5 → 보통 페이스
[경륜전개] 기후 7경주: 슬로우(단독 선행) · 라인 2개 · 페어 [[3, 5], [4, 1]]
[각질편성] 사세보 8경주: 선행2·선입0·추입5 → 보통 페이스
[경륜전개] 사세보 8경주: 보통 · 라인 2개 · 페어 [[4, 1], [7, 3]]
[각질편성] 오다와라 8경주: 선행3·선입0·추입6 → ⚡ 빠른 페이스
[경륜전개] 오다와라 8경주: 슬로우(단독 선행) · 라인 3개 · 페어 [[1, 7], [3, 9], [2, 5]]
[T-2분 왕축 동결] 오다와라 8경주: [5, 7] → [9, 5] 유지(cur_mb=1)
[경륜 추천 모순 수정] 고배당 강제조합 2건 메인→복병 이동(25배 상한)
[각질편성] 삿포로 8경주: 선행0·선입0·추입0 → 🐌 느린 페이스
[다중경주] 하트비트 #81 · 스케줄 ymd=20260801 (-1초 전 갱신 · 트랙 12개)
[3종 수집] 오다와라 8경주: {'quinella': 36, 'exacta': 72, 'trio': 0, 'win': 0} (history 12)
[각질편성] 오다와라 8경주: 선행3·선입0·추입6 → ⚡ 빠른 페이스
[경륜전개] 오다와라 8경주: 슬로우(단독 선행) · 라인 3개 · 페어 [[1, 7], [3, 9], [2, 5]]
[경륜 추천 모순 수정] 고배당 강제조합 2건 메인→복병 이동(25배 상한)
[자동분석·배경] 오다와라 8경주: 마감 60초 전 재분석(rec_history 누적·cycle)
[3종 수집] 오다와라 8경주: {'quinella': 36, 'exacta': 72, 'trio': 0, 'win': 0} (history 12)
[복승불일치 축교정] 아오모리 4경주: 축 [1, 4]로 교정(자금이탈 강등 [7]·🔴🔴)
[각질편성] 삿포로 8경주: 선행0·선입0·추입0 → 🐌 느린 페이스
[각질편성] 삿포로 8경주: 선행0·선입0·추입0 → 🐌 느린 페이스
[결과기록] 캐시 갱신 — 재파싱 1건 / 전체 1685건
[복승불일치 축교정] 아오모리 5경주: 축 [1, 3]로 교정(자금이탈 강등 [6]·🔴)
[placeholder 필터] 호후 6경주 쌍승 껍데기 배당 3조합 제외(값: [300.2])
[복승불일치 축교정] 호후 6경주: 축 [1, 5]로 교정(자금이탈 강등 [7]·🔴)
[placeholder 필터] 아오모리 7경주 쌍승 껍데기 배당 3조합 제외(값: [1703.0])
[복승불일치 축교정] 호후 7경주: 축 [2, 5]로 교정(자금이탈 강등 [1]·🔴🔴)
[복승불일치 축교정] 사세보 2경주: 축 [2, 7]로 교정(자금이탈 강등 [1]·🔴🔴)
[복승불일치 축교정] 기후 2경주: 축 [3, 4]로 교정(자금이탈 강등 [6]·🔴🔴)
[복승불일치 축교정] 사세보 3경주: 축 [1, 5]로 교정(자금이탈 강등 [7]·🔴🔴)
[복승불일치 축교정] 오다와라 3경주: 축 [3, 9]로 교정(자금이탈 강등 [1]·🔴)
[복승불일치 축교정] 기후 3경주: 축 [5, 7]로 교정(자금이탈 강등 [4]·🔴🔴)
[복승불일치 축교정] 사세보 4경주: 축 [1, 4]로 교정(자금이탈 강등 [7]·🔴🔴)
[placeholder 필터] 오다와라 4경주 쌍승 껍데기 배당 4조합 제외(값: [859.9])
[복승불일치 축교정] 기후 4경주: 축 [1, 4]로 교정(자금이탈 강등 [2]·🔴🔴)
[각질편성] 오다와라 5경주: 선행3·선입0·추입6 → ⚡ 빠른 페이스
[경륜전개] 오다와라 5경주: 슬로우(단독 선행) · 라인 3개 · 페어 [[2, 5], [1, 8], [3, 7]]
[각질편성] 기후 5경주: 선행2·선입0·추입5 → 보통 페이스
[경륜전개] 기후 5경주: 보통 · 라인 2개 · 페어 [[1, 5], [3, 7]]
[각질편성] 사세보 6경주: 선행3·선입0·추입3 → ⚡ 빠른 페이스
[경륜전개] 사세보 6경주: 보통 · 라인 3개 · 페어 [[4, 2], [1, 5]]
[각질편성] 오다와라 6경주: 선행3·선입0·추입6 → ⚡ 빠른 페이스
[경륜전개] 오다와라 6경주: 보통 · 라인 3개 · 페어 [[1, 9], [5, 2], [8, 3]]
[각질편성] 기후 6경주: 선행1·선입0·추입5 → 🐌 느린 페이스
[경륜전개] 기후 6경주: 슬로우(단독 선행) · 라인 2개 · 페어 [[1, 2]]
[각질편성] 사세보 7경주: 선행2·선입0·추입5 → 보통 페이스
[경륜전개] 사세보 7경주: 보통 · 라인 2개 · 페어 [[5, 3], [6, 1]]
[각질편성] 오다와라 7경주: 선행3·선입0·추입6 → ⚡ 빠른 페이스
[경륜전개] 오다와라 7경주: 보통 · 라인 3개 · 페어 [[7, 2], [9, 1], [8, 3]]
[각질편성] 기후 7경주: 선행2·선입0·추입5 → 보통 페이스
[경륜전개] 기후 7경주: 슬로우(단독 선행) · 라인 2개 · 페어 [[3, 5], [4, 1]]
[각질편성] 사세보 8경주: 선행2·선입0·추입5 → 보통 페이스
[경륜전개] 사세보 8경주: 보통 · 라인 2개 · 페어 [[4, 1], [7, 3]]
[각질편성] 오다와라 8경주: 선행3·선입0·추입6 → ⚡ 빠른 페이스
[경륜전개] 오다와라 8경주: 슬로우(단독 선행) · 라인 3개 · 페어 [[1, 7], [3, 9], [2, 5]]
[경륜 추천 모순 수정] 고배당 강제조합 2건 메인→복병 이동(25배 상한)
[각질편성] 삿포로 8경주: 선행0·선입0·추입0 → 🐌 느린 페이스
[3종 수집] 오다와라 8경주: {'quinella': 36, 'exacta': 72, 'trio': 0, 'win': 0} (history 12)
[경륜 전적·자동] 기후 8경주: 7두 수집(競走得点·절대등급 A/B/C/D·라인[4, 7, 2, 1, 3, 6, 5]) → 통합등급 자동 반영
[3종 수집] 기후 8경주: {'quinella': 21, 'exacta': 42, 'trio': 0, 'win': 0} (history 1)
🔮 [예측] 기후 8경주: top3=[4, 7, 3] conf=4 · 전체 7두 중 6두가 추입형이고 젖히기형인 4번이 실질적인 선행마로 독주
[각질편성] 기후 8경주: 선행1·선입0·추입6 → 🐌 느린 페이스
[경륜전개] 기후 8경주: 보통 · 라인 1개 · 페어 [[4, 7]]
[자동분석·배경] 기후 8경주: 마감 596초 전 재분석(rec_history 누적·cycle)
[각질편성] 기후 8경주: 선행1·선입0·추입6 → 🐌 느린 페이스
[경륜전개] 기후 8경주: 보통 · 라인 1개 · 페어 [[4, 7]]
[3종 수집] 오다와라 8경주: {'quinella': 36, 'exacta': 72, 'trio': 0, 'win': 0} (history 12)
[3종 수집] 기후 8경주: {'quinella': 21, 'exacta': 42, 'trio': 0, 'win': 0} (history 2)
[각질편성] 기후 8경주: 선행1·선입0·추입6 → 🐌 느린 페이스
[경륜전개] 기후 8경주: 보통 · 라인 1개 · 페어 [[4, 7]]
[자동분석·배경] 기후 8경주: 마감 560초 전 재분석(rec_history 누적·cycle)
[각질편성] 오다와라 8경주: 선행3·선입0·추입6 → ⚡ 빠른 페이스
[경륜전개] 오다와라 8경주: 슬로우(단독 선행) · 라인 3개 · 페어 [[1, 7], [3, 9], [2, 5]]
[복승불일치 축교정] 아오모리 4경주: 축 [1, 4]로 교정(자금이탈 강등 [7]·🔴🔴)
[각질편성] 삿포로 8경주: 선행0·선입0·추입0 → 🐌 느린 페이스
[각질편성] 삿포로 8경주: 선행0·선입0·추입0 → 🐌 느린 페이스
[결과기록] 캐시 갱신 — 재파싱 1건 / 전체 1686건
[복승불일치 축교정] 아오모리 5경주: 축 [1, 3]로 교정(자금이탈 강등 [6]·🔴)
[placeholder 필터] 호후 6경주 쌍승 껍데기 배당 3조합 제외(값: [300.2])
[복승불일치 축교정] 호후 6경주: 축 [1, 5]로 교정(자금이탈 강등 [7]·🔴)
[placeholder 필터] 아오모리 7경주 쌍승 껍데기 배당 3조합 제외(값: [1703.0])
[복승불일치 축교정] 호후 7경주: 축 [2, 5]로 교정(자금이탈 강등 [1]·🔴🔴)
[복승불일치 축교정] 사세보 2경주: 축 [2, 7]로 교정(자금이탈 강등 [1]·🔴🔴)
[복승불일치 축교정] 기후 2경주: 축 [3, 4]로 교정(자금이탈 강등 [6]·🔴🔴)
[복승불일치 축교정] 사세보 3경주: 축 [1, 5]로 교정(자금이탈 강등 [7]·🔴🔴)
[복승불일치 축교정] 오다와라 3경주: 축 [3, 9]로 교정(자금이탈 강등 [1]·🔴)
[복승불일치 축교정] 기후 3경주: 축 [5, 7]로 교정(자금이탈 강등 [4]·🔴🔴)
[복승불일치 축교정] 사세보 4경주: 축 [1, 4]로 교정(자금이탈 강등 [7]·🔴🔴)
[placeholder 필터] 오다와라 4경주 쌍승 껍데기 배당 4조합 제외(값: [859.9])
[복승불일치 축교정] 기후 4경주: 축 [1, 4]로 교정(자금이탈 강등 [2]·🔴🔴)
[각질편성] 오다와라 5경주: 선행3·선입0·추입6 → ⚡ 빠른 페이스
[경륜전개] 오다와라 5경주: 슬로우(단독 선행) · 라인 3개 · 페어 [[2, 5], [1, 8], [3, 7]]
[각질편성] 기후 5경주: 선행2·선입0·추입5 → 보통 페이스
[경륜전개] 기후 5경주: 보통 · 라인 2개 · 페어 [[1, 5], [3, 7]]
[각질편성] 사세보 6경주: 선행3·선입0·추입3 → ⚡ 빠른 페이스
[경륜전개] 사세보 6경주: 보통 · 라인 3개 · 페어 [[4, 2], [1, 5]]
[각질편성] 오다와라 6경주: 선행3·선입0·추입6 → ⚡ 빠른 페이스
[경륜전개] 오다와라 6경주: 보통 · 라인 3개 · 페어 [[1, 9], [5, 2], [8, 3]]
[각질편성] 기후 6경주: 선행1·선입0·추입5 → 🐌 느린 페이스
[경륜전개] 기후 6경주: 슬로우(단독 선행) · 라인 2개 · 페어 [[1, 2]]
[각질편성] 사세보 7경주: 선행2·선입0·추입5 → 보통 페이스
[경륜전개] 사세보 7경주: 보통 · 라인 2개 · 페어 [[5, 3], [6, 1]]
[각질편성] 오다와라 7경주: 선행3·선입0·추입6 → ⚡ 빠른 페이스
[경륜전개] 오다와라 7경주: 보통 · 라인 3개 · 페어 [[7, 2], [9, 1], [8, 3]]
[각질편성] 기후 7경주: 선행2·선입0·추입5 → 보통 페이스
[경륜전개] 기후 7경주: 슬로우(단독 선행) · 라인 2개 · 페어 [[3, 5], [4, 1]]
[각질편성] 사세보 8경주: 선행2·선입0·추입5 → 보통 페이스
[경륜전개] 사세보 8경주: 보통 · 라인 2개 · 페어 [[4, 1], [7, 3]]
[각질편성] 오다와라 8경주: 선행3·선입0·추입6 → ⚡ 빠른 페이스
[경륜전개] 오다와라 8경주: 슬로우(단독 선행) · 라인 3개 · 페어 [[1, 7], [3, 9], [2, 5]]
[각질편성] 기후 8경주: 선행1·선입0·추입6 → 🐌 느린 페이스
[경륜전개] 기후 8경주: 보통 · 라인 1개 · 페어 [[4, 7]]
[각질편성] 삿포로 8경주: 선행0·선입0·추입0 → 🐌 느린 페이스
[3종 수집] 기후 8경주: {'quinella': 21, 'exacta': 42, 'trio': 0, 'win': 0} (history 3)
[3종 수집] 오다와라 8경주: {'quinella': 36, 'exacta': 72, 'trio': 0, 'win': 0} (history 12)
[각질편성] 기후 8경주: 선행1·선입0·추입6 → 🐌 느린 페이스
[경륜전개] 기후 8경주: 보통 · 라인 1개 · 페어 [[4, 7]]
[자동분석·배경] 기후 8경주: 마감 527초 전 재분석(rec_history 누적·cycle)
[활성정리] 끝난 경주 1건 제거(히스토리 보존): 오다와라 7경주
[3종 수집] 기후 8경주: {'quinella': 21, 'exacta': 42, 'trio': 0, 'win': 0} (history 4)
[각질편성] 삿포로 8경주: 선행0·선입0·추입0 → 🐌 느린 페이스
[복승불일치 축교정] 아오모리 4경주: 축 [1, 4]로 교정(자금이탈 강등 [7]·🔴🔴)
[각질편성] 삿포로 8경주: 선행0·선입0·추입0 → 🐌 느린 페이스
[3종 수집] 오다와라 8경주: {'quinella': 36, 'exacta': 72, 'trio': 0, 'win': 0} (history 12)
[각질편성] 기후 8경주: 선행1·선입0·추입6 → 🐌 느린 페이스
[경륜전개] 기후 8경주: 보통 · 라인 1개 · 페어 [[4, 7]]
[자동분석·배경] 기후 8경주: 마감 495초 전 재분석(rec_history 누적·cycle)
[결과기록] 캐시 갱신 — 재파싱 1건 / 전체 1686건
[복승불일치 축교정] 아오모리 5경주: 축 [1, 3]로 교정(자금이탈 강등 [6]·🔴)
[placeholder 필터] 호후 6경주 쌍승 껍데기 배당 3조합 제외(값: [300.2])
[복승불일치 축교정] 호후 6경주: 축 [1, 5]로 교정(자금이탈 강등 [7]·🔴)
[placeholder 필터] 아오모리 7경주 쌍승 껍데기 배당 3조합 제외(값: [1703.0])
[복승불일치 축교정] 호후 7경주: 축 [2, 5]로 교정(자금이탈 강등 [1]·🔴🔴)
[복승불일치 축교정] 사세보 2경주: 축 [2, 7]로 교정(자금이탈 강등 [1]·🔴🔴)
[복승불일치 축교정] 기후 2경주: 축 [3, 4]로 교정(자금이탈 강등 [6]·🔴🔴)
[복승불일치 축교정] 사세보 3경주: 축 [1, 5]로 교정(자금이탈 강등 [7]·🔴🔴)
[복승불일치 축교정] 오다와라 3경주: 축 [3, 9]로 교정(자금이탈 강등 [1]·🔴)
[복승불일치 축교정] 기후 3경주: 축 [5, 7]로 교정(자금이탈 강등 [4]·🔴🔴)
[복승불일치 축교정] 사세보 4경주: 축 [1, 4]로 교정(자금이탈 강등 [7]·🔴🔴)
[placeholder 필터] 오다와라 4경주 쌍승 껍데기 배당 4조합 제외(값: [859.9])
[복승불일치 축교정] 기후 4경주: 축 [1, 4]로 교정(자금이탈 강등 [2]·🔴🔴)
[각질편성] 오다와라 5경주: 선행3·선입0·추입6 → ⚡ 빠른 페이스
[경륜전개] 오다와라 5경주: 슬로우(단독 선행) · 라인 3개 · 페어 [[2, 5], [1, 8], [3, 7]]
[각질편성] 기후 5경주: 선행2·선입0·추입5 → 보통 페이스
[경륜전개] 기후 5경주: 보통 · 라인 2개 · 페어 [[1, 5], [3, 7]]
[각질편성] 사세보 6경주: 선행3·선입0·추입3 → ⚡ 빠른 페이스
[경륜전개] 사세보 6경주: 보통 · 라인 3개 · 페어 [[4, 2], [1, 5]]
[각질편성] 오다와라 6경주: 선행3·선입0·추입6 → ⚡ 빠른 페이스
[경륜전개] 오다와라 6경주: 보통 · 라인 3개 · 페어 [[1, 9], [5, 2], [8, 3]]
[각질편성] 기후 6경주: 선행1·선입0·추입5 → 🐌 느린 페이스
[경륜전개] 기후 6경주: 슬로우(단독 선행) · 라인 2개 · 페어 [[1, 2]]
[각질편성] 사세보 7경주: 선행2·선입0·추입5 → 보통 페이스
[경륜전개] 사세보 7경주: 보통 · 라인 2개 · 페어 [[5, 3], [6, 1]]
[각질편성] 오다와라 7경주: 선행3·선입0·추입6 → ⚡ 빠른 페이스
[경륜전개] 오다와라 7경주: 보통 · 라인 3개 · 페어 [[7, 2], [9, 1], [8, 3]]
[각질편성] 기후 7경주: 선행2·선입0·추입5 → 보통 페이스
[경륜전개] 기후 7경주: 슬로우(단독 선행) · 라인 2개 · 페어 [[3, 5], [4, 1]]
[각질편성] 사세보 8경주: 선행2·선입0·추입5 → 보통 페이스
[경륜전개] 사세보 8경주: 보통 · 라인 2개 · 페어 [[4, 1], [7, 3]]
[각질편성] 오다와라 8경주: 선행3·선입0·추입6 → ⚡ 빠른 페이스
[경륜전개] 오다와라 8경주: 슬로우(단독 선행) · 라인 3개 · 페어 [[1, 7], [3, 9], [2, 5]]
[각질편성] 기후 8경주: 선행1·선입0·추입6 → 🐌 느린 페이스
[경륜전개] 기후 8경주: 보통 · 라인 1개 · 페어 [[4, 7]]
[각질편성] 삿포로 8경주: 선행0·선입0·추입0 → 🐌 느린 페이스
[3종 수집] 기후 8경주: {'quinella': 21, 'exacta': 42, 'trio': 0, 'win': 0} (history 5)
[각질편성] 기후 8경주: 선행1·선입0·추입6 → 🐌 느린 페이스
[경륜전개] 기후 8경주: 보통 · 라인 1개 · 페어 [[4, 7]]
[자동분석·배경] 기후 8경주: 마감 461초 전 재분석(rec_history 누적·cycle)
[3종 수집] 삿포로 9경주: {'quinella': 21, 'exacta': 0, 'trio': 35, 'win': 0} (history 1)
[JRA수집] 1경주 수집 · 0경주 생략(확장 우선) · 0.31초 · 다음 60초 · 🔬관찰모드
[복승불일치 축교정] 아오모리 4경주: 축 [1, 4]로 교정(자금이탈 강등 [7]·🔴🔴)
[각질편성] 삿포로 8경주: 선행0·선입0·추입0 → 🐌 느린 페이스
[한국 전적] 삿포로 9경주: 11두 저장(PDF, 전적 11두)
[잔존마 필터] 삿포로 9경주: 전적 11두 → 배당 출전마 7두 (배당 없는 마번 제외: [8, 9, 10, 11])
[각질편성] 삿포로 9경주: 선행0·선입0·추입0 → 🐌 느린 페이스
[분석로그] 저장 실패: [WinError 5] 액세스가 거부되었습니다: 'C:\\Users\\Administrator\\Desktop\\경마분석서버\\data\\analysis_log\\2026_08_01_삿포로_9경주.json.tmp' -> 'C:\\Users\\Administrator\\Desktop\\경마분석서버\\data\\analysis_log\\2026_08_01_삿포로_9경주.json'
[결과기록] 캐시 갱신 — 재파싱 2건 / 전체 1687건
[복승불일치 축교정] 아오모리 5경주: 축 [1, 3]로 교정(자금이탈 강등 [6]·🔴)
[placeholder 필터] 호후 6경주 쌍승 껍데기 배당 3조합 제외(값: [300.2])
[복승불일치 축교정] 호후 6경주: 축 [1, 5]로 교정(자금이탈 강등 [7]·🔴)
[placeholder 필터] 아오모리 7경주 쌍승 껍데기 배당 3조합 제외(값: [1703.0])
[복승불일치 축교정] 호후 7경주: 축 [2, 5]로 교정(자금이탈 강등 [1]·🔴🔴)
[한국이력 검역] 거부 — 파일=서울 9R / 본문 raceKey=삿포로 9경주 (경마장 불일치)
[복승불일치 축교정] 사세보 2경주: 축 [2, 7]로 교정(자금이탈 강등 [1]·🔴🔴)
[복승불일치 축교정] 기후 2경주: 축 [3, 4]로 교정(자금이탈 강등 [6]·🔴🔴)
[복승불일치 축교정] 사세보 3경주: 축 [1, 5]로 교정(자금이탈 강등 [7]·🔴🔴)
[복승불일치 축교정] 오다와라 3경주: 축 [3, 9]로 교정(자금이탈 강등 [1]·🔴)
[복승불일치 축교정] 기후 3경주: 축 [5, 7]로 교정(자금이탈 강등 [4]·🔴🔴)
[복승불일치 축교정] 사세보 4경주: 축 [1, 4]로 교정(자금이탈 강등 [7]·🔴🔴)
[placeholder 필터] 오다와라 4경주 쌍승 껍데기 배당 4조합 제외(값: [859.9])
[3종 수집] 기후 8경주: {'quinella': 21, 'exacta': 42, 'trio': 0, 'win': 0} (history 6)
[복승불일치 축교정] 기후 4경주: 축 [1, 4]로 교정(자금이탈 강등 [2]·🔴🔴)
[각질편성] 오다와라 5경주: 선행3·선입0·추입6 → ⚡ 빠른 페이스
[경륜전개] 오다와라 5경주: 슬로우(단독 선행) · 라인 3개 · 페어 [[2, 5], [1, 8], [3, 7]]
[잔존마 필터] 삿포로 9경주: 전적 11두 → 배당 출전마 7두 (배당 없는 마번 제외: [8, 9, 10, 11])
[각질편성] 삿포로 9경주: 선행0·선입0·추입0 → 🐌 느린 페이스
[각질편성] 기후 8경주: 선행1·선입0·추입6 → 🐌 느린 페이스
[경륜전개] 기후 8경주: 보통 · 라인 1개 · 페어 [[4, 7]]
[각질편성] 기후 5경주: 선행2·선입0·추입5 → 보통 페이스
[경륜전개] 기후 5경주: 보통 · 라인 2개 · 페어 [[1, 5], [3, 7]]
[자동분석·배경] 기후 8경주: 마감 429초 전 재분석(rec_history 누적·cycle)
[각질편성] 오다와라 8경주: 선행3·선입0·추입6 → ⚡ 빠른 페이스
[경륜전개] 오다와라 8경주: 슬로우(단독 선행) · 라인 3개 · 페어 [[1, 7], [3, 9], [2, 5]]
[각질편성] 기후 8경주: 선행1·선입0·추입6 → 🐌 느린 페이스
[경륜전개] 기후 8경주: 보통 · 라인 1개 · 페어 [[4, 7]]
[카카오알림] 기후 8경주 T-7 → 큐 적재
[각질편성] 사세보 6경주: 선행3·선입0·추입3 → ⚡ 빠른 페이스
[경륜전개] 사세보 6경주: 보통 · 라인 3개 · 페어 [[4, 2], [1, 5]]
[각질편성] 오다와라 6경주: 선행3·선입0·추입6 → ⚡ 빠른 페이스
[경륜전개] 오다와라 6경주: 보통 · 라인 3개 · 페어 [[1, 9], [5, 2], [8, 3]]
[각질편성] 기후 6경주: 선행1·선입0·추입5 → 🐌 느린 페이스
[경륜전개] 기후 6경주: 슬로우(단독 선행) · 라인 2개 · 페어 [[1, 2]]
[각질편성] 사세보 7경주: 선행2·선입0·추입5 → 보통 페이스
[경륜전개] 사세보 7경주: 보통 · 라인 2개 · 페어 [[5, 3], [6, 1]]
[각질편성] 오다와라 7경주: 선행3·선입0·추입6 → ⚡ 빠른 페이스
[경륜전개] 오다와라 7경주: 보통 · 라인 3개 · 페어 [[7, 2], [9, 1], [8, 3]]
[각질편성] 기후 7경주: 선행2·선입0·추입5 → 보통 페이스
[경륜전개] 기후 7경주: 슬로우(단독 선행) · 라인 2개 · 페어 [[3, 5], [4, 1]]
[각질편성] 사세보 8경주: 선행2·선입0·추입5 → 보통 페이스
[경륜전개] 사세보 8경주: 보통 · 라인 2개 · 페어 [[4, 1], [7, 3]]
[각질편성] 오다와라 8경주: 선행3·선입0·추입6 → ⚡ 빠른 페이스
[경륜전개] 오다와라 8경주: 슬로우(단독 선행) · 라인 3개 · 페어 [[1, 7], [3, 9], [2, 5]]
[각질편성] 기후 8경주: 선행1·선입0·추입6 → 🐌 느린 페이스
[경륜전개] 기후 8경주: 보통 · 라인 1개 · 페어 [[4, 7]]
[각질편성] 삿포로 8경주: 선행0·선입0·추입0 → 🐌 느린 페이스
[잔존마 필터] 삿포로 9경주: 전적 11두 → 배당 출전마 7두 (배당 없는 마번 제외: [8, 9, 10, 11])
[각질편성] 삿포로 9경주: 선행0·선입0·추입0 → 🐌 느린 페이스
[잔존마 필터] 삿포로 9경주: 전적 11두 → 배당 출전마 7두 (배당 없는 마번 제외: [8, 9, 10, 11])
[각질편성] 삿포로 9경주: 선행0·선입0·추입0 → 🐌 느린 페이스
[잔존마 필터] 삿포로 9경주: 전적 11두 → 배당 출전마 7두 (배당 없는 마번 제외: [8, 9, 10, 11])
[각질편성] 삿포로 9경주: 선행0·선입0·추입0 → 🐌 느린 페이스
[잔존마 필터] 삿포로 9경주: 전적 11두 → 배당 출전마 7두 (배당 없는 마번 제외: [8, 9, 10, 11])
[각질편성] 삿포로 9경주: 선행0·선입0·추입0 → 🐌 느린 페이스
[잔존마 필터] 삿포로 9경주: 전적 11두 → 배당 출전마 7두 (배당 없는 마번 제외: [8, 9, 10, 11])
[각질편성] 삿포로 9경주: 선행0·선입0·추입0 → 🐌 느린 페이스
[3종 수집] 삿포로 9경주: {'quinella': 21, 'exacta': 0, 'trio': 35, 'win': 0} (history 2)
[JRA수집] 1경주 수집 · 0경주 생략(확장 우선) · 0.36초 · 다음 60초 · 🔬관찰모드
[3종 수집] 기후 8경주: {'quinella': 21, 'exacta': 42, 'trio': 0, 'win': 0} (history 7)
[각질편성] 기후 8경주: 선행1·선입0·추입6 → 🐌 느린 페이스
[경륜전개] 기후 8경주: 보통 · 라인 1개 · 페어 [[4, 7]]
[경륜 추천 모순 수정] 고배당 강제조합 1건 메인→복병 이동(25배 상한)
[단통 상한] 메인 3개 · 복병이동 1개
[자동분석·배경] 기후 8경주: 마감 393초 전 재분석(rec_history 누적·cycle)
[잔존마 필터] 삿포로 9경주: 전적 11두 → 배당 출전마 7두 (배당 없는 마번 제외: [8, 9, 10, 11])
[각질편성] 삿포로 9경주: 선행0·선입0·추입0 → 🐌 느린 페이스
[잔존마 필터] 삿포로 9경주: 전적 11두 → 배당 출전마 7두 (배당 없는 마번 제외: [8, 9, 10, 11])
[각질편성] 삿포로 9경주: 선행0·선입0·추입0 → 🐌 느린 페이스
[잔존마 필터] 삿포로 9경주: 전적 11두 → 배당 출전마 7두 (배당 없는 마번 제외: [8, 9, 10, 11])
[각질편성] 삿포로 9경주: 선행0·선입0·추입0 → 🐌 느린 페이스
[잔존마 필터] 삿포로 9경주: 전적 11두 → 배당 출전마 7두 (배당 없는 마번 제외: [8, 9, 10, 11])
[각질편성] 삿포로 9경주: 선행0·선입0·추입0 → 🐌 느린 페이스
[복승불일치 축교정] 아오모리 4경주: 축 [1, 4]로 교정(자금이탈 강등 [7]·🔴🔴)
[잔존마 필터] 삿포로 9경주: 전적 11두 → 배당 출전마 7두 (배당 없는 마번 제외: [8, 9, 10, 11])
[잔존마 필터] 삿포로 9경주: 전적 11두 → 배당 출전마 7두 (배당 없는 마번 제외: [8, 9, 10, 11])
[잔존마 필터] 삿포로 9경주: 전적 11두 → 배당 출전마 7두 (배당 없는 마번 제외: [8, 9, 10, 11])
[각질편성] 삿포로 9경주: 선행0·선입0·추입0 → 🐌 느린 페이스
[각질편성] 삿포로 9경주: 선행0·선입0·추입0 → 🐌 느린 페이스
[각질편성] 삿포로 9경주: 선행0·선입0·추입0 → 🐌 느린 페이스
[잔존마 필터] 삿포로 9경주: 전적 11두 → 배당 출전마 7두 (배당 없는 마번 제외: [8, 9, 10, 11])
[각질편성] 삿포로 9경주: 선행0·선입0·추입0 → 🐌 느린 페이스
[한국 전적] 삿포로 9경주: 11두 저장(PDF, 전적 11두)
[잔존마 필터] 삿포로 9경주: 전적 11두 → 배당 출전마 7두 (배당 없는 마번 제외: [8, 9, 10, 11])
[각질편성] 삿포로 9경주: 선행0·선입0·추입0 → 🐌 느린 페이스
[분석로그] 저장 실패: [WinError 5] 액세스가 거부되었습니다: 'C:\\Users\\Administrator\\Desktop\\경마분석서버\\data\\analysis_log\\2026_08_01_삿포로_9경주.json.tmp' -> 'C:\\Users\\Administrator\\Desktop\\경마분석서버\\data\\analysis_log\\2026_08_01_삿포로_9경주.json'
[분석로그] 저장 실패: [WinError 32] 다른 프로세스가 파일을 사용 중이기 때문에 프로세스가 액세스 할 수 없습니다: 'C:\\Users\\Administrator\\Desktop\\경마분석서버\\data\\analysis_log\\2026_08_01_삿포로_9경주.json.tmp' -> 'C:\\Users\\Administrator\\Desktop\\경마분석서버\\data\\analysis_log\\2026_08_01_삿포로_9경주.json'
[분석로그] 저장 실패: [WinError 5] 액세스가 거부되었습니다: 'C:\\Users\\Administrator\\Desktop\\경마분석서버\\data\\analysis_log\\2026_08_01_삿포로_9경주.json.tmp' -> 'C:\\Users\\Administrator\\Desktop\\경마분석서버\\data\\analysis_log\\2026_08_01_삿포로_9경주.json'
[잔존마 필터] 삿포로 9경주: 전적 11두 → 배당 출전마 7두 (배당 없는 마번 제외: [8, 9, 10, 11])
[각질편성] 삿포로 9경주: 선행0·선입0·추입0 → 🐌 느린 페이스
[결과기록] 캐시 갱신 — 재파싱 2건 / 전체 1687건
[복승불일치 축교정] 아오모리 5경주: 축 [1, 3]로 교정(자금이탈 강등 [6]·🔴)
[한국이력 검역] 거부 — 파일=서울 9R / 본문 raceKey=삿포로 9경주 (경마장 불일치)
[placeholder 필터] 호후 6경주 쌍승 껍데기 배당 3조합 제외(값: [300.2])
[복승불일치 축교정] 호후 6경주: 축 [1, 5]로 교정(자금이탈 강등 [7]·🔴)
[placeholder 필터] 아오모리 7경주 쌍승 껍데기 배당 3조합 제외(값: [1703.0])
[복승불일치 축교정] 호후 7경주: 축 [2, 5]로 교정(자금이탈 강등 [1]·🔴🔴)
[복승불일치 축교정] 사세보 2경주: 축 [2, 7]로 교정(자금이탈 강등 [1]·🔴🔴)
[복승불일치 축교정] 기후 2경주: 축 [3, 4]로 교정(자금이탈 강등 [6]·🔴🔴)
[복승불일치 축교정] 사세보 3경주: 축 [1, 5]로 교정(자금이탈 강등 [7]·🔴🔴)
[복승불일치 축교정] 오다와라 3경주: 축 [3, 9]로 교정(자금이탈 강등 [1]·🔴)
[복승불일치 축교정] 기후 3경주: 축 [5, 7]로 교정(자금이탈 강등 [4]·🔴🔴)
[복승불일치 축교정] 사세보 4경주: 축 [1, 4]로 교정(자금이탈 강등 [7]·🔴🔴)
[잔존마 필터] 삿포로 9경주: 전적 11두 → 배당 출전마 7두 (배당 없는 마번 제외: [8, 9, 10, 11])
[잔존마 필터] 삿포로 9경주: 전적 11두 → 배당 출전마 7두 (배당 없는 마번 제외: [8, 9, 10, 11])
[각질편성] 삿포로 9경주: 선행0·선입0·추입0 → 🐌 느린 페이스
[각질편성] 삿포로 9경주: 선행0·선입0·추입0 → 🐌 느린 페이스
[placeholder 필터] 오다와라 4경주 쌍승 껍데기 배당 4조합 제외(값: [859.9])
[분석로그] 저장 실패: [Errno 13] Permission denied: 'C:\\Users\\Administrator\\Desktop\\경마분석서버\\data\\analysis_log\\2026_08_01_삿포로_9경주.json.tmp'
[복승불일치 축교정] 기후 4경주: 축 [1, 4]로 교정(자금이탈 강등 [2]·🔴🔴)
[각질편성] 오다와라 5경주: 선행3·선입0·추입6 → ⚡ 빠른 페이스
[경륜전개] 오다와라 5경주: 슬로우(단독 선행) · 라인 3개 · 페어 [[2, 5], [1, 8], [3, 7]]
[각질편성] 기후 5경주: 선행2·선입0·추입5 → 보통 페이스
[경륜전개] 기후 5경주: 보통 · 라인 2개 · 페어 [[1, 5], [3, 7]]
[각질편성] 사세보 6경주: 선행3·선입0·추입3 → ⚡ 빠른 페이스
[경륜전개] 사세보 6경주: 보통 · 라인 3개 · 페어 [[4, 2], [1, 5]]
[각질편성] 오다와라 6경주: 선행3·선입0·추입6 → ⚡ 빠른 페이스
[경륜전개] 오다와라 6경주: 보통 · 라인 3개 · 페어 [[1, 9], [5, 2], [8, 3]]
[각질편성] 기후 6경주: 선행1·선입0·추입5 → 🐌 느린 페이스
[경륜전개] 기후 6경주: 슬로우(단독 선행) · 라인 2개 · 페어 [[1, 2]]
[각질편성] 사세보 7경주: 선행2·선입0·추입5 → 보통 페이스
[경륜전개] 사세보 7경주: 보통 · 라인 2개 · 페어 [[5, 3], [6, 1]]
[각질편성] 오다와라 7경주: 선행3·선입0·추입6 → ⚡ 빠른 페이스
[경륜전개] 오다와라 7경주: 보통 · 라인 3개 · 페어 [[7, 2], [9, 1], [8, 3]]
[잔존마 필터] 삿포로 9경주: 전적 11두 → 배당 출전마 7두 (배당 없는 마번 제외: [8, 9, 10, 11])
[각질편성] 삿포로 9경주: 선행0·선입0·추입0 → 🐌 느린 페이스
[각질편성] 기후 7경주: 선행2·선입0·추입5 → 보통 페이스
[경륜전개] 기후 7경주: 슬로우(단독 선행) · 라인 2개 · 페어 [[3, 5], [4, 1]]
[각질편성] 사세보 8경주: 선행2·선입0·추입5 → 보통 페이스
[경륜전개] 사세보 8경주: 보통 · 라인 2개 · 페어 [[4, 1], [7, 3]]
[각질편성] 오다와라 8경주: 선행3·선입0·추입6 → ⚡ 빠른 페이스
[경륜전개] 오다와라 8경주: 슬로우(단독 선행) · 라인 3개 · 페어 [[1, 7], [3, 9], [2, 5]]
[각질편성] 기후 8경주: 선행1·선입0·추입6 → 🐌 느린 페이스
[경륜전개] 기후 8경주: 보통 · 라인 1개 · 페어 [[4, 7]]
[경륜 추천 모순 수정] 고배당 강제조합 1건 메인→복병 이동(25배 상한)
[단통 상한] 메인 3개 · 복병이동 1개
[3종 수집] 기후 8경주: {'quinella': 21, 'exacta': 42, 'trio': 0, 'win': 0} (history 8)
[각질편성] 삿포로 8경주: 선행0·선입0·추입0 → 🐌 느린 페이스
[잔존마 필터] 삿포로 9경주: 전적 11두 → 배당 출전마 7두 (배당 없는 마번 제외: [8, 9, 10, 11])
[각질편성] 삿포로 9경주: 선행0·선입0·추입0 → 🐌 느린 페이스
[각질편성] 기후 8경주: 선행1·선입0·추입6 → 🐌 느린 페이스
[경륜전개] 기후 8경주: 보통 · 라인 1개 · 페어 [[4, 7]]
[경륜 추천 모순 수정] 고배당 강제조합 1건 메인→복병 이동(25배 상한)
[단통 상한] 메인 3개 · 복병이동 1개
[자동분석·배경] 기후 8경주: 마감 361초 전 재분석(rec_history 누적·cycle)
[각질편성] 기후 8경주: 선행1·선입0·추입6 → 🐌 느린 페이스
[경륜전개] 기후 8경주: 보통 · 라인 1개 · 페어 [[4, 7]]
[경륜 추천 모순 수정] 고배당 강제조합 1건 메인→복병 이동(25배 상한)
[단통 상한] 메인 3개 · 복병이동 1개
[잔존마 필터] 삿포로 9경주: 전적 11두 → 배당 출전마 7두 (배당 없는 마번 제외: [8, 9, 10, 11])
[각질편성] 삿포로 9경주: 선행0·선입0·추입0 → 🐌 느린 페이스
[잔존마 필터] 삿포로 9경주: 전적 11두 → 배당 출전마 7두 (배당 없는 마번 제외: [8, 9, 10, 11])
[각질편성] 삿포로 9경주: 선행0·선입0·추입0 → 🐌 느린 페이스
[잔존마 필터] 삿포로 9경주: 전적 11두 → 배당 출전마 7두 (배당 없는 마번 제외: [8, 9, 10, 11])
[각질편성] 삿포로 9경주: 선행0·선입0·추입0 → 🐌 느린 페이스
[잔존마 필터] 삿포로 9경주: 전적 11두 → 배당 출전마 7두 (배당 없는 마번 제외: [8, 9, 10, 11])
[각질편성] 삿포로 9경주: 선행0·선입0·추입0 → 🐌 느린 페이스
[잔존마 필터] 삿포로 9경주: 전적 11두 → 배당 출전마 7두 (배당 없는 마번 제외: [8, 9, 10, 11])
[각질편성] 삿포로 9경주: 선행0·선입0·추입0 → 🐌 느린 페이스
[한국 전적] 삿포로 9경주: 11두 저장(PDF, 전적 11두)
[잔존마 필터] 삿포로 9경주: 전적 11두 → 배당 출전마 7두 (배당 없는 마번 제외: [8, 9, 10, 11])
[각질편성] 삿포로 9경주: 선행0·선입0·추입0 → 🐌 느린 페이스
[잔존마 필터] 삿포로 9경주: 전적 11두 → 배당 출전마 7두 (배당 없는 마번 제외: [8, 9, 10, 11])
[각질편성] 삿포로 9경주: 선행0·선입0·추입0 → 🐌 느린 페이스
[한국이력 검역] 거부 — 파일=서울 9R / 본문 raceKey=삿포로 9경주 (경마장 불일치)
[잔존마 필터] 삿포로 9경주: 전적 11두 → 배당 출전마 7두 (배당 없는 마번 제외: [8, 9, 10, 11])
[각질편성] 삿포로 9경주: 선행0·선입0·추입0 → 🐌 느린 페이스
[3종 수집] 삿포로 9경주: {'quinella': 21, 'exacta': 0, 'trio': 35, 'win': 0} (history 3)
[JRA수집] 1경주 수집 · 0경주 생략(확장 우선) · 0.34초 · 다음 60초 · 🔬관찰모드
[다중경주] 하트비트 #91 · 스케줄 ymd=20260801 (-1초 전 갱신 · 트랙 12개)
[3종 수집] 기후 8경주: {'quinella': 21, 'exacta': 42, 'trio': 0, 'win': 0} (history 9)
[각질편성] 기후 8경주: 선행1·선입0·추입6 → 🐌 느린 페이스
[경륜전개] 기후 8경주: 보통 · 라인 1개 · 페어 [[4, 7]]
[경륜 추천 모순 수정] 고배당 강제조합 2건 메인→복병 이동(25배 상한)
[단통 상한] 메인 2개 · 복병이동 2개
[자동분석·배경] 기후 8경주: 마감 328초 전 재분석(rec_history 누적·cycle)
[각질편성] 기후 8경주: 선행1·선입0·추입6 → 🐌 느린 페이스
[경륜전개] 기후 8경주: 보통 · 라인 1개 · 페어 [[4, 7]]
[잔존마 필터] 삿포로 9경주: 전적 11두 → 배당 출전마 7두 (배당 없는 마번 제외: [8, 9, 10, 11])
[잔존마 필터] 삿포로 9경주: 전적 11두 → 배당 출전마 7두 (배당 없는 마번 제외: [8, 9, 10, 11])
[경륜 추천 모순 수정] 고배당 강제조합 2건 메인→복병 이동(25배 상한)
[단통 상한] 메인 2개 · 복병이동 2개
[각질편성] 삿포로 9경주: 선행0·선입0·추입0 → 🐌 느린 페이스
[각질편성] 삿포로 9경주: 선행0·선입0·추입0 → 🐌 느린 페이스
[카카오알림] 기후 8경주 T-5 → 큐 적재
[잔존마 필터] 삿포로 9경주: 전적 11두 → 배당 출전마 7두 (배당 없는 마번 제외: [8, 9, 10, 11])
[각질편성] 삿포로 9경주: 선행0·선입0·추입0 → 🐌 느린 페이스
[잔존마 필터] 삿포로 9경주: 전적 11두 → 배당 출전마 7두 (배당 없는 마번 제외: [8, 9, 10, 11])
[각질편성] 삿포로 9경주: 선행0·선입0·추입0 → 🐌 느린 페이스
[복승불일치 축교정] 아오모리 4경주: 축 [1, 4]로 교정(자금이탈 강등 [7]·🔴🔴)
[잔존마 필터] 삿포로 9경주: 전적 11두 → 배당 출전마 7두 (배당 없는 마번 제외: [8, 9, 10, 11])
[잔존마 필터] 삿포로 9경주: 전적 11두 → 배당 출전마 7두 (배당 없는 마번 제외: [8, 9, 10, 11])
[각질편성] 삿포로 9경주: 선행0·선입0·추입0 → 🐌 느린 페이스
[잔존마 필터] 삿포로 9경주: 전적 11두 → 배당 출전마 7두 (배당 없는 마번 제외: [8, 9, 10, 11])
[각질편성] 삿포로 9경주: 선행0·선입0·추입0 → 🐌 느린 페이스
[잔존마 필터] 삿포로 9경주: 전적 11두 → 배당 출전마 7두 (배당 없는 마번 제외: [8, 9, 10, 11])
[각질편성] 삿포로 9경주: 선행0·선입0·추입0 → 🐌 느린 페이스
[각질편성] 삿포로 9경주: 선행0·선입0·추입0 → 🐌 느린 페이스
[분석로그] 저장 실패: [WinError 32] 다른 프로세스가 파일을 사용 중이기 때문에 프로세스가 액세스 할 수 없습니다: 'C:\\Users\\Administrator\\Desktop\\경마분석서버\\data\\analysis_log\\2026_08_01_삿포로_9경주.json.tmp' -> 'C:\\Users\\Administrator\\Desktop\\경마분석서버\\data\\analysis_log\\2026_08_01_삿포로_9경주.json'
[분석로그] 저장 실패: [WinError 32] 다른 프로세스가 파일을 사용 중이기 때문에 프로세스가 액세스 할 수 없습니다: 'C:\\Users\\Administrator\\Desktop\\경마분석서버\\data\\analysis_log\\2026_08_01_삿포로_9경주.json.tmp' -> 'C:\\Users\\Administrator\\Desktop\\경마분석서버\\data\\analysis_log\\2026_08_01_삿포로_9경주.json'
[복승불일치 축교정] 아오모리 5경주: 축 [1, 3]로 교정(자금이탈 강등 [6]·🔴)
[결과기록] 캐시 갱신 — 재파싱 2건 / 전체 1687건
[placeholder 필터] 호후 6경주 쌍승 껍데기 배당 3조합 제외(값: [300.2])
[복승불일치 축교정] 호후 6경주: 축 [1, 5]로 교정(자금이탈 강등 [7]·🔴)
[placeholder 필터] 아오모리 7경주 쌍승 껍데기 배당 3조합 제외(값: [1703.0])
[복승불일치 축교정] 호후 7경주: 축 [2, 5]로 교정(자금이탈 강등 [1]·🔴🔴)
[복승불일치 축교정] 사세보 2경주: 축 [2, 7]로 교정(자금이탈 강등 [1]·🔴🔴)
[복승불일치 축교정] 기후 2경주: 축 [3, 4]로 교정(자금이탈 강등 [6]·🔴🔴)
[복승불일치 축교정] 사세보 3경주: 축 [1, 5]로 교정(자금이탈 강등 [7]·🔴🔴)
[복승불일치 축교정] 오다와라 3경주: 축 [3, 9]로 교정(자금이탈 강등 [1]·🔴)
[복승불일치 축교정] 기후 3경주: 축 [5, 7]로 교정(자금이탈 강등 [4]·🔴🔴)
[복승불일치 축교정] 사세보 4경주: 축 [1, 4]로 교정(자금이탈 강등 [7]·🔴🔴)
[placeholder 필터] 오다와라 4경주 쌍승 껍데기 배당 4조합 제외(값: [859.9])
[복승불일치 축교정] 기후 4경주: 축 [1, 4]로 교정(자금이탈 강등 [2]·🔴🔴)
[각질편성] 오다와라 5경주: 선행3·선입0·추입6 → ⚡ 빠른 페이스
[경륜전개] 오다와라 5경주: 슬로우(단독 선행) · 라인 3개 · 페어 [[2, 5], [1, 8], [3, 7]]
[각질편성] 기후 5경주: 선행2·선입0·추입5 → 보통 페이스
[경륜전개] 기후 5경주: 보통 · 라인 2개 · 페어 [[1, 5], [3, 7]]
[잔존마 필터] 삿포로 9경주: 전적 11두 → 배당 출전마 7두 (배당 없는 마번 제외: [8, 9, 10, 11])
[각질편성] 삿포로 9경주: 선행0·선입0·추입0 → 🐌 느린 페이스
[각질편성] 사세보 6경주: 선행3·선입0·추입3 → ⚡ 빠른 페이스
[경륜전개] 사세보 6경주: 보통 · 라인 3개 · 페어 [[4, 2], [1, 5]]
[각질편성] 오다와라 6경주: 선행3·선입0·추입6 → ⚡ 빠른 페이스
[경륜전개] 오다와라 6경주: 보통 · 라인 3개 · 페어 [[1, 9], [5, 2], [8, 3]]
[각질편성] 기후 6경주: 선행1·선입0·추입5 → 🐌 느린 페이스
[경륜전개] 기후 6경주: 슬로우(단독 선행) · 라인 2개 · 페어 [[1, 2]]
[각질편성] 사세보 7경주: 선행2·선입0·추입5 → 보통 페이스
[경륜전개] 사세보 7경주: 보통 · 라인 2개 · 페어 [[5, 3], [6, 1]]
[각질편성] 오다와라 7경주: 선행3·선입0·추입6 → ⚡ 빠른 페이스
[경륜전개] 오다와라 7경주: 보통 · 라인 3개 · 페어 [[7, 2], [9, 1], [8, 3]]
[각질편성] 기후 7경주: 선행2·선입0·추입5 → 보통 페이스
[경륜전개] 기후 7경주: 슬로우(단독 선행) · 라인 2개 · 페어 [[3, 5], [4, 1]]
[각질편성] 사세보 8경주: 선행2·선입0·추입5 → 보통 페이스
[경륜전개] 사세보 8경주: 보통 · 라인 2개 · 페어 [[4, 1], [7, 3]]
[각질편성] 오다와라 8경주: 선행3·선입0·추입6 → ⚡ 빠른 페이스
[경륜전개] 오다와라 8경주: 슬로우(단독 선행) · 라인 3개 · 페어 [[1, 7], [3, 9], [2, 5]]
[각질편성] 기후 8경주: 선행1·선입0·추입6 → 🐌 느린 페이스
[경륜전개] 기후 8경주: 보통 · 라인 1개 · 페어 [[4, 7]]
[경륜 추천 모순 수정] 고배당 강제조합 2건 메인→복병 이동(25배 상한)
[단통 상한] 메인 2개 · 복병이동 2개
[각질편성] 삿포로 8경주: 선행0·선입0·추입0 → 🐌 느린 페이스
[잔존마 필터] 삿포로 9경주: 전적 11두 → 배당 출전마 7두 (배당 없는 마번 제외: [8, 9, 10, 11])
[각질편성] 삿포로 9경주: 선행0·선입0·추입0 → 🐌 느린 페이스
[잔존마 필터] 삿포로 9경주: 전적 11두 → 배당 출전마 7두 (배당 없는 마번 제외: [8, 9, 10, 11])
[각질편성] 삿포로 9경주: 선행0·선입0·추입0 → 🐌 느린 페이스
[3종 수집] 기후 8경주: {'quinella': 21, 'exacta': 42, 'trio': 0, 'win': 0} (history 10)
[각질편성] 기후 8경주: 선행1·선입0·추입6 → 🐌 느린 페이스
[경륜전개] 기후 8경주: 보통 · 라인 1개 · 페어 [[4, 7]]
[복병 이동 상한] 2+6 110.6배 > 특별상한 50.0배 → 💎 노출 제외(참고)
[경륜 추천 모순 수정] 고배당 강제조합 2건 메인→복병 이동(25배 상한)
[단통 상한] 메인 2개 · 복병이동 2개
[자동예상] 기후 8경주 최종예상 저장(2026_08_01_기후_8경주.json)
[각질편성] 기후 8경주: 선행1·선입0·추입6 → 🐌 느린 페이스
[경륜전개] 기후 8경주: 보통 · 라인 1개 · 페어 [[4, 7]]
[복병 이동 상한] 2+6 110.6배 > 특별상한 50.0배 → 💎 노출 제외(참고)
[경륜 추천 모순 수정] 고배당 강제조합 2건 메인→복병 이동(25배 상한)
[단통 상한] 메인 2개 · 복병이동 2개
[자동분석·배경] 기후 8경주: 마감 294초 전 재분석(rec_history 누적·cycle)
[잔존마 필터] 삿포로 9경주: 전적 11두 → 배당 출전마 7두 (배당 없는 마번 제외: [8, 9, 10, 11])
[각질편성] 삿포로 9경주: 선행0·선입0·추입0 → 🐌 느린 페이스
[잔존마 필터] 삿포로 9경주: 전적 11두 → 배당 출전마 7두 (배당 없는 마번 제외: [8, 9, 10, 11])
[각질편성] 삿포로 9경주: 선행0·선입0·추입0 → 🐌 느린 페이스
[잔존마 필터] 삿포로 9경주: 전적 11두 → 배당 출전마 7두 (배당 없는 마번 제외: [8, 9, 10, 11])
[각질편성] 삿포로 9경주: 선행0·선입0·추입0 → 🐌 느린 페이스
[3종 수집] 삿포로 9경주: {'quinella': 21, 'exacta': 0, 'trio': 35, 'win': 0} (history 4)
[JRA수집] 1경주 수집 · 0경주 생략(확장 우선) · 0.40초 · 다음 60초 · 🔬관찰모드
[스냅샷] 저장: 2026_08_01_삿포로_9경주_T-10.png (793 KB · T-10)
[잔존마 필터] 삿포로 9경주: 전적 11두 → 배당 출전마 7두 (배당 없는 마번 제외: [8, 9, 10, 11])
[각질편성] 삿포로 9경주: 선행0·선입0·추입0 → 🐌 느린 페이스
[스냅샷] 저장: 2026_08_01_삿포로_9경주_T-10.png (773 KB · T-10)
[스냅샷] 저장: 2026_08_01_삿포로_9경주_T-10.png (773 KB · T-10)
[3종 수집] 기후 8경주: {'quinella': 21, 'exacta': 42, 'trio': 0, 'win': 0} (history 11)
[각질편성] 기후 8경주: 선행1·선입0·추입6 → 🐌 느린 페이스
[경륜전개] 기후 8경주: 보통 · 라인 1개 · 페어 [[4, 7]]
[경륜 추천 모순 수정] 고배당 강제조합 2건 메인→복병 이동(25배 상한)
[단통 상한] 메인 2개 · 복병이동 2개
[자동분석·배경] 기후 8경주: 마감 262초 전 재분석(rec_history 누적·cycle)
[카톡 변경알림·즉시] 기후 8경주 (남은 262s): 복승 추가: 3+7 / 삼복승 제외: 2+4+7 · 4+6+7
[잔존마 필터] 삿포로 9경주: 전적 11두 → 배당 출전마 7두 (배당 없는 마번 제외: [8, 9, 10, 11])
[각질편성] 삿포로 9경주: 선행0·선입0·추입0 → 🐌 느린 페이스
[잔존마 필터] 삿포로 9경주: 전적 11두 → 배당 출전마 7두 (배당 없는 마번 제외: [8, 9, 10, 11])
[각질편성] 삿포로 9경주: 선행0·선입0·추입0 → 🐌 느린 페이스
[분석로그] 저장 실패: [WinError 32] 다른 프로세스가 파일을 사용 중이기 때문에 프로세스가 액세스 할 수 없습니다: 'C:\\Users\\Administrator\\Desktop\\경마분석서버\\data\\analysis_log\\2026_08_01_삿포로_9경주.json.tmp' -> 'C:\\Users\\Administrator\\Desktop\\경마분석서버\\data\\analysis_log\\2026_08_01_삿포로_9경주.json'
[잔존마 필터] 삿포로 9경주: 전적 11두 → 배당 출전마 7두 (배당 없는 마번 제외: [8, 9, 10, 11])
[잔존마 필터] 삿포로 9경주: 전적 11두 → 배당 출전마 7두 (배당 없는 마번 제외: [8, 9, 10, 11])
[각질편성] 삿포로 9경주: 선행0·선입0·추입0 → 🐌 느린 페이스
[각질편성] 삿포로 9경주: 선행0·선입0·추입0 → 🐌 느린 페이스
[잔존마 필터] 삿포로 9경주: 전적 11두 → 배당 출전마 7두 (배당 없는 마번 제외: [8, 9, 10, 11])
[각질편성] 삿포로 9경주: 선행0·선입0·추입0 → 🐌 느린 페이스
[잔존마 필터] 삿포로 9경주: 전적 11두 → 배당 출전마 7두 (배당 없는 마번 제외: [8, 9, 10, 11])
[잔존마 필터] 삿포로 9경주: 전적 11두 → 배당 출전마 7두 (배당 없는 마번 제외: [8, 9, 10, 11])
[복승불일치 축교정] 아오모리 4경주: 축 [1, 4]로 교정(자금이탈 강등 [7]·🔴🔴)
[각질편성] 삿포로 9경주: 선행0·선입0·추입0 → 🐌 느린 페이스
[각질편성] 삿포로 9경주: 선행0·선입0·추입0 → 🐌 느린 페이스
[잔존마 필터] 삿포로 9경주: 전적 11두 → 배당 출전마 7두 (배당 없는 마번 제외: [8, 9, 10, 11])
[각질편성] 삿포로 9경주: 선행0·선입0·추입0 → 🐌 느린 페이스
[한국 전적] 삿포로 9경주: 11두 저장(PDF, 전적 11두)
[잔존마 필터] 삿포로 9경주: 전적 11두 → 배당 출전마 7두 (배당 없는 마번 제외: [8, 9, 10, 11])
[각질편성] 삿포로 9경주: 선행0·선입0·추입0 → 🐌 느린 페이스
[복승불일치 축교정] 아오모리 5경주: 축 [1, 3]로 교정(자금이탈 강등 [6]·🔴)
[분석로그] 저장 실패: [WinError 5] 액세스가 거부되었습니다: 'C:\\Users\\Administrator\\Desktop\\경마분석서버\\data\\analysis_log\\2026_08_01_삿포로_9경주.json.tmp' -> 'C:\\Users\\Administrator\\Desktop\\경마분석서버\\data\\analysis_log\\2026_08_01_삿포로_9경주.json'
[결과기록] 캐시 갱신 — 재파싱 2건 / 전체 1687건
[placeholder 필터] 호후 6경주 쌍승 껍데기 배당 3조합 제외(값: [300.2])
[복승불일치 축교정] 호후 6경주: 축 [1, 5]로 교정(자금이탈 강등 [7]·🔴)
[placeholder 필터] 아오모리 7경주 쌍승 껍데기 배당 3조합 제외(값: [1703.0])
[한국이력 검역] 거부 — 파일=서울 9R / 본문 raceKey=삿포로 9경주 (경마장 불일치)
[복승불일치 축교정] 호후 7경주: 축 [2, 5]로 교정(자금이탈 강등 [1]·🔴🔴)
[복승불일치 축교정] 사세보 2경주: 축 [2, 7]로 교정(자금이탈 강등 [1]·🔴🔴)
[복승불일치 축교정] 기후 2경주: 축 [3, 4]로 교정(자금이탈 강등 [6]·🔴🔴)
[복승불일치 축교정] 사세보 3경주: 축 [1, 5]로 교정(자금이탈 강등 [7]·🔴🔴)
[복승불일치 축교정] 오다와라 3경주: 축 [3, 9]로 교정(자금이탈 강등 [1]·🔴)
[복승불일치 축교정] 기후 3경주: 축 [5, 7]로 교정(자금이탈 강등 [4]·🔴🔴)
[복승불일치 축교정] 사세보 4경주: 축 [1, 4]로 교정(자금이탈 강등 [7]·🔴🔴)
[잔존마 필터] 삿포로 9경주: 전적 11두 → 배당 출전마 7두 (배당 없는 마번 제외: [8, 9, 10, 11])
[각질편성] 삿포로 9경주: 선행0·선입0·추입0 → 🐌 느린 페이스
[placeholder 필터] 오다와라 4경주 쌍승 껍데기 배당 4조합 제외(값: [859.9])
[복승불일치 축교정] 기후 4경주: 축 [1, 4]로 교정(자금이탈 강등 [2]·🔴🔴)
[각질편성] 오다와라 5경주: 선행3·선입0·추입6 → ⚡ 빠른 페이스
[경륜전개] 오다와라 5경주: 슬로우(단독 선행) · 라인 3개 · 페어 [[2, 5], [1, 8], [3, 7]]
[각질편성] 기후 5경주: 선행2·선입0·추입5 → 보통 페이스
[경륜전개] 기후 5경주: 보통 · 라인 2개 · 페어 [[1, 5], [3, 7]]
[각질편성] 사세보 6경주: 선행3·선입0·추입3 → ⚡ 빠른 페이스
[경륜전개] 사세보 6경주: 보통 · 라인 3개 · 페어 [[4, 2], [1, 5]]
[각질편성] 오다와라 6경주: 선행3·선입0·추입6 → ⚡ 빠른 페이스
[경륜전개] 오다와라 6경주: 보통 · 라인 3개 · 페어 [[1, 9], [5, 2], [8, 3]]
[각질편성] 기후 6경주: 선행1·선입0·추입5 → 🐌 느린 페이스
[경륜전개] 기후 6경주: 슬로우(단독 선행) · 라인 2개 · 페어 [[1, 2]]
[각질편성] 사세보 7경주: 선행2·선입0·추입5 → 보통 페이스
[경륜전개] 사세보 7경주: 보통 · 라인 2개 · 페어 [[5, 3], [6, 1]]
[각질편성] 오다와라 7경주: 선행3·선입0·추입6 → ⚡ 빠른 페이스
[경륜전개] 오다와라 7경주: 보통 · 라인 3개 · 페어 [[7, 2], [9, 1], [8, 3]]
[각질편성] 기후 7경주: 선행2·선입0·추입5 → 보통 페이스
[경륜전개] 기후 7경주: 슬로우(단독 선행) · 라인 2개 · 페어 [[3, 5], [4, 1]]
[각질편성] 사세보 8경주: 선행2·선입0·추입5 → 보통 페이스
[경륜전개] 사세보 8경주: 보통 · 라인 2개 · 페어 [[4, 1], [7, 3]]
[각질편성] 오다와라 8경주: 선행3·선입0·추입6 → ⚡ 빠른 페이스
[경륜전개] 오다와라 8경주: 슬로우(단독 선행) · 라인 3개 · 페어 [[1, 7], [3, 9], [2, 5]]
[각질편성] 기후 8경주: 선행1·선입0·추입6 → 🐌 느린 페이스
[경륜전개] 기후 8경주: 보통 · 라인 1개 · 페어 [[4, 7]]
[경륜 추천 모순 수정] 고배당 강제조합 2건 메인→복병 이동(25배 상한)
[단통 상한] 메인 2개 · 복병이동 2개
[각질편성] 삿포로 8경주: 선행0·선입0·추입0 → 🐌 느린 페이스
[잔존마 필터] 삿포로 9경주: 전적 11두 → 배당 출전마 7두 (배당 없는 마번 제외: [8, 9, 10, 11])
[각질편성] 삿포로 9경주: 선행0·선입0·추입0 → 🐌 느린 페이스
[잔존마 필터] 삿포로 9경주: 전적 11두 → 배당 출전마 7두 (배당 없는 마번 제외: [8, 9, 10, 11])
[각질편성] 삿포로 9경주: 선행0·선입0·추입0 → 🐌 느린 페이스
[3종 수집] 기후 8경주: {'quinella': 21, 'exacta': 42, 'trio': 0, 'win': 0} (history 12)
[각질편성] 기후 8경주: 선행1·선입0·추입6 → 🐌 느린 페이스
[경륜전개] 기후 8경주: 보통 · 라인 1개 · 페어 [[4, 7]]
[경륜 추천 모순 수정] 고배당 강제조합 2건 메인→복병 이동(25배 상한)
[단통 상한] 메인 2개 · 복병이동 2개
[자동분석·배경] 기후 8경주: 마감 230초 전 재분석(rec_history 누적·cycle)
[잔존마 필터] 삿포로 9경주: 전적 11두 → 배당 출전마 7두 (배당 없는 마번 제외: [8, 9, 10, 11])
[각질편성] 삿포로 9경주: 선행0·선입0·추입0 → 🐌 느린 페이스
[KRA 자동수집] 서울 9경주 1800M 자동해제(연속 실패 20회: 데이터 없음(발매 전·비경주일 가능)) — 할당량 보호
[잔존마 필터] 삿포로 9경주: 전적 11두 → 배당 출전마 7두 (배당 없는 마번 제외: [8, 9, 10, 11])
[각질편성] 삿포로 9경주: 선행0·선입0·추입0 → 🐌 느린 페이스
[잔존마 필터] 삿포로 9경주: 전적 11두 → 배당 출전마 7두 (배당 없는 마번 제외: [8, 9, 10, 11])
[각질편성] 삿포로 9경주: 선행0·선입0·추입0 → 🐌 느린 페이스
[3종 수집] 삿포로 9경주: {'quinella': 21, 'exacta': 0, 'trio': 35, 'win': 0} (history 5)
[JRA수집] 1경주 수집 · 0경주 생략(확장 우선) · 0.36초 · 다음 60초 · 🔬관찰모드
[잔존마 필터] 삿포로 9경주: 전적 11두 → 배당 출전마 7두 (배당 없는 마번 제외: [8, 9, 10, 11])
[각질편성] 삿포로 9경주: 선행0·선입0·추입0 → 🐌 느린 페이스
📊 [채점] 사세보 8경주: Gemini 2/3 ↔ 시장 2/3 · 놓침 [7]
📝 [복기] 사세보 8경주: 7번 선수의 '금개최 성적'이 '5착으로 부진'하다고 판단했지만, 실제로는 예선 5착으로  → 규칙(4): 선행형 선수의 최근 경주 성적을 평가할 때, 예선 성적만으로 부진을 판단하지 않고 예선 통과 여부 및 이전 
[각질편성] 사세보 8경주: 선행2·선입0·추입5 → 보통 페이스
[경륜전개] 사세보 8경주: 보통 · 라인 2개 · 페어 [[4, 1], [7, 3]]
⚠️ [수신값 검증] 삿포로 9경주 · 조합수 급감(직전 21→13) → 이 틱 급락 계산 보류(배당은 저장)
[3종 수집] 삿포로 9경주: {'quinella': 13, 'exacta': 0, 'trio': 0, 'win': 0} (history 6)
[신호별학습] 사세보 8경주 · 활성신호 ['급락', '전적이중수렴'] · 유력마적중 복승=False 삼복승=False
[결과 수정] 사세보 8경주: 기존 레코드 교체(재입력)
[잔존마 필터] 삿포로 9경주: 전적 11두 → 배당 출전마 6두 (배당 없는 마번 제외: [7, 8, 9, 10, 11])
[각질편성] 삿포로 9경주: 선행0·선입0·추입0 → 🐌 느린 페이스
[복병케이스] 사세보 8경주: 복병 6두 저장(입상 3)
[각질편성] 사세보 8경주: 선행2·선입0·추입5 → 보통 페이스
[경륜전개] 사세보 8경주: 보통 · 라인 2개 · 페어 [[4, 1], [7, 3]]
[readonly 잠금] 사세보 8경주: 마감 확정 파일 — corePicks/시계열 보존, result/hit만 업데이트 허용
[마감 동결] 사세보 8경주: 확정본 복원(출처 closed_row · 기준 13:52:13)
[패턴발견] 결과 1549경주 스캔 → 발견 패턴 10개(기준 적중률 35.4%)
[자동학습] 사세보 8경주 결과 [7, 5, 4] → 추천적중 False, 급락적중 False, 전적유력마 1(실패), 제거적중 False
[3종 수집] 기후 8경주: {'quinella': 21, 'exacta': 42, 'trio': 0, 'win': 0} (history 12)
[각질편성] 기후 8경주: 선행1·선입0·추입6 → 🐌 느린 페이스
[경륜전개] 기후 8경주: 보통 · 라인 1개 · 페어 [[4, 7]]
[잔존마 필터] 삿포로 9경주: 전적 11두 → 배당 출전마 6두 (배당 없는 마번 제외: [7, 8, 9, 10, 11])
[경륜 추천 개수] 7명 → 메인 3개(상한 3) · 복병 이동 1개
[각질편성] 삿포로 9경주: 선행0·선입0·추입0 → 🐌 느린 페이스
📊 [채점] 기후 7경주: Gemini 2/3 ↔ 시장 1/3 · 놓침 [4]
[자동분석·배경] 기후 8경주: 마감 197초 전 재분석(rec_history 누적·cycle)
[카톡 변경알림·즉시] 기후 8경주 (남은 197s): 복승 추가: 4+6 / 복승 제외: 3+7
[잔존마 필터] 삿포로 9경주: 전적 11두 → 배당 출전마 6두 (배당 없는 마번 제외: [7, 8, 9, 10, 11])
[각질편성] 삿포로 9경주: 선행0·선입0·추입0 → 🐌 느린 페이스
[잔존마 필터] 삿포로 9경주: 전적 11두 → 배당 출전마 6두 (배당 없는 마번 제외: [7, 8, 9, 10, 11])
[잔존마 필터] 삿포로 9경주: 전적 11두 → 배당 출전마 6두 (배당 없는 마번 제외: [7, 8, 9, 10, 11])
[각질편성] 삿포로 9경주: 선행0·선입0·추입0 → 🐌 느린 페이스
[복승불일치 축교정] 아오모리 4경주: 축 [1, 4]로 교정(자금이탈 강등 [7]·🔴🔴)
[각질편성] 삿포로 9경주: 선행0·선입0·추입0 → 🐌 느린 페이스
[잔존마 필터] 삿포로 9경주: 전적 11두 → 배당 출전마 6두 (배당 없는 마번 제외: [7, 8, 9, 10, 11])
[잔존마 필터] 삿포로 9경주: 전적 11두 → 배당 출전마 6두 (배당 없는 마번 제외: [7, 8, 9, 10, 11])
📝 [복기] 기후 7경주: 4번 젖히기형의 선행 후미 추월 가능성을 충분히 고려하지 못했다. 3번의 단독 선행에 너무 → 규칙(3): 선행 일차 경주에서도 젖히기형 말이 최근 우수 성적을 보였다면, 선두권 진입 가능성을 높게 평가한다.
[각질편성] 삿포로 9경주: 선행0·선입0·추입0 → 🐌 느린 페이스
[잔존마 필터] 삿포로 9경주: 전적 11두 → 배당 출전마 6두 (배당 없는 마번 제외: [7, 8, 9, 10, 11])
[각질편성] 삿포로 9경주: 선행0·선입0·추입0 → 🐌 느린 페이스
[placeholder 필터] 기후 7경주 복승 껍데기 배당 24조합 제외(값: [100])
[각질편성] 삿포로 9경주: 선행0·선입0·추입0 → 🐌 느린 페이스
[잔존마 필터] 기후 7경주: 전적 7두 → 배당 출전마 6두 (배당 없는 마번 제외: [6])
[각질편성] 기후 7경주: 선행2·선입0·추입4 → 보통 페이스
[경륜전개] 기후 7경주: 슬로우(단독 선행) · 라인 2개 · 페어 [[3, 5], [4, 1]]
[분석로그] 저장 실패: [WinError 5] 액세스가 거부되었습니다: 'C:\\Users\\Administrator\\Desktop\\경마분석서버\\data\\analysis_log\\2026_08_01_삿포로_9경주.json.tmp' -> 'C:\\Users\\Administrator\\Desktop\\경마분석서버\\data\\analysis_log\\2026_08_01_삿포로_9경주.json'
[한국 전적] 삿포로 9경주: 11두 저장(PDF, 전적 11두)
[분석로그] 저장 실패: [WinError 5] 액세스가 거부되었습니다: 'C:\\Users\\Administrator\\Desktop\\경마분석서버\\data\\analysis_log\\2026_08_01_삿포로_9경주.json.tmp' -> 'C:\\Users\\Administrator\\Desktop\\경마분석서버\\data\\analysis_log\\2026_08_01_삿포로_9경주.json'
[잔존마 필터] 삿포로 9경주: 전적 11두 → 배당 출전마 6두 (배당 없는 마번 제외: [7, 8, 9, 10, 11])
[각질편성] 삿포로 9경주: 선행0·선입0·추입0 → 🐌 느린 페이스
[분석로그] 저장 실패: [Errno 13] Permission denied: 'C:\\Users\\Administrator\\Desktop\\경마분석서버\\data\\analysis_log\\2026_08_01_삿포로_9경주.json.tmp'
[복승불일치 축교정] 아오모리 5경주: 축 [1, 3]로 교정(자금이탈 강등 [6]·🔴)
[잔존마 필터] 삿포로 9경주: 전적 11두 → 배당 출전마 6두 (배당 없는 마번 제외: [7, 8, 9, 10, 11])
[각질편성] 삿포로 9경주: 선행0·선입0·추입0 → 🐌 느린 페이스
[결과기록] 캐시 갱신 — 재파싱 3건 / 전체 1687건
[placeholder 필터] 호후 6경주 쌍승 껍데기 배당 3조합 제외(값: [300.2])
[복승불일치 축교정] 호후 6경주: 축 [1, 5]로 교정(자금이탈 강등 [7]·🔴)
[placeholder 필터] 아오모리 7경주 쌍승 껍데기 배당 3조합 제외(값: [1703.0])
[한국이력 검역] 거부 — 파일=서울 9R / 본문 raceKey=삿포로 9경주 (경마장 불일치)
[복승불일치 축교정] 호후 7경주: 축 [2, 5]로 교정(자금이탈 강등 [1]·🔴🔴)
[복승불일치 축교정] 사세보 2경주: 축 [2, 7]로 교정(자금이탈 강등 [1]·🔴🔴)
[잔존마 필터] 삿포로 9경주: 전적 11두 → 배당 출전마 6두 (배당 없는 마번 제외: [7, 8, 9, 10, 11])
[잔존마 필터] 삿포로 9경주: 전적 11두 → 배당 출전마 6두 (배당 없는 마번 제외: [7, 8, 9, 10, 11])
[각질편성] 삿포로 9경주: 선행0·선입0·추입0 → 🐌 느린 페이스
[각질편성] 삿포로 9경주: 선행0·선입0·추입0 → 🐌 느린 페이스
[복승불일치 축교정] 기후 2경주: 축 [3, 4]로 교정(자금이탈 강등 [6]·🔴🔴)
[복승불일치 축교정] 사세보 3경주: 축 [1, 5]로 교정(자금이탈 강등 [7]·🔴🔴)
[복승불일치 축교정] 오다와라 3경주: 축 [3, 9]로 교정(자금이탈 강등 [1]·🔴)
[신호별학습] 기후 7경주 · 활성신호 ['급락', '전적이중수렴'] · 유력마적중 복승=False 삼복승=False
[결과 수정] 기후 7경주: 기존 레코드 교체(재입력)
[복병케이스] 기후 7경주: 복병 4두 저장(입상 2)
[복승불일치 축교정] 기후 3경주: 축 [5, 7]로 교정(자금이탈 강등 [4]·🔴🔴)
[복승불일치 축교정] 사세보 4경주: 축 [1, 4]로 교정(자금이탈 강등 [7]·🔴🔴)
[placeholder 필터] 오다와라 4경주 쌍승 껍데기 배당 4조합 제외(값: [859.9])
[복승불일치 축교정] 기후 4경주: 축 [1, 4]로 교정(자금이탈 강등 [2]·🔴🔴)
[잔존마 필터] 삿포로 9경주: 전적 11두 → 배당 출전마 6두 (배당 없는 마번 제외: [7, 8, 9, 10, 11])
[각질편성] 삿포로 9경주: 선행0·선입0·추입0 → 🐌 느린 페이스
[각질편성] 오다와라 5경주: 선행3·선입0·추입6 → ⚡ 빠른 페이스
[경륜전개] 오다와라 5경주: 슬로우(단독 선행) · 라인 3개 · 페어 [[2, 5], [1, 8], [3, 7]]
[각질편성] 기후 5경주: 선행2·선입0·추입5 → 보통 페이스
[경륜전개] 기후 5경주: 보통 · 라인 2개 · 페어 [[1, 5], [3, 7]]
[각질편성] 사세보 6경주: 선행3·선입0·추입3 → ⚡ 빠른 페이스
[경륜전개] 사세보 6경주: 보통 · 라인 3개 · 페어 [[4, 2], [1, 5]]
[각질편성] 오다와라 6경주: 선행3·선입0·추입6 → ⚡ 빠른 페이스
[경륜전개] 오다와라 6경주: 보통 · 라인 3개 · 페어 [[1, 9], [5, 2], [8, 3]]
[각질편성] 기후 6경주: 선행1·선입0·추입5 → 🐌 느린 페이스
[경륜전개] 기후 6경주: 슬로우(단독 선행) · 라인 2개 · 페어 [[1, 2]]
[각질편성] 사세보 7경주: 선행2·선입0·추입5 → 보통 페이스
[경륜전개] 사세보 7경주: 보통 · 라인 2개 · 페어 [[5, 3], [6, 1]]
[각질편성] 오다와라 7경주: 선행3·선입0·추입6 → ⚡ 빠른 페이스
[경륜전개] 오다와라 7경주: 보통 · 라인 3개 · 페어 [[7, 2], [9, 1], [8, 3]]
[각질편성] 기후 7경주: 선행2·선입0·추입5 → 보통 페이스
[경륜전개] 기후 7경주: 슬로우(단독 선행) · 라인 2개 · 페어 [[3, 5], [4, 1]]
[각질편성] 사세보 8경주: 선행2·선입0·추입5 → 보통 페이스
[경륜전개] 사세보 8경주: 보통 · 라인 2개 · 페어 [[4, 1], [7, 3]]
[각질편성] 오다와라 8경주: 선행3·선입0·추입6 → ⚡ 빠른 페이스
[경륜전개] 오다와라 8경주: 슬로우(단독 선행) · 라인 3개 · 페어 [[1, 7], [3, 9], [2, 5]]
[각질편성] 기후 8경주: 선행1·선입0·추입6 → 🐌 느린 페이스
[경륜전개] 기후 8경주: 보통 · 라인 1개 · 페어 [[4, 7]]
[T-2분 왕축 동결] 기후 8경주: [3, 2] → [3, 2] 유지(cur_mb=2)
[경륜 추천 개수] 7명 → 메인 3개(상한 3) · 복병 이동 1개
[각질편성] 삿포로 8경주: 선행0·선입0·추입0 → 🐌 느린 페이스
[잔존마 필터] 삿포로 9경주: 전적 11두 → 배당 출전마 6두 (배당 없는 마번 제외: [7, 8, 9, 10, 11])
[각질편성] 삿포로 9경주: 선행0·선입0·추입0 → 🐌 느린 페이스
[잔존마 필터] 삿포로 9경주: 전적 11두 → 배당 출전마 6두 (배당 없는 마번 제외: [7, 8, 9, 10, 11])
[각질편성] 삿포로 9경주: 선행0·선입0·추입0 → 🐌 느린 페이스
[복승불일치 축교정] 아오모리 4경주: 축 [1, 4]로 교정(자금이탈 강등 [7]·🔴🔴)
[placeholder 필터] 기후 7경주 복승 껍데기 배당 24조합 제외(값: [100])
[잔존마 필터] 기후 7경주: 전적 7두 → 배당 출전마 6두 (배당 없는 마번 제외: [6])
[각질편성] 기후 7경주: 선행2·선입0·추입4 → 보통 페이스
[경륜전개] 기후 7경주: 슬로우(단독 선행) · 라인 2개 · 페어 [[3, 5], [4, 1]]
[readonly 잠금] 기후 7경주: 마감 확정 파일 — corePicks/시계열 보존, result/hit만 업데이트 허용
[데이터백업] ✅ GitHub 반영: 결과 자동백업: 사세보 8경주 7-5-4
[잔존마 필터] 삿포로 9경주: 전적 11두 → 배당 출전마 6두 (배당 없는 마번 제외: [7, 8, 9, 10, 11])
[각질편성] 삿포로 9경주: 선행0·선입0·추입0 → 🐌 느린 페이스
[패턴발견] 결과 1550경주 스캔 → 발견 패턴 10개(기준 적중률 35.4%)
[자동학습] 기후 7경주 결과 [4, 1, 5] → 추천적중 False, 급락적중 False, 전적유력마 1(적중), 제거적중 False
[경륜 결과 백필] 2026-08-01: 시도 4 · 성공 2 · 실패 2
  ↳ 실패: 기후 8경주 - 결과 미게시/파싱 실패
  ↳ 실패: 오다와라 8경주 - 결과 미게시/파싱 실패
[잔존마 필터] 삿포로 9경주: 전적 11두 → 배당 출전마 6두 (배당 없는 마번 제외: [7, 8, 9, 10, 11])
[각질편성] 삿포로 9경주: 선행0·선입0·추입0 → 🐌 느린 페이스
[3종 수집] 삿포로 9경주: {'quinella': 13, 'exacta': 0, 'trio': 0, 'win': 0} (history 7)
[잔존마 필터] 삿포로 9경주: 전적 11두 → 배당 출전마 6두 (배당 없는 마번 제외: [7, 8, 9, 10, 11])
[각질편성] 삿포로 9경주: 선행0·선입0·추입0 → 🐌 느린 페이스
[잔존마 필터] 삿포로 9경주: 전적 11두 → 배당 출전마 6두 (배당 없는 마번 제외: [7, 8, 9, 10, 11])
[각질편성] 삿포로 9경주: 선행0·선입0·추입0 → 🐌 느린 페이스
[잔존마 필터] 삿포로 9경주: 전적 11두 → 배당 출전마 6두 (배당 없는 마번 제외: [7, 8, 9, 10, 11])
[각질편성] 삿포로 9경주: 선행0·선입0·추입0 → 🐌 느린 페이스
[3종 수집] 기후 8경주: {'quinella': 21, 'exacta': 42, 'trio': 0, 'win': 0} (history 12)
[한국 전적] 삿포로 9경주: 11두 저장(PDF, 전적 11두)
[잔존마 필터] 삿포로 9경주: 전적 11두 → 배당 출전마 6두 (배당 없는 마번 제외: [7, 8, 9, 10, 11])
[각질편성] 삿포로 9경주: 선행0·선입0·추입0 → 🐌 느린 페이스
[각질편성] 기후 8경주: 선행1·선입0·추입6 → 🐌 느린 페이스
[경륜전개] 기후 8경주: 보통 · 라인 1개 · 페어 [[4, 7]]
[T-2분 왕축 동결] 기후 8경주: [3, 2] → [3, 2] 유지(cur_mb=2)
[경륜 추천 모순 수정] 고배당 강제조합 2건 메인→복병 이동(25배 상한)
[자동분석·배경] 기후 8경주: 마감 165초 전 재분석(rec_history 누적·cycle)
[잔존마 필터] 삿포로 9경주: 전적 11두 → 배당 출전마 6두 (배당 없는 마번 제외: [7, 8, 9, 10, 11])
[각질편성] 삿포로 9경주: 선행0·선입0·추입0 → 🐌 느린 페이스
[한국이력 검역] 거부 — 파일=서울 9R / 본문 raceKey=삿포로 9경주 (경마장 불일치)
[잔존마 필터] 삿포로 9경주: 전적 11두 → 배당 출전마 6두 (배당 없는 마번 제외: [7, 8, 9, 10, 11])
[각질편성] 삿포로 9경주: 선행0·선입0·추입0 → 🐌 느린 페이스
[JRA수집] 0경주 수집 · 1경주 생략(확장 우선) · 0.01초 · 다음 60초 · 🔬관찰모드
[잔존마 필터] 삿포로 9경주: 전적 11두 → 배당 출전마 6두 (배당 없는 마번 제외: [7, 8, 9, 10, 11])
[각질편성] 삿포로 9경주: 선행0·선입0·추입0 → 🐌 느린 페이스
[데이터백업] ✅ GitHub 반영: 결과 자동백업: 기후 7경주 4-1-5
[복승불일치 축교정] 아오모리 4경주: 축 [1, 4]로 교정(자금이탈 강등 [7]·🔴🔴)
[복승불일치 축교정] 아오모리 5경주: 축 [1, 3]로 교정(자금이탈 강등 [6]·🔴)
[잔존마 필터] 삿포로 9경주: 전적 11두 → 배당 출전마 6두 (배당 없는 마번 제외: [7, 8, 9, 10, 11])
[각질편성] 삿포로 9경주: 선행0·선입0·추입0 → 🐌 느린 페이스
[잔존마 필터] 삿포로 9경주: 전적 11두 → 배당 출전마 6두 (배당 없는 마번 제외: [7, 8, 9, 10, 11])
[각질편성] 삿포로 9경주: 선행0·선입0·추입0 → 🐌 느린 페이스
[placeholder 필터] 호후 6경주 쌍승 껍데기 배당 3조합 제외(값: [300.2])
[복승불일치 축교정] 호후 6경주: 축 [1, 5]로 교정(자금이탈 강등 [7]·🔴)
[placeholder 필터] 아오모리 7경주 쌍승 껍데기 배당 3조합 제외(값: [1703.0])
[분석로그] 저장 실패: [WinError 32] 다른 프로세스가 파일을 사용 중이기 때문에 프로세스가 액세스 할 수 없습니다: 'C:\\Users\\Administrator\\Desktop\\경마분석서버\\data\\analysis_log\\2026_08_01_삿포로_9경주.json.tmp' -> 'C:\\Users\\Administrator\\Desktop\\경마분석서버\\data\\analysis_log\\2026_08_01_삿포로_9경주.json'
[복승불일치 축교정] 호후 7경주: 축 [2, 5]로 교정(자금이탈 강등 [1]·🔴🔴)
[복승불일치 축교정] 사세보 2경주: 축 [2, 7]로 교정(자금이탈 강등 [1]·🔴🔴)
[복승불일치 축교정] 기후 2경주: 축 [3, 4]로 교정(자금이탈 강등 [6]·🔴🔴)
[복승불일치 축교정] 사세보 3경주: 축 [1, 5]로 교정(자금이탈 강등 [7]·🔴🔴)
[복승불일치 축교정] 오다와라 3경주: 축 [3, 9]로 교정(자금이탈 강등 [1]·🔴)
[복승불일치 축교정] 기후 3경주: 축 [5, 7]로 교정(자금이탈 강등 [4]·🔴🔴)
[복승불일치 축교정] 사세보 4경주: 축 [1, 4]로 교정(자금이탈 강등 [7]·🔴🔴)
[placeholder 필터] 오다와라 4경주 쌍승 껍데기 배당 4조합 제외(값: [859.9])
[복승불일치 축교정] 기후 4경주: 축 [1, 4]로 교정(자금이탈 강등 [2]·🔴🔴)
[각질편성] 오다와라 5경주: 선행3·선입0·추입6 → ⚡ 빠른 페이스
[경륜전개] 오다와라 5경주: 슬로우(단독 선행) · 라인 3개 · 페어 [[2, 5], [1, 8], [3, 7]]
[각질편성] 기후 5경주: 선행2·선입0·추입5 → 보통 페이스
[경륜전개] 기후 5경주: 보통 · 라인 2개 · 페어 [[1, 5], [3, 7]]
[각질편성] 사세보 6경주: 선행3·선입0·추입3 → ⚡ 빠른 페이스
[경륜전개] 사세보 6경주: 보통 · 라인 3개 · 페어 [[4, 2], [1, 5]]
[각질편성] 오다와라 6경주: 선행3·선입0·추입6 → ⚡ 빠른 페이스
[경륜전개] 오다와라 6경주: 보통 · 라인 3개 · 페어 [[1, 9], [5, 2], [8, 3]]
[각질편성] 기후 6경주: 선행1·선입0·추입5 → 🐌 느린 페이스
[경륜전개] 기후 6경주: 슬로우(단독 선행) · 라인 2개 · 페어 [[1, 2]]
[각질편성] 사세보 7경주: 선행2·선입0·추입5 → 보통 페이스
[경륜전개] 사세보 7경주: 보통 · 라인 2개 · 페어 [[5, 3], [6, 1]]
[각질편성] 오다와라 7경주: 선행3·선입0·추입6 → ⚡ 빠른 페이스
[경륜전개] 오다와라 7경주: 보통 · 라인 3개 · 페어 [[7, 2], [9, 1], [8, 3]]
[각질편성] 기후 7경주: 선행2·선입0·추입5 → 보통 페이스
[경륜전개] 기후 7경주: 슬로우(단독 선행) · 라인 2개 · 페어 [[3, 5], [4, 1]]
[각질편성] 사세보 8경주: 선행2·선입0·추입5 → 보통 페이스
[경륜전개] 사세보 8경주: 보통 · 라인 2개 · 페어 [[4, 1], [7, 3]]
[각질편성] 오다와라 8경주: 선행3·선입0·추입6 → ⚡ 빠른 페이스
[경륜전개] 오다와라 8경주: 슬로우(단독 선행) · 라인 3개 · 페어 [[1, 7], [3, 9], [2, 5]]
[각질편성] 기후 8경주: 선행1·선입0·추입6 → 🐌 느린 페이스
[경륜전개] 기후 8경주: 보통 · 라인 1개 · 페어 [[4, 7]]
[T-2분 왕축 동결] 기후 8경주: [3, 2] → [3, 2] 유지(cur_mb=2)
[경륜 추천 모순 수정] 고배당 강제조합 2건 메인→복병 이동(25배 상한)
[각질편성] 삿포로 8경주: 선행0·선입0·추입0 → 🐌 느린 페이스
[잔존마 필터] 삿포로 9경주: 전적 11두 → 배당 출전마 6두 (배당 없는 마번 제외: [7, 8, 9, 10, 11])
[각질편성] 삿포로 9경주: 선행0·선입0·추입0 → 🐌 느린 페이스
[잔존마 필터] 삿포로 9경주: 전적 11두 → 배당 출전마 6두 (배당 없는 마번 제외: [7, 8, 9, 10, 11])
[각질편성] 삿포로 9경주: 선행0·선입0·추입0 → 🐌 느린 페이스
[잔존마 필터] 삿포로 9경주: 전적 11두 → 배당 출전마 6두 (배당 없는 마번 제외: [7, 8, 9, 10, 11])
[각질편성] 삿포로 9경주: 선행0·선입0·추입0 → 🐌 느린 페이스
[잔존마 필터] 삿포로 9경주: 전적 11두 → 배당 출전마 6두 (배당 없는 마번 제외: [7, 8, 9, 10, 11])
[각질편성] 삿포로 9경주: 선행0·선입0·추입0 → 🐌 느린 페이스
[잔존마 필터] 삿포로 9경주: 전적 11두 → 배당 출전마 6두 (배당 없는 마번 제외: [7, 8, 9, 10, 11])
[잔존마 필터] 삿포로 9경주: 전적 11두 → 배당 출전마 6두 (배당 없는 마번 제외: [7, 8, 9, 10, 11])
[각질편성] 삿포로 9경주: 선행0·선입0·추입0 → 🐌 느린 페이스
[각질편성] 삿포로 9경주: 선행0·선입0·추입0 → 🐌 느린 페이스
[잔존마 필터] 삿포로 9경주: 전적 11두 → 배당 출전마 6두 (배당 없는 마번 제외: [7, 8, 9, 10, 11])
[각질편성] 삿포로 9경주: 선행0·선입0·추입0 → 🐌 느린 페이스
[분석로그] 저장 실패: [WinError 5] 액세스가 거부되었습니다: 'C:\\Users\\Administrator\\Desktop\\경마분석서버\\data\\analysis_log\\2026_08_01_삿포로_9경주.json.tmp' -> 'C:\\Users\\Administrator\\Desktop\\경마분석서버\\data\\analysis_log\\2026_08_01_삿포로_9경주.json'
[분석로그] 저장 실패: [WinError 32] 다른 프로세스가 파일을 사용 중이기 때문에 프로세스가 액세스 할 수 없습니다: 'C:\\Users\\Administrator\\Desktop\\경마분석서버\\data\\analysis_log\\2026_08_01_삿포로_9경주.json.tmp' -> 'C:\\Users\\Administrator\\Desktop\\경마분석서버\\data\\analysis_log\\2026_08_01_삿포로_9경주.json'
[분석로그] 저장 실패: [WinError 32] 다른 프로세스가 파일을 사용 중이기 때문에 프로세스가 액세스 할 수 없습니다: 'C:\\Users\\Administrator\\Desktop\\경마분석서버\\data\\analysis_log\\2026_08_01_삿포로_9경주.json.tmp' -> 'C:\\Users\\Administrator\\Desktop\\경마분석서버\\data\\analysis_log\\2026_08_01_삿포로_9경주.json'
[3종 수집] 기후 8경주: {'quinella': 21, 'exacta': 42, 'trio': 0, 'win': 0} (history 12)
[3종 수집] 삿포로 9경주: {'quinella': 13, 'exacta': 0, 'trio': 0, 'win': 0} (history 8)
[잔존마 필터] 삿포로 9경주: 전적 11두 → 배당 출전마 6두 (배당 없는 마번 제외: [7, 8, 9, 10, 11])
[각질편성] 삿포로 9경주: 선행0·선입0·추입0 → 🐌 느린 페이스
[각질편성] 기후 8경주: 선행1·선입0·추입6 → 🐌 느린 페이스
[경륜전개] 기후 8경주: 보통 · 라인 1개 · 페어 [[4, 7]]
[T-2분 왕축 동결] 기후 8경주: [3, 2] → [3, 2] 유지(cur_mb=2)
[경륜 추천 모순 수정] 고배당 강제조합 2건 메인→복병 이동(25배 상한)
[자동분석·배경] 기후 8경주: 마감 131초 전 재분석(rec_history 누적·cycle)
[잔존마 필터] 삿포로 9경주: 전적 11두 → 배당 출전마 6두 (배당 없는 마번 제외: [7, 8, 9, 10, 11])
[각질편성] 삿포로 9경주: 선행0·선입0·추입0 → 🐌 느린 페이스
[잔존마 필터] 삿포로 9경주: 전적 11두 → 배당 출전마 6두 (배당 없는 마번 제외: [7, 8, 9, 10, 11])
[각질편성] 삿포로 9경주: 선행0·선입0·추입0 → 🐌 느린 페이스
[잔존마 필터] 삿포로 9경주: 전적 11두 → 배당 출전마 6두 (배당 없는 마번 제외: [7, 8, 9, 10, 11])
[각질편성] 삿포로 9경주: 선행0·선입0·추입0 → 🐌 느린 페이스
[잔존마 필터] 삿포로 9경주: 전적 11두 → 배당 출전마 6두 (배당 없는 마번 제외: [7, 8, 9, 10, 11])
[각질편성] 삿포로 9경주: 선행0·선입0·추입0 → 🐌 느린 페이스
[잔존마 필터] 삿포로 9경주: 전적 11두 → 배당 출전마 6두 (배당 없는 마번 제외: [7, 8, 9, 10, 11])
[각질편성] 삿포로 9경주: 선행0·선입0·추입0 → 🐌 느린 페이스
[3종 수집] 기후 8경주: {'quinella': 21, 'exacta': 42, 'trio': 0, 'win': 0} (history 12)
[각질편성] 기후 8경주: 선행1·선입0·추입6 → 🐌 느린 페이스
[경륜전개] 기후 8경주: 보통 · 라인 1개 · 페어 [[4, 7]]
[T-2분 왕축 동결] 기후 8경주: [3, 2] → [3, 2] 유지(cur_mb=1)
[경륜 추천 모순 수정] 고배당 강제조합 2건 메인→복병 이동(25배 상한)
[자동분석·배경] 기후 8경주: 마감 98초 전 재분석(rec_history 누적·cycle)
[잔존마 필터] 삿포로 9경주: 전적 11두 → 배당 출전마 6두 (배당 없는 마번 제외: [7, 8, 9, 10, 11])
[각질편성] 삿포로 9경주: 선행0·선입0·추입0 → 🐌 느린 페이스
[JRA수집] 0경주 수집 · 1경주 생략(확장 우선) · 0.01초 · 다음 60초 · 🔬관찰모드
[3종 수집] 삿포로 9경주: {'quinella': 13, 'exacta': 0, 'trio': 0, 'win': 0} (history 9)
[잔존마 필터] 삿포로 9경주: 전적 11두 → 배당 출전마 6두 (배당 없는 마번 제외: [7, 8, 9, 10, 11])
[각질편성] 삿포로 9경주: 선행0·선입0·추입0 → 🐌 느린 페이스
[잔존마 필터] 삿포로 9경주: 전적 11두 → 배당 출전마 6두 (배당 없는 마번 제외: [7, 8, 9, 10, 11])
[각질편성] 삿포로 9경주: 선행0·선입0·추입0 → 🐌 느린 페이스
[잔존마 필터] 삿포로 9경주: 전적 11두 → 배당 출전마 6두 (배당 없는 마번 제외: [7, 8, 9, 10, 11])
[각질편성] 삿포로 9경주: 선행0·선입0·추입0 → 🐌 느린 페이스
[잔존마 필터] 삿포로 9경주: 전적 11두 → 배당 출전마 6두 (배당 없는 마번 제외: [7, 8, 9, 10, 11])
[각질편성] 삿포로 9경주: 선행0·선입0·추입0 → 🐌 느린 페이스
[잔존마 필터] 삿포로 9경주: 전적 11두 → 배당 출전마 6두 (배당 없는 마번 제외: [7, 8, 9, 10, 11])
[각질편성] 삿포로 9경주: 선행0·선입0·추입0 → 🐌 느린 페이스
[잔존마 필터] 삿포로 9경주: 전적 11두 → 배당 출전마 6두 (배당 없는 마번 제외: [7, 8, 9, 10, 11])
[잔존마 필터] 삿포로 9경주: 전적 11두 → 배당 출전마 6두 (배당 없는 마번 제외: [7, 8, 9, 10, 11])
[각질편성] 삿포로 9경주: 선행0·선입0·추입0 → 🐌 느린 페이스
[잔존마 필터] 삿포로 9경주: 전적 11두 → 배당 출전마 6두 (배당 없는 마번 제외: [7, 8, 9, 10, 11])
[각질편성] 삿포로 9경주: 선행0·선입0·추입0 → 🐌 느린 페이스
[각질편성] 삿포로 9경주: 선행0·선입0·추입0 → 🐌 느린 페이스
[복승불일치 축교정] 아오모리 4경주: 축 [1, 4]로 교정(자금이탈 강등 [7]·🔴🔴)
[잔존마 필터] 삿포로 9경주: 전적 11두 → 배당 출전마 6두 (배당 없는 마번 제외: [7, 8, 9, 10, 11])
[각질편성] 삿포로 9경주: 선행0·선입0·추입0 → 🐌 느린 페이스
[한국 전적] 삿포로 9경주: 11두 저장(PDF, 전적 11두)
[잔존마 필터] 삿포로 9경주: 전적 11두 → 배당 출전마 6두 (배당 없는 마번 제외: [7, 8, 9, 10, 11])
[각질편성] 삿포로 9경주: 선행0·선입0·추입0 → 🐌 느린 페이스
[결과기록] 캐시 갱신 — 재파싱 3건 / 전체 1687건
[복승불일치 축교정] 아오모리 5경주: 축 [1, 3]로 교정(자금이탈 강등 [6]·🔴)
[한국이력 검역] 거부 — 파일=서울 9R / 본문 raceKey=삿포로 9경주 (경마장 불일치)
[placeholder 필터] 호후 6경주 쌍승 껍데기 배당 3조합 제외(값: [300.2])
[복승불일치 축교정] 호후 6경주: 축 [1, 5]로 교정(자금이탈 강등 [7]·🔴)
[placeholder 필터] 아오모리 7경주 쌍승 껍데기 배당 3조합 제외(값: [1703.0])
[복승불일치 축교정] 호후 7경주: 축 [2, 5]로 교정(자금이탈 강등 [1]·🔴🔴)
[복승불일치 축교정] 사세보 2경주: 축 [2, 7]로 교정(자금이탈 강등 [1]·🔴🔴)
[복승불일치 축교정] 기후 2경주: 축 [3, 4]로 교정(자금이탈 강등 [6]·🔴🔴)
[복승불일치 축교정] 사세보 3경주: 축 [1, 5]로 교정(자금이탈 강등 [7]·🔴🔴)
[잔존마 필터] 삿포로 9경주: 전적 11두 → 배당 출전마 6두 (배당 없는 마번 제외: [7, 8, 9, 10, 11])
[잔존마 필터] 삿포로 9경주: 전적 11두 → 배당 출전마 6두 (배당 없는 마번 제외: [7, 8, 9, 10, 11])
[각질편성] 삿포로 9경주: 선행0·선입0·추입0 → 🐌 느린 페이스
[각질편성] 삿포로 9경주: 선행0·선입0·추입0 → 🐌 느린 페이스
[복승불일치 축교정] 오다와라 3경주: 축 [3, 9]로 교정(자금이탈 강등 [1]·🔴)
[복승불일치 축교정] 기후 3경주: 축 [5, 7]로 교정(자금이탈 강등 [4]·🔴🔴)
[3종 수집] 기후 8경주: {'quinella': 21, 'exacta': 42, 'trio': 0, 'win': 0} (history 12)
[복승불일치 축교정] 사세보 4경주: 축 [1, 4]로 교정(자금이탈 강등 [7]·🔴🔴)
[placeholder 필터] 오다와라 4경주 쌍승 껍데기 배당 4조합 제외(값: [859.9])
[복승불일치 축교정] 기후 4경주: 축 [1, 4]로 교정(자금이탈 강등 [2]·🔴🔴)
[각질편성] 기후 8경주: 선행1·선입0·추입6 → 🐌 느린 페이스
[경륜전개] 기후 8경주: 보통 · 라인 1개 · 페어 [[4, 7]]
[T-2분 왕축 동결] 기후 8경주: [3, 2] → [3, 2] 유지(cur_mb=1)
[경륜 추천 모순 수정] 고배당 강제조합 2건 메인→복병 이동(25배 상한)
[각질편성] 오다와라 5경주: 선행3·선입0·추입6 → ⚡ 빠른 페이스
[경륜전개] 오다와라 5경주: 슬로우(단독 선행) · 라인 3개 · 페어 [[2, 5], [1, 8], [3, 7]]
[자동분석·배경] 기후 8경주: 마감 67초 전 재분석(rec_history 누적·cycle)
[각질편성] 기후 5경주: 선행2·선입0·추입5 → 보통 페이스
[경륜전개] 기후 5경주: 보통 · 라인 2개 · 페어 [[1, 5], [3, 7]]
[각질편성] 사세보 6경주: 선행3·선입0·추입3 → ⚡ 빠른 페이스
[경륜전개] 사세보 6경주: 보통 · 라인 3개 · 페어 [[4, 2], [1, 5]]
[각질편성] 오다와라 6경주: 선행3·선입0·추입6 → ⚡ 빠른 페이스
[경륜전개] 오다와라 6경주: 보통 · 라인 3개 · 페어 [[1, 9], [5, 2], [8, 3]]
[각질편성] 기후 6경주: 선행1·선입0·추입5 → 🐌 느린 페이스
[경륜전개] 기후 6경주: 슬로우(단독 선행) · 라인 2개 · 페어 [[1, 2]]
[각질편성] 사세보 7경주: 선행2·선입0·추입5 → 보통 페이스
[경륜전개] 사세보 7경주: 보통 · 라인 2개 · 페어 [[5, 3], [6, 1]]
[각질편성] 오다와라 7경주: 선행3·선입0·추입6 → ⚡ 빠른 페이스
[경륜전개] 오다와라 7경주: 보통 · 라인 3개 · 페어 [[7, 2], [9, 1], [8, 3]]
[각질편성] 기후 7경주: 선행2·선입0·추입5 → 보통 페이스
[경륜전개] 기후 7경주: 슬로우(단독 선행) · 라인 2개 · 페어 [[3, 5], [4, 1]]
[각질편성] 사세보 8경주: 선행2·선입0·추입5 → 보통 페이스
[경륜전개] 사세보 8경주: 보통 · 라인 2개 · 페어 [[4, 1], [7, 3]]
[각질편성] 오다와라 8경주: 선행3·선입0·추입6 → ⚡ 빠른 페이스
[경륜전개] 오다와라 8경주: 슬로우(단독 선행) · 라인 3개 · 페어 [[1, 7], [3, 9], [2, 5]]
[각질편성] 기후 8경주: 선행1·선입0·추입6 → 🐌 느린 페이스
[경륜전개] 기후 8경주: 보통 · 라인 1개 · 페어 [[4, 7]]
[경륜 추천 모순 수정] 고배당 강제조합 2건 메인→복병 이동(25배 상한)
[각질편성] 삿포로 8경주: 선행0·선입0·추입0 → 🐌 느린 페이스
[잔존마 필터] 삿포로 9경주: 전적 11두 → 배당 출전마 6두 (배당 없는 마번 제외: [7, 8, 9, 10, 11])
[각질편성] 삿포로 9경주: 선행0·선입0·추입0 → 🐌 느린 페이스
[잔존마 필터] 삿포로 9경주: 전적 11두 → 배당 출전마 6두 (배당 없는 마번 제외: [7, 8, 9, 10, 11])
[각질편성] 삿포로 9경주: 선행0·선입0·추입0 → 🐌 느린 페이스
[3종 수집] 삿포로 9경주: {'quinella': 10, 'exacta': 0, 'trio': 0, 'win': 0} (history 10)
[잔존마 필터] 삿포로 9경주: 전적 11두 → 배당 출전마 5두 (배당 없는 마번 제외: [2, 7, 8, 9, 10, 11])
[각질편성] 삿포로 9경주: 선행0·선입0·추입0 → 🐌 느린 페이스
[복승불일치 축교정] 삿포로 9경주: 축 [3, 5]로 교정(자금이탈 강등 [6]·🔴)
[잔존마 필터] 삿포로 9경주: 전적 11두 → 배당 출전마 5두 (배당 없는 마번 제외: [2, 7, 8, 9, 10, 11])
[각질편성] 삿포로 9경주: 선행0·선입0·추입0 → 🐌 느린 페이스
[복승불일치 축교정] 삿포로 9경주: 축 [3, 5]로 교정(자금이탈 강등 [6]·🔴)
[잔존마 필터] 삿포로 9경주: 전적 11두 → 배당 출전마 5두 (배당 없는 마번 제외: [2, 7, 8, 9, 10, 11])
[각질편성] 삿포로 9경주: 선행0·선입0·추입0 → 🐌 느린 페이스
[복승불일치 축교정] 삿포로 9경주: 축 [3, 5]로 교정(자금이탈 강등 [6]·🔴)
[JRA수집] 0경주 수집 · 1경주 생략(확장 우선) · 0.01초 · 다음 60초 · 🔬관찰모드
[3종 수집] 기후 8경주: {'quinella': 21, 'exacta': 42, 'trio': 0, 'win': 0} (history 12)
[각질편성] 기후 8경주: 선행1·선입0·추입6 → 🐌 느린 페이스
[경륜전개] 기후 8경주: 보통 · 라인 1개 · 페어 [[4, 7]]
[경륜 추천 모순 수정] 고배당 강제조합 2건 메인→복병 이동(25배 상한)
[자동분석·배경] 기후 8경주: 마감 32초 전 재분석(rec_history 누적·cycle)
[잔존마 필터] 삿포로 9경주: 전적 11두 → 배당 출전마 5두 (배당 없는 마번 제외: [2, 7, 8, 9, 10, 11])
[각질편성] 삿포로 9경주: 선행0·선입0·추입0 → 🐌 느린 페이스
[잔존마 필터] 삿포로 9경주: 전적 11두 → 배당 출전마 5두 (배당 없는 마번 제외: [2, 7, 8, 9, 10, 11])
[각질편성] 삿포로 9경주: 선행0·선입0·추입0 → 🐌 느린 페이스
[복승불일치 축교정] 삿포로 9경주: 축 [3, 5]로 교정(자금이탈 강등 [6]·🔴)
[복승불일치 축교정] 삿포로 9경주: 축 [3, 5]로 교정(자금이탈 강등 [6]·🔴)
[잔존마 필터] 삿포로 9경주: 전적 11두 → 배당 출전마 5두 (배당 없는 마번 제외: [2, 7, 8, 9, 10, 11])
[각질편성] 삿포로 9경주: 선행0·선입0·추입0 → 🐌 느린 페이스
[복승불일치 축교정] 삿포로 9경주: 축 [3, 5]로 교정(자금이탈 강등 [6]·🔴)
[잔존마 필터] 삿포로 9경주: 전적 11두 → 배당 출전마 5두 (배당 없는 마번 제외: [2, 7, 8, 9, 10, 11])
[각질편성] 삿포로 9경주: 선행0·선입0·추입0 → 🐌 느린 페이스
[복승불일치 축교정] 삿포로 9경주: 축 [3, 5]로 교정(자금이탈 강등 [6]·🔴)
[잔존마 필터] 삿포로 9경주: 전적 11두 → 배당 출전마 5두 (배당 없는 마번 제외: [2, 7, 8, 9, 10, 11])
[잔존마 필터] 삿포로 9경주: 전적 11두 → 배당 출전마 5두 (배당 없는 마번 제외: [2, 7, 8, 9, 10, 11])
[각질편성] 삿포로 9경주: 선행0·선입0·추입0 → 🐌 느린 페이스
[잔존마 필터] 삿포로 9경주: 전적 11두 → 배당 출전마 5두 (배당 없는 마번 제외: [2, 7, 8, 9, 10, 11])
[복승불일치 축교정] 아오모리 4경주: 축 [1, 4]로 교정(자금이탈 강등 [7]·🔴🔴)
[각질편성] 삿포로 9경주: 선행0·선입0·추입0 → 🐌 느린 페이스
[각질편성] 삿포로 9경주: 선행0·선입0·추입0 → 🐌 느린 페이스
[잔존마 필터] 삿포로 9경주: 전적 11두 → 배당 출전마 5두 (배당 없는 마번 제외: [2, 7, 8, 9, 10, 11])
[복승불일치 축교정] 삿포로 9경주: 축 [3, 5]로 교정(자금이탈 강등 [6]·🔴)
[각질편성] 삿포로 9경주: 선행0·선입0·추입0 → 🐌 느린 페이스
[잔존마 필터] 삿포로 9경주: 전적 11두 → 배당 출전마 5두 (배당 없는 마번 제외: [2, 7, 8, 9, 10, 11])
[복승불일치 축교정] 삿포로 9경주: 축 [3, 5]로 교정(자금이탈 강등 [6]·🔴)
[각질편성] 삿포로 9경주: 선행0·선입0·추입0 → 🐌 느린 페이스
[복승불일치 축교정] 삿포로 9경주: 축 [3, 5]로 교정(자금이탈 강등 [6]·🔴)
[복승불일치 축교정] 삿포로 9경주: 축 [3, 5]로 교정(자금이탈 강등 [6]·🔴)
[복승불일치 축교정] 삿포로 9경주: 축 [3, 5]로 교정(자금이탈 강등 [6]·🔴)
[한국 전적] 삿포로 9경주: 11두 저장(PDF, 전적 11두)
[잔존마 필터] 삿포로 9경주: 전적 11두 → 배당 출전마 5두 (배당 없는 마번 제외: [2, 7, 8, 9, 10, 11])
[각질편성] 삿포로 9경주: 선행0·선입0·추입0 → 🐌 느린 페이스
[분석로그] 저장 실패: [WinError 32] 다른 프로세스가 파일을 사용 중이기 때문에 프로세스가 액세스 할 수 없습니다: 'C:\\Users\\Administrator\\Desktop\\경마분석서버\\data\\analysis_log\\2026_08_01_삿포로_9경주.json.tmp' -> 'C:\\Users\\Administrator\\Desktop\\경마분석서버\\data\\analysis_log\\2026_08_01_삿포로_9경주.json'
[복승불일치 축교정] 삿포로 9경주: 축 [3, 5]로 교정(자금이탈 강등 [6]·🔴)
[분석로그] 저장 실패: [WinError 32] 다른 프로세스가 파일을 사용 중이기 때문에 프로세스가 액세스 할 수 없습니다: 'C:\\Users\\Administrator\\Desktop\\경마분석서버\\data\\analysis_log\\2026_08_01_삿포로_9경주.json.tmp' -> 'C:\\Users\\Administrator\\Desktop\\경마분석서버\\data\\analysis_log\\2026_08_01_삿포로_9경주.json'
[3종 수집] 삿포로 9경주: {'quinella': 13, 'exacta': 0, 'trio': 0, 'win': 0} (history 11)
[잔존마 필터] 삿포로 9경주: 전적 11두 → 배당 출전마 6두 (배당 없는 마번 제외: [7, 8, 9, 10, 11])
[각질편성] 삿포로 9경주: 선행0·선입0·추입0 → 🐌 느린 페이스
[결과기록] 캐시 갱신 — 재파싱 2건 / 전체 1687건
[복승불일치 축교정] 아오모리 5경주: 축 [1, 3]로 교정(자금이탈 강등 [6]·🔴)
[한국이력 검역] 거부 — 파일=서울 9R / 본문 raceKey=삿포로 9경주 (경마장 불일치)
[placeholder 필터] 호후 6경주 쌍승 껍데기 배당 3조합 제외(값: [300.2])
[복승불일치 축교정] 호후 6경주: 축 [1, 5]로 교정(자금이탈 강등 [7]·🔴)
[placeholder 필터] 아오모리 7경주 쌍승 껍데기 배당 3조합 제외(값: [1703.0])
[복승불일치 축교정] 호후 7경주: 축 [2, 5]로 교정(자금이탈 강등 [1]·🔴🔴)
[복승불일치 축교정] 사세보 2경주: 축 [2, 7]로 교정(자금이탈 강등 [1]·🔴🔴)
[복승불일치 축교정] 기후 2경주: 축 [3, 4]로 교정(자금이탈 강등 [6]·🔴🔴)
[잔존마 필터] 삿포로 9경주: 전적 11두 → 배당 출전마 6두 (배당 없는 마번 제외: [7, 8, 9, 10, 11])
[각질편성] 삿포로 9경주: 선행0·선입0·추입0 → 🐌 느린 페이스
[복승불일치 축교정] 사세보 3경주: 축 [1, 5]로 교정(자금이탈 강등 [7]·🔴🔴)
[복승불일치 축교정] 오다와라 3경주: 축 [3, 9]로 교정(자금이탈 강등 [1]·🔴)
[복승불일치 축교정] 기후 3경주: 축 [5, 7]로 교정(자금이탈 강등 [4]·🔴🔴)
[복승불일치 축교정] 사세보 4경주: 축 [1, 4]로 교정(자금이탈 강등 [7]·🔴🔴)
[placeholder 필터] 오다와라 4경주 쌍승 껍데기 배당 4조합 제외(값: [859.9])
[복승불일치 축교정] 기후 4경주: 축 [1, 4]로 교정(자금이탈 강등 [2]·🔴🔴)
[각질편성] 오다와라 5경주: 선행3·선입0·추입6 → ⚡ 빠른 페이스
[경륜전개] 오다와라 5경주: 슬로우(단독 선행) · 라인 3개 · 페어 [[2, 5], [1, 8], [3, 7]]
[각질편성] 기후 5경주: 선행2·선입0·추입5 → 보통 페이스
[경륜전개] 기후 5경주: 보통 · 라인 2개 · 페어 [[1, 5], [3, 7]]
[각질편성] 사세보 6경주: 선행3·선입0·추입3 → ⚡ 빠른 페이스
[경륜전개] 사세보 6경주: 보통 · 라인 3개 · 페어 [[4, 2], [1, 5]]
[각질편성] 오다와라 6경주: 선행3·선입0·추입6 → ⚡ 빠른 페이스
[경륜전개] 오다와라 6경주: 보통 · 라인 3개 · 페어 [[1, 9], [5, 2], [8, 3]]
[각질편성] 기후 6경주: 선행1·선입0·추입5 → 🐌 느린 페이스
[경륜전개] 기후 6경주: 슬로우(단독 선행) · 라인 2개 · 페어 [[1, 2]]
[각질편성] 사세보 7경주: 선행2·선입0·추입5 → 보통 페이스
[경륜전개] 사세보 7경주: 보통 · 라인 2개 · 페어 [[5, 3], [6, 1]]
[각질편성] 오다와라 7경주: 선행3·선입0·추입6 → ⚡ 빠른 페이스
[경륜전개] 오다와라 7경주: 보통 · 라인 3개 · 페어 [[7, 2], [9, 1], [8, 3]]
[각질편성] 기후 7경주: 선행2·선입0·추입5 → 보통 페이스
[경륜전개] 기후 7경주: 슬로우(단독 선행) · 라인 2개 · 페어 [[3, 5], [4, 1]]
[각질편성] 사세보 8경주: 선행2·선입0·추입5 → 보통 페이스
[경륜전개] 사세보 8경주: 보통 · 라인 2개 · 페어 [[4, 1], [7, 3]]
[각질편성] 오다와라 8경주: 선행3·선입0·추입6 → ⚡ 빠른 페이스
[경륜전개] 오다와라 8경주: 슬로우(단독 선행) · 라인 3개 · 페어 [[1, 7], [3, 9], [2, 5]]
[각질편성] 기후 8경주: 선행1·선입0·추입6 → 🐌 느린 페이스
[경륜전개] 기후 8경주: 보통 · 라인 1개 · 페어 [[4, 7]]
[다중경주] 하트비트 #101 · 스케줄 ymd=20260801 (-1초 전 갱신 · 트랙 12개)
[경륜 추천 모순 수정] 고배당 강제조합 2건 메인→복병 이동(25배 상한)
[각질편성] 삿포로 8경주: 선행0·선입0·추입0 → 🐌 느린 페이스
[잔존마 필터] 삿포로 9경주: 전적 11두 → 배당 출전마 6두 (배당 없는 마번 제외: [7, 8, 9, 10, 11])
[각질편성] 삿포로 9경주: 선행0·선입0·추입0 → 🐌 느린 페이스
[3종 수집] 기후 8경주: {'quinella': 21, 'exacta': 42, 'trio': 0, 'win': 0} (history 12)
[경륜 전적·자동] 사세보 9경주: 7두 수집(競走得点·절대등급 A/B/C/D·라인[2, 5, 4, 1, 6, 7, 3]) → 통합등급 자동 반영
[3종 수집] 사세보 9경주: {'quinella': 21, 'exacta': 42, 'trio': 0, 'win': 0} (history 1)
[잔존마 필터] 삿포로 9경주: 전적 11두 → 배당 출전마 6두 (배당 없는 마번 제외: [7, 8, 9, 10, 11])
[각질편성] 삿포로 9경주: 선행0·선입0·추입0 → 🐌 느린 페이스
[잔존마 필터] 삿포로 9경주: 전적 11두 → 배당 출전마 6두 (배당 없는 마번 제외: [7, 8, 9, 10, 11])
[각질편성] 삿포로 9경주: 선행0·선입0·추입0 → 🐌 느린 페이스
🔮 [예측] 사세보 9경주: top3=[2, 5, 4] conf=4 · 2번과 7번 모두 선행을 선언했으나 2번의 젖히기 각질이 더 뛰어나 자체
[각질편성] 사세보 9경주: 선행2·선입0·추입5 → 보통 페이스
[경륜전개] 사세보 9경주: 슬로우(단독 선행) · 라인 2개 · 페어 [[2, 5], [7, 3]]
[자동분석·배경] 사세보 9경주: 마감 599초 전 재분석(rec_history 누적·cycle)
[각질편성] 사세보 9경주: 선행2·선입0·추입5 → 보통 페이스
[경륜전개] 사세보 9경주: 슬로우(단독 선행) · 라인 2개 · 페어 [[2, 5], [7, 3]]
[잔존마 필터] 삿포로 9경주: 전적 11두 → 배당 출전마 6두 (배당 없는 마번 제외: [7, 8, 9, 10, 11])
[각질편성] 삿포로 9경주: 선행0·선입0·추입0 → 🐌 느린 페이스
[3종 수집] 삿포로 9경주: {'quinella': 13, 'exacta': 0, 'trio': 0, 'win': 0} (history 12)
[잔존마 필터] 삿포로 9경주: 전적 11두 → 배당 출전마 6두 (배당 없는 마번 제외: [7, 8, 9, 10, 11])
[각질편성] 삿포로 9경주: 선행0·선입0·추입0 → 🐌 느린 페이스
[잔존마 필터] 삿포로 9경주: 전적 11두 → 배당 출전마 6두 (배당 없는 마번 제외: [7, 8, 9, 10, 11])
[각질편성] 삿포로 9경주: 선행0·선입0·추입0 → 🐌 느린 페이스
[JRA수집] 0경주 수집 · 1경주 생략(확장 우선) · 0.01초 · 다음 60초 · 🔬관찰모드
[잔존마 필터] 삿포로 9경주: 전적 11두 → 배당 출전마 6두 (배당 없는 마번 제외: [7, 8, 9, 10, 11])
[잔존마 필터] 삿포로 9경주: 전적 11두 → 배당 출전마 6두 (배당 없는 마번 제외: [7, 8, 9, 10, 11])
[각질편성] 삿포로 9경주: 선행0·선입0·추입0 → 🐌 느린 페이스
[각질편성] 삿포로 9경주: 선행0·선입0·추입0 → 🐌 느린 페이스
[3종 수집] 사세보 9경주: {'quinella': 21, 'exacta': 42, 'trio': 0, 'win': 0} (history 2)
[3종 수집] 기후 8경주: {'quinella': 21, 'exacta': 42, 'trio': 0, 'win': 0} (history 12)
[각질편성] 사세보 9경주: 선행2·선입0·추입5 → 보통 페이스
[경륜전개] 사세보 9경주: 슬로우(단독 선행) · 라인 2개 · 페어 [[2, 5], [7, 3]]
[복승불일치 축교정] 사세보 9경주: 축 [2, 5]로 교정(자금이탈 강등 [4]·🔴🔴)
[자동분석·배경] 사세보 9경주: 마감 563초 전 재분석(rec_history 누적·cycle)
[각질편성] 기후 8경주: 선행1·선입0·추입6 → 🐌 느린 페이스
[경륜전개] 기후 8경주: 보통 · 라인 1개 · 페어 [[4, 7]]
[카톡 변경알림] 기후 8경주 발송: 복승 추가: 3+4 / 복승 제외: 4+6
[3종 수집] 삿포로 9경주: {'quinella': 13, 'exacta': 0, 'trio': 0, 'win': 0} (history 12)
[잔존마 필터] 삿포로 9경주: 전적 11두 → 배당 출전마 6두 (배당 없는 마번 제외: [7, 8, 9, 10, 11])
[각질편성] 삿포로 9경주: 선행0·선입0·추입0 → 🐌 느린 페이스
[잔존마 필터] 삿포로 9경주: 전적 11두 → 배당 출전마 6두 (배당 없는 마번 제외: [7, 8, 9, 10, 11])
[각질편성] 삿포로 9경주: 선행0·선입0·추입0 → 🐌 느린 페이스
[잔존마 필터] 삿포로 9경주: 전적 11두 → 배당 출전마 6두 (배당 없는 마번 제외: [7, 8, 9, 10, 11])
[각질편성] 삿포로 9경주: 선행0·선입0·추입0 → 🐌 느린 페이스
[잔존마 필터] 삿포로 9경주: 전적 11두 → 배당 출전마 6두 (배당 없는 마번 제외: [7, 8, 9, 10, 11])
[각질편성] 삿포로 9경주: 선행0·선입0·추입0 → 🐌 느린 페이스
[잔존마 필터] 삿포로 9경주: 전적 11두 → 배당 출전마 6두 (배당 없는 마번 제외: [7, 8, 9, 10, 11])
[잔존마 필터] 삿포로 9경주: 전적 11두 → 배당 출전마 6두 (배당 없는 마번 제외: [7, 8, 9, 10, 11])
[잔존마 필터] 삿포로 9경주: 전적 11두 → 배당 출전마 6두 (배당 없는 마번 제외: [7, 8, 9, 10, 11])
[각질편성] 삿포로 9경주: 선행0·선입0·추입0 → 🐌 느린 페이스
[각질편성] 삿포로 9경주: 선행0·선입0·추입0 → 🐌 느린 페이스
[복승불일치 축교정] 아오모리 4경주: 축 [1, 4]로 교정(자금이탈 강등 [7]·🔴🔴)
[각질편성] 삿포로 9경주: 선행0·선입0·추입0 → 🐌 느린 페이스
[잔존마 필터] 삿포로 9경주: 전적 11두 → 배당 출전마 6두 (배당 없는 마번 제외: [7, 8, 9, 10, 11])
[각질편성] 삿포로 9경주: 선행0·선입0·추입0 → 🐌 느린 페이스
[한국 전적] 삿포로 9경주: 11두 저장(PDF, 전적 11두)
[잔존마 필터] 삿포로 9경주: 전적 11두 → 배당 출전마 6두 (배당 없는 마번 제외: [7, 8, 9, 10, 11])
[분석로그] 저장 실패: [WinError 32] 다른 프로세스가 파일을 사용 중이기 때문에 프로세스가 액세스 할 수 없습니다: 'C:\\Users\\Administrator\\Desktop\\경마분석서버\\data\\analysis_log\\2026_08_01_삿포로_9경주.json.tmp' -> 'C:\\Users\\Administrator\\Desktop\\경마분석서버\\data\\analysis_log\\2026_08_01_삿포로_9경주.json'
[각질편성] 삿포로 9경주: 선행0·선입0·추입0 → 🐌 느린 페이스
[분석로그] 저장 실패: [WinError 32] 다른 프로세스가 파일을 사용 중이기 때문에 프로세스가 액세스 할 수 없습니다: 'C:\\Users\\Administrator\\Desktop\\경마분석서버\\data\\analysis_log\\2026_08_01_삿포로_9경주.json.tmp' -> 'C:\\Users\\Administrator\\Desktop\\경마분석서버\\data\\analysis_log\\2026_08_01_삿포로_9경주.json'
[분석로그] 저장 실패: [WinError 32] 다른 프로세스가 파일을 사용 중이기 때문에 프로세스가 액세스 할 수 없습니다: 'C:\\Users\\Administrator\\Desktop\\경마분석서버\\data\\analysis_log\\2026_08_01_삿포로_9경주.json.tmp' -> 'C:\\Users\\Administrator\\Desktop\\경마분석서버\\data\\analysis_log\\2026_08_01_삿포로_9경주.json'
[잔존마 필터] 삿포로 9경주: 전적 11두 → 배당 출전마 6두 (배당 없는 마번 제외: [7, 8, 9, 10, 11])
[각질편성] 삿포로 9경주: 선행0·선입0·추입0 → 🐌 느린 페이스
[한국이력 검역] 거부 — 파일=서울 9R / 본문 raceKey=삿포로 9경주 (경마장 불일치)
[결과기록] 캐시 갱신 — 재파싱 2건 / 전체 1688건
[복승불일치 축교정] 아오모리 5경주: 축 [1, 3]로 교정(자금이탈 강등 [6]·🔴)
[placeholder 필터] 호후 6경주 쌍승 껍데기 배당 3조합 제외(값: [300.2])
[복승불일치 축교정] 호후 6경주: 축 [1, 5]로 교정(자금이탈 강등 [7]·🔴)
[placeholder 필터] 아오모리 7경주 쌍승 껍데기 배당 3조합 제외(값: [1703.0])
[복승불일치 축교정] 호후 7경주: 축 [2, 5]로 교정(자금이탈 강등 [1]·🔴🔴)
[잔존마 필터] 삿포로 9경주: 전적 11두 → 배당 출전마 6두 (배당 없는 마번 제외: [7, 8, 9, 10, 11])
[각질편성] 삿포로 9경주: 선행0·선입0·추입0 → 🐌 느린 페이스
[복승불일치 축교정] 사세보 2경주: 축 [2, 7]로 교정(자금이탈 강등 [1]·🔴🔴)
[복승불일치 축교정] 기후 2경주: 축 [3, 4]로 교정(자금이탈 강등 [6]·🔴🔴)
[복승불일치 축교정] 사세보 3경주: 축 [1, 5]로 교정(자금이탈 강등 [7]·🔴🔴)
[복승불일치 축교정] 오다와라 3경주: 축 [3, 9]로 교정(자금이탈 강등 [1]·🔴)
[복승불일치 축교정] 기후 3경주: 축 [5, 7]로 교정(자금이탈 강등 [4]·🔴🔴)
[복승불일치 축교정] 사세보 4경주: 축 [1, 4]로 교정(자금이탈 강등 [7]·🔴🔴)
[placeholder 필터] 오다와라 4경주 쌍승 껍데기 배당 4조합 제외(값: [859.9])
[복승불일치 축교정] 기후 4경주: 축 [1, 4]로 교정(자금이탈 강등 [2]·🔴🔴)
[각질편성] 오다와라 5경주: 선행3·선입0·추입6 → ⚡ 빠른 페이스
[경륜전개] 오다와라 5경주: 슬로우(단독 선행) · 라인 3개 · 페어 [[2, 5], [1, 8], [3, 7]]
[각질편성] 기후 5경주: 선행2·선입0·추입5 → 보통 페이스
[경륜전개] 기후 5경주: 보통 · 라인 2개 · 페어 [[1, 5], [3, 7]]
[각질편성] 사세보 6경주: 선행3·선입0·추입3 → ⚡ 빠른 페이스
[경륜전개] 사세보 6경주: 보통 · 라인 3개 · 페어 [[4, 2], [1, 5]]
[잔존마 필터] 삿포로 9경주: 전적 11두 → 배당 출전마 6두 (배당 없는 마번 제외: [7, 8, 9, 10, 11])
[각질편성] 삿포로 9경주: 선행0·선입0·추입0 → 🐌 느린 페이스
[각질편성] 오다와라 6경주: 선행3·선입0·추입6 → ⚡ 빠른 페이스
[경륜전개] 오다와라 6경주: 보통 · 라인 3개 · 페어 [[1, 9], [5, 2], [8, 3]]
[각질편성] 기후 6경주: 선행1·선입0·추입5 → 🐌 느린 페이스
[경륜전개] 기후 6경주: 슬로우(단독 선행) · 라인 2개 · 페어 [[1, 2]]
[각질편성] 사세보 7경주: 선행2·선입0·추입5 → 보통 페이스
[경륜전개] 사세보 7경주: 보통 · 라인 2개 · 페어 [[5, 3], [6, 1]]
[각질편성] 오다와라 7경주: 선행3·선입0·추입6 → ⚡ 빠른 페이스
[경륜전개] 오다와라 7경주: 보통 · 라인 3개 · 페어 [[7, 2], [9, 1], [8, 3]]
[각질편성] 기후 7경주: 선행2·선입0·추입5 → 보통 페이스
[경륜전개] 기후 7경주: 슬로우(단독 선행) · 라인 2개 · 페어 [[3, 5], [4, 1]]
[각질편성] 사세보 8경주: 선행2·선입0·추입5 → 보통 페이스
[경륜전개] 사세보 8경주: 보통 · 라인 2개 · 페어 [[4, 1], [7, 3]]
[각질편성] 오다와라 8경주: 선행3·선입0·추입6 → ⚡ 빠른 페이스
[경륜전개] 오다와라 8경주: 슬로우(단독 선행) · 라인 3개 · 페어 [[1, 7], [3, 9], [2, 5]]
[각질편성] 기후 8경주: 선행1·선입0·추입6 → 🐌 느린 페이스
[경륜전개] 기후 8경주: 보통 · 라인 1개 · 페어 [[4, 7]]
[각질편성] 사세보 9경주: 선행2·선입0·추입5 → 보통 페이스
[경륜전개] 사세보 9경주: 슬로우(단독 선행) · 라인 2개 · 페어 [[2, 5], [7, 3]]
[복승불일치 축교정] 사세보 9경주: 축 [2, 5]로 교정(자금이탈 강등 [4]·🔴🔴)
[각질편성] 삿포로 8경주: 선행0·선입0·추입0 → 🐌 느린 페이스
[잔존마 필터] 삿포로 9경주: 전적 11두 → 배당 출전마 6두 (배당 없는 마번 제외: [7, 8, 9, 10, 11])
[각질편성] 삿포로 9경주: 선행0·선입0·추입0 → 🐌 느린 페이스
[잔존마 필터] 삿포로 9경주: 전적 11두 → 배당 출전마 6두 (배당 없는 마번 제외: [7, 8, 9, 10, 11])
[각질편성] 삿포로 9경주: 선행0·선입0·추입0 → 🐌 느린 페이스
[잔존마 필터] 삿포로 9경주: 전적 11두 → 배당 출전마 6두 (배당 없는 마번 제외: [7, 8, 9, 10, 11])
[각질편성] 삿포로 9경주: 선행0·선입0·추입0 → 🐌 느린 페이스
[잔존마 필터] 삿포로 9경주: 전적 11두 → 배당 출전마 6두 (배당 없는 마번 제외: [7, 8, 9, 10, 11])
[각질편성] 삿포로 9경주: 선행0·선입0·추입0 → 🐌 느린 페이스
[3종 수집] 사세보 9경주: {'quinella': 21, 'exacta': 42, 'trio': 0, 'win': 0} (history 3)
[3종 수집] 기후 8경주: {'quinella': 21, 'exacta': 42, 'trio': 0, 'win': 0} (history 12)
[각질편성] 사세보 9경주: 선행2·선입0·추입5 → 보통 페이스
[경륜전개] 사세보 9경주: 슬로우(단독 선행) · 라인 2개 · 페어 [[2, 5], [7, 3]]
[복승불일치 축교정] 사세보 9경주: 축 [2, 5]로 교정(자금이탈 강등 [4]·🔴🔴)
[자동분석·배경] 사세보 9경주: 마감 530초 전 재분석(rec_history 누적·cycle)
[잔존마 필터] 삿포로 9경주: 전적 11두 → 배당 출전마 6두 (배당 없는 마번 제외: [7, 8, 9, 10, 11])
[각질편성] 삿포로 9경주: 선행0·선입0·추입0 → 🐌 느린 페이스
[잔존마 필터] 삿포로 9경주: 전적 11두 → 배당 출전마 6두 (배당 없는 마번 제외: [7, 8, 9, 10, 11])
[각질편성] 삿포로 9경주: 선행0·선입0·추입0 → 🐌 느린 페이스
[잔존마 필터] 삿포로 9경주: 전적 11두 → 배당 출전마 6두 (배당 없는 마번 제외: [7, 8, 9, 10, 11])
[각질편성] 삿포로 9경주: 선행0·선입0·추입0 → 🐌 느린 페이스
[한국 전적] 삿포로 9경주: 11두 저장(PDF, 전적 11두)
[잔존마 필터] 삿포로 9경주: 전적 11두 → 배당 출전마 6두 (배당 없는 마번 제외: [7, 8, 9, 10, 11])
[각질편성] 삿포로 9경주: 선행0·선입0·추입0 → 🐌 느린 페이스
[잔존마 필터] 삿포로 9경주: 전적 11두 → 배당 출전마 6두 (배당 없는 마번 제외: [7, 8, 9, 10, 11])
[각질편성] 삿포로 9경주: 선행0·선입0·추입0 → 🐌 느린 페이스
[한국이력 검역] 거부 — 파일=서울 9R / 본문 raceKey=삿포로 9경주 (경마장 불일치)
[잔존마 필터] 삿포로 9경주: 전적 11두 → 배당 출전마 6두 (배당 없는 마번 제외: [7, 8, 9, 10, 11])
[각질편성] 삿포로 9경주: 선행0·선입0·추입0 → 🐌 느린 페이스
[JRA수집] 0경주 수집 · 1경주 생략(확장 우선) · 0.01초 · 다음 60초 · 🔬관찰모드
[3종 수집] 삿포로 9경주: {'quinella': 13, 'exacta': 0, 'trio': 0, 'win': 0} (history 12)
[잔존마 필터] 삿포로 9경주: 전적 11두 → 배당 출전마 6두 (배당 없는 마번 제외: [7, 8, 9, 10, 11])
[각질편성] 삿포로 9경주: 선행0·선입0·추입0 → 🐌 느린 페이스
[잔존마 필터] 삿포로 9경주: 전적 11두 → 배당 출전마 6두 (배당 없는 마번 제외: [7, 8, 9, 10, 11])
[각질편성] 삿포로 9경주: 선행0·선입0·추입0 → 🐌 느린 페이스
[3종 수집] 기후 8경주: {'quinella': 21, 'exacta': 42, 'trio': 0, 'win': 0} (history 12)
[잔존마 필터] 삿포로 9경주: 전적 11두 → 배당 출전마 6두 (배당 없는 마번 제외: [7, 8, 9, 10, 11])
[잔존마 필터] 삿포로 9경주: 전적 11두 → 배당 출전마 6두 (배당 없는 마번 제외: [7, 8, 9, 10, 11])
[각질편성] 삿포로 9경주: 선행0·선입0·추입0 → 🐌 느린 페이스
[각질편성] 삿포로 9경주: 선행0·선입0·추입0 → 🐌 느린 페이스
[3종 수집] 사세보 9경주: {'quinella': 21, 'exacta': 42, 'trio': 0, 'win': 0} (history 4)
[각질편성] 사세보 9경주: 선행2·선입0·추입5 → 보통 페이스
[경륜전개] 사세보 9경주: 슬로우(단독 선행) · 라인 2개 · 페어 [[2, 5], [7, 3]]
[복승불일치 축교정] 사세보 9경주: 축 [2, 5]로 교정(자금이탈 강등 [4]·🔴🔴)
[자동분석·배경] 사세보 9경주: 마감 497초 전 재분석(rec_history 누적·cycle)
[잔존마 필터] 삿포로 9경주: 전적 11두 → 배당 출전마 6두 (배당 없는 마번 제외: [7, 8, 9, 10, 11])
[각질편성] 삿포로 9경주: 선행0·선입0·추입0 → 🐌 느린 페이스
[잔존마 필터] 삿포로 9경주: 전적 11두 → 배당 출전마 6두 (배당 없는 마번 제외: [7, 8, 9, 10, 11])
[잔존마 필터] 삿포로 9경주: 전적 11두 → 배당 출전마 6두 (배당 없는 마번 제외: [7, 8, 9, 10, 11])
[각질편성] 삿포로 9경주: 선행0·선입0·추입0 → 🐌 느린 페이스
[복승불일치 축교정] 아오모리 4경주: 축 [1, 4]로 교정(자금이탈 강등 [7]·🔴🔴)
[각질편성] 삿포로 9경주: 선행0·선입0·추입0 → 🐌 느린 페이스
[잔존마 필터] 삿포로 9경주: 전적 11두 → 배당 출전마 6두 (배당 없는 마번 제외: [7, 8, 9, 10, 11])
[잔존마 필터] 삿포로 9경주: 전적 11두 → 배당 출전마 6두 (배당 없는 마번 제외: [7, 8, 9, 10, 11])
[각질편성] 삿포로 9경주: 선행0·선입0·추입0 → 🐌 느린 페이스
[각질편성] 삿포로 9경주: 선행0·선입0·추입0 → 🐌 느린 페이스
[분석로그] 저장 실패: [Errno 13] Permission denied: 'C:\\Users\\Administrator\\Desktop\\경마분석서버\\data\\analysis_log\\2026_08_01_삿포로_9경주.json.tmp'
[분석로그] 저장 실패: [WinError 5] 액세스가 거부되었습니다: 'C:\\Users\\Administrator\\Desktop\\경마분석서버\\data\\analysis_log\\2026_08_01_삿포로_9경주.json.tmp' -> 'C:\\Users\\Administrator\\Desktop\\경마분석서버\\data\\analysis_log\\2026_08_01_삿포로_9경주.json'
[분석로그] 저장 실패: [WinError 32] 다른 프로세스가 파일을 사용 중이기 때문에 프로세스가 액세스 할 수 없습니다: 'C:\\Users\\Administrator\\Desktop\\경마분석서버\\data\\analysis_log\\2026_08_01_삿포로_9경주.json.tmp' -> 'C:\\Users\\Administrator\\Desktop\\경마분석서버\\data\\analysis_log\\2026_08_01_삿포로_9경주.json'
[복승불일치 축교정] 아오모리 5경주: 축 [1, 3]로 교정(자금이탈 강등 [6]·🔴)
[placeholder 필터] 호후 6경주 쌍승 껍데기 배당 3조합 제외(값: [300.2])
[복승불일치 축교정] 호후 6경주: 축 [1, 5]로 교정(자금이탈 강등 [7]·🔴)
[placeholder 필터] 아오모리 7경주 쌍승 껍데기 배당 3조합 제외(값: [1703.0])
[복승불일치 축교정] 호후 7경주: 축 [2, 5]로 교정(자금이탈 강등 [1]·🔴🔴)
[복승불일치 축교정] 사세보 2경주: 축 [2, 7]로 교정(자금이탈 강등 [1]·🔴🔴)
[결과기록] 캐시 갱신 — 재파싱 2건 / 전체 1688건
[복승불일치 축교정] 기후 2경주: 축 [3, 4]로 교정(자금이탈 강등 [6]·🔴🔴)
[복승불일치 축교정] 사세보 3경주: 축 [1, 5]로 교정(자금이탈 강등 [7]·🔴🔴)
[복승불일치 축교정] 오다와라 3경주: 축 [3, 9]로 교정(자금이탈 강등 [1]·🔴)
[복승불일치 축교정] 기후 3경주: 축 [5, 7]로 교정(자금이탈 강등 [4]·🔴🔴)
[복승불일치 축교정] 사세보 4경주: 축 [1, 4]로 교정(자금이탈 강등 [7]·🔴🔴)
[placeholder 필터] 오다와라 4경주 쌍승 껍데기 배당 4조합 제외(값: [859.9])
[복승불일치 축교정] 기후 4경주: 축 [1, 4]로 교정(자금이탈 강등 [2]·🔴🔴)
[각질편성] 오다와라 5경주: 선행3·선입0·추입6 → ⚡ 빠른 페이스
[경륜전개] 오다와라 5경주: 슬로우(단독 선행) · 라인 3개 · 페어 [[2, 5], [1, 8], [3, 7]]
[각질편성] 기후 5경주: 선행2·선입0·추입5 → 보통 페이스
[경륜전개] 기후 5경주: 보통 · 라인 2개 · 페어 [[1, 5], [3, 7]]
[각질편성] 사세보 6경주: 선행3·선입0·추입3 → ⚡ 빠른 페이스
[경륜전개] 사세보 6경주: 보통 · 라인 3개 · 페어 [[4, 2], [1, 5]]
[잔존마 필터] 삿포로 9경주: 전적 11두 → 배당 출전마 6두 (배당 없는 마번 제외: [7, 8, 9, 10, 11])
[각질편성] 삿포로 9경주: 선행0·선입0·추입0 → 🐌 느린 페이스
[각질편성] 오다와라 6경주: 선행3·선입0·추입6 → ⚡ 빠른 페이스
[경륜전개] 오다와라 6경주: 보통 · 라인 3개 · 페어 [[1, 9], [5, 2], [8, 3]]
[각질편성] 기후 6경주: 선행1·선입0·추입5 → 🐌 느린 페이스
[경륜전개] 기후 6경주: 슬로우(단독 선행) · 라인 2개 · 페어 [[1, 2]]
[각질편성] 사세보 7경주: 선행2·선입0·추입5 → 보통 페이스
[경륜전개] 사세보 7경주: 보통 · 라인 2개 · 페어 [[5, 3], [6, 1]]
[각질편성] 오다와라 7경주: 선행3·선입0·추입6 → ⚡ 빠른 페이스
[경륜전개] 오다와라 7경주: 보통 · 라인 3개 · 페어 [[7, 2], [9, 1], [8, 3]]
[각질편성] 기후 7경주: 선행2·선입0·추입5 → 보통 페이스
[경륜전개] 기후 7경주: 슬로우(단독 선행) · 라인 2개 · 페어 [[3, 5], [4, 1]]
[각질편성] 사세보 8경주: 선행2·선입0·추입5 → 보통 페이스
[경륜전개] 사세보 8경주: 보통 · 라인 2개 · 페어 [[4, 1], [7, 3]]
[각질편성] 오다와라 8경주: 선행3·선입0·추입6 → ⚡ 빠른 페이스
[경륜전개] 오다와라 8경주: 슬로우(단독 선행) · 라인 3개 · 페어 [[1, 7], [3, 9], [2, 5]]
[각질편성] 기후 8경주: 선행1·선입0·추입6 → 🐌 느린 페이스
[경륜전개] 기후 8경주: 보통 · 라인 1개 · 페어 [[4, 7]]
[각질편성] 사세보 9경주: 선행2·선입0·추입5 → 보통 페이스
[경륜전개] 사세보 9경주: 슬로우(단독 선행) · 라인 2개 · 페어 [[2, 5], [7, 3]]
[복승불일치 축교정] 사세보 9경주: 축 [2, 5]로 교정(자금이탈 강등 [4]·🔴🔴)
[각질편성] 삿포로 8경주: 선행0·선입0·추입0 → 🐌 느린 페이스
[잔존마 필터] 삿포로 9경주: 전적 11두 → 배당 출전마 6두 (배당 없는 마번 제외: [7, 8, 9, 10, 11])
[각질편성] 삿포로 9경주: 선행0·선입0·추입0 → 🐌 느린 페이스
[잔존마 필터] 삿포로 9경주: 전적 11두 → 배당 출전마 6두 (배당 없는 마번 제외: [7, 8, 9, 10, 11])
[각질편성] 삿포로 9경주: 선행0·선입0·추입0 → 🐌 느린 페이스
[잔존마 필터] 삿포로 9경주: 전적 11두 → 배당 출전마 6두 (배당 없는 마번 제외: [7, 8, 9, 10, 11])
[각질편성] 삿포로 9경주: 선행0·선입0·추입0 → 🐌 느린 페이스
[한국 전적] 삿포로 9경주: 11두 저장(PDF, 전적 11두)
[잔존마 필터] 삿포로 9경주: 전적 11두 → 배당 출전마 6두 (배당 없는 마번 제외: [7, 8, 9, 10, 11])
[각질편성] 삿포로 9경주: 선행0·선입0·추입0 → 🐌 느린 페이스
[3종 수집] 삿포로 9경주: {'quinella': 13, 'exacta': 0, 'trio': 0, 'win': 0} (history 12)
[잔존마 필터] 삿포로 9경주: 전적 11두 → 배당 출전마 6두 (배당 없는 마번 제외: [7, 8, 9, 10, 11])
[각질편성] 삿포로 9경주: 선행0·선입0·추입0 → 🐌 느린 페이스
[한국이력 검역] 거부 — 파일=서울 9R / 본문 raceKey=삿포로 9경주 (경마장 불일치)
[잔존마 필터] 삿포로 9경주: 전적 11두 → 배당 출전마 6두 (배당 없는 마번 제외: [7, 8, 9, 10, 11])
[각질편성] 삿포로 9경주: 선행0·선입0·추입0 → 🐌 느린 페이스
[잔존마 필터] 삿포로 9경주: 전적 11두 → 배당 출전마 6두 (배당 없는 마번 제외: [7, 8, 9, 10, 11])
[각질편성] 삿포로 9경주: 선행0·선입0·추입0 → 🐌 느린 페이스
[잔존마 필터] 삿포로 9경주: 전적 11두 → 배당 출전마 6두 (배당 없는 마번 제외: [7, 8, 9, 10, 11])
[각질편성] 삿포로 9경주: 선행0·선입0·추입0 → 🐌 느린 페이스
[잔존마 필터] 삿포로 9경주: 전적 11두 → 배당 출전마 6두 (배당 없는 마번 제외: [7, 8, 9, 10, 11])
[각질편성] 삿포로 9경주: 선행0·선입0·추입0 → 🐌 느린 페이스
[잔존마 필터] 삿포로 9경주: 전적 11두 → 배당 출전마 6두 (배당 없는 마번 제외: [7, 8, 9, 10, 11])
[각질편성] 삿포로 9경주: 선행0·선입0·추입0 → 🐌 느린 페이스
[잔존마 필터] 삿포로 9경주: 전적 11두 → 배당 출전마 6두 (배당 없는 마번 제외: [7, 8, 9, 10, 11])
[각질편성] 삿포로 9경주: 선행0·선입0·추입0 → 🐌 느린 페이스
[한국 전적] 삿포로 9경주: 11두 저장(PDF, 전적 11두)
[잔존마 필터] 삿포로 9경주: 전적 11두 → 배당 출전마 6두 (배당 없는 마번 제외: [7, 8, 9, 10, 11])
[각질편성] 삿포로 9경주: 선행0·선입0·추입0 → 🐌 느린 페이스
[3종 수집] 사세보 9경주: {'quinella': 21, 'exacta': 42, 'trio': 0, 'win': 0} (history 5)
[각질편성] 사세보 9경주: 선행2·선입0·추입5 → 보통 페이스
[경륜전개] 사세보 9경주: 슬로우(단독 선행) · 라인 2개 · 페어 [[2, 5], [7, 3]]
[복승불일치 축교정] 사세보 9경주: 축 [2, 5]로 교정(자금이탈 강등 [4]·🔴🔴)
[자동분석·배경] 사세보 9경주: 마감 464초 전 재분석(rec_history 누적·cycle)
[잔존마 필터] 삿포로 9경주: 전적 11두 → 배당 출전마 6두 (배당 없는 마번 제외: [7, 8, 9, 10, 11])
[각질편성] 삿포로 9경주: 선행0·선입0·추입0 → 🐌 느린 페이스
[한국이력 검역] 거부 — 파일=서울 9R / 본문 raceKey=삿포로 9경주 (경마장 불일치)
[잔존마 필터] 삿포로 9경주: 전적 11두 → 배당 출전마 6두 (배당 없는 마번 제외: [7, 8, 9, 10, 11])
[각질편성] 삿포로 9경주: 선행0·선입0·추입0 → 🐌 느린 페이스
[잔존마 필터] 삿포로 9경주: 전적 11두 → 배당 출전마 6두 (배당 없는 마번 제외: [7, 8, 9, 10, 11])
[각질편성] 삿포로 9경주: 선행0·선입0·추입0 → 🐌 느린 페이스
[JRA수집] 0경주 수집 · 1경주 생략(확장 우선) · 0.01초 · 다음 60초 · 🔬관찰모드
[잔존마 필터] 삿포로 9경주: 전적 11두 → 배당 출전마 6두 (배당 없는 마번 제외: [7, 8, 9, 10, 11])
[각질편성] 삿포로 9경주: 선행0·선입0·추입0 → 🐌 느린 페이스
[3종 수집] 삿포로 9경주: {'quinella': 13, 'exacta': 0, 'trio': 0, 'win': 0} (history 12)
[잔존마 필터] 삿포로 9경주: 전적 11두 → 배당 출전마 6두 (배당 없는 마번 제외: [7, 8, 9, 10, 11])
[각질편성] 삿포로 9경주: 선행0·선입0·추입0 → 🐌 느린 페이스
[잔존마 필터] 삿포로 9경주: 전적 11두 → 배당 출전마 6두 (배당 없는 마번 제외: [7, 8, 9, 10, 11])
[각질편성] 삿포로 9경주: 선행0·선입0·추입0 → 🐌 느린 페이스
[T-2분 왕축 동결] 삿포로 9경주: [2, 5] → [2, 5] 유지(cur_mb=2)
[잔존마 필터] 삿포로 9경주: 전적 11두 → 배당 출전마 6두 (배당 없는 마번 제외: [7, 8, 9, 10, 11])
[각질편성] 삿포로 9경주: 선행0·선입0·추입0 → 🐌 느린 페이스
[T-2분 왕축 동결] 삿포로 9경주: [2, 5] → [2, 5] 유지(cur_mb=2)
[잔존마 필터] 삿포로 9경주: 전적 11두 → 배당 출전마 6두 (배당 없는 마번 제외: [7, 8, 9, 10, 11])
[각질편성] 삿포로 9경주: 선행0·선입0·추입0 → 🐌 느린 페이스
[복승불일치 축교정] 아오모리 4경주: 축 [1, 4]로 교정(자금이탈 강등 [7]·🔴🔴)
[잔존마 필터] 삿포로 9경주: 전적 11두 → 배당 출전마 6두 (배당 없는 마번 제외: [7, 8, 9, 10, 11])
[잔존마 필터] 삿포로 9경주: 전적 11두 → 배당 출전마 6두 (배당 없는 마번 제외: [7, 8, 9, 10, 11])
[각질편성] 삿포로 9경주: 선행0·선입0·추입0 → 🐌 느린 페이스
[잔존마 필터] 삿포로 9경주: 전적 11두 → 배당 출전마 6두 (배당 없는 마번 제외: [7, 8, 9, 10, 11])
[각질편성] 삿포로 9경주: 선행0·선입0·추입0 → 🐌 느린 페이스
[각질편성] 삿포로 9경주: 선행0·선입0·추입0 → 🐌 느린 페이스
[잔존마 필터] 삿포로 9경주: 전적 11두 → 배당 출전마 6두 (배당 없는 마번 제외: [7, 8, 9, 10, 11])
[각질편성] 삿포로 9경주: 선행0·선입0·추입0 → 🐌 느린 페이스
[T-2분 왕축 동결] 삿포로 9경주: [2, 5] → [2, 5] 유지(cur_mb=2)
[T-2분 왕축 동결] 삿포로 9경주: [2, 5] → [2, 5] 유지(cur_mb=2)
[T-2분 왕축 동결] 삿포로 9경주: [2, 5] → [2, 5] 유지(cur_mb=2)
[T-2분 왕축 동결] 삿포로 9경주: [2, 5] → [2, 5] 유지(cur_mb=2)
[T-2분 왕축 동결] 삿포로 9경주: [2, 5] → [2, 5] 유지(cur_mb=2)
[복승불일치 축교정] 아오모리 5경주: 축 [1, 3]로 교정(자금이탈 강등 [6]·🔴)
[분석로그] 저장 실패: [WinError 2] 지정된 파일을 찾을 수 없습니다: 'C:\\Users\\Administrator\\Desktop\\경마분석서버\\data\\analysis_log\\2026_08_01_삿포로_9경주.json.tmp' -> 'C:\\Users\\Administrator\\Desktop\\경마분석서버\\data\\analysis_log\\2026_08_01_삿포로_9경주.json'
[placeholder 필터] 호후 6경주 쌍승 껍데기 배당 3조합 제외(값: [300.2])
[복승불일치 축교정] 호후 6경주: 축 [1, 5]로 교정(자금이탈 강등 [7]·🔴)
[placeholder 필터] 아오모리 7경주 쌍승 껍데기 배당 3조합 제외(값: [1703.0])
[복승불일치 축교정] 호후 7경주: 축 [2, 5]로 교정(자금이탈 강등 [1]·🔴🔴)
[3종 수집] 사세보 9경주: {'quinella': 21, 'exacta': 42, 'trio': 0, 'win': 0} (history 6)
[복승불일치 축교정] 사세보 2경주: 축 [2, 7]로 교정(자금이탈 강등 [1]·🔴🔴)
[각질편성] 사세보 9경주: 선행2·선입0·추입5 → 보통 페이스
[경륜전개] 사세보 9경주: 슬로우(단독 선행) · 라인 2개 · 페어 [[2, 5], [7, 3]]
[복승불일치 축교정] 사세보 9경주: 축 [2, 5]로 교정(자금이탈 강등 [4]·🔴🔴)
[자동분석·배경] 사세보 9경주: 마감 431초 전 재분석(rec_history 누적·cycle)
[각질편성] 기후 8경주: 선행1·선입0·추입6 → 🐌 느린 페이스
[경륜전개] 기후 8경주: 보통 · 라인 1개 · 페어 [[4, 7]]
[각질편성] 사세보 9경주: 선행2·선입0·추입5 → 보통 페이스
[경륜전개] 사세보 9경주: 슬로우(단독 선행) · 라인 2개 · 페어 [[2, 5], [7, 3]]
[복승불일치 축교정] 사세보 9경주: 축 [2, 5]로 교정(자금이탈 강등 [4]·🔴🔴)
[카카오알림] 사세보 9경주 T-7 → 큐 적재
[결과기록] 캐시 갱신 — 재파싱 2건 / 전체 1688건
[복승불일치 축교정] 기후 2경주: 축 [3, 4]로 교정(자금이탈 강등 [6]·🔴🔴)
[복승불일치 축교정] 사세보 3경주: 축 [1, 5]로 교정(자금이탈 강등 [7]·🔴🔴)
[복승불일치 축교정] 오다와라 3경주: 축 [3, 9]로 교정(자금이탈 강등 [1]·🔴)
[복승불일치 축교정] 기후 3경주: 축 [5, 7]로 교정(자금이탈 강등 [4]·🔴🔴)
[복승불일치 축교정] 사세보 4경주: 축 [1, 4]로 교정(자금이탈 강등 [7]·🔴🔴)
[placeholder 필터] 오다와라 4경주 쌍승 껍데기 배당 4조합 제외(값: [859.9])
[잔존마 필터] 삿포로 9경주: 전적 11두 → 배당 출전마 6두 (배당 없는 마번 제외: [7, 8, 9, 10, 11])
[각질편성] 삿포로 9경주: 선행0·선입0·추입0 → 🐌 느린 페이스
[잔존마 필터] 삿포로 9경주: 전적 11두 → 배당 출전마 6두 (배당 없는 마번 제외: [7, 8, 9, 10, 11])
[각질편성] 삿포로 9경주: 선행0·선입0·추입0 → 🐌 느린 페이스
[T-2분 왕축 동결] 삿포로 9경주: [2, 5] → [2, 5] 유지(cur_mb=2)
[복승불일치 축교정] 기후 4경주: 축 [1, 4]로 교정(자금이탈 강등 [2]·🔴🔴)
[T-2분 왕축 동결] 삿포로 9경주: [2, 5] → [2, 5] 유지(cur_mb=2)
[각질편성] 오다와라 5경주: 선행3·선입0·추입6 → ⚡ 빠른 페이스
[경륜전개] 오다와라 5경주: 슬로우(단독 선행) · 라인 3개 · 페어 [[2, 5], [1, 8], [3, 7]]
[각질편성] 기후 5경주: 선행2·선입0·추입5 → 보통 페이스
[경륜전개] 기후 5경주: 보통 · 라인 2개 · 페어 [[1, 5], [3, 7]]
[각질편성] 사세보 6경주: 선행3·선입0·추입3 → ⚡ 빠른 페이스
[경륜전개] 사세보 6경주: 보통 · 라인 3개 · 페어 [[4, 2], [1, 5]]
[각질편성] 오다와라 6경주: 선행3·선입0·추입6 → ⚡ 빠른 페이스
[경륜전개] 오다와라 6경주: 보통 · 라인 3개 · 페어 [[1, 9], [5, 2], [8, 3]]
[각질편성] 기후 6경주: 선행1·선입0·추입5 → 🐌 느린 페이스
[경륜전개] 기후 6경주: 슬로우(단독 선행) · 라인 2개 · 페어 [[1, 2]]
[각질편성] 사세보 7경주: 선행2·선입0·추입5 → 보통 페이스
[경륜전개] 사세보 7경주: 보통 · 라인 2개 · 페어 [[5, 3], [6, 1]]
[각질편성] 오다와라 7경주: 선행3·선입0·추입6 → ⚡ 빠른 페이스
[경륜전개] 오다와라 7경주: 보통 · 라인 3개 · 페어 [[7, 2], [9, 1], [8, 3]]
[각질편성] 기후 7경주: 선행2·선입0·추입5 → 보통 페이스
[경륜전개] 기후 7경주: 슬로우(단독 선행) · 라인 2개 · 페어 [[3, 5], [4, 1]]
[각질편성] 사세보 8경주: 선행2·선입0·추입5 → 보통 페이스
[경륜전개] 사세보 8경주: 보통 · 라인 2개 · 페어 [[4, 1], [7, 3]]
[각질편성] 오다와라 8경주: 선행3·선입0·추입6 → ⚡ 빠른 페이스
[경륜전개] 오다와라 8경주: 슬로우(단독 선행) · 라인 3개 · 페어 [[1, 7], [3, 9], [2, 5]]
[각질편성] 기후 8경주: 선행1·선입0·추입6 → 🐌 느린 페이스
[경륜전개] 기후 8경주: 보통 · 라인 1개 · 페어 [[4, 7]]
[각질편성] 사세보 9경주: 선행2·선입0·추입5 → 보통 페이스
[경륜전개] 사세보 9경주: 슬로우(단독 선행) · 라인 2개 · 페어 [[2, 5], [7, 3]]
[복승불일치 축교정] 사세보 9경주: 축 [2, 5]로 교정(자금이탈 강등 [4]·🔴🔴)
[각질편성] 삿포로 8경주: 선행0·선입0·추입0 → 🐌 느린 페이스
[잔존마 필터] 삿포로 9경주: 전적 11두 → 배당 출전마 6두 (배당 없는 마번 제외: [7, 8, 9, 10, 11])
[각질편성] 삿포로 9경주: 선행0·선입0·추입0 → 🐌 느린 페이스
[T-2분 왕축 동결] 삿포로 9경주: [2, 5] → [2, 5] 유지(cur_mb=2)
[잔존마 필터] 삿포로 9경주: 전적 11두 → 배당 출전마 6두 (배당 없는 마번 제외: [7, 8, 9, 10, 11])
[각질편성] 삿포로 9경주: 선행0·선입0·추입0 → 🐌 느린 페이스
[T-2분 왕축 동결] 삿포로 9경주: [2, 5] → [2, 5] 유지(cur_mb=2)
[3종 수집] 삿포로 9경주: {'quinella': 13, 'exacta': 0, 'trio': 0, 'win': 0} (history 12)
[잔존마 필터] 삿포로 9경주: 전적 11두 → 배당 출전마 6두 (배당 없는 마번 제외: [7, 8, 9, 10, 11])
[각질편성] 삿포로 9경주: 선행0·선입0·추입0 → 🐌 느린 페이스
[T-2분 왕축 동결] 삿포로 9경주: [2, 5] → [2, 5] 유지(cur_mb=2)
[잔존마 필터] 삿포로 9경주: 전적 11두 → 배당 출전마 6두 (배당 없는 마번 제외: [7, 8, 9, 10, 11])
[각질편성] 삿포로 9경주: 선행0·선입0·추입0 → 🐌 느린 페이스
[T-2분 왕축 동결] 삿포로 9경주: [2, 5] → [2, 5] 유지(cur_mb=2)
[잔존마 필터] 삿포로 9경주: 전적 11두 → 배당 출전마 6두 (배당 없는 마번 제외: [7, 8, 9, 10, 11])
[각질편성] 삿포로 9경주: 선행0·선입0·추입0 → 🐌 느린 페이스
[잔존마 필터] 삿포로 9경주: 전적 11두 → 배당 출전마 6두 (배당 없는 마번 제외: [7, 8, 9, 10, 11])
[각질편성] 삿포로 9경주: 선행0·선입0·추입0 → 🐌 느린 페이스
[T-2분 왕축 동결] 삿포로 9경주: [2, 5] → [2, 5] 유지(cur_mb=2)
[T-2분 왕축 동결] 삿포로 9경주: [2, 5] → [2, 5] 유지(cur_mb=2)
[분석로그] 저장 실패: [WinError 32] 다른 프로세스가 파일을 사용 중이기 때문에 프로세스가 액세스 할 수 없습니다: 'C:\\Users\\Administrator\\Desktop\\경마분석서버\\data\\analysis_log\\2026_08_01_삿포로_9경주.json.tmp' -> 'C:\\Users\\Administrator\\Desktop\\경마분석서버\\data\\analysis_log\\2026_08_01_삿포로_9경주.json'
[3종 수집] 사세보 9경주: {'quinella': 21, 'exacta': 42, 'trio': 0, 'win': 0} (history 7)
[각질편성] 사세보 9경주: 선행2·선입0·추입5 → 보통 페이스
[경륜전개] 사세보 9경주: 슬로우(단독 선행) · 라인 2개 · 페어 [[2, 5], [7, 3]]
[복승불일치 축교정] 사세보 9경주: 축 [2, 5]로 교정(자금이탈 강등 [4]·🔴🔴)
[자동분석·배경] 사세보 9경주: 마감 397초 전 재분석(rec_history 누적·cycle)
[JRA수집] 0경주 수집 · 1경주 생략(확장 우선) · 0.01초 · 다음 60초 · 🔬관찰모드
[스냅샷] 저장: 2026_08_01_삿포로_9경주_T-2.png (684 KB · T-2)
[잔존마 필터] 삿포로 9경주: 전적 11두 → 배당 출전마 6두 (배당 없는 마번 제외: [7, 8, 9, 10, 11])
[각질편성] 삿포로 9경주: 선행0·선입0·추입0 → 🐌 느린 페이스
[T-2분 왕축 동결] 삿포로 9경주: [2, 5] → [2, 5] 유지(cur_mb=1)
[스냅샷] 저장: 2026_08_01_삿포로_9경주_T-2.png (673 KB · T-2)
[스냅샷] 저장: 2026_08_01_삿포로_9경주_T-2.png (673 KB · T-2)
[활성정리] 끝난 경주 1건 제거(히스토리 보존): 기후 7경주
[3종 수집] 삿포로 9경주: {'quinella': 13, 'exacta': 0, 'trio': 0, 'win': 0} (history 12)
[잔존마 필터] 삿포로 9경주: 전적 11두 → 배당 출전마 6두 (배당 없는 마번 제외: [7, 8, 9, 10, 11])
[각질편성] 삿포로 9경주: 선행0·선입0·추입0 → 🐌 느린 페이스
[T-2분 왕축 동결] 삿포로 9경주: [2, 5] → [2, 5] 유지(cur_mb=1)
[잔존마 필터] 삿포로 9경주: 전적 11두 → 배당 출전마 6두 (배당 없는 마번 제외: [7, 8, 9, 10, 11])
[각질편성] 삿포로 9경주: 선행0·선입0·추입0 → 🐌 느린 페이스
[T-2분 왕축 동결] 삿포로 9경주: [2, 5] → [2, 5] 유지(cur_mb=1)
[잔존마 필터] 삿포로 9경주: 전적 11두 → 배당 출전마 6두 (배당 없는 마번 제외: [7, 8, 9, 10, 11])
[각질편성] 삿포로 9경주: 선행0·선입0·추입0 → 🐌 느린 페이스
[잔존마 필터] 삿포로 9경주: 전적 11두 → 배당 출전마 6두 (배당 없는 마번 제외: [7, 8, 9, 10, 11])
[각질편성] 삿포로 9경주: 선행0·선입0·추입0 → 🐌 느린 페이스
[잔존마 필터] 삿포로 9경주: 전적 11두 → 배당 출전마 6두 (배당 없는 마번 제외: [7, 8, 9, 10, 11])
[각질편성] 삿포로 9경주: 선행0·선입0·추입0 → 🐌 느린 페이스
[잔존마 필터] 삿포로 9경주: 전적 11두 → 배당 출전마 6두 (배당 없는 마번 제외: [7, 8, 9, 10, 11])
[잔존마 필터] 삿포로 9경주: 전적 11두 → 배당 출전마 6두 (배당 없는 마번 제외: [7, 8, 9, 10, 11])
[각질편성] 삿포로 9경주: 선행0·선입0·추입0 → 🐌 느린 페이스
[복승불일치 축교정] 아오모리 4경주: 축 [1, 4]로 교정(자금이탈 강등 [7]·🔴🔴)
[각질편성] 삿포로 9경주: 선행0·선입0·추입0 → 🐌 느린 페이스
[잔존마 필터] 삿포로 9경주: 전적 11두 → 배당 출전마 6두 (배당 없는 마번 제외: [7, 8, 9, 10, 11])
[각질편성] 삿포로 9경주: 선행0·선입0·추입0 → 🐌 느린 페이스
[T-2분 왕축 동결] 삿포로 9경주: [2, 5] → [2, 5] 유지(cur_mb=1)
[T-2분 왕축 동결] 삿포로 9경주: [2, 5] → [2, 5] 유지(cur_mb=1)
[T-2분 왕축 동결] 삿포로 9경주: [2, 5] → [2, 5] 유지(cur_mb=1)
[T-2분 왕축 동결] 삿포로 9경주: [2, 5] → [2, 5] 유지(cur_mb=1)
[T-2분 왕축 동결] 삿포로 9경주: [2, 5] → [2, 5] 유지(cur_mb=1)
[T-2분 왕축 동결] 삿포로 9경주: [2, 5] → [2, 5] 유지(cur_mb=1)
[한국 전적] 삿포로 9경주: 11두 저장(PDF, 전적 11두)
[잔존마 필터] 삿포로 9경주: 전적 11두 → 배당 출전마 6두 (배당 없는 마번 제외: [7, 8, 9, 10, 11])
[각질편성] 삿포로 9경주: 선행0·선입0·추입0 → 🐌 느린 페이스
[T-2분 왕축 동결] 삿포로 9경주: [2, 5] → [2, 5] 유지(cur_mb=1)
[분석로그] 저장 실패: [WinError 32] 다른 프로세스가 파일을 사용 중이기 때문에 프로세스가 액세스 할 수 없습니다: 'C:\\Users\\Administrator\\Desktop\\경마분석서버\\data\\analysis_log\\2026_08_01_삿포로_9경주.json.tmp' -> 'C:\\Users\\Administrator\\Desktop\\경마분석서버\\data\\analysis_log\\2026_08_01_삿포로_9경주.json'
[복승불일치 축교정] 아오모리 5경주: 축 [1, 3]로 교정(자금이탈 강등 [6]·🔴)
[placeholder 필터] 호후 6경주 쌍승 껍데기 배당 3조합 제외(값: [300.2])
[복승불일치 축교정] 호후 6경주: 축 [1, 5]로 교정(자금이탈 강등 [7]·🔴)
[placeholder 필터] 아오모리 7경주 쌍승 껍데기 배당 3조합 제외(값: [1703.0])
[한국이력 검역] 거부 — 파일=서울 9R / 본문 raceKey=삿포로 9경주 (경마장 불일치)
[복승불일치 축교정] 호후 7경주: 축 [2, 5]로 교정(자금이탈 강등 [1]·🔴🔴)
[결과기록] 캐시 갱신 — 재파싱 2건 / 전체 1688건
[복승불일치 축교정] 사세보 2경주: 축 [2, 7]로 교정(자금이탈 강등 [1]·🔴🔴)
[복승불일치 축교정] 기후 2경주: 축 [3, 4]로 교정(자금이탈 강등 [6]·🔴🔴)
[복승불일치 축교정] 사세보 3경주: 축 [1, 5]로 교정(자금이탈 강등 [7]·🔴🔴)
[복승불일치 축교정] 오다와라 3경주: 축 [3, 9]로 교정(자금이탈 강등 [1]·🔴)
[복승불일치 축교정] 기후 3경주: 축 [5, 7]로 교정(자금이탈 강등 [4]·🔴🔴)
[잔존마 필터] 삿포로 9경주: 전적 11두 → 배당 출전마 6두 (배당 없는 마번 제외: [7, 8, 9, 10, 11])
[잔존마 필터] 삿포로 9경주: 전적 11두 → 배당 출전마 6두 (배당 없는 마번 제외: [7, 8, 9, 10, 11])
[각질편성] 삿포로 9경주: 선행0·선입0·추입0 → 🐌 느린 페이스
[각질편성] 삿포로 9경주: 선행0·선입0·추입0 → 🐌 느린 페이스
[복승불일치 축교정] 사세보 4경주: 축 [1, 4]로 교정(자금이탈 강등 [7]·🔴🔴)
[T-2분 왕축 동결] 삿포로 9경주: [2, 5] → [2, 5] 유지(cur_mb=1)
[T-2분 왕축 동결] 삿포로 9경주: [2, 5] → [2, 5] 유지(cur_mb=1)
[placeholder 필터] 오다와라 4경주 쌍승 껍데기 배당 4조합 제외(값: [859.9])
[복승불일치 축교정] 기후 4경주: 축 [1, 4]로 교정(자금이탈 강등 [2]·🔴🔴)
[각질편성] 오다와라 5경주: 선행3·선입0·추입6 → ⚡ 빠른 페이스
[경륜전개] 오다와라 5경주: 슬로우(단독 선행) · 라인 3개 · 페어 [[2, 5], [1, 8], [3, 7]]
[각질편성] 기후 5경주: 선행2·선입0·추입5 → 보통 페이스
[경륜전개] 기후 5경주: 보통 · 라인 2개 · 페어 [[1, 5], [3, 7]]
[각질편성] 사세보 6경주: 선행3·선입0·추입3 → ⚡ 빠른 페이스
[경륜전개] 사세보 6경주: 보통 · 라인 3개 · 페어 [[4, 2], [1, 5]]
[각질편성] 오다와라 6경주: 선행3·선입0·추입6 → ⚡ 빠른 페이스
[경륜전개] 오다와라 6경주: 보통 · 라인 3개 · 페어 [[1, 9], [5, 2], [8, 3]]
[각질편성] 기후 6경주: 선행1·선입0·추입5 → 🐌 느린 페이스
[경륜전개] 기후 6경주: 슬로우(단독 선행) · 라인 2개 · 페어 [[1, 2]]
[3종 수집] 사세보 9경주: {'quinella': 21, 'exacta': 42, 'trio': 0, 'win': 0} (history 8)
[각질편성] 사세보 7경주: 선행2·선입0·추입5 → 보통 페이스
[경륜전개] 사세보 7경주: 보통 · 라인 2개 · 페어 [[5, 3], [6, 1]]
[각질편성] 오다와라 7경주: 선행3·선입0·추입6 → ⚡ 빠른 페이스
[경륜전개] 오다와라 7경주: 보통 · 라인 3개 · 페어 [[7, 2], [9, 1], [8, 3]]
[각질편성] 사세보 9경주: 선행2·선입0·추입5 → 보통 페이스
[경륜전개] 사세보 9경주: 슬로우(단독 선행) · 라인 2개 · 페어 [[2, 5], [7, 3]]
[복승불일치 축교정] 사세보 9경주: 축 [2, 5]로 교정(자금이탈 강등 [4]·🔴🔴)
[각질편성] 기후 7경주: 선행2·선입0·추입5 → 보통 페이스
[경륜전개] 기후 7경주: 슬로우(단독 선행) · 라인 2개 · 페어 [[3, 5], [4, 1]]
[자동분석·배경] 사세보 9경주: 마감 364초 전 재분석(rec_history 누적·cycle)
[각질편성] 사세보 8경주: 선행2·선입0·추입5 → 보통 페이스
[경륜전개] 사세보 8경주: 보통 · 라인 2개 · 페어 [[4, 1], [7, 3]]
[각질편성] 오다와라 8경주: 선행3·선입0·추입6 → ⚡ 빠른 페이스
[경륜전개] 오다와라 8경주: 슬로우(단독 선행) · 라인 3개 · 페어 [[1, 7], [3, 9], [2, 5]]
[각질편성] 기후 8경주: 선행1·선입0·추입6 → 🐌 느린 페이스
[경륜전개] 기후 8경주: 보통 · 라인 1개 · 페어 [[4, 7]]
[각질편성] 사세보 9경주: 선행2·선입0·추입5 → 보통 페이스
[경륜전개] 사세보 9경주: 슬로우(단독 선행) · 라인 2개 · 페어 [[2, 5], [7, 3]]
[복승불일치 축교정] 사세보 9경주: 축 [2, 5]로 교정(자금이탈 강등 [4]·🔴🔴)
[각질편성] 삿포로 8경주: 선행0·선입0·추입0 → 🐌 느린 페이스
[잔존마 필터] 삿포로 9경주: 전적 11두 → 배당 출전마 6두 (배당 없는 마번 제외: [7, 8, 9, 10, 11])
[각질편성] 삿포로 9경주: 선행0·선입0·추입0 → 🐌 느린 페이스
[T-2분 왕축 동결] 삿포로 9경주: [2, 5] → [2, 5] 유지(cur_mb=1)
[잔존마 필터] 삿포로 9경주: 전적 11두 → 배당 출전마 6두 (배당 없는 마번 제외: [7, 8, 9, 10, 11])
[각질편성] 삿포로 9경주: 선행0·선입0·추입0 → 🐌 느린 페이스
[T-2분 왕축 동결] 삿포로 9경주: [2, 5] → [2, 5] 유지(cur_mb=1)
[3종 수집] 삿포로 9경주: {'quinella': 13, 'exacta': 0, 'trio': 0, 'win': 0} (history 12)
[잔존마 필터] 삿포로 9경주: 전적 11두 → 배당 출전마 6두 (배당 없는 마번 제외: [7, 8, 9, 10, 11])
[각질편성] 삿포로 9경주: 선행0·선입0·추입0 → 🐌 느린 페이스
[T-2분 왕축 동결] 삿포로 9경주: [2, 5] → [2, 5] 유지(cur_mb=1)
[잔존마 필터] 삿포로 9경주: 전적 11두 → 배당 출전마 6두 (배당 없는 마번 제외: [7, 8, 9, 10, 11])
[각질편성] 삿포로 9경주: 선행0·선입0·추입0 → 🐌 느린 페이스
[T-2분 왕축 동결] 삿포로 9경주: [2, 5] → [2, 5] 유지(cur_mb=1)
[잔존마 필터] 삿포로 9경주: 전적 11두 → 배당 출전마 6두 (배당 없는 마번 제외: [7, 8, 9, 10, 11])
[각질편성] 삿포로 9경주: 선행0·선입0·추입0 → 🐌 느린 페이스
[T-2분 왕축 동결] 삿포로 9경주: [2, 5] → [2, 5] 유지(cur_mb=1)
[JRA수집] 0경주 수집 · 1경주 생략(확장 우선) · 0.01초 · 다음 25초 · ⏱마감임박 · 🔬관찰모드
[3종 수집] 사세보 9경주: {'quinella': 21, 'exacta': 42, 'trio': 0, 'win': 0} (history 9)
[각질편성] 사세보 9경주: 선행2·선입0·추입5 → 보통 페이스
[경륜전개] 사세보 9경주: 슬로우(단독 선행) · 라인 2개 · 페어 [[2, 5], [7, 3]]
[복승불일치 축교정] 사세보 9경주: 축 [2, 5]로 교정(자금이탈 강등 [4]·🔴🔴)
[자동분석·배경] 사세보 9경주: 마감 330초 전 재분석(rec_history 누적·cycle)
[잔존마 필터] 삿포로 9경주: 전적 11두 → 배당 출전마 6두 (배당 없는 마번 제외: [7, 8, 9, 10, 11])
[각질편성] 삿포로 9경주: 선행0·선입0·추입0 → 🐌 느린 페이스
[잔존마 필터] 삿포로 9경주: 전적 11두 → 배당 출전마 6두 (배당 없는 마번 제외: [7, 8, 9, 10, 11])
[각질편성] 삿포로 9경주: 선행0·선입0·추입0 → 🐌 느린 페이스
[잔존마 필터] 삿포로 9경주: 전적 11두 → 배당 출전마 6두 (배당 없는 마번 제외: [7, 8, 9, 10, 11])
[각질편성] 삿포로 9경주: 선행0·선입0·추입0 → 🐌 느린 페이스
[잔존마 필터] 삿포로 9경주: 전적 11두 → 배당 출전마 6두 (배당 없는 마번 제외: [7, 8, 9, 10, 11])
[각질편성] 삿포로 9경주: 선행0·선입0·추입0 → 🐌 느린 페이스
[잔존마 필터] 삿포로 9경주: 전적 11두 → 배당 출전마 6두 (배당 없는 마번 제외: [7, 8, 9, 10, 11])
[각질편성] 삿포로 9경주: 선행0·선입0·추입0 → 🐌 느린 페이스
[잔존마 필터] 삿포로 9경주: 전적 11두 → 배당 출전마 6두 (배당 없는 마번 제외: [7, 8, 9, 10, 11])
[복승불일치 축교정] 아오모리 4경주: 축 [1, 4]로 교정(자금이탈 강등 [7]·🔴🔴)
[잔존마 필터] 삿포로 9경주: 전적 11두 → 배당 출전마 6두 (배당 없는 마번 제외: [7, 8, 9, 10, 11])
[각질편성] 삿포로 9경주: 선행0·선입0·추입0 → 🐌 느린 페이스
[각질편성] 삿포로 9경주: 선행0·선입0·추입0 → 🐌 느린 페이스
[잔존마 필터] 삿포로 9경주: 전적 11두 → 배당 출전마 6두 (배당 없는 마번 제외: [7, 8, 9, 10, 11])
[잔존마 필터] 삿포로 9경주: 전적 11두 → 배당 출전마 6두 (배당 없는 마번 제외: [7, 8, 9, 10, 11])
[각질편성] 삿포로 9경주: 선행0·선입0·추입0 → 🐌 느린 페이스
[각질편성] 삿포로 9경주: 선행0·선입0·추입0 → 🐌 느린 페이스
[한국 전적] 삿포로 9경주: 11두 저장(PDF, 전적 11두)
[잔존마 필터] 삿포로 9경주: 전적 11두 → 배당 출전마 6두 (배당 없는 마번 제외: [7, 8, 9, 10, 11])
[각질편성] 삿포로 9경주: 선행0·선입0·추입0 → 🐌 느린 페이스
[분석로그] 저장 실패: [WinError 32] 다른 프로세스가 파일을 사용 중이기 때문에 프로세스가 액세스 할 수 없습니다: 'C:\\Users\\Administrator\\Desktop\\경마분석서버\\data\\analysis_log\\2026_08_01_삿포로_9경주.json.tmp' -> 'C:\\Users\\Administrator\\Desktop\\경마분석서버\\data\\analysis_log\\2026_08_01_삿포로_9경주.json'
[복승불일치 축교정] 아오모리 5경주: 축 [1, 3]로 교정(자금이탈 강등 [6]·🔴)
[3종 수집] 삿포로 9경주: {'quinella': 13, 'exacta': 0, 'trio': 0, 'win': 0} (history 12)
[잔존마 필터] 삿포로 9경주: 전적 11두 → 배당 출전마 6두 (배당 없는 마번 제외: [7, 8, 9, 10, 11])
[각질편성] 삿포로 9경주: 선행0·선입0·추입0 → 🐌 느린 페이스
[placeholder 필터] 호후 6경주 쌍승 껍데기 배당 3조합 제외(값: [300.2])
[복승불일치 축교정] 호후 6경주: 축 [1, 5]로 교정(자금이탈 강등 [7]·🔴)
[placeholder 필터] 아오모리 7경주 쌍승 껍데기 배당 3조합 제외(값: [1703.0])
[한국이력 검역] 거부 — 파일=서울 9R / 본문 raceKey=삿포로 9경주 (경마장 불일치)
[복승불일치 축교정] 호후 7경주: 축 [2, 5]로 교정(자금이탈 강등 [1]·🔴🔴)
[결과기록] 캐시 갱신 — 재파싱 2건 / 전체 1688건
[복승불일치 축교정] 사세보 2경주: 축 [2, 7]로 교정(자금이탈 강등 [1]·🔴🔴)
[JRA수집] 0경주 수집 · 1경주 생략(확장 우선) · 0.01초 · 다음 25초 · ⏱마감임박 · 🔬관찰모드
[복승불일치 축교정] 기후 2경주: 축 [3, 4]로 교정(자금이탈 강등 [6]·🔴🔴)
[복승불일치 축교정] 사세보 3경주: 축 [1, 5]로 교정(자금이탈 강등 [7]·🔴🔴)
[복승불일치 축교정] 오다와라 3경주: 축 [3, 9]로 교정(자금이탈 강등 [1]·🔴)
[잔존마 필터] 삿포로 9경주: 전적 11두 → 배당 출전마 6두 (배당 없는 마번 제외: [7, 8, 9, 10, 11])
[각질편성] 삿포로 9경주: 선행0·선입0·추입0 → 🐌 느린 페이스
[복승불일치 축교정] 기후 3경주: 축 [5, 7]로 교정(자금이탈 강등 [4]·🔴🔴)
[복승불일치 축교정] 사세보 4경주: 축 [1, 4]로 교정(자금이탈 강등 [7]·🔴🔴)
[placeholder 필터] 오다와라 4경주 쌍승 껍데기 배당 4조합 제외(값: [859.9])
[복승불일치 축교정] 기후 4경주: 축 [1, 4]로 교정(자금이탈 강등 [2]·🔴🔴)
[각질편성] 오다와라 5경주: 선행3·선입0·추입6 → ⚡ 빠른 페이스
[경륜전개] 오다와라 5경주: 슬로우(단독 선행) · 라인 3개 · 페어 [[2, 5], [1, 8], [3, 7]]
[각질편성] 기후 5경주: 선행2·선입0·추입5 → 보통 페이스
[경륜전개] 기후 5경주: 보통 · 라인 2개 · 페어 [[1, 5], [3, 7]]
[각질편성] 사세보 6경주: 선행3·선입0·추입3 → ⚡ 빠른 페이스
[경륜전개] 사세보 6경주: 보통 · 라인 3개 · 페어 [[4, 2], [1, 5]]
[각질편성] 오다와라 6경주: 선행3·선입0·추입6 → ⚡ 빠른 페이스
[경륜전개] 오다와라 6경주: 보통 · 라인 3개 · 페어 [[1, 9], [5, 2], [8, 3]]
[각질편성] 기후 6경주: 선행1·선입0·추입5 → 🐌 느린 페이스
[경륜전개] 기후 6경주: 슬로우(단독 선행) · 라인 2개 · 페어 [[1, 2]]
[각질편성] 사세보 7경주: 선행2·선입0·추입5 → 보통 페이스
[경륜전개] 사세보 7경주: 보통 · 라인 2개 · 페어 [[5, 3], [6, 1]]
[각질편성] 오다와라 7경주: 선행3·선입0·추입6 → ⚡ 빠른 페이스
[경륜전개] 오다와라 7경주: 보통 · 라인 3개 · 페어 [[7, 2], [9, 1], [8, 3]]
[각질편성] 기후 7경주: 선행2·선입0·추입5 → 보통 페이스
[경륜전개] 기후 7경주: 슬로우(단독 선행) · 라인 2개 · 페어 [[3, 5], [4, 1]]
[각질편성] 사세보 8경주: 선행2·선입0·추입5 → 보통 페이스
[경륜전개] 사세보 8경주: 보통 · 라인 2개 · 페어 [[4, 1], [7, 3]]
[각질편성] 오다와라 8경주: 선행3·선입0·추입6 → ⚡ 빠른 페이스
[경륜전개] 오다와라 8경주: 슬로우(단독 선행) · 라인 3개 · 페어 [[1, 7], [3, 9], [2, 5]]
[각질편성] 기후 8경주: 선행1·선입0·추입6 → 🐌 느린 페이스
[경륜전개] 기후 8경주: 보통 · 라인 1개 · 페어 [[4, 7]]
[각질편성] 사세보 9경주: 선행2·선입0·추입5 → 보통 페이스
[경륜전개] 사세보 9경주: 슬로우(단독 선행) · 라인 2개 · 페어 [[2, 5], [7, 3]]
[복승불일치 축교정] 사세보 9경주: 축 [2, 5]로 교정(자금이탈 강등 [4]·🔴🔴)
[각질편성] 삿포로 8경주: 선행0·선입0·추입0 → 🐌 느린 페이스
[잔존마 필터] 삿포로 9경주: 전적 11두 → 배당 출전마 6두 (배당 없는 마번 제외: [7, 8, 9, 10, 11])
[각질편성] 삿포로 9경주: 선행0·선입0·추입0 → 🐌 느린 페이스
[3종 수집] 사세보 9경주: {'quinella': 21, 'exacta': 42, 'trio': 0, 'win': 0} (history 10)
[각질편성] 사세보 9경주: 선행2·선입0·추입5 → 보통 페이스
[경륜전개] 사세보 9경주: 슬로우(단독 선행) · 라인 2개 · 페어 [[2, 5], [7, 3]]
[복승불일치 축교정] 사세보 9경주: 축 [2, 5]로 교정(자금이탈 강등 [4]·🔴🔴)
[자동예상] 사세보 9경주 최종예상 저장(2026_08_01_사세보_9경주.json)
[각질편성] 사세보 9경주: 선행2·선입0·추입5 → 보통 페이스
[경륜전개] 사세보 9경주: 슬로우(단독 선행) · 라인 2개 · 페어 [[2, 5], [7, 3]]
[복승불일치 축교정] 사세보 9경주: 축 [2, 5]로 교정(자금이탈 강등 [4]·🔴🔴)
[자동분석·배경] 사세보 9경주: 마감 298초 전 재분석(rec_history 누적·cycle)
[각질편성] 사세보 9경주: 선행2·선입0·추입5 → 보통 페이스
[경륜전개] 사세보 9경주: 슬로우(단독 선행) · 라인 2개 · 페어 [[2, 5], [7, 3]]
[복승불일치 축교정] 사세보 9경주: 축 [2, 5]로 교정(자금이탈 강등 [4]·🔴🔴)
[잔존마 필터] 삿포로 9경주: 전적 11두 → 배당 출전마 6두 (배당 없는 마번 제외: [7, 8, 9, 10, 11])
[각질편성] 삿포로 9경주: 선행0·선입0·추입0 → 🐌 느린 페이스
[잔존마 필터] 삿포로 9경주: 전적 11두 → 배당 출전마 6두 (배당 없는 마번 제외: [7, 8, 9, 10, 11])
[각질편성] 삿포로 9경주: 선행0·선입0·추입0 → 🐌 느린 페이스
[카카오알림] 사세보 9경주 T-5 → 큐 적재
[잔존마 필터] 삿포로 9경주: 전적 11두 → 배당 출전마 6두 (배당 없는 마번 제외: [7, 8, 9, 10, 11])
[각질편성] 삿포로 9경주: 선행0·선입0·추입0 → 🐌 느린 페이스
[JRA수집] 0경주 수집 · 1경주 생략(확장 우선) · 0.01초 · 다음 25초 · ⏱마감임박 · 🔬관찰모드
[3종 수집] 삿포로 9경주: {'quinella': 10, 'exacta': 0, 'trio': 0, 'win': 0} (history 12)
[잔존마 필터] 삿포로 9경주: 전적 11두 → 배당 출전마 5두 (배당 없는 마번 제외: [1, 7, 8, 9, 10, 11])
[각질편성] 삿포로 9경주: 선행0·선입0·추입0 → 🐌 느린 페이스
[경륜 추천 모순 수정] 고배당 강제조합 2건 메인→복병 이동(25배 상한)
[잔존마 필터] 삿포로 9경주: 전적 11두 → 배당 출전마 5두 (배당 없는 마번 제외: [1, 7, 8, 9, 10, 11])
[각질편성] 삿포로 9경주: 선행0·선입0·추입0 → 🐌 느린 페이스
[경륜 추천 모순 수정] 고배당 강제조합 2건 메인→복병 이동(25배 상한)
[스냅샷] 저장: 2026_08_01_삿포로_9경주_마감후.png (626 KB · close)
[잔존마 필터] 삿포로 9경주: 전적 11두 → 배당 출전마 5두 (배당 없는 마번 제외: [1, 7, 8, 9, 10, 11])
[각질편성] 삿포로 9경주: 선행0·선입0·추입0 → 🐌 느린 페이스
[잔존마 필터] 삿포로 9경주: 전적 11두 → 배당 출전마 5두 (배당 없는 마번 제외: [1, 7, 8, 9, 10, 11])
[각질편성] 삿포로 9경주: 선행0·선입0·추입0 → 🐌 느린 페이스
[다중경주] 하트비트 #111 · 스케줄 ymd=20260801 (-1초 전 갱신 · 트랙 12개)
[readonly 잠금] 삿포로 9경주: 마감 확정 파일 — corePicks/시계열 보존, result/hit만 업데이트 허용
[마감 동결] 삿포로 9경주: 확정본 복원(출처 closed_row · 기준 14:18:24)
⏸ [폴링 저장 가드] 삿포로 9경주: 마감 후 readonly → 로그 저장 생략(분석·표시는 정상)
[스냅샷] 저장: 2026_08_01_삿포로_9경주_마감후.png (620 KB · close)
[스냅샷] 저장: 2026_08_01_삿포로_9경주_마감후.png (620 KB · close)
[3종 수집] 사세보 9경주: {'quinella': 21, 'exacta': 42, 'trio': 0, 'win': 0} (history 11)
[각질편성] 사세보 9경주: 선행2·선입0·추입5 → 보통 페이스
[경륜전개] 사세보 9경주: 슬로우(단독 선행) · 라인 2개 · 페어 [[2, 5], [7, 3]]
[복승불일치 축교정] 사세보 9경주: 축 [2, 5]로 교정(자금이탈 강등 [4]·🔴🔴)
[자동분석·배경] 사세보 9경주: 마감 265초 전 재분석(rec_history 누적·cycle)
[카톡 변경알림·즉시] 사세보 9경주 (남은 265s): 삼복승 제외: 1+2+5 · 2+3+5
[JRA수집] 0경주 수집 · 1경주 생략(확장 우선) · 0.01초 · 다음 25초 · ⏱마감임박 · 🔬관찰모드
[잔존마 필터] 삿포로 9경주: 전적 11두 → 배당 출전마 5두 (배당 없는 마번 제외: [1, 7, 8, 9, 10, 11])
[각질편성] 삿포로 9경주: 선행0·선입0·추입0 → 🐌 느린 페이스
[잔존마 필터] 삿포로 9경주: 전적 11두 → 배당 출전마 5두 (배당 없는 마번 제외: [1, 7, 8, 9, 10, 11])
[각질편성] 삿포로 9경주: 선행0·선입0·추입0 → 🐌 느린 페이스
[잔존마 필터] 삿포로 9경주: 전적 11두 → 배당 출전마 5두 (배당 없는 마번 제외: [1, 7, 8, 9, 10, 11])
[각질편성] 삿포로 9경주: 선행0·선입0·추입0 → 🐌 느린 페이스
[잔존마 필터] 삿포로 9경주: 전적 11두 → 배당 출전마 5두 (배당 없는 마번 제외: [1, 7, 8, 9, 10, 11])
[각질편성] 삿포로 9경주: 선행0·선입0·추입0 → 🐌 느린 페이스
[잔존마 필터] 삿포로 9경주: 전적 11두 → 배당 출전마 5두 (배당 없는 마번 제외: [1, 7, 8, 9, 10, 11])
[잔존마 필터] 삿포로 9경주: 전적 11두 → 배당 출전마 5두 (배당 없는 마번 제외: [1, 7, 8, 9, 10, 11])
[각질편성] 삿포로 9경주: 선행0·선입0·추입0 → 🐌 느린 페이스
[각질편성] 삿포로 9경주: 선행0·선입0·추입0 → 🐌 느린 페이스
[복승불일치 축교정] 아오모리 4경주: 축 [1, 4]로 교정(자금이탈 강등 [7]·🔴🔴)
[잔존마 필터] 삿포로 9경주: 전적 11두 → 배당 출전마 5두 (배당 없는 마번 제외: [1, 7, 8, 9, 10, 11])
[각질편성] 삿포로 9경주: 선행0·선입0·추입0 → 🐌 느린 페이스
[한국 전적] 삿포로 9경주: 11두 저장(PDF, 전적 11두)
[잔존마 필터] 삿포로 9경주: 전적 11두 → 배당 출전마 5두 (배당 없는 마번 제외: [1, 7, 8, 9, 10, 11])
[각질편성] 삿포로 9경주: 선행0·선입0·추입0 → 🐌 느린 페이스
[복승불일치 축교정] 아오모리 5경주: 축 [1, 3]로 교정(자금이탈 강등 [6]·🔴)
[잔존마 필터] 삿포로 9경주: 전적 11두 → 배당 출전마 5두 (배당 없는 마번 제외: [1, 7, 8, 9, 10, 11])
[각질편성] 삿포로 9경주: 선행0·선입0·추입0 → 🐌 느린 페이스
[3종 수집] 삿포로 9경주: {'quinella': 13, 'exacta': 0, 'trio': 0, 'win': 0} (history 12)
[잔존마 필터] 삿포로 9경주: 전적 11두 → 배당 출전마 6두 (배당 없는 마번 제외: [7, 8, 9, 10, 11])
[각질편성] 삿포로 9경주: 선행0·선입0·추입0 → 🐌 느린 페이스
[한국이력 검역] 거부 — 파일=서울 9R / 본문 raceKey=삿포로 9경주 (경마장 불일치)
[결과기록] 캐시 갱신 — 재파싱 2건 / 전체 1688건
[placeholder 필터] 호후 6경주 쌍승 껍데기 배당 3조합 제외(값: [300.2])
[복승불일치 축교정] 호후 6경주: 축 [1, 5]로 교정(자금이탈 강등 [7]·🔴)
[placeholder 필터] 아오모리 7경주 쌍승 껍데기 배당 3조합 제외(값: [1703.0])
[복승불일치 축교정] 호후 7경주: 축 [2, 5]로 교정(자금이탈 강등 [1]·🔴🔴)
[복승불일치 축교정] 사세보 2경주: 축 [2, 7]로 교정(자금이탈 강등 [1]·🔴🔴)
[잔존마 필터] 삿포로 9경주: 전적 11두 → 배당 출전마 6두 (배당 없는 마번 제외: [7, 8, 9, 10, 11])
[각질편성] 삿포로 9경주: 선행0·선입0·추입0 → 🐌 느린 페이스
[복승불일치 축교정] 기후 2경주: 축 [3, 4]로 교정(자금이탈 강등 [6]·🔴🔴)
[복승불일치 축교정] 사세보 3경주: 축 [1, 5]로 교정(자금이탈 강등 [7]·🔴🔴)
[복승불일치 축교정] 오다와라 3경주: 축 [3, 9]로 교정(자금이탈 강등 [1]·🔴)
[복승불일치 축교정] 기후 3경주: 축 [5, 7]로 교정(자금이탈 강등 [4]·🔴🔴)
[복승불일치 축교정] 사세보 4경주: 축 [1, 4]로 교정(자금이탈 강등 [7]·🔴🔴)
[placeholder 필터] 오다와라 4경주 쌍승 껍데기 배당 4조합 제외(값: [859.9])
[복승불일치 축교정] 기후 4경주: 축 [1, 4]로 교정(자금이탈 강등 [2]·🔴🔴)
[한국경마 스케줄] 20260801: 경마장 0곳 · 경주 0개(KRA API 감지·발주시각 미제공)
[다중경주 스케줄] 20260801: 트랙 12곳(경륜 10·한국 0 포함) · 경주 118개
[각질편성] 오다와라 5경주: 선행3·선입0·추입6 → ⚡ 빠른 페이스
[경륜전개] 오다와라 5경주: 슬로우(단독 선행) · 라인 3개 · 페어 [[2, 5], [1, 8], [3, 7]]
[각질편성] 기후 5경주: 선행2·선입0·추입5 → 보통 페이스
[경륜전개] 기후 5경주: 보통 · 라인 2개 · 페어 [[1, 5], [3, 7]]
[각질편성] 사세보 6경주: 선행3·선입0·추입3 → ⚡ 빠른 페이스
[경륜전개] 사세보 6경주: 보통 · 라인 3개 · 페어 [[4, 2], [1, 5]]
[각질편성] 오다와라 6경주: 선행3·선입0·추입6 → ⚡ 빠른 페이스
[경륜전개] 오다와라 6경주: 보통 · 라인 3개 · 페어 [[1, 9], [5, 2], [8, 3]]
[각질편성] 기후 6경주: 선행1·선입0·추입5 → 🐌 느린 페이스
[경륜전개] 기후 6경주: 슬로우(단독 선행) · 라인 2개 · 페어 [[1, 2]]
[잔존마 필터] 삿포로 9경주: 전적 11두 → 배당 출전마 6두 (배당 없는 마번 제외: [7, 8, 9, 10, 11])
[각질편성] 삿포로 9경주: 선행0·선입0·추입0 → 🐌 느린 페이스
[각질편성] 사세보 7경주: 선행2·선입0·추입5 → 보통 페이스
[경륜전개] 사세보 7경주: 보통 · 라인 2개 · 페어 [[5, 3], [6, 1]]
[각질편성] 오다와라 7경주: 선행3·선입0·추입6 → ⚡ 빠른 페이스
[경륜전개] 오다와라 7경주: 보통 · 라인 3개 · 페어 [[7, 2], [9, 1], [8, 3]]
[각질편성] 기후 7경주: 선행2·선입0·추입5 → 보통 페이스
[경륜전개] 기후 7경주: 슬로우(단독 선행) · 라인 2개 · 페어 [[3, 5], [4, 1]]
[각질편성] 사세보 8경주: 선행2·선입0·추입5 → 보통 페이스
[경륜전개] 사세보 8경주: 보통 · 라인 2개 · 페어 [[4, 1], [7, 3]]
[각질편성] 오다와라 8경주: 선행3·선입0·추입6 → ⚡ 빠른 페이스
[경륜전개] 오다와라 8경주: 슬로우(단독 선행) · 라인 3개 · 페어 [[1, 7], [3, 9], [2, 5]]
[각질편성] 기후 8경주: 선행1·선입0·추입6 → 🐌 느린 페이스
[경륜전개] 기후 8경주: 보통 · 라인 1개 · 페어 [[4, 7]]
[각질편성] 사세보 9경주: 선행2·선입0·추입5 → 보통 페이스
[경륜전개] 사세보 9경주: 슬로우(단독 선행) · 라인 2개 · 페어 [[2, 5], [7, 3]]
[복승불일치 축교정] 사세보 9경주: 축 [2, 5]로 교정(자금이탈 강등 [4]·🔴🔴)
[각질편성] 삿포로 8경주: 선행0·선입0·추입0 → 🐌 느린 페이스
[잔존마 필터] 삿포로 9경주: 전적 11두 → 배당 출전마 6두 (배당 없는 마번 제외: [7, 8, 9, 10, 11])
[각질편성] 삿포로 9경주: 선행0·선입0·추입0 → 🐌 느린 페이스
[잔존마 필터] 삿포로 9경주: 전적 11두 → 배당 출전마 6두 (배당 없는 마번 제외: [7, 8, 9, 10, 11])
[각질편성] 삿포로 9경주: 선행0·선입0·추입0 → 🐌 느린 페이스
[잔존마 필터] 삿포로 9경주: 전적 11두 → 배당 출전마 6두 (배당 없는 마번 제외: [7, 8, 9, 10, 11])
[각질편성] 삿포로 9경주: 선행0·선입0·추입0 → 🐌 느린 페이스
[3종 수집] 사세보 9경주: {'quinella': 21, 'exacta': 42, 'trio': 0, 'win': 0} (history 12)
[각질편성] 사세보 9경주: 선행2·선입0·추입5 → 보통 페이스
[경륜전개] 사세보 9경주: 슬로우(단독 선행) · 라인 2개 · 페어 [[2, 5], [7, 3]]
[복승불일치 축교정] 사세보 9경주: 축 [2, 5]로 교정(자금이탈 강등 [4]·🔴🔴)
[자동분석·배경] 사세보 9경주: 마감 233초 전 재분석(rec_history 누적·cycle)
[JRA수집] 0경주 수집 · 1경주 생략(확장 우선) · 0.01초 · 다음 25초 · ⏱마감임박 · 🔬관찰모드
[잔존마 필터] 삿포로 9경주: 전적 11두 → 배당 출전마 6두 (배당 없는 마번 제외: [7, 8, 9, 10, 11])
[각질편성] 삿포로 9경주: 선행0·선입0·추입0 → 🐌 느린 페이스
[3종 수집] 삿포로 9경주: {'quinella': 13, 'exacta': 0, 'trio': 0, 'win': 0} (history 12)
[잔존마 필터] 삿포로 9경주: 전적 11두 → 배당 출전마 6두 (배당 없는 마번 제외: [7, 8, 9, 10, 11])
[각질편성] 삿포로 9경주: 선행0·선입0·추입0 → 🐌 느린 페이스
[잔존마 필터] 삿포로 9경주: 전적 11두 → 배당 출전마 6두 (배당 없는 마번 제외: [7, 8, 9, 10, 11])
[각질편성] 삿포로 9경주: 선행0·선입0·추입0 → 🐌 느린 페이스
[잔존마 필터] 삿포로 9경주: 전적 11두 → 배당 출전마 6두 (배당 없는 마번 제외: [7, 8, 9, 10, 11])
[각질편성] 삿포로 9경주: 선행0·선입0·추입0 → 🐌 느린 페이스
[잔존마 필터] 삿포로 9경주: 전적 11두 → 배당 출전마 6두 (배당 없는 마번 제외: [7, 8, 9, 10, 11])
[각질편성] 삿포로 9경주: 선행0·선입0·추입0 → 🐌 느린 페이스
[한국 전적] 삿포로 9경주: 11두 저장(PDF, 전적 11두)
[잔존마 필터] 삿포로 9경주: 전적 11두 → 배당 출전마 6두 (배당 없는 마번 제외: [7, 8, 9, 10, 11])
[각질편성] 삿포로 9경주: 선행0·선입0·추입0 → 🐌 느린 페이스
[잔존마 필터] 삿포로 9경주: 전적 11두 → 배당 출전마 6두 (배당 없는 마번 제외: [7, 8, 9, 10, 11])
[각질편성] 삿포로 9경주: 선행0·선입0·추입0 → 🐌 느린 페이스
[한국이력 검역] 거부 — 파일=서울 9R / 본문 raceKey=삿포로 9경주 (경마장 불일치)
[잔존마 필터] 삿포로 9경주: 전적 11두 → 배당 출전마 6두 (배당 없는 마번 제외: [7, 8, 9, 10, 11])
[각질편성] 삿포로 9경주: 선행0·선입0·추입0 → 🐌 느린 페이스
[JRA수집] 0경주 수집 · 1경주 생략(확장 우선) · 0.01초 · 다음 25초 · ⏱마감임박 · 🔬관찰모드
[잔존마 필터] 삿포로 9경주: 전적 11두 → 배당 출전마 6두 (배당 없는 마번 제외: [7, 8, 9, 10, 11])
[잔존마 필터] 삿포로 9경주: 전적 11두 → 배당 출전마 6두 (배당 없는 마번 제외: [7, 8, 9, 10, 11])
[각질편성] 삿포로 9경주: 선행0·선입0·추입0 → 🐌 느린 페이스
[각질편성] 삿포로 9경주: 선행0·선입0·추입0 → 🐌 느린 페이스
[3종 수집] 삿포로 9경주: {'quinella': 13, 'exacta': 0, 'trio': 0, 'win': 0} (history 12)
[잔존마 필터] 삿포로 9경주: 전적 11두 → 배당 출전마 6두 (배당 없는 마번 제외: [7, 8, 9, 10, 11])
[각질편성] 삿포로 9경주: 선행0·선입0·추입0 → 🐌 느린 페이스
[3종 수집] 사세보 9경주: {'quinella': 21, 'exacta': 42, 'trio': 0, 'win': 0} (history 12)
[각질편성] 사세보 9경주: 선행2·선입0·추입5 → 보통 페이스
[경륜전개] 사세보 9경주: 슬로우(단독 선행) · 라인 2개 · 페어 [[2, 5], [7, 3]]
[복승불일치 축교정] 사세보 9경주: 축 [2, 5]로 교정(자금이탈 강등 [4]·🔴)
🔎 [결정론 검수] 사세보 9경주: B라인누락
[자동분석·배경] 사세보 9경주: 마감 201초 전 재분석(rec_history 누적·cycle)
[카톡 변경알림·즉시] 사세보 9경주 (남은 201s): 복승 추가: 2+4 / 복승 제외: 3+7
[잔존마 필터] 삿포로 9경주: 전적 11두 → 배당 출전마 6두 (배당 없는 마번 제외: [7, 8, 9, 10, 11])
[각질편성] 삿포로 9경주: 선행0·선입0·추입0 → 🐌 느린 페이스
[잔존마 필터] 삿포로 9경주: 전적 11두 → 배당 출전마 6두 (배당 없는 마번 제외: [7, 8, 9, 10, 11])
[각질편성] 삿포로 9경주: 선행0·선입0·추입0 → 🐌 느린 페이스
[잔존마 필터] 삿포로 9경주: 전적 11두 → 배당 출전마 6두 (배당 없는 마번 제외: [7, 8, 9, 10, 11])
[각질편성] 삿포로 9경주: 선행0·선입0·추입0 → 🐌 느린 페이스
[잔존마 필터] 삿포로 9경주: 전적 11두 → 배당 출전마 6두 (배당 없는 마번 제외: [7, 8, 9, 10, 11])
[잔존마 필터] 삿포로 9경주: 전적 11두 → 배당 출전마 6두 (배당 없는 마번 제외: [7, 8, 9, 10, 11])
[각질편성] 삿포로 9경주: 선행0·선입0·추입0 → 🐌 느린 페이스
[각질편성] 삿포로 9경주: 선행0·선입0·추입0 → 🐌 느린 페이스
[잔존마 필터] 삿포로 9경주: 전적 11두 → 배당 출전마 6두 (배당 없는 마번 제외: [7, 8, 9, 10, 11])
[복승불일치 축교정] 아오모리 4경주: 축 [1, 4]로 교정(자금이탈 강등 [7]·🔴🔴)
[각질편성] 삿포로 9경주: 선행0·선입0·추입0 → 🐌 느린 페이스
[복승불일치 축교정] 아오모리 5경주: 축 [1, 3]로 교정(자금이탈 강등 [6]·🔴)
[placeholder 필터] 호후 6경주 쌍승 껍데기 배당 3조합 제외(값: [300.2])
[복승불일치 축교정] 호후 6경주: 축 [1, 5]로 교정(자금이탈 강등 [7]·🔴)
[placeholder 필터] 아오모리 7경주 쌍승 껍데기 배당 3조합 제외(값: [1703.0])
[복승불일치 축교정] 호후 7경주: 축 [2, 5]로 교정(자금이탈 강등 [1]·🔴🔴)
[복승불일치 축교정] 사세보 2경주: 축 [2, 7]로 교정(자금이탈 강등 [1]·🔴🔴)
[복승불일치 축교정] 기후 2경주: 축 [3, 4]로 교정(자금이탈 강등 [6]·🔴🔴)
[복승불일치 축교정] 사세보 3경주: 축 [1, 5]로 교정(자금이탈 강등 [7]·🔴🔴)
[복승불일치 축교정] 오다와라 3경주: 축 [3, 9]로 교정(자금이탈 강등 [1]·🔴)
[결과기록] 캐시 갱신 — 재파싱 1건 / 전체 1688건
[복승불일치 축교정] 기후 3경주: 축 [5, 7]로 교정(자금이탈 강등 [4]·🔴🔴)
[복승불일치 축교정] 사세보 4경주: 축 [1, 4]로 교정(자금이탈 강등 [7]·🔴🔴)
[placeholder 필터] 오다와라 4경주 쌍승 껍데기 배당 4조합 제외(값: [859.9])
[복승불일치 축교정] 기후 4경주: 축 [1, 4]로 교정(자금이탈 강등 [2]·🔴🔴)
[각질편성] 오다와라 5경주: 선행3·선입0·추입6 → ⚡ 빠른 페이스
[경륜전개] 오다와라 5경주: 슬로우(단독 선행) · 라인 3개 · 페어 [[2, 5], [1, 8], [3, 7]]
[각질편성] 기후 5경주: 선행2·선입0·추입5 → 보통 페이스
[경륜전개] 기후 5경주: 보통 · 라인 2개 · 페어 [[1, 5], [3, 7]]
[각질편성] 사세보 6경주: 선행3·선입0·추입3 → ⚡ 빠른 페이스
[경륜전개] 사세보 6경주: 보통 · 라인 3개 · 페어 [[4, 2], [1, 5]]
[각질편성] 오다와라 6경주: 선행3·선입0·추입6 → ⚡ 빠른 페이스
[경륜전개] 오다와라 6경주: 보통 · 라인 3개 · 페어 [[1, 9], [5, 2], [8, 3]]
[잔존마 필터] 삿포로 9경주: 전적 11두 → 배당 출전마 6두 (배당 없는 마번 제외: [7, 8, 9, 10, 11])
[각질편성] 삿포로 9경주: 선행0·선입0·추입0 → 🐌 느린 페이스
[각질편성] 기후 6경주: 선행1·선입0·추입5 → 🐌 느린 페이스
[경륜전개] 기후 6경주: 슬로우(단독 선행) · 라인 2개 · 페어 [[1, 2]]
[각질편성] 사세보 7경주: 선행2·선입0·추입5 → 보통 페이스
[경륜전개] 사세보 7경주: 보통 · 라인 2개 · 페어 [[5, 3], [6, 1]]
[각질편성] 오다와라 7경주: 선행3·선입0·추입6 → ⚡ 빠른 페이스
[경륜전개] 오다와라 7경주: 보통 · 라인 3개 · 페어 [[7, 2], [9, 1], [8, 3]]
[각질편성] 기후 7경주: 선행2·선입0·추입5 → 보통 페이스
[경륜전개] 기후 7경주: 슬로우(단독 선행) · 라인 2개 · 페어 [[3, 5], [4, 1]]
[각질편성] 사세보 8경주: 선행2·선입0·추입5 → 보통 페이스
[경륜전개] 사세보 8경주: 보통 · 라인 2개 · 페어 [[4, 1], [7, 3]]
[각질편성] 오다와라 8경주: 선행3·선입0·추입6 → ⚡ 빠른 페이스
[경륜전개] 오다와라 8경주: 슬로우(단독 선행) · 라인 3개 · 페어 [[1, 7], [3, 9], [2, 5]]
[각질편성] 기후 8경주: 선행1·선입0·추입6 → 🐌 느린 페이스
[경륜전개] 기후 8경주: 보통 · 라인 1개 · 페어 [[4, 7]]
[각질편성] 사세보 9경주: 선행2·선입0·추입5 → 보통 페이스
[경륜전개] 사세보 9경주: 슬로우(단독 선행) · 라인 2개 · 페어 [[2, 5], [7, 3]]
[복승불일치 축교정] 사세보 9경주: 축 [2, 5]로 교정(자금이탈 강등 [4]·🔴)
[각질편성] 삿포로 8경주: 선행0·선입0·추입0 → 🐌 느린 페이스
[잔존마 필터] 삿포로 9경주: 전적 11두 → 배당 출전마 6두 (배당 없는 마번 제외: [7, 8, 9, 10, 11])
[각질편성] 삿포로 9경주: 선행0·선입0·추입0 → 🐌 느린 페이스
[JRA수집] 0경주 수집 · 1경주 생략(확장 우선) · 0.01초 · 다음 25초 · ⏱마감임박 · 🔬관찰모드
[잔존마 필터] 삿포로 9경주: 전적 11두 → 배당 출전마 6두 (배당 없는 마번 제외: [7, 8, 9, 10, 11])
[각질편성] 삿포로 9경주: 선행0·선입0·추입0 → 🐌 느린 페이스
[3종 수집] 사세보 9경주: {'quinella': 21, 'exacta': 42, 'trio': 0, 'win': 0} (history 12)
[각질편성] 사세보 9경주: 선행2·선입0·추입5 → 보통 페이스
[경륜전개] 사세보 9경주: 슬로우(단독 선행) · 라인 2개 · 페어 [[2, 5], [7, 3]]
[복승불일치 축교정] 사세보 9경주: 축 [2, 5]로 교정(자금이탈 강등 [4]·🔴)
[T-2분 왕축 동결] 사세보 9경주: [2, 5] → [2, 5] 유지(cur_mb=2)
[자동분석·배경] 사세보 9경주: 마감 169초 전 재분석(rec_history 누적·cycle)
[잔존마 필터] 삿포로 9경주: 전적 11두 → 배당 출전마 6두 (배당 없는 마번 제외: [7, 8, 9, 10, 11])
[잔존마 필터] 삿포로 9경주: 전적 11두 → 배당 출전마 6두 (배당 없는 마번 제외: [7, 8, 9, 10, 11])
[각질편성] 삿포로 9경주: 선행0·선입0·추입0 → 🐌 느린 페이스
[각질편성] 삿포로 9경주: 선행0·선입0·추입0 → 🐌 느린 페이스
[JRA수집] 0경주 수집 · 1경주 생략(확장 우선) · 0.01초 · 다음 60초 · 🔬관찰모드
[잔존마 필터] 삿포로 9경주: 전적 11두 → 배당 출전마 6두 (배당 없는 마번 제외: [7, 8, 9, 10, 11])
[각질편성] 삿포로 9경주: 선행0·선입0·추입0 → 🐌 느린 페이스
[3종 수집] 삿포로 9경주: {'quinella': 13, 'exacta': 0, 'trio': 0, 'win': 0} (history 12)
[잔존마 필터] 삿포로 9경주: 전적 11두 → 배당 출전마 6두 (배당 없는 마번 제외: [7, 8, 9, 10, 11])
[각질편성] 삿포로 9경주: 선행0·선입0·추입0 → 🐌 느린 페이스
[잔존마 필터] 삿포로 9경주: 전적 11두 → 배당 출전마 6두 (배당 없는 마번 제외: [7, 8, 9, 10, 11])
[각질편성] 삿포로 9경주: 선행0·선입0·추입0 → 🐌 느린 페이스
[3종 수집] 사세보 9경주: {'quinella': 21, 'exacta': 42, 'trio': 0, 'win': 0} (history 12)
[잔존마 필터] 삿포로 9경주: 전적 11두 → 배당 출전마 6두 (배당 없는 마번 제외: [7, 8, 9, 10, 11])
[잔존마 필터] 삿포로 9경주: 전적 11두 → 배당 출전마 6두 (배당 없는 마번 제외: [7, 8, 9, 10, 11])
[각질편성] 삿포로 9경주: 선행0·선입0·추입0 → 🐌 느린 페이스
[각질편성] 삿포로 9경주: 선행0·선입0·추입0 → 🐌 느린 페이스
[각질편성] 사세보 9경주: 선행2·선입0·추입5 → 보통 페이스
[경륜전개] 사세보 9경주: 슬로우(단독 선행) · 라인 2개 · 페어 [[2, 5], [7, 3]]
[복승불일치 축교정] 사세보 9경주: 축 [2, 5]로 교정(자금이탈 강등 [4]·🔴)
[T-2분 왕축 동결] 사세보 9경주: [2, 5] → [2, 5] 유지(cur_mb=2)
[자동분석·배경] 사세보 9경주: 마감 137초 전 재분석(rec_history 누적·cycle)
[잔존마 필터] 삿포로 9경주: 전적 11두 → 배당 출전마 6두 (배당 없는 마번 제외: [7, 8, 9, 10, 11])
[각질편성] 삿포로 9경주: 선행0·선입0·추입0 → 🐌 느린 페이스
[잔존마 필터] 삿포로 9경주: 전적 11두 → 배당 출전마 6두 (배당 없는 마번 제외: [7, 8, 9, 10, 11])
[각질편성] 삿포로 9경주: 선행0·선입0·추입0 → 🐌 느린 페이스
[잔존마 필터] 삿포로 9경주: 전적 11두 → 배당 출전마 6두 (배당 없는 마번 제외: [7, 8, 9, 10, 11])
[각질편성] 삿포로 9경주: 선행0·선입0·추입0 → 🐌 느린 페이스
[복승불일치 축교정] 아오모리 4경주: 축 [1, 4]로 교정(자금이탈 강등 [7]·🔴🔴)
[잔존마 필터] 삿포로 9경주: 전적 11두 → 배당 출전마 6두 (배당 없는 마번 제외: [7, 8, 9, 10, 11])
[잔존마 필터] 삿포로 9경주: 전적 11두 → 배당 출전마 6두 (배당 없는 마번 제외: [7, 8, 9, 10, 11])
[각질편성] 삿포로 9경주: 선행0·선입0·추입0 → 🐌 느린 페이스
[각질편성] 삿포로 9경주: 선행0·선입0·추입0 → 🐌 느린 페이스
[잔존마 필터] 삿포로 9경주: 전적 11두 → 배당 출전마 6두 (배당 없는 마번 제외: [7, 8, 9, 10, 11])
[각질편성] 삿포로 9경주: 선행0·선입0·추입0 → 🐌 느린 페이스
[한국 전적] 삿포로 9경주: 11두 저장(PDF, 전적 11두)
[잔존마 필터] 삿포로 9경주: 전적 11두 → 배당 출전마 6두 (배당 없는 마번 제외: [7, 8, 9, 10, 11])
[각질편성] 삿포로 9경주: 선행0·선입0·추입0 → 🐌 느린 페이스
[복승불일치 축교정] 아오모리 5경주: 축 [1, 3]로 교정(자금이탈 강등 [6]·🔴)
[잔존마 필터] 삿포로 9경주: 전적 11두 → 배당 출전마 6두 (배당 없는 마번 제외: [7, 8, 9, 10, 11])
[각질편성] 삿포로 9경주: 선행0·선입0·추입0 → 🐌 느린 페이스
[한국이력 검역] 거부 — 파일=서울 9R / 본문 raceKey=삿포로 9경주 (경마장 불일치)
[placeholder 필터] 호후 6경주 쌍승 껍데기 배당 3조합 제외(값: [300.2])
[복승불일치 축교정] 호후 6경주: 축 [1, 5]로 교정(자금이탈 강등 [7]·🔴)
[결과기록] 캐시 갱신 — 재파싱 1건 / 전체 1688건
[placeholder 필터] 아오모리 7경주 쌍승 껍데기 배당 3조합 제외(값: [1703.0])
[복승불일치 축교정] 호후 7경주: 축 [2, 5]로 교정(자금이탈 강등 [1]·🔴🔴)
[복승불일치 축교정] 사세보 2경주: 축 [2, 7]로 교정(자금이탈 강등 [1]·🔴🔴)
[복승불일치 축교정] 기후 2경주: 축 [3, 4]로 교정(자금이탈 강등 [6]·🔴🔴)
[잔존마 필터] 삿포로 9경주: 전적 11두 → 배당 출전마 6두 (배당 없는 마번 제외: [7, 8, 9, 10, 11])
[각질편성] 삿포로 9경주: 선행0·선입0·추입0 → 🐌 느린 페이스
[복승불일치 축교정] 사세보 3경주: 축 [1, 5]로 교정(자금이탈 강등 [7]·🔴🔴)
[복승불일치 축교정] 오다와라 3경주: 축 [3, 9]로 교정(자금이탈 강등 [1]·🔴)
[복승불일치 축교정] 기후 3경주: 축 [5, 7]로 교정(자금이탈 강등 [4]·🔴🔴)
[복승불일치 축교정] 사세보 4경주: 축 [1, 4]로 교정(자금이탈 강등 [7]·🔴🔴)
[placeholder 필터] 오다와라 4경주 쌍승 껍데기 배당 4조합 제외(값: [859.9])
[복승불일치 축교정] 기후 4경주: 축 [1, 4]로 교정(자금이탈 강등 [2]·🔴🔴)
[각질편성] 오다와라 5경주: 선행3·선입0·추입6 → ⚡ 빠른 페이스
[경륜전개] 오다와라 5경주: 슬로우(단독 선행) · 라인 3개 · 페어 [[2, 5], [1, 8], [3, 7]]
[각질편성] 기후 5경주: 선행2·선입0·추입5 → 보통 페이스
[경륜전개] 기후 5경주: 보통 · 라인 2개 · 페어 [[1, 5], [3, 7]]
[각질편성] 사세보 6경주: 선행3·선입0·추입3 → ⚡ 빠른 페이스
[경륜전개] 사세보 6경주: 보통 · 라인 3개 · 페어 [[4, 2], [1, 5]]
[각질편성] 오다와라 6경주: 선행3·선입0·추입6 → ⚡ 빠른 페이스
[경륜전개] 오다와라 6경주: 보통 · 라인 3개 · 페어 [[1, 9], [5, 2], [8, 3]]
[각질편성] 기후 6경주: 선행1·선입0·추입5 → 🐌 느린 페이스
[경륜전개] 기후 6경주: 슬로우(단독 선행) · 라인 2개 · 페어 [[1, 2]]
[각질편성] 사세보 7경주: 선행2·선입0·추입5 → 보통 페이스
[경륜전개] 사세보 7경주: 보통 · 라인 2개 · 페어 [[5, 3], [6, 1]]
[잔존마 필터] 삿포로 9경주: 전적 11두 → 배당 출전마 6두 (배당 없는 마번 제외: [7, 8, 9, 10, 11])
[각질편성] 삿포로 9경주: 선행0·선입0·추입0 → 🐌 느린 페이스
[각질편성] 오다와라 7경주: 선행3·선입0·추입6 → ⚡ 빠른 페이스
[경륜전개] 오다와라 7경주: 보통 · 라인 3개 · 페어 [[7, 2], [9, 1], [8, 3]]
[각질편성] 기후 7경주: 선행2·선입0·추입5 → 보통 페이스
[경륜전개] 기후 7경주: 슬로우(단독 선행) · 라인 2개 · 페어 [[3, 5], [4, 1]]
[각질편성] 사세보 8경주: 선행2·선입0·추입5 → 보통 페이스
[경륜전개] 사세보 8경주: 보통 · 라인 2개 · 페어 [[4, 1], [7, 3]]
[각질편성] 오다와라 8경주: 선행3·선입0·추입6 → ⚡ 빠른 페이스
[경륜전개] 오다와라 8경주: 슬로우(단독 선행) · 라인 3개 · 페어 [[1, 7], [3, 9], [2, 5]]
[각질편성] 기후 8경주: 선행1·선입0·추입6 → 🐌 느린 페이스
[경륜전개] 기후 8경주: 보통 · 라인 1개 · 페어 [[4, 7]]
[3종 수집] 삿포로 9경주: {'quinella': 13, 'exacta': 0, 'trio': 0, 'win': 0} (history 12)
[잔존마 필터] 삿포로 9경주: 전적 11두 → 배당 출전마 6두 (배당 없는 마번 제외: [7, 8, 9, 10, 11])
[각질편성] 삿포로 9경주: 선행0·선입0·추입0 → 🐌 느린 페이스
[각질편성] 사세보 9경주: 선행2·선입0·추입5 → 보통 페이스
[경륜전개] 사세보 9경주: 슬로우(단독 선행) · 라인 2개 · 페어 [[2, 5], [7, 3]]
[복승불일치 축교정] 사세보 9경주: 축 [2, 5]로 교정(자금이탈 강등 [4]·🔴)
[T-2분 왕축 동결] 사세보 9경주: [2, 5] → [2, 5] 유지(cur_mb=1)
[각질편성] 삿포로 8경주: 선행0·선입0·추입0 → 🐌 느린 페이스
[잔존마 필터] 삿포로 9경주: 전적 11두 → 배당 출전마 6두 (배당 없는 마번 제외: [7, 8, 9, 10, 11])
[각질편성] 삿포로 9경주: 선행0·선입0·추입0 → 🐌 느린 페이스
[잔존마 필터] 삿포로 9경주: 전적 11두 → 배당 출전마 6두 (배당 없는 마번 제외: [7, 8, 9, 10, 11])
[각질편성] 삿포로 9경주: 선행0·선입0·추입0 → 🐌 느린 페이스
[잔존마 필터] 삿포로 9경주: 전적 11두 → 배당 출전마 6두 (배당 없는 마번 제외: [7, 8, 9, 10, 11])
[각질편성] 삿포로 9경주: 선행0·선입0·추입0 → 🐌 느린 페이스
[잔존마 필터] 삿포로 9경주: 전적 11두 → 배당 출전마 6두 (배당 없는 마번 제외: [7, 8, 9, 10, 11])
[각질편성] 삿포로 9경주: 선행0·선입0·추입0 → 🐌 느린 페이스
[잔존마 필터] 삿포로 9경주: 전적 11두 → 배당 출전마 6두 (배당 없는 마번 제외: [7, 8, 9, 10, 11])
[각질편성] 삿포로 9경주: 선행0·선입0·추입0 → 🐌 느린 페이스
[잔존마 필터] 삿포로 9경주: 전적 11두 → 배당 출전마 6두 (배당 없는 마번 제외: [7, 8, 9, 10, 11])
[각질편성] 삿포로 9경주: 선행0·선입0·추입0 → 🐌 느린 페이스
[한국 전적] 삿포로 9경주: 11두 저장(PDF, 전적 11두)
[잔존마 필터] 삿포로 9경주: 전적 11두 → 배당 출전마 6두 (배당 없는 마번 제외: [7, 8, 9, 10, 11])
[각질편성] 삿포로 9경주: 선행0·선입0·추입0 → 🐌 느린 페이스
[3종 수집] 사세보 9경주: {'quinella': 21, 'exacta': 42, 'trio': 0, 'win': 0} (history 12)
[각질편성] 사세보 9경주: 선행2·선입0·추입5 → 보통 페이스
[경륜전개] 사세보 9경주: 슬로우(단독 선행) · 라인 2개 · 페어 [[2, 5], [7, 3]]
[복승불일치 축교정] 사세보 9경주: 축 [2, 5]로 교정(자금이탈 강등 [4]·🔴)
[T-2분 왕축 동결] 사세보 9경주: [2, 5] → [2, 5] 유지(cur_mb=1)
[자동분석·배경] 사세보 9경주: 마감 104초 전 재분석(rec_history 누적·cycle)
[잔존마 필터] 삿포로 9경주: 전적 11두 → 배당 출전마 6두 (배당 없는 마번 제외: [7, 8, 9, 10, 11])
[각질편성] 삿포로 9경주: 선행0·선입0·추입0 → 🐌 느린 페이스
[한국이력 검역] 거부 — 파일=서울 9R / 본문 raceKey=삿포로 9경주 (경마장 불일치)
[JRA수집] 0경주 수집 · 1경주 생략(확장 우선) · 0.01초 · 다음 60초 · 🔬관찰모드
[잔존마 필터] 삿포로 9경주: 전적 11두 → 배당 출전마 6두 (배당 없는 마번 제외: [7, 8, 9, 10, 11])
[각질편성] 삿포로 9경주: 선행0·선입0·추입0 → 🐌 느린 페이스
[잔존마 필터] 삿포로 9경주: 전적 11두 → 배당 출전마 6두 (배당 없는 마번 제외: [7, 8, 9, 10, 11])
[각질편성] 삿포로 9경주: 선행0·선입0·추입0 → 🐌 느린 페이스
[잔존마 필터] 삿포로 9경주: 전적 11두 → 배당 출전마 6두 (배당 없는 마번 제외: [7, 8, 9, 10, 11])
[각질편성] 삿포로 9경주: 선행0·선입0·추입0 → 🐌 느린 페이스
[3종 수집] 삿포로 9경주: {'quinella': 13, 'exacta': 0, 'trio': 0, 'win': 0} (history 12)
[잔존마 필터] 삿포로 9경주: 전적 11두 → 배당 출전마 6두 (배당 없는 마번 제외: [7, 8, 9, 10, 11])
[각질편성] 삿포로 9경주: 선행0·선입0·추입0 → 🐌 느린 페이스
[잔존마 필터] 삿포로 9경주: 전적 11두 → 배당 출전마 6두 (배당 없는 마번 제외: [7, 8, 9, 10, 11])
[각질편성] 삿포로 9경주: 선행0·선입0·추입0 → 🐌 느린 페이스
[잔존마 필터] 삿포로 9경주: 전적 11두 → 배당 출전마 6두 (배당 없는 마번 제외: [7, 8, 9, 10, 11])
[각질편성] 삿포로 9경주: 선행0·선입0·추입0 → 🐌 느린 페이스
[잔존마 필터] 삿포로 9경주: 전적 11두 → 배당 출전마 6두 (배당 없는 마번 제외: [7, 8, 9, 10, 11])
[복승불일치 축교정] 아오모리 4경주: 축 [1, 4]로 교정(자금이탈 강등 [7]·🔴🔴)
[각질편성] 삿포로 9경주: 선행0·선입0·추입0 → 🐌 느린 페이스
[잔존마 필터] 삿포로 9경주: 전적 11두 → 배당 출전마 6두 (배당 없는 마번 제외: [7, 8, 9, 10, 11])
[각질편성] 삿포로 9경주: 선행0·선입0·추입0 → 🐌 느린 페이스
[잔존마 필터] 삿포로 9경주: 전적 11두 → 배당 출전마 6두 (배당 없는 마번 제외: [7, 8, 9, 10, 11])
[잔존마 필터] 삿포로 9경주: 전적 11두 → 배당 출전마 6두 (배당 없는 마번 제외: [7, 8, 9, 10, 11])
[각질편성] 삿포로 9경주: 선행0·선입0·추입0 → 🐌 느린 페이스
[각질편성] 삿포로 9경주: 선행0·선입0·추입0 → 🐌 느린 페이스
[잔존마 필터] 삿포로 9경주: 전적 11두 → 배당 출전마 6두 (배당 없는 마번 제외: [7, 8, 9, 10, 11])
[각질편성] 삿포로 9경주: 선행0·선입0·추입0 → 🐌 느린 페이스
[복승불일치 축교정] 아오모리 5경주: 축 [1, 3]로 교정(자금이탈 강등 [6]·🔴)
[placeholder 필터] 호후 6경주 쌍승 껍데기 배당 3조합 제외(값: [300.2])
[복승불일치 축교정] 호후 6경주: 축 [1, 5]로 교정(자금이탈 강등 [7]·🔴)
[placeholder 필터] 아오모리 7경주 쌍승 껍데기 배당 3조합 제외(값: [1703.0])
[복승불일치 축교정] 호후 7경주: 축 [2, 5]로 교정(자금이탈 강등 [1]·🔴🔴)
[3종 수집] 사세보 9경주: {'quinella': 21, 'exacta': 42, 'trio': 0, 'win': 0} (history 12)
[각질편성] 사세보 9경주: 선행2·선입0·추입5 → 보통 페이스
[경륜전개] 사세보 9경주: 슬로우(단독 선행) · 라인 2개 · 페어 [[2, 5], [7, 3]]
[복승불일치 축교정] 사세보 9경주: 축 [2, 5]로 교정(자금이탈 강등 [4]·🔴)
[T-2분 왕축 동결] 사세보 9경주: [2, 5] → [2, 5] 유지(cur_mb=1)
🔎 [결정론 검수] 사세보 9경주: B라인누락
[자동분석·배경] 사세보 9경주: 마감 71초 전 재분석(rec_history 누적·cycle)
[복승불일치 축교정] 사세보 2경주: 축 [2, 7]로 교정(자금이탈 강등 [1]·🔴🔴)
[복승불일치 축교정] 기후 2경주: 축 [3, 4]로 교정(자금이탈 강등 [6]·🔴🔴)
[결과기록] 캐시 갱신 — 재파싱 1건 / 전체 1688건
[복승불일치 축교정] 사세보 3경주: 축 [1, 5]로 교정(자금이탈 강등 [7]·🔴🔴)
[복승불일치 축교정] 오다와라 3경주: 축 [3, 9]로 교정(자금이탈 강등 [1]·🔴)
[복승불일치 축교정] 기후 3경주: 축 [5, 7]로 교정(자금이탈 강등 [4]·🔴🔴)
[복승불일치 축교정] 사세보 4경주: 축 [1, 4]로 교정(자금이탈 강등 [7]·🔴🔴)
[placeholder 필터] 오다와라 4경주 쌍승 껍데기 배당 4조합 제외(값: [859.9])
[복승불일치 축교정] 기후 4경주: 축 [1, 4]로 교정(자금이탈 강등 [2]·🔴🔴)
[각질편성] 오다와라 5경주: 선행3·선입0·추입6 → ⚡ 빠른 페이스
[경륜전개] 오다와라 5경주: 슬로우(단독 선행) · 라인 3개 · 페어 [[2, 5], [1, 8], [3, 7]]
[각질편성] 기후 5경주: 선행2·선입0·추입5 → 보통 페이스
[경륜전개] 기후 5경주: 보통 · 라인 2개 · 페어 [[1, 5], [3, 7]]
[잔존마 필터] 삿포로 9경주: 전적 11두 → 배당 출전마 6두 (배당 없는 마번 제외: [7, 8, 9, 10, 11])
[각질편성] 삿포로 9경주: 선행0·선입0·추입0 → 🐌 느린 페이스
[각질편성] 사세보 6경주: 선행3·선입0·추입3 → ⚡ 빠른 페이스
[경륜전개] 사세보 6경주: 보통 · 라인 3개 · 페어 [[4, 2], [1, 5]]
[각질편성] 오다와라 6경주: 선행3·선입0·추입6 → ⚡ 빠른 페이스
[경륜전개] 오다와라 6경주: 보통 · 라인 3개 · 페어 [[1, 9], [5, 2], [8, 3]]
[각질편성] 기후 6경주: 선행1·선입0·추입5 → 🐌 느린 페이스
[경륜전개] 기후 6경주: 슬로우(단독 선행) · 라인 2개 · 페어 [[1, 2]]
[각질편성] 사세보 7경주: 선행2·선입0·추입5 → 보통 페이스
[경륜전개] 사세보 7경주: 보통 · 라인 2개 · 페어 [[5, 3], [6, 1]]
[각질편성] 오다와라 7경주: 선행3·선입0·추입6 → ⚡ 빠른 페이스
[경륜전개] 오다와라 7경주: 보통 · 라인 3개 · 페어 [[7, 2], [9, 1], [8, 3]]
[각질편성] 기후 7경주: 선행2·선입0·추입5 → 보통 페이스
[경륜전개] 기후 7경주: 슬로우(단독 선행) · 라인 2개 · 페어 [[3, 5], [4, 1]]
[각질편성] 사세보 8경주: 선행2·선입0·추입5 → 보통 페이스
[경륜전개] 사세보 8경주: 보통 · 라인 2개 · 페어 [[4, 1], [7, 3]]
[각질편성] 오다와라 8경주: 선행3·선입0·추입6 → ⚡ 빠른 페이스
[경륜전개] 오다와라 8경주: 슬로우(단독 선행) · 라인 3개 · 페어 [[1, 7], [3, 9], [2, 5]]
[각질편성] 기후 8경주: 선행1·선입0·추입6 → 🐌 느린 페이스
[경륜전개] 기후 8경주: 보통 · 라인 1개 · 페어 [[4, 7]]
[각질편성] 사세보 9경주: 선행2·선입0·추입5 → 보통 페이스
[경륜전개] 사세보 9경주: 슬로우(단독 선행) · 라인 2개 · 페어 [[2, 5], [7, 3]]
[복승불일치 축교정] 사세보 9경주: 축 [2, 5]로 교정(자금이탈 강등 [4]·🔴)
[T-2분 왕축 동결] 사세보 9경주: [2, 5] → [2, 5] 유지(cur_mb=1)
[각질편성] 삿포로 8경주: 선행0·선입0·추입0 → 🐌 느린 페이스
[잔존마 필터] 삿포로 9경주: 전적 11두 → 배당 출전마 6두 (배당 없는 마번 제외: [7, 8, 9, 10, 11])
[각질편성] 삿포로 9경주: 선행0·선입0·추입0 → 🐌 느린 페이스
[잔존마 필터] 삿포로 9경주: 전적 11두 → 배당 출전마 6두 (배당 없는 마번 제외: [7, 8, 9, 10, 11])
[각질편성] 삿포로 9경주: 선행0·선입0·추입0 → 🐌 느린 페이스
[잔존마 필터] 삿포로 9경주: 전적 11두 → 배당 출전마 6두 (배당 없는 마번 제외: [7, 8, 9, 10, 11])
[각질편성] 삿포로 9경주: 선행0·선입0·추입0 → 🐌 느린 페이스
[잔존마 필터] 삿포로 9경주: 전적 11두 → 배당 출전마 6두 (배당 없는 마번 제외: [7, 8, 9, 10, 11])
[각질편성] 삿포로 9경주: 선행0·선입0·추입0 → 🐌 느린 페이스
[3종 수집] 삿포로 9경주: {'quinella': 13, 'exacta': 0, 'trio': 0, 'win': 0} (history 12)
[잔존마 필터] 삿포로 9경주: 전적 11두 → 배당 출전마 6두 (배당 없는 마번 제외: [7, 8, 9, 10, 11])
[각질편성] 삿포로 9경주: 선행0·선입0·추입0 → 🐌 느린 페이스
[JRA수집] 0경주 수집 · 1경주 생략(확장 우선) · 0.01초 · 다음 60초 · 🔬관찰모드
[3종 수집] 사세보 9경주: {'quinella': 21, 'exacta': 42, 'trio': 0, 'win': 0} (history 12)
[각질편성] 사세보 9경주: 선행2·선입0·추입5 → 보통 페이스
[경륜전개] 사세보 9경주: 슬로우(단독 선행) · 라인 2개 · 페어 [[2, 5], [7, 3]]
[복승불일치 축교정] 사세보 9경주: 축 [2, 5]로 교정(자금이탈 강등 [4]·🔴)
🔎 [결정론 검수] 사세보 9경주: B라인누락
[자동분석·배경] 사세보 9경주: 마감 38초 전 재분석(rec_history 누적·cycle)
[잔존마 필터] 삿포로 9경주: 전적 11두 → 배당 출전마 6두 (배당 없는 마번 제외: [7, 8, 9, 10, 11])
[각질편성] 삿포로 9경주: 선행0·선입0·추입0 → 🐌 느린 페이스
[잔존마 필터] 삿포로 9경주: 전적 11두 → 배당 출전마 6두 (배당 없는 마번 제외: [7, 8, 9, 10, 11])
[잔존마 필터] 삿포로 9경주: 전적 11두 → 배당 출전마 6두 (배당 없는 마번 제외: [7, 8, 9, 10, 11])
[각질편성] 삿포로 9경주: 선행0·선입0·추입0 → 🐌 느린 페이스
[각질편성] 삿포로 9경주: 선행0·선입0·추입0 → 🐌 느린 페이스
[잔존마 필터] 삿포로 9경주: 전적 11두 → 배당 출전마 6두 (배당 없는 마번 제외: [7, 8, 9, 10, 11])
[각질편성] 삿포로 9경주: 선행0·선입0·추입0 → 🐌 느린 페이스
[잔존마 필터] 삿포로 9경주: 전적 11두 → 배당 출전마 6두 (배당 없는 마번 제외: [7, 8, 9, 10, 11])
[각질편성] 삿포로 9경주: 선행0·선입0·추입0 → 🐌 느린 페이스
[잔존마 필터] 삿포로 9경주: 전적 11두 → 배당 출전마 6두 (배당 없는 마번 제외: [7, 8, 9, 10, 11])
[각질편성] 삿포로 9경주: 선행0·선입0·추입0 → 🐌 느린 페이스
[잔존마 필터] 삿포로 9경주: 전적 11두 → 배당 출전마 6두 (배당 없는 마번 제외: [7, 8, 9, 10, 11])
[각질편성] 삿포로 9경주: 선행0·선입0·추입0 → 🐌 느린 페이스
[잔존마 필터] 삿포로 9경주: 전적 11두 → 배당 출전마 6두 (배당 없는 마번 제외: [7, 8, 9, 10, 11])
[복승불일치 축교정] 아오모리 4경주: 축 [1, 4]로 교정(자금이탈 강등 [7]·🔴🔴)
[잔존마 필터] 삿포로 9경주: 전적 11두 → 배당 출전마 6두 (배당 없는 마번 제외: [7, 8, 9, 10, 11])
[각질편성] 삿포로 9경주: 선행0·선입0·추입0 → 🐌 느린 페이스
[각질편성] 삿포로 9경주: 선행0·선입0·추입0 → 🐌 느린 페이스
[잔존마 필터] 삿포로 9경주: 전적 11두 → 배당 출전마 6두 (배당 없는 마번 제외: [7, 8, 9, 10, 11])
[각질편성] 삿포로 9경주: 선행0·선입0·추입0 → 🐌 느린 페이스
[한국 전적] 삿포로 9경주: 11두 저장(PDF, 전적 11두)
[잔존마 필터] 삿포로 9경주: 전적 11두 → 배당 출전마 6두 (배당 없는 마번 제외: [7, 8, 9, 10, 11])
[각질편성] 삿포로 9경주: 선행0·선입0·추입0 → 🐌 느린 페이스
[복승불일치 축교정] 아오모리 5경주: 축 [1, 3]로 교정(자금이탈 강등 [6]·🔴)
[활성정리] 끝난 경주 1건 제거(히스토리 보존): 삿포로 8경주
[3종 수집] 삿포로 9경주: {'quinella': 13, 'exacta': 0, 'trio': 0, 'win': 0} (history 12)
[잔존마 필터] 삿포로 9경주: 전적 11두 → 배당 출전마 6두 (배당 없는 마번 제외: [7, 8, 9, 10, 11])
[각질편성] 삿포로 9경주: 선행0·선입0·추입0 → 🐌 느린 페이스
[placeholder 필터] 호후 6경주 쌍승 껍데기 배당 3조합 제외(값: [300.2])
[복승불일치 축교정] 호후 6경주: 축 [1, 5]로 교정(자금이탈 강등 [7]·🔴)
[placeholder 필터] 아오모리 7경주 쌍승 껍데기 배당 3조합 제외(값: [1703.0])
[한국이력 검역] 거부 — 파일=서울 9R / 본문 raceKey=삿포로 9경주 (경마장 불일치)
[복승불일치 축교정] 호후 7경주: 축 [2, 5]로 교정(자금이탈 강등 [1]·🔴🔴)
[결과기록] 캐시 갱신 — 재파싱 1건 / 전체 1688건
[복승불일치 축교정] 사세보 2경주: 축 [2, 7]로 교정(자금이탈 강등 [1]·🔴🔴)
[복승불일치 축교정] 기후 2경주: 축 [3, 4]로 교정(자금이탈 강등 [6]·🔴🔴)
[복승불일치 축교정] 사세보 3경주: 축 [1, 5]로 교정(자금이탈 강등 [7]·🔴🔴)
[잔존마 필터] 삿포로 9경주: 전적 11두 → 배당 출전마 6두 (배당 없는 마번 제외: [7, 8, 9, 10, 11])
[각질편성] 삿포로 9경주: 선행0·선입0·추입0 → 🐌 느린 페이스
[복승불일치 축교정] 오다와라 3경주: 축 [3, 9]로 교정(자금이탈 강등 [1]·🔴)
[복승불일치 축교정] 기후 3경주: 축 [5, 7]로 교정(자금이탈 강등 [4]·🔴🔴)
[복승불일치 축교정] 사세보 4경주: 축 [1, 4]로 교정(자금이탈 강등 [7]·🔴🔴)
[placeholder 필터] 오다와라 4경주 쌍승 껍데기 배당 4조합 제외(값: [859.9])
[복승불일치 축교정] 기후 4경주: 축 [1, 4]로 교정(자금이탈 강등 [2]·🔴🔴)
[3종 수집] 사세보 9경주: {'quinella': 21, 'exacta': 42, 'trio': 0, 'win': 0} (history 12)
[각질편성] 오다와라 5경주: 선행3·선입0·추입6 → ⚡ 빠른 페이스
[경륜전개] 오다와라 5경주: 슬로우(단독 선행) · 라인 3개 · 페어 [[2, 5], [1, 8], [3, 7]]
[각질편성] 기후 5경주: 선행2·선입0·추입5 → 보통 페이스
[경륜전개] 기후 5경주: 보통 · 라인 2개 · 페어 [[1, 5], [3, 7]]
[각질편성] 사세보 6경주: 선행3·선입0·추입3 → ⚡ 빠른 페이스
[경륜전개] 사세보 6경주: 보통 · 라인 3개 · 페어 [[4, 2], [1, 5]]
[각질편성] 오다와라 6경주: 선행3·선입0·추입6 → ⚡ 빠른 페이스
[경륜전개] 오다와라 6경주: 보통 · 라인 3개 · 페어 [[1, 9], [5, 2], [8, 3]]
[각질편성] 기후 6경주: 선행1·선입0·추입5 → 🐌 느린 페이스
[경륜전개] 기후 6경주: 슬로우(단독 선행) · 라인 2개 · 페어 [[1, 2]]
[각질편성] 사세보 7경주: 선행2·선입0·추입5 → 보통 페이스
[경륜전개] 사세보 7경주: 보통 · 라인 2개 · 페어 [[5, 3], [6, 1]]
[각질편성] 오다와라 7경주: 선행3·선입0·추입6 → ⚡ 빠른 페이스
[경륜전개] 오다와라 7경주: 보통 · 라인 3개 · 페어 [[7, 2], [9, 1], [8, 3]]
[각질편성] 기후 7경주: 선행2·선입0·추입5 → 보통 페이스
[경륜전개] 기후 7경주: 슬로우(단독 선행) · 라인 2개 · 페어 [[3, 5], [4, 1]]
[각질편성] 사세보 8경주: 선행2·선입0·추입5 → 보통 페이스
[경륜전개] 사세보 8경주: 보통 · 라인 2개 · 페어 [[4, 1], [7, 3]]
[각질편성] 오다와라 8경주: 선행3·선입0·추입6 → ⚡ 빠른 페이스
[경륜전개] 오다와라 8경주: 슬로우(단독 선행) · 라인 3개 · 페어 [[1, 7], [3, 9], [2, 5]]
[각질편성] 기후 8경주: 선행1·선입0·추입6 → 🐌 느린 페이스
[경륜전개] 기후 8경주: 보통 · 라인 1개 · 페어 [[4, 7]]
[각질편성] 사세보 9경주: 선행2·선입0·추입5 → 보통 페이스
[경륜전개] 사세보 9경주: 슬로우(단독 선행) · 라인 2개 · 페어 [[2, 5], [7, 3]]
[잔존마 필터] 삿포로 9경주: 전적 11두 → 배당 출전마 6두 (배당 없는 마번 제외: [7, 8, 9, 10, 11])
[각질편성] 삿포로 9경주: 선행0·선입0·추입0 → 🐌 느린 페이스
[잔존마 필터] 삿포로 9경주: 전적 11두 → 배당 출전마 6두 (배당 없는 마번 제외: [7, 8, 9, 10, 11])
[각질편성] 삿포로 9경주: 선행0·선입0·추입0 → 🐌 느린 페이스
[잔존마 필터] 삿포로 9경주: 전적 11두 → 배당 출전마 6두 (배당 없는 마번 제외: [7, 8, 9, 10, 11])
[각질편성] 삿포로 9경주: 선행0·선입0·추입0 → 🐌 느린 페이스
[잔존마 필터] 삿포로 9경주: 전적 11두 → 배당 출전마 6두 (배당 없는 마번 제외: [7, 8, 9, 10, 11])
[각질편성] 삿포로 9경주: 선행0·선입0·추입0 → 🐌 느린 페이스
[3종 수집] 삿포로 9경주: {'quinella': 13, 'exacta': 0, 'trio': 0, 'win': 0} (history 12)
[잔존마 필터] 삿포로 9경주: 전적 11두 → 배당 출전마 6두 (배당 없는 마번 제외: [7, 8, 9, 10, 11])
[각질편성] 삿포로 9경주: 선행0·선입0·추입0 → 🐌 느린 페이스
[잔존마 필터] 삿포로 9경주: 전적 11두 → 배당 출전마 6두 (배당 없는 마번 제외: [7, 8, 9, 10, 11])
[각질편성] 삿포로 9경주: 선행0·선입0·추입0 → 🐌 느린 페이스
[3종 수집] 사세보 9경주: {'quinella': 21, 'exacta': 42, 'trio': 0, 'win': 0} (history 12)
[경륜 득점갭] 오다와라 9경주: 9번 득점 1위 갭 6.1 → +5 가점
[경륜 전적·자동] 오다와라 9경주: 9두 수집(競走得点·절대등급 A/B/C/D·라인[7, 1, 8, 3, 9, 5, 4, 2, 6]) → 통합등급 자동 반영
[3종 수집] 오다와라 9경주: {'quinella': 36, 'exacta': 72, 'trio': 0, 'win': 0} (history 1)
🔮 [예측] 오다와라 9경주: top3=[1, 9, 3] conf=4 · 이 경주는 9두 중 선행형이 7번 하나뿐이고, 3번(젖히기형)과 4번(추
[각질편성] 오다와라 9경주: 선행2·선입0·추입7 → 보통 페이스
[경륜전개] 오다와라 9경주: 슬로우(단독 선행) · 라인 2개 · 페어 [[3, 9], [7, 1]]
[경륜 추천 모순 수정] 고배당 강제조합 1건 메인→복병 이동(25배 상한)
[B라인 그물망] 오다와라 9경주: B라인[7, 1] 삼복승보험 [[1, 3, 7]] 추가
[자동분석·배경] 오다와라 9경주: 마감 572초 전 재분석(rec_history 누적·cycle)
[각질편성] 오다와라 9경주: 선행2·선입0·추입7 → 보통 페이스
[경륜전개] 오다와라 9경주: 슬로우(단독 선행) · 라인 2개 · 페어 [[3, 9], [7, 1]]
[경륜 추천 모순 수정] 고배당 강제조합 1건 메인→복병 이동(25배 상한)
[B라인 그물망] 오다와라 9경주: B라인[7, 1] 삼복승보험 [[1, 3, 7]] 추가
[잔존마 필터] 삿포로 9경주: 전적 11두 → 배당 출전마 6두 (배당 없는 마번 제외: [7, 8, 9, 10, 11])
[각질편성] 삿포로 9경주: 선행0·선입0·추입0 → 🐌 느린 페이스
[잔존마 필터] 삿포로 9경주: 전적 11두 → 배당 출전마 6두 (배당 없는 마번 제외: [7, 8, 9, 10, 11])
[잔존마 필터] 삿포로 9경주: 전적 11두 → 배당 출전마 6두 (배당 없는 마번 제외: [7, 8, 9, 10, 11])
[각질편성] 삿포로 9경주: 선행0·선입0·추입0 → 🐌 느린 페이스
[각질편성] 삿포로 9경주: 선행0·선입0·추입0 → 🐌 느린 페이스
[잔존마 필터] 삿포로 9경주: 전적 11두 → 배당 출전마 6두 (배당 없는 마번 제외: [7, 8, 9, 10, 11])
[각질편성] 삿포로 9경주: 선행0·선입0·추입0 → 🐌 느린 페이스
[잔존마 필터] 삿포로 9경주: 전적 11두 → 배당 출전마 6두 (배당 없는 마번 제외: [7, 8, 9, 10, 11])
[각질편성] 삿포로 9경주: 선행0·선입0·추입0 → 🐌 느린 페이스
[잔존마 필터] 삿포로 9경주: 전적 11두 → 배당 출전마 6두 (배당 없는 마번 제외: [7, 8, 9, 10, 11])
[각질편성] 삿포로 9경주: 선행0·선입0·추입0 → 🐌 느린 페이스
[복승불일치 축교정] 아오모리 4경주: 축 [1, 4]로 교정(자금이탈 강등 [7]·🔴🔴)[잔존마 필터] 삿포로 9경주: 전적 11두 → 배당 출전마 6두 (배당 없는 마번 제외: [7, 8, 9, 10, 11])

[각질편성] 삿포로 9경주: 선행0·선입0·추입0 → 🐌 느린 페이스
[잔존마 필터] 삿포로 9경주: 전적 11두 → 배당 출전마 6두 (배당 없는 마번 제외: [7, 8, 9, 10, 11])
[잔존마 필터] 삿포로 9경주: 전적 11두 → 배당 출전마 6두 (배당 없는 마번 제외: [7, 8, 9, 10, 11])
[각질편성] 삿포로 9경주: 선행0·선입0·추입0 → 🐌 느린 페이스
[각질편성] 삿포로 9경주: 선행0·선입0·추입0 → 🐌 느린 페이스
[한국 전적] 삿포로 9경주: 11두 저장(PDF, 전적 11두)
[잔존마 필터] 삿포로 9경주: 전적 11두 → 배당 출전마 6두 (배당 없는 마번 제외: [7, 8, 9, 10, 11])
[각질편성] 삿포로 9경주: 선행0·선입0·추입0 → 🐌 느린 페이스
[복승불일치 축교정] 아오모리 5경주: 축 [1, 3]로 교정(자금이탈 강등 [6]·🔴)
[placeholder 필터] 호후 6경주 쌍승 껍데기 배당 3조합 제외(값: [300.2])
[복승불일치 축교정] 호후 6경주: 축 [1, 5]로 교정(자금이탈 강등 [7]·🔴)
[placeholder 필터] 아오모리 7경주 쌍승 껍데기 배당 3조합 제외(값: [1703.0])
[복승불일치 축교정] 호후 7경주: 축 [2, 5]로 교정(자금이탈 강등 [1]·🔴🔴)
[복승불일치 축교정] 사세보 2경주: 축 [2, 7]로 교정(자금이탈 강등 [1]·🔴🔴)
[한국이력 검역] 거부 — 파일=서울 9R / 본문 raceKey=삿포로 9경주 (경마장 불일치)
[복승불일치 축교정] 기후 2경주: 축 [3, 4]로 교정(자금이탈 강등 [6]·🔴🔴)
[결과기록] 캐시 갱신 — 재파싱 1건 / 전체 1689건
[복승불일치 축교정] 사세보 3경주: 축 [1, 5]로 교정(자금이탈 강등 [7]·🔴🔴)
[복승불일치 축교정] 오다와라 3경주: 축 [3, 9]로 교정(자금이탈 강등 [1]·🔴)
[복승불일치 축교정] 기후 3경주: 축 [5, 7]로 교정(자금이탈 강등 [4]·🔴🔴)
[복승불일치 축교정] 사세보 4경주: 축 [1, 4]로 교정(자금이탈 강등 [7]·🔴🔴)
[placeholder 필터] 오다와라 4경주 쌍승 껍데기 배당 4조합 제외(값: [859.9])
[복승불일치 축교정] 기후 4경주: 축 [1, 4]로 교정(자금이탈 강등 [2]·🔴🔴)
[잔존마 필터] 삿포로 9경주: 전적 11두 → 배당 출전마 6두 (배당 없는 마번 제외: [7, 8, 9, 10, 11])
[각질편성] 삿포로 9경주: 선행0·선입0·추입0 → 🐌 느린 페이스
[각질편성] 오다와라 5경주: 선행3·선입0·추입6 → ⚡ 빠른 페이스
[경륜전개] 오다와라 5경주: 슬로우(단독 선행) · 라인 3개 · 페어 [[2, 5], [1, 8], [3, 7]]
[각질편성] 기후 5경주: 선행2·선입0·추입5 → 보통 페이스
[경륜전개] 기후 5경주: 보통 · 라인 2개 · 페어 [[1, 5], [3, 7]]
[각질편성] 사세보 6경주: 선행3·선입0·추입3 → ⚡ 빠른 페이스
[경륜전개] 사세보 6경주: 보통 · 라인 3개 · 페어 [[4, 2], [1, 5]]
[각질편성] 오다와라 6경주: 선행3·선입0·추입6 → ⚡ 빠른 페이스
[경륜전개] 오다와라 6경주: 보통 · 라인 3개 · 페어 [[1, 9], [5, 2], [8, 3]]
[각질편성] 기후 6경주: 선행1·선입0·추입5 → 🐌 느린 페이스
[경륜전개] 기후 6경주: 슬로우(단독 선행) · 라인 2개 · 페어 [[1, 2]]
[각질편성] 사세보 7경주: 선행2·선입0·추입5 → 보통 페이스
[경륜전개] 사세보 7경주: 보통 · 라인 2개 · 페어 [[5, 3], [6, 1]]
[각질편성] 오다와라 7경주: 선행3·선입0·추입6 → ⚡ 빠른 페이스
[경륜전개] 오다와라 7경주: 보통 · 라인 3개 · 페어 [[7, 2], [9, 1], [8, 3]]
[각질편성] 기후 7경주: 선행2·선입0·추입5 → 보통 페이스
[경륜전개] 기후 7경주: 슬로우(단독 선행) · 라인 2개 · 페어 [[3, 5], [4, 1]]
[각질편성] 사세보 8경주: 선행2·선입0·추입5 → 보통 페이스
[경륜전개] 사세보 8경주: 보통 · 라인 2개 · 페어 [[4, 1], [7, 3]]
[각질편성] 오다와라 8경주: 선행3·선입0·추입6 → ⚡ 빠른 페이스
[경륜전개] 오다와라 8경주: 슬로우(단독 선행) · 라인 3개 · 페어 [[1, 7], [3, 9], [2, 5]]
[각질편성] 기후 8경주: 선행1·선입0·추입6 → 🐌 느린 페이스
[경륜전개] 기후 8경주: 보통 · 라인 1개 · 페어 [[4, 7]]
[각질편성] 사세보 9경주: 선행2·선입0·추입5 → 보통 페이스
[경륜전개] 사세보 9경주: 슬로우(단독 선행) · 라인 2개 · 페어 [[2, 5], [7, 3]]
[각질편성] 오다와라 9경주: 선행2·선입0·추입7 → 보통 페이스
[경륜전개] 오다와라 9경주: 슬로우(단독 선행) · 라인 2개 · 페어 [[3, 9], [7, 1]]
[경륜 추천 모순 수정] 고배당 강제조합 1건 메인→복병 이동(25배 상한)
[B라인 그물망] 오다와라 9경주: B라인[7, 1] 삼복승보험 [[1, 3, 7]] 추가
[잔존마 필터] 삿포로 9경주: 전적 11두 → 배당 출전마 6두 (배당 없는 마번 제외: [7, 8, 9, 10, 11])
[각질편성] 삿포로 9경주: 선행0·선입0·추입0 → 🐌 느린 페이스
[3종 수집] 삿포로 9경주: {'quinella': 13, 'exacta': 0, 'trio': 0, 'win': 0} (history 12)
[잔존마 필터] 삿포로 9경주: 전적 11두 → 배당 출전마 6두 (배당 없는 마번 제외: [7, 8, 9, 10, 11])
[각질편성] 삿포로 9경주: 선행0·선입0·추입0 → 🐌 느린 페이스
[다중경주] 하트비트 #121 · 스케줄 ymd=20260801 (-1초 전 갱신 · 트랙 12개)
[잔존마 필터] 삿포로 9경주: 전적 11두 → 배당 출전마 6두 (배당 없는 마번 제외: [7, 8, 9, 10, 11])
[각질편성] 삿포로 9경주: 선행0·선입0·추입0 → 🐌 느린 페이스
[3종 수집] 사세보 9경주: {'quinella': 21, 'exacta': 42, 'trio': 0, 'win': 0} (history 12)
[3종 수집] 오다와라 9경주: {'quinella': 36, 'exacta': 72, 'trio': 0, 'win': 0} (history 2)
[각질편성] 오다와라 9경주: 선행2·선입0·추입7 → 보통 페이스
[경륜전개] 오다와라 9경주: 슬로우(단독 선행) · 라인 2개 · 페어 [[3, 9], [7, 1]]
[복병 이동 상한] 5+7 111.8배 > 특별상한 50.0배 → 💎 노출 제외(참고)
[경륜 추천 모순 수정] 고배당 강제조합 2건 메인→복병 이동(25배 상한)
[B라인 그물망] 오다와라 9경주: B라인[7, 1] 삼복승보험 [[1, 5, 7]] 추가
[자동분석·배경] 오다와라 9경주: 마감 536초 전 재분석(rec_history 누적·cycle)
[각질편성] 사세보 9경주: 선행2·선입0·추입5 → 보통 페이스
[경륜전개] 사세보 9경주: 슬로우(단독 선행) · 라인 2개 · 페어 [[2, 5], [7, 3]]
[잔존마 필터] 삿포로 9경주: 전적 11두 → 배당 출전마 6두 (배당 없는 마번 제외: [7, 8, 9, 10, 11])
[잔존마 필터] 삿포로 9경주: 전적 11두 → 배당 출전마 6두 (배당 없는 마번 제외: [7, 8, 9, 10, 11])
[각질편성] 삿포로 9경주: 선행0·선입0·추입0 → 🐌 느린 페이스
[각질편성] 삿포로 9경주: 선행0·선입0·추입0 → 🐌 느린 페이스
[잔존마 필터] 삿포로 9경주: 전적 11두 → 배당 출전마 6두 (배당 없는 마번 제외: [7, 8, 9, 10, 11])
[각질편성] 삿포로 9경주: 선행0·선입0·추입0 → 🐌 느린 페이스
[3종 수집] 삿포로 9경주: {'quinella': 13, 'exacta': 0, 'trio': 0, 'win': 0} (history 12)
[잔존마 필터] 삿포로 9경주: 전적 11두 → 배당 출전마 6두 (배당 없는 마번 제외: [7, 8, 9, 10, 11])
[각질편성] 삿포로 9경주: 선행0·선입0·추입0 → 🐌 느린 페이스
[잔존마 필터] 삿포로 9경주: 전적 11두 → 배당 출전마 6두 (배당 없는 마번 제외: [7, 8, 9, 10, 11])
[각질편성] 삿포로 9경주: 선행0·선입0·추입0 → 🐌 느린 페이스
[3종 수집] 사세보 9경주: {'quinella': 21, 'exacta': 42, 'trio': 0, 'win': 0} (history 12)
[3종 수집] 오다와라 9경주: {'quinella': 36, 'exacta': 72, 'trio': 0, 'win': 0} (history 3)
[각질편성] 오다와라 9경주: 선행2·선입0·추입7 → 보통 페이스
[경륜전개] 오다와라 9경주: 슬로우(단독 선행) · 라인 2개 · 페어 [[3, 9], [7, 1]]
[복병 이동 상한] 5+7 111.8배 > 특별상한 50.0배 → 💎 노출 제외(참고)
[경륜 추천 모순 수정] 고배당 강제조합 2건 메인→복병 이동(25배 상한)
[B라인 그물망] 오다와라 9경주: B라인[7, 1] 삼복승보험 [[1, 5, 7]] 추가
[자동분석·배경] 오다와라 9경주: 마감 503초 전 재분석(rec_history 누적·cycle)
[잔존마 필터] 삿포로 9경주: 전적 11두 → 배당 출전마 6두 (배당 없는 마번 제외: [7, 8, 9, 10, 11])
[각질편성] 삿포로 9경주: 선행0·선입0·추입0 → 🐌 느린 페이스
[잔존마 필터] 삿포로 9경주: 전적 11두 → 배당 출전마 6두 (배당 없는 마번 제외: [7, 8, 9, 10, 11])
[각질편성] 삿포로 9경주: 선행0·선입0·추입0 → 🐌 느린 페이스
[잔존마 필터] 삿포로 9경주: 전적 11두 → 배당 출전마 6두 (배당 없는 마번 제외: [7, 8, 9, 10, 11])
[각질편성] 삿포로 9경주: 선행0·선입0·추입0 → 🐌 느린 페이스
[잔존마 필터] 삿포로 9경주: 전적 11두 → 배당 출전마 6두 (배당 없는 마번 제외: [7, 8, 9, 10, 11])
[각질편성] 삿포로 9경주: 선행0·선입0·추입0 → 🐌 느린 페이스
[복승불일치 축교정] 아오모리 4경주: 축 [1, 4]로 교정(자금이탈 강등 [7]·🔴🔴)
[잔존마 필터] 삿포로 9경주: 전적 11두 → 배당 출전마 6두 (배당 없는 마번 제외: [7, 8, 9, 10, 11])
[각질편성] 삿포로 9경주: 선행0·선입0·추입0 → 🐌 느린 페이스
[잔존마 필터] 삿포로 9경주: 전적 11두 → 배당 출전마 6두 (배당 없는 마번 제외: [7, 8, 9, 10, 11])
[각질편성] 삿포로 9경주: 선행0·선입0·추입0 → 🐌 느린 페이스
[잔존마 필터] 삿포로 9경주: 전적 11두 → 배당 출전마 6두 (배당 없는 마번 제외: [7, 8, 9, 10, 11])
[각질편성] 삿포로 9경주: 선행0·선입0·추입0 → 🐌 느린 페이스
[한국 전적] 삿포로 9경주: 11두 저장(PDF, 전적 11두)
[잔존마 필터] 삿포로 9경주: 전적 11두 → 배당 출전마 6두 (배당 없는 마번 제외: [7, 8, 9, 10, 11])
[각질편성] 삿포로 9경주: 선행0·선입0·추입0 → 🐌 느린 페이스
[복승불일치 축교정] 아오모리 5경주: 축 [1, 3]로 교정(자금이탈 강등 [6]·🔴)
[placeholder 필터] 호후 6경주 쌍승 껍데기 배당 3조합 제외(값: [300.2])
[복승불일치 축교정] 호후 6경주: 축 [1, 5]로 교정(자금이탈 강등 [7]·🔴)
[placeholder 필터] 아오모리 7경주 쌍승 껍데기 배당 3조합 제외(값: [1703.0])
[복승불일치 축교정] 호후 7경주: 축 [2, 5]로 교정(자금이탈 강등 [1]·🔴🔴)
[한국이력 검역] 거부 — 파일=서울 9R / 본문 raceKey=삿포로 9경주 (경마장 불일치)
[복승불일치 축교정] 사세보 2경주: 축 [2, 7]로 교정(자금이탈 강등 [1]·🔴🔴)
[결과기록] 캐시 갱신 — 재파싱 1건 / 전체 1689건
[복승불일치 축교정] 기후 2경주: 축 [3, 4]로 교정(자금이탈 강등 [6]·🔴🔴)
[복승불일치 축교정] 사세보 3경주: 축 [1, 5]로 교정(자금이탈 강등 [7]·🔴🔴)
[복승불일치 축교정] 오다와라 3경주: 축 [3, 9]로 교정(자금이탈 강등 [1]·🔴)
[복승불일치 축교정] 기후 3경주: 축 [5, 7]로 교정(자금이탈 강등 [4]·🔴🔴)
[복승불일치 축교정] 사세보 4경주: 축 [1, 4]로 교정(자금이탈 강등 [7]·🔴🔴)
[잔존마 필터] 삿포로 9경주: 전적 11두 → 배당 출전마 6두 (배당 없는 마번 제외: [7, 8, 9, 10, 11])
[각질편성] 삿포로 9경주: 선행0·선입0·추입0 → 🐌 느린 페이스
[잔존마 필터] 삿포로 9경주: 전적 11두 → 배당 출전마 6두 (배당 없는 마번 제외: [7, 8, 9, 10, 11])
[각질편성] 삿포로 9경주: 선행0·선입0·추입0 → 🐌 느린 페이스
[placeholder 필터] 오다와라 4경주 쌍승 껍데기 배당 4조합 제외(값: [859.9])
🧯 [손상격리] 2026_08_01_삿포로_9경주.json: 읽기 실패 → 저장 건너뜀 · [Errno 13] Permission denied: 'C:\\Users\\Administrator\\Desktop\\경마분석서버\\data\\odds_history\\2026_08_01_삿포로_9경주.json'
[복승불일치 축교정] 기후 4경주: 축 [1, 4]로 교정(자금이탈 강등 [2]·🔴🔴)
[각질편성] 오다와라 5경주: 선행3·선입0·추입6 → ⚡ 빠른 페이스
[경륜전개] 오다와라 5경주: 슬로우(단독 선행) · 라인 3개 · 페어 [[2, 5], [1, 8], [3, 7]]
[각질편성] 기후 5경주: 선행2·선입0·추입5 → 보통 페이스
[경륜전개] 기후 5경주: 보통 · 라인 2개 · 페어 [[1, 5], [3, 7]]
[각질편성] 사세보 6경주: 선행3·선입0·추입3 → ⚡ 빠른 페이스
[경륜전개] 사세보 6경주: 보통 · 라인 3개 · 페어 [[4, 2], [1, 5]]
[각질편성] 오다와라 6경주: 선행3·선입0·추입6 → ⚡ 빠른 페이스
[경륜전개] 오다와라 6경주: 보통 · 라인 3개 · 페어 [[1, 9], [5, 2], [8, 3]]
[각질편성] 기후 6경주: 선행1·선입0·추입5 → 🐌 느린 페이스
[경륜전개] 기후 6경주: 슬로우(단독 선행) · 라인 2개 · 페어 [[1, 2]]
[각질편성] 사세보 7경주: 선행2·선입0·추입5 → 보통 페이스
[경륜전개] 사세보 7경주: 보통 · 라인 2개 · 페어 [[5, 3], [6, 1]]
[각질편성] 오다와라 7경주: 선행3·선입0·추입6 → ⚡ 빠른 페이스
[경륜전개] 오다와라 7경주: 보통 · 라인 3개 · 페어 [[7, 2], [9, 1], [8, 3]]
[각질편성] 기후 7경주: 선행2·선입0·추입5 → 보통 페이스
[경륜전개] 기후 7경주: 슬로우(단독 선행) · 라인 2개 · 페어 [[3, 5], [4, 1]]
[각질편성] 사세보 8경주: 선행2·선입0·추입5 → 보통 페이스
[경륜전개] 사세보 8경주: 보통 · 라인 2개 · 페어 [[4, 1], [7, 3]]
[각질편성] 오다와라 8경주: 선행3·선입0·추입6 → ⚡ 빠른 페이스
[경륜전개] 오다와라 8경주: 슬로우(단독 선행) · 라인 3개 · 페어 [[1, 7], [3, 9], [2, 5]]
[각질편성] 기후 8경주: 선행1·선입0·추입6 → 🐌 느린 페이스
[경륜전개] 기후 8경주: 보통 · 라인 1개 · 페어 [[4, 7]]
[각질편성] 사세보 9경주: 선행2·선입0·추입5 → 보통 페이스
[경륜전개] 사세보 9경주: 슬로우(단독 선행) · 라인 2개 · 페어 [[2, 5], [7, 3]]
[각질편성] 오다와라 9경주: 선행2·선입0·추입7 → 보통 페이스
[경륜전개] 오다와라 9경주: 슬로우(단독 선행) · 라인 2개 · 페어 [[3, 9], [7, 1]]
[복병 이동 상한] 5+7 111.8배 > 특별상한 50.0배 → 💎 노출 제외(참고)
[경륜 추천 모순 수정] 고배당 강제조합 2건 메인→복병 이동(25배 상한)
[B라인 그물망] 오다와라 9경주: B라인[7, 1] 삼복승보험 [[1, 5, 7]] 추가
[잔존마 필터] 삿포로 9경주: 전적 11두 → 배당 출전마 6두 (배당 없는 마번 제외: [7, 8, 9, 10, 11])
[각질편성] 삿포로 9경주: 선행0·선입0·추입0 → 🐌 느린 페이스
[잔존마 필터] 삿포로 9경주: 전적 11두 → 배당 출전마 6두 (배당 없는 마번 제외: [7, 8, 9, 10, 11])
[각질편성] 삿포로 9경주: 선행0·선입0·추입0 → 🐌 느린 페이스
[활성정리] 끝난 경주 1건 제거(히스토리 보존): 사세보 8경주
[3종 수집] 오비히로 1경주: {'quinella': 28, 'exacta': 56, 'trio': 56, 'win': 8} (history 1)
[3종 수집] 삿포로 9경주: {'quinella': 13, 'exacta': 0, 'trio': 0, 'win': 0} (history 12)
[잔존마 필터] 삿포로 9경주: 전적 11두 → 배당 출전마 6두 (배당 없는 마번 제외: [7, 8, 9, 10, 11])
[각질편성] 삿포로 9경주: 선행0·선입0·추입0 → 🐌 느린 페이스
[3종 수집] 오다와라 9경주: {'quinella': 36, 'exacta': 72, 'trio': 0, 'win': 0} (history 4)
[지방경마 전적·자동] 오비히로 1경주: 9두 oddspark 전적 수집(bg·각질·거리변화·상3F)
[잔존마 필터] 삿포로 9경주: 전적 11두 → 배당 출전마 6두 (배당 없는 마번 제외: [7, 8, 9, 10, 11])
[각질편성] 삿포로 9경주: 선행0·선입0·추입0 → 🐌 느린 페이스
🔮 [예측] 오비히로 1경주: top3=[1, 2, 3] conf=3 · 1번과 2번의 '블랙시시' 및 '시운' 이름 중복 기재로 인해 정확한 전
[각질편성] 오다와라 9경주: 선행2·선입0·추입7 → 보통 페이스
[경륜전개] 오다와라 9경주: 슬로우(단독 선행) · 라인 2개 · 페어 [[3, 9], [7, 1]]
[삼복승 축보험] 편성 스킵(무시): cannot access local variable '_tri_odds' where it is not associated with a value
[자동분석·배경] 오다와라 9경주: 마감 471초 전 재분석(rec_history 누적·cycle)
[placeholder 필터] 오비히로 1경주 쌍승 껍데기 배당 7조합 제외(값: [126.5, 166.5])
[잔존마 필터] 오비히로 1경주: 전적 9두 → 배당 출전마 8두 (배당 없는 마번 제외: [3])
[각질편성] 오비히로 1경주: 선행0·선입0·추입0 → 🐌 느린 페이스
[자동분석·배경] 오비히로 1경주: 마감 591초 전 재분석(rec_history 누적·horse)
[placeholder 필터] 오비히로 1경주 쌍승 껍데기 배당 7조합 제외(값: [126.5, 166.5])
[잔존마 필터] 오비히로 1경주: 전적 9두 → 배당 출전마 8두 (배당 없는 마번 제외: [3])
[각질편성] 오비히로 1경주: 선행0·선입0·추입0 → 🐌 느린 페이스
[잔존마 필터] 삿포로 9경주: 전적 11두 → 배당 출전마 6두 (배당 없는 마번 제외: [7, 8, 9, 10, 11])
[잔존마 필터] 삿포로 9경주: 전적 11두 → 배당 출전마 6두 (배당 없는 마번 제외: [7, 8, 9, 10, 11])
[각질편성] 삿포로 9경주: 선행0·선입0·추입0 → 🐌 느린 페이스
[각질편성] 삿포로 9경주: 선행0·선입0·추입0 → 🐌 느린 페이스
[잔존마 필터] 삿포로 9경주: 전적 11두 → 배당 출전마 6두 (배당 없는 마번 제외: [7, 8, 9, 10, 11])
[각질편성] 삿포로 9경주: 선행0·선입0·추입0 → 🐌 느린 페이스
[3종 수집] 삿포로 9경주: {'quinella': 13, 'exacta': 0, 'trio': 0, 'win': 0} (history 12)
[잔존마 필터] 삿포로 9경주: 전적 11두 → 배당 출전마 6두 (배당 없는 마번 제외: [7, 8, 9, 10, 11])
[각질편성] 삿포로 9경주: 선행0·선입0·추입0 → 🐌 느린 페이스
[잔존마 필터] 삿포로 9경주: 전적 11두 → 배당 출전마 6두 (배당 없는 마번 제외: [7, 8, 9, 10, 11])
[각질편성] 삿포로 9경주: 선행0·선입0·추입0 → 🐌 느린 페이스
[잔존마 필터] 삿포로 9경주: 전적 11두 → 배당 출전마 6두 (배당 없는 마번 제외: [7, 8, 9, 10, 11])
[각질편성] 삿포로 9경주: 선행0·선입0·추입0 → 🐌 느린 페이스
[잔존마 필터] 삿포로 9경주: 전적 11두 → 배당 출전마 6두 (배당 없는 마번 제외: [7, 8, 9, 10, 11])
[각질편성] 삿포로 9경주: 선행0·선입0·추입0 → 🐌 느린 페이스
[잔존마 필터] 삿포로 9경주: 전적 11두 → 배당 출전마 6두 (배당 없는 마번 제외: [7, 8, 9, 10, 11])
[각질편성] 삿포로 9경주: 선행0·선입0·추입0 → 🐌 느린 페이스
[복승불일치 축교정] 아오모리 4경주: 축 [1, 4]로 교정(자금이탈 강등 [7]·🔴🔴)
[잔존마 필터] 삿포로 9경주: 전적 11두 → 배당 출전마 6두 (배당 없는 마번 제외: [7, 8, 9, 10, 11])
[각질편성] 삿포로 9경주: 선행0·선입0·추입0 → 🐌 느린 페이스
[잔존마 필터] 삿포로 9경주: 전적 11두 → 배당 출전마 6두 (배당 없는 마번 제외: [7, 8, 9, 10, 11])
[각질편성] 삿포로 9경주: 선행0·선입0·추입0 → 🐌 느린 페이스
[잔존마 필터] 삿포로 9경주: 전적 11두 → 배당 출전마 6두 (배당 없는 마번 제외: [7, 8, 9, 10, 11])
[각질편성] 삿포로 9경주: 선행0·선입0·추입0 → 🐌 느린 페이스
[한국 전적] 삿포로 9경주: 11두 저장(PDF, 전적 11두)
[잔존마 필터] 삿포로 9경주: 전적 11두 → 배당 출전마 6두 (배당 없는 마번 제외: [7, 8, 9, 10, 11])
[각질편성] 삿포로 9경주: 선행0·선입0·추입0 → 🐌 느린 페이스
[3종 수집] 오다와라 9경주: {'quinella': 36, 'exacta': 72, 'trio': 0, 'win': 0} (history 5)
[복승불일치 축교정] 아오모리 5경주: 축 [1, 3]로 교정(자금이탈 강등 [6]·🔴)
[3종 수집] 오비히로 1경주: {'quinella': 28, 'exacta': 56, 'trio': 56, 'win': 8} (history 2)
[placeholder 필터] 호후 6경주 쌍승 껍데기 배당 3조합 제외(값: [300.2])
[복승불일치 축교정] 호후 6경주: 축 [1, 5]로 교정(자금이탈 강등 [7]·🔴)
[각질편성] 오다와라 9경주: 선행2·선입0·추입7 → 보통 페이스
[경륜전개] 오다와라 9경주: 슬로우(단독 선행) · 라인 2개 · 페어 [[3, 9], [7, 1]]
[placeholder 필터] 아오모리 7경주 쌍승 껍데기 배당 3조합 제외(값: [1703.0])
[B라인 그물망] 오다와라 9경주: B라인[7, 1] 삼복승보험 [[1, 3, 7]] 추가
[한국이력 검역] 거부 — 파일=서울 9R / 본문 raceKey=삿포로 9경주 (경마장 불일치)
[자동분석·배경] 오다와라 9경주: 마감 434초 전 재분석(rec_history 누적·cycle)
[복승불일치 축교정] 호후 7경주: 축 [2, 5]로 교정(자금이탈 강등 [1]·🔴🔴)
[placeholder 필터] 오비히로 1경주 쌍승 껍데기 배당 7조합 제외(값: [126.5, 166.5])
[잔존마 필터] 오비히로 1경주: 전적 9두 → 배당 출전마 8두 (배당 없는 마번 제외: [3])
[각질편성] 오비히로 1경주: 선행0·선입0·추입0 → 🐌 느린 페이스
[자동분석·배경] 오비히로 1경주: 마감 554초 전 재분석(rec_history 누적·horse)
[각질편성] 사세보 9경주: 선행2·선입0·추입5 → 보통 페이스
[경륜전개] 사세보 9경주: 슬로우(단독 선행) · 라인 2개 · 페어 [[2, 5], [7, 3]]
[각질편성] 오다와라 9경주: 선행2·선입0·추입7 → 보통 페이스
[경륜전개] 오다와라 9경주: 슬로우(단독 선행) · 라인 2개 · 페어 [[3, 9], [7, 1]]
[B라인 그물망] 오다와라 9경주: B라인[7, 1] 삼복승보험 [[1, 3, 7]] 추가
[카카오알림] 오다와라 9경주 T-7 → 큐 적재
[결과기록] 캐시 갱신 — 재파싱 2건 / 전체 1690건
[복승불일치 축교정] 사세보 2경주: 축 [2, 7]로 교정(자금이탈 강등 [1]·🔴🔴)
[잔존마 필터] 삿포로 9경주: 전적 11두 → 배당 출전마 6두 (배당 없는 마번 제외: [7, 8, 9, 10, 11])
[잔존마 필터] 삿포로 9경주: 전적 11두 → 배당 출전마 6두 (배당 없는 마번 제외: [7, 8, 9, 10, 11])
[각질편성] 삿포로 9경주: 선행0·선입0·추입0 → 🐌 느린 페이스
[각질편성] 삿포로 9경주: 선행0·선입0·추입0 → 🐌 느린 페이스
[복승불일치 축교정] 기후 2경주: 축 [3, 4]로 교정(자금이탈 강등 [6]·🔴🔴)
[복승불일치 축교정] 사세보 3경주: 축 [1, 5]로 교정(자금이탈 강등 [7]·🔴🔴)
[복승불일치 축교정] 오다와라 3경주: 축 [3, 9]로 교정(자금이탈 강등 [1]·🔴)
[복승불일치 축교정] 기후 3경주: 축 [5, 7]로 교정(자금이탈 강등 [4]·🔴🔴)
[복승불일치 축교정] 사세보 4경주: 축 [1, 4]로 교정(자금이탈 강등 [7]·🔴🔴)
[placeholder 필터] 오다와라 4경주 쌍승 껍데기 배당 4조합 제외(값: [859.9])
[복승불일치 축교정] 기후 4경주: 축 [1, 4]로 교정(자금이탈 강등 [2]·🔴🔴)
[각질편성] 오다와라 5경주: 선행3·선입0·추입6 → ⚡ 빠른 페이스
[경륜전개] 오다와라 5경주: 슬로우(단독 선행) · 라인 3개 · 페어 [[2, 5], [1, 8], [3, 7]]
[각질편성] 기후 5경주: 선행2·선입0·추입5 → 보통 페이스
[경륜전개] 기후 5경주: 보통 · 라인 2개 · 페어 [[1, 5], [3, 7]]
[각질편성] 사세보 6경주: 선행3·선입0·추입3 → ⚡ 빠른 페이스
[경륜전개] 사세보 6경주: 보통 · 라인 3개 · 페어 [[4, 2], [1, 5]]
[각질편성] 오다와라 6경주: 선행3·선입0·추입6 → ⚡ 빠른 페이스
[경륜전개] 오다와라 6경주: 보통 · 라인 3개 · 페어 [[1, 9], [5, 2], [8, 3]]
[각질편성] 기후 6경주: 선행1·선입0·추입5 → 🐌 느린 페이스
[경륜전개] 기후 6경주: 슬로우(단독 선행) · 라인 2개 · 페어 [[1, 2]]
[각질편성] 사세보 7경주: 선행2·선입0·추입5 → 보통 페이스
[경륜전개] 사세보 7경주: 보통 · 라인 2개 · 페어 [[5, 3], [6, 1]]
[각질편성] 오다와라 7경주: 선행3·선입0·추입6 → ⚡ 빠른 페이스
[경륜전개] 오다와라 7경주: 보통 · 라인 3개 · 페어 [[7, 2], [9, 1], [8, 3]]
[각질편성] 기후 7경주: 선행2·선입0·추입5 → 보통 페이스
[경륜전개] 기후 7경주: 슬로우(단독 선행) · 라인 2개 · 페어 [[3, 5], [4, 1]]
[각질편성] 사세보 8경주: 선행2·선입0·추입5 → 보통 페이스
[경륜전개] 사세보 8경주: 보통 · 라인 2개 · 페어 [[4, 1], [7, 3]]
[각질편성] 오다와라 8경주: 선행3·선입0·추입6 → ⚡ 빠른 페이스
[경륜전개] 오다와라 8경주: 슬로우(단독 선행) · 라인 3개 · 페어 [[1, 7], [3, 9], [2, 5]]
[각질편성] 기후 8경주: 선행1·선입0·추입6 → 🐌 느린 페이스
[경륜전개] 기후 8경주: 보통 · 라인 1개 · 페어 [[4, 7]]
[각질편성] 사세보 9경주: 선행2·선입0·추입5 → 보통 페이스
[경륜전개] 사세보 9경주: 슬로우(단독 선행) · 라인 2개 · 페어 [[2, 5], [7, 3]]
[각질편성] 오다와라 9경주: 선행2·선입0·추입7 → 보통 페이스
[경륜전개] 오다와라 9경주: 슬로우(단독 선행) · 라인 2개 · 페어 [[3, 9], [7, 1]]
[삼복승 축보험] 편성 스킵(무시): cannot access local variable '_tri_odds' where it is not associated with a value
[placeholder 필터] 오비히로 1경주 쌍승 껍데기 배당 7조합 제외(값: [126.5, 166.5])
[잔존마 필터] 오비히로 1경주: 전적 9두 → 배당 출전마 8두 (배당 없는 마번 제외: [3])
[각질편성] 오비히로 1경주: 선행0·선입0·추입0 → 🐌 느린 페이스
[잔존마 필터] 삿포로 9경주: 전적 11두 → 배당 출전마 6두 (배당 없는 마번 제외: [7, 8, 9, 10, 11])
[각질편성] 삿포로 9경주: 선행0·선입0·추입0 → 🐌 느린 페이스
[잔존마 필터] 삿포로 9경주: 전적 11두 → 배당 출전마 6두 (배당 없는 마번 제외: [7, 8, 9, 10, 11])
[각질편성] 삿포로 9경주: 선행0·선입0·추입0 → 🐌 느린 페이스
[3종 수집] 삿포로 9경주: {'quinella': 13, 'exacta': 0, 'trio': 0, 'win': 0} (history 12)
[잔존마 필터] 삿포로 9경주: 전적 11두 → 배당 출전마 6두 (배당 없는 마번 제외: [7, 8, 9, 10, 11])
[각질편성] 삿포로 9경주: 선행0·선입0·추입0 → 🐌 느린 페이스
[잔존마 필터] 삿포로 9경주: 전적 11두 → 배당 출전마 6두 (배당 없는 마번 제외: [7, 8, 9, 10, 11])
[각질편성] 삿포로 9경주: 선행0·선입0·추입0 → 🐌 느린 페이스
[잔존마 필터] 삿포로 9경주: 전적 11두 → 배당 출전마 6두 (배당 없는 마번 제외: [7, 8, 9, 10, 11])
[잔존마 필터] 삿포로 9경주: 전적 11두 → 배당 출전마 6두 (배당 없는 마번 제외: [7, 8, 9, 10, 11])
[각질편성] 삿포로 9경주: 선행0·선입0·추입0 → 🐌 느린 페이스
[각질편성] 삿포로 9경주: 선행0·선입0·추입0 → 🐌 느린 페이스
[3종 수집] 오비히로 1경주: {'quinella': 28, 'exacta': 56, 'trio': 56, 'win': 8} (history 3)
[3종 수집] 오다와라 9경주: {'quinella': 36, 'exacta': 72, 'trio': 0, 'win': 0} (history 6)
[각질편성] 오다와라 9경주: 선행2·선입0·추입7 → 보통 페이스
[경륜전개] 오다와라 9경주: 슬로우(단독 선행) · 라인 2개 · 페어 [[3, 9], [7, 1]]
[B라인 그물망] 오다와라 9경주: B라인[7, 1] 삼복승보험 [[1, 3, 7]] 추가
[자동분석·배경] 오다와라 9경주: 마감 397초 전 재분석(rec_history 누적·cycle)
[placeholder 필터] 오비히로 1경주 쌍승 껍데기 배당 3조합 제외(값: [131.9])
[잔존마 필터] 오비히로 1경주: 전적 9두 → 배당 출전마 8두 (배당 없는 마번 제외: [3])
[각질편성] 오비히로 1경주: 선행0·선입0·추입0 → 🐌 느린 페이스
[자동분석·배경] 오비히로 1경주: 마감 517초 전 재분석(rec_history 누적·horse)
[잔존마 필터] 삿포로 9경주: 전적 11두 → 배당 출전마 6두 (배당 없는 마번 제외: [7, 8, 9, 10, 11])
[각질편성] 삿포로 9경주: 선행0·선입0·추입0 → 🐌 느린 페이스
[3종 수집] 삿포로 9경주: {'quinella': 13, 'exacta': 0, 'trio': 0, 'win': 0} (history 12)
[잔존마 필터] 삿포로 9경주: 전적 11두 → 배당 출전마 6두 (배당 없는 마번 제외: [7, 8, 9, 10, 11])
[각질편성] 삿포로 9경주: 선행0·선입0·추입0 → 🐌 느린 페이스
[잔존마 필터] 삿포로 9경주: 전적 11두 → 배당 출전마 6두 (배당 없는 마번 제외: [7, 8, 9, 10, 11])
[각질편성] 삿포로 9경주: 선행0·선입0·추입0 → 🐌 느린 페이스
[잔존마 필터] 삿포로 9경주: 전적 11두 → 배당 출전마 6두 (배당 없는 마번 제외: [7, 8, 9, 10, 11])
[잔존마 필터] 삿포로 9경주: 전적 11두 → 배당 출전마 6두 (배당 없는 마번 제외: [7, 8, 9, 10, 11])
[잔존마 필터] 삿포로 9경주: 전적 11두 → 배당 출전마 6두 (배당 없는 마번 제외: [7, 8, 9, 10, 11])
[각질편성] 삿포로 9경주: 선행0·선입0·추입0 → 🐌 느린 페이스
[각질편성] 삿포로 9경주: 선행0·선입0·추입0 → 🐌 느린 페이스
[각질편성] 삿포로 9경주: 선행0·선입0·추입0 → 🐌 느린 페이스
[잔존마 필터] 삿포로 9경주: 전적 11두 → 배당 출전마 6두 (배당 없는 마번 제외: [7, 8, 9, 10, 11])
[복승불일치 축교정] 아오모리 4경주: 축 [1, 4]로 교정(자금이탈 강등 [7]·🔴🔴)
[잔존마 필터] 삿포로 9경주: 전적 11두 → 배당 출전마 6두 (배당 없는 마번 제외: [7, 8, 9, 10, 11])
[잔존마 필터] 삿포로 9경주: 전적 11두 → 배당 출전마 6두 (배당 없는 마번 제외: [7, 8, 9, 10, 11])
[각질편성] 삿포로 9경주: 선행0·선입0·추입0 → 🐌 느린 페이스
[각질편성] 삿포로 9경주: 선행0·선입0·추입0 → 🐌 느린 페이스
[각질편성] 삿포로 9경주: 선행0·선입0·추입0 → 🐌 느린 페이스
[한국 전적] 삿포로 9경주: 11두 저장(PDF, 전적 11두)
[잔존마 필터] 삿포로 9경주: 전적 11두 → 배당 출전마 6두 (배당 없는 마번 제외: [7, 8, 9, 10, 11])
[각질편성] 삿포로 9경주: 선행0·선입0·추입0 → 🐌 느린 페이스
[복승불일치 축교정] 아오모리 5경주: 축 [1, 3]로 교정(자금이탈 강등 [6]·🔴)
[placeholder 필터] 호후 6경주 쌍승 껍데기 배당 3조합 제외(값: [300.2])
[복승불일치 축교정] 호후 6경주: 축 [1, 5]로 교정(자금이탈 강등 [7]·🔴)
[placeholder 필터] 아오모리 7경주 쌍승 껍데기 배당 3조합 제외(값: [1703.0])
[복승불일치 축교정] 호후 7경주: 축 [2, 5]로 교정(자금이탈 강등 [1]·🔴🔴)
[한국이력 검역] 거부 — 파일=서울 9R / 본문 raceKey=삿포로 9경주 (경마장 불일치)
[복승불일치 축교정] 사세보 2경주: 축 [2, 7]로 교정(자금이탈 강등 [1]·🔴🔴)
[복승불일치 축교정] 기후 2경주: 축 [3, 4]로 교정(자금이탈 강등 [6]·🔴🔴)
[복승불일치 축교정] 사세보 3경주: 축 [1, 5]로 교정(자금이탈 강등 [7]·🔴🔴)
[결과기록] 캐시 갱신 — 재파싱 2건 / 전체 1690건
[복승불일치 축교정] 오다와라 3경주: 축 [3, 9]로 교정(자금이탈 강등 [1]·🔴)
[복승불일치 축교정] 기후 3경주: 축 [5, 7]로 교정(자금이탈 강등 [4]·🔴🔴)
[복승불일치 축교정] 사세보 4경주: 축 [1, 4]로 교정(자금이탈 강등 [7]·🔴🔴)
[잔존마 필터] 삿포로 9경주: 전적 11두 → 배당 출전마 6두 (배당 없는 마번 제외: [7, 8, 9, 10, 11])
[잔존마 필터] 삿포로 9경주: 전적 11두 → 배당 출전마 6두 (배당 없는 마번 제외: [7, 8, 9, 10, 11])
[각질편성] 삿포로 9경주: 선행0·선입0·추입0 → 🐌 느린 페이스
[각질편성] 삿포로 9경주: 선행0·선입0·추입0 → 🐌 느린 페이스
[placeholder 필터] 오다와라 4경주 쌍승 껍데기 배당 4조합 제외(값: [859.9])
[복승불일치 축교정] 기후 4경주: 축 [1, 4]로 교정(자금이탈 강등 [2]·🔴🔴)
[각질편성] 오다와라 5경주: 선행3·선입0·추입6 → ⚡ 빠른 페이스
[경륜전개] 오다와라 5경주: 슬로우(단독 선행) · 라인 3개 · 페어 [[2, 5], [1, 8], [3, 7]]
[각질편성] 기후 5경주: 선행2·선입0·추입5 → 보통 페이스
[경륜전개] 기후 5경주: 보통 · 라인 2개 · 페어 [[1, 5], [3, 7]]
[각질편성] 사세보 6경주: 선행3·선입0·추입3 → ⚡ 빠른 페이스
[경륜전개] 사세보 6경주: 보통 · 라인 3개 · 페어 [[4, 2], [1, 5]]
[각질편성] 오다와라 6경주: 선행3·선입0·추입6 → ⚡ 빠른 페이스
[경륜전개] 오다와라 6경주: 보통 · 라인 3개 · 페어 [[1, 9], [5, 2], [8, 3]]
[각질편성] 기후 6경주: 선행1·선입0·추입5 → 🐌 느린 페이스
[경륜전개] 기후 6경주: 슬로우(단독 선행) · 라인 2개 · 페어 [[1, 2]]
[각질편성] 사세보 7경주: 선행2·선입0·추입5 → 보통 페이스
[경륜전개] 사세보 7경주: 보통 · 라인 2개 · 페어 [[5, 3], [6, 1]]
[각질편성] 오다와라 7경주: 선행3·선입0·추입6 → ⚡ 빠른 페이스
[경륜전개] 오다와라 7경주: 보통 · 라인 3개 · 페어 [[7, 2], [9, 1], [8, 3]]
[3종 수집] 오다와라 9경주: {'quinella': 36, 'exacta': 72, 'trio': 0, 'win': 0} (history 7)
[각질편성] 기후 7경주: 선행2·선입0·추입5 → 보통 페이스
[경륜전개] 기후 7경주: 슬로우(단독 선행) · 라인 2개 · 페어 [[3, 5], [4, 1]]
[각질편성] 사세보 8경주: 선행2·선입0·추입5 → 보통 페이스
[경륜전개] 사세보 8경주: 보통 · 라인 2개 · 페어 [[4, 1], [7, 3]]
[3종 수집] 오비히로 1경주: {'quinella': 28, 'exacta': 56, 'trio': 56, 'win': 8} (history 4)
[각질편성] 오다와라 8경주: 선행3·선입0·추입6 → ⚡ 빠른 페이스
[경륜전개] 오다와라 8경주: 슬로우(단독 선행) · 라인 3개 · 페어 [[1, 7], [3, 9], [2, 5]]
[각질편성] 기후 8경주: 선행1·선입0·추입6 → 🐌 느린 페이스
[경륜전개] 기후 8경주: 보통 · 라인 1개 · 페어 [[4, 7]]
[각질편성] 오다와라 9경주: 선행2·선입0·추입7 → 보통 페이스
[경륜전개] 오다와라 9경주: 슬로우(단독 선행) · 라인 2개 · 페어 [[3, 9], [7, 1]]
[각질편성] 사세보 9경주: 선행2·선입0·추입5 → 보통 페이스
[경륜전개] 사세보 9경주: 슬로우(단독 선행) · 라인 2개 · 페어 [[2, 5], [7, 3]]
[복병 이동 상한] 3+5 57.0배 > 특별상한 50.0배 → 💎 노출 제외(참고)
[경륜 추천 모순 수정] 고배당 강제조합 2건 메인→복병 이동(25배 상한)
[B라인 그물망] 오다와라 9경주: B라인[7, 1] 삼복승보험 [[1, 5, 7]] 추가
[자동분석·배경] 오다와라 9경주: 마감 363초 전 재분석(rec_history 누적·cycle)
[placeholder 필터] 오비히로 1경주 쌍승 껍데기 배당 3조합 제외(값: [131.9])
[잔존마 필터] 오비히로 1경주: 전적 9두 → 배당 출전마 8두 (배당 없는 마번 제외: [3])
[각질편성] 오비히로 1경주: 선행0·선입0·추입0 → 🐌 느린 페이스
[각질편성] 오다와라 9경주: 선행2·선입0·추입7 → 보통 페이스
[경륜전개] 오다와라 9경주: 슬로우(단독 선행) · 라인 2개 · 페어 [[3, 9], [7, 1]]
[B라인 그물망] 오다와라 9경주: B라인[7, 1] 삼복승보험 [[1, 3, 7]] 추가
[자동분석·배경] 오비히로 1경주: 마감 483초 전 재분석(rec_history 누적·horse)
[placeholder 필터] 오비히로 1경주 쌍승 껍데기 배당 3조합 제외(값: [131.9])
[잔존마 필터] 오비히로 1경주: 전적 9두 → 배당 출전마 8두 (배당 없는 마번 제외: [3])
[각질편성] 오비히로 1경주: 선행0·선입0·추입0 → 🐌 느린 페이스
[잔존마 필터] 삿포로 9경주: 전적 11두 → 배당 출전마 6두 (배당 없는 마번 제외: [7, 8, 9, 10, 11])
[각질편성] 삿포로 9경주: 선행0·선입0·추입0 → 🐌 느린 페이스
[잔존마 필터] 삿포로 9경주: 전적 11두 → 배당 출전마 6두 (배당 없는 마번 제외: [7, 8, 9, 10, 11])
[각질편성] 삿포로 9경주: 선행0·선입0·추입0 → 🐌 느린 페이스
[3종 수집] 삿포로 9경주: {'quinella': 13, 'exacta': 0, 'trio': 0, 'win': 0} (history 12)
[잔존마 필터] 삿포로 9경주: 전적 11두 → 배당 출전마 6두 (배당 없는 마번 제외: [7, 8, 9, 10, 11])
[각질편성] 삿포로 9경주: 선행0·선입0·추입0 → 🐌 느린 페이스
[잔존마 필터] 삿포로 9경주: 전적 11두 → 배당 출전마 6두 (배당 없는 마번 제외: [7, 8, 9, 10, 11])
[각질편성] 삿포로 9경주: 선행0·선입0·추입0 → 🐌 느린 페이스
[잔존마 필터] 삿포로 9경주: 전적 11두 → 배당 출전마 6두 (배당 없는 마번 제외: [7, 8, 9, 10, 11])
[각질편성] 삿포로 9경주: 선행0·선입0·추입0 → 🐌 느린 페이스
[3종 수집] 오다와라 9경주: {'quinella': 36, 'exacta': 72, 'trio': 0, 'win': 0} (history 8)
[3종 수집] 오비히로 1경주: {'quinella': 28, 'exacta': 56, 'trio': 56, 'win': 8} (history 5)
[placeholder 필터] 오다와라 9경주 쌍승 껍데기 배당 3조합 제외(값: [523.2])
[각질편성] 오다와라 9경주: 선행2·선입0·추입7 → 보통 페이스
[경륜전개] 오다와라 9경주: 슬로우(단독 선행) · 라인 2개 · 페어 [[3, 9], [7, 1]]
[복병 이동 상한] 3+5 57.0배 > 특별상한 50.0배 → 💎 노출 제외(참고)
[경륜 추천 모순 수정] 고배당 강제조합 2건 메인→복병 이동(25배 상한)
[B라인 그물망] 오다와라 9경주: B라인[7, 1] 삼복승보험 [[1, 5, 7]] 추가
[자동분석·배경] 오다와라 9경주: 마감 328초 전 재분석(rec_history 누적·cycle)
[placeholder 필터] 오비히로 1경주 쌍승 껍데기 배당 3조합 제외(값: [131.9])
[잔존마 필터] 오비히로 1경주: 전적 9두 → 배당 출전마 8두 (배당 없는 마번 제외: [3])
[각질편성] 오비히로 1경주: 선행0·선입0·추입0 → 🐌 느린 페이스
[자동분석·배경] 오비히로 1경주: 마감 448초 전 재분석(rec_history 누적·horse)
[placeholder 필터] 오다와라 9경주 쌍승 껍데기 배당 3조합 제외(값: [523.2])
[각질편성] 오다와라 9경주: 선행2·선입0·추입7 → 보통 페이스
[경륜전개] 오다와라 9경주: 슬로우(단독 선행) · 라인 2개 · 페어 [[3, 9], [7, 1]]
[복병 이동 상한] 3+5 57.0배 > 특별상한 50.0배 → 💎 노출 제외(참고)
[경륜 추천 모순 수정] 고배당 강제조합 2건 메인→복병 이동(25배 상한)
[B라인 그물망] 오다와라 9경주: B라인[7, 1] 삼복승보험 [[1, 5, 7]] 추가
[잔존마 필터] 삿포로 9경주: 전적 11두 → 배당 출전마 6두 (배당 없는 마번 제외: [7, 8, 9, 10, 11])
[잔존마 필터] 삿포로 9경주: 전적 11두 → 배당 출전마 6두 (배당 없는 마번 제외: [7, 8, 9, 10, 11])
[각질편성] 삿포로 9경주: 선행0·선입0·추입0 → 🐌 느린 페이스
[각질편성] 삿포로 9경주: 선행0·선입0·추입0 → 🐌 느린 페이스
[카카오알림] 오다와라 9경주 T-5 → 큐 적재
[placeholder 필터] 오비히로 1경주 쌍승 껍데기 배당 3조합 제외(값: [131.9])
[잔존마 필터] 오비히로 1경주: 전적 9두 → 배당 출전마 8두 (배당 없는 마번 제외: [3])
[각질편성] 오비히로 1경주: 선행0·선입0·추입0 → 🐌 느린 페이스
[카카오알림] 오비히로 1경주 T-7 → 큐 적재
[잔존마 필터] 삿포로 9경주: 전적 11두 → 배당 출전마 6두 (배당 없는 마번 제외: [7, 8, 9, 10, 11])
[각질편성] 삿포로 9경주: 선행0·선입0·추입0 → 🐌 느린 페이스
[잔존마 필터] 삿포로 9경주: 전적 11두 → 배당 출전마 6두 (배당 없는 마번 제외: [7, 8, 9, 10, 11])
[각질편성] 삿포로 9경주: 선행0·선입0·추입0 → 🐌 느린 페이스
[잔존마 필터] 삿포로 9경주: 전적 11두 → 배당 출전마 6두 (배당 없는 마번 제외: [7, 8, 9, 10, 11])
[각질편성] 삿포로 9경주: 선행0·선입0·추입0 → 🐌 느린 페이스
[잔존마 필터] 삿포로 9경주: 전적 11두 → 배당 출전마 6두 (배당 없는 마번 제외: [7, 8, 9, 10, 11])
[각질편성] 삿포로 9경주: 선행0·선입0·추입0 → 🐌 느린 페이스
[복승불일치 축교정] 아오모리 4경주: 축 [1, 4]로 교정(자금이탈 강등 [7]·🔴🔴)
[잔존마 필터] 삿포로 9경주: 전적 11두 → 배당 출전마 6두 (배당 없는 마번 제외: [7, 8, 9, 10, 11])
[각질편성] 삿포로 9경주: 선행0·선입0·추입0 → 🐌 느린 페이스
[잔존마 필터] 삿포로 9경주: 전적 11두 → 배당 출전마 6두 (배당 없는 마번 제외: [7, 8, 9, 10, 11])
[잔존마 필터] 삿포로 9경주: 전적 11두 → 배당 출전마 6두 (배당 없는 마번 제외: [7, 8, 9, 10, 11])
[각질편성] 삿포로 9경주: 선행0·선입0·추입0 → 🐌 느린 페이스
[각질편성] 삿포로 9경주: 선행0·선입0·추입0 → 🐌 느린 페이스
[한국 전적] 삿포로 9경주: 11두 저장(PDF, 전적 11두)
[잔존마 필터] 삿포로 9경주: 전적 11두 → 배당 출전마 6두 (배당 없는 마번 제외: [7, 8, 9, 10, 11])
[각질편성] 삿포로 9경주: 선행0·선입0·추입0 → 🐌 느린 페이스
[복승불일치 축교정] 아오모리 5경주: 축 [1, 3]로 교정(자금이탈 강등 [6]·🔴)
[placeholder 필터] 호후 6경주 쌍승 껍데기 배당 3조합 제외(값: [300.2])
[복승불일치 축교정] 호후 6경주: 축 [1, 5]로 교정(자금이탈 강등 [7]·🔴)
⚠️ [수신값 검증] 삿포로 9경주 · 조합수 급감(직전 13→9) → 이 틱 급락 계산 보류(배당은 저장)
[3종 수집] 삿포로 9경주: {'quinella': 9, 'exacta': 0, 'trio': 0, 'win': 0} (history 12)
[placeholder 필터] 아오모리 7경주 쌍승 껍데기 배당 3조합 제외(값: [1703.0])
[잔존마 필터] 삿포로 9경주: 전적 11두 → 배당 출전마 5두 (배당 없는 마번 제외: [6, 7, 8, 9, 10, 11])
[각질편성] 삿포로 9경주: 선행0·선입0·추입0 → 🐌 느린 페이스
[복승불일치 축교정] 호후 7경주: 축 [2, 5]로 교정(자금이탈 강등 [1]·🔴🔴)
[한국이력 검역] 거부 — 파일=서울 9R / 본문 raceKey=삿포로 9경주 (경마장 불일치)
[복승불일치 축교정] 사세보 2경주: 축 [2, 7]로 교정(자금이탈 강등 [1]·🔴🔴)
[복승불일치 축교정] 기후 2경주: 축 [3, 4]로 교정(자금이탈 강등 [6]·🔴🔴)
[복승불일치 축교정] 사세보 3경주: 축 [1, 5]로 교정(자금이탈 강등 [7]·🔴🔴)
[결과기록] 캐시 갱신 — 재파싱 2건 / 전체 1690건
[복승불일치 축교정] 오다와라 3경주: 축 [3, 9]로 교정(자금이탈 강등 [1]·🔴)
[복승불일치 축교정] 기후 3경주: 축 [5, 7]로 교정(자금이탈 강등 [4]·🔴🔴)
[잔존마 필터] 삿포로 9경주: 전적 11두 → 배당 출전마 5두 (배당 없는 마번 제외: [6, 7, 8, 9, 10, 11])
[각질편성] 삿포로 9경주: 선행0·선입0·추입0 → 🐌 느린 페이스
[복승불일치 축교정] 사세보 4경주: 축 [1, 4]로 교정(자금이탈 강등 [7]·🔴🔴)
[placeholder 필터] 오다와라 4경주 쌍승 껍데기 배당 4조합 제외(값: [859.9])
[복승불일치 축교정] 기후 4경주: 축 [1, 4]로 교정(자금이탈 강등 [2]·🔴🔴)
[각질편성] 오다와라 5경주: 선행3·선입0·추입6 → ⚡ 빠른 페이스
[경륜전개] 오다와라 5경주: 슬로우(단독 선행) · 라인 3개 · 페어 [[2, 5], [1, 8], [3, 7]]
[각질편성] 기후 5경주: 선행2·선입0·추입5 → 보통 페이스
[경륜전개] 기후 5경주: 보통 · 라인 2개 · 페어 [[1, 5], [3, 7]]
[각질편성] 사세보 6경주: 선행3·선입0·추입3 → ⚡ 빠른 페이스
[경륜전개] 사세보 6경주: 보통 · 라인 3개 · 페어 [[4, 2], [1, 5]]
[각질편성] 오다와라 6경주: 선행3·선입0·추입6 → ⚡ 빠른 페이스
[경륜전개] 오다와라 6경주: 보통 · 라인 3개 · 페어 [[1, 9], [5, 2], [8, 3]]
[각질편성] 기후 6경주: 선행1·선입0·추입5 → 🐌 느린 페이스
[경륜전개] 기후 6경주: 슬로우(단독 선행) · 라인 2개 · 페어 [[1, 2]]
[각질편성] 사세보 7경주: 선행2·선입0·추입5 → 보통 페이스
[경륜전개] 사세보 7경주: 보통 · 라인 2개 · 페어 [[5, 3], [6, 1]]
[각질편성] 오다와라 7경주: 선행3·선입0·추입6 → ⚡ 빠른 페이스
[경륜전개] 오다와라 7경주: 보통 · 라인 3개 · 페어 [[7, 2], [9, 1], [8, 3]]
[각질편성] 기후 7경주: 선행2·선입0·추입5 → 보통 페이스
[경륜전개] 기후 7경주: 슬로우(단독 선행) · 라인 2개 · 페어 [[3, 5], [4, 1]]
[각질편성] 사세보 8경주: 선행2·선입0·추입5 → 보통 페이스
[경륜전개] 사세보 8경주: 보통 · 라인 2개 · 페어 [[4, 1], [7, 3]]
[각질편성] 오다와라 8경주: 선행3·선입0·추입6 → ⚡ 빠른 페이스
[경륜전개] 오다와라 8경주: 슬로우(단독 선행) · 라인 3개 · 페어 [[1, 7], [3, 9], [2, 5]]
[각질편성] 기후 8경주: 선행1·선입0·추입6 → 🐌 느린 페이스
[경륜전개] 기후 8경주: 보통 · 라인 1개 · 페어 [[4, 7]]
[각질편성] 사세보 9경주: 선행2·선입0·추입5 → 보통 페이스
[경륜전개] 사세보 9경주: 슬로우(단독 선행) · 라인 2개 · 페어 [[2, 5], [7, 3]]
[placeholder 필터] 오다와라 9경주 쌍승 껍데기 배당 3조합 제외(값: [523.2])
[각질편성] 오다와라 9경주: 선행2·선입0·추입7 → 보통 페이스
[경륜전개] 오다와라 9경주: 슬로우(단독 선행) · 라인 2개 · 페어 [[3, 9], [7, 1]]
[복병 이동 상한] 3+5 57.0배 > 특별상한 50.0배 → 💎 노출 제외(참고)
[경륜 추천 모순 수정] 고배당 강제조합 2건 메인→복병 이동(25배 상한)
[B라인 그물망] 오다와라 9경주: B라인[7, 1] 삼복승보험 [[1, 5, 7]] 추가
[placeholder 필터] 오비히로 1경주 쌍승 껍데기 배당 3조합 제외(값: [131.9])
[잔존마 필터] 오비히로 1경주: 전적 9두 → 배당 출전마 8두 (배당 없는 마번 제외: [3])
[각질편성] 오비히로 1경주: 선행0·선입0·추입0 → 🐌 느린 페이스
[잔존마 필터] 삿포로 9경주: 전적 11두 → 배당 출전마 5두 (배당 없는 마번 제외: [6, 7, 8, 9, 10, 11])
[각질편성] 삿포로 9경주: 선행0·선입0·추입0 → 🐌 느린 페이스
[잔존마 필터] 삿포로 9경주: 전적 11두 → 배당 출전마 5두 (배당 없는 마번 제외: [6, 7, 8, 9, 10, 11])
[각질편성] 삿포로 9경주: 선행0·선입0·추입0 → 🐌 느린 페이스
[3종 수집] 오다와라 9경주: {'quinella': 36, 'exacta': 72, 'trio': 0, 'win': 0} (history 9)
[3종 수집] 오비히로 1경주: {'quinella': 28, 'exacta': 56, 'trio': 56, 'win': 8} (history 6)
[placeholder 필터] 오다와라 9경주 쌍승 껍데기 배당 3조합 제외(값: [523.2])
[각질편성] 오다와라 9경주: 선행2·선입0·추입7 → 보통 페이스
[경륜전개] 오다와라 9경주: 슬로우(단독 선행) · 라인 2개 · 페어 [[3, 9], [7, 1]]
[경륜 추천 모순 수정] 고배당 강제조합 1건 메인→복병 이동(25배 상한)
[삼복승 축보험] 편성 스킵(무시): cannot access local variable '_tri_odds' where it is not associated with a value
[자동예상] 오다와라 9경주 최종예상 저장(2026_08_01_오다와라_9경주.json)
[placeholder 필터] 오다와라 9경주 쌍승 껍데기 배당 3조합 제외(값: [523.2])
[각질편성] 오다와라 9경주: 선행2·선입0·추입7 → 보통 페이스
[경륜전개] 오다와라 9경주: 슬로우(단독 선행) · 라인 2개 · 페어 [[3, 9], [7, 1]]
[경륜 추천 모순 수정] 고배당 강제조합 1건 메인→복병 이동(25배 상한)
[삼복승 축보험] 편성 스킵(무시): cannot access local variable '_tri_odds' where it is not associated with a value
[자동분석·배경] 오다와라 9경주: 마감 294초 전 재분석(rec_history 누적·cycle)
[잔존마 필터] 오비히로 1경주: 전적 9두 → 배당 출전마 8두 (배당 없는 마번 제외: [3])
[각질편성] 오비히로 1경주: 선행0·선입0·추입0 → 🐌 느린 페이스
[자동분석·배경] 오비히로 1경주: 마감 414초 전 재분석(rec_history 누적·horse)
[잔존마 필터] 오비히로 1경주: 전적 9두 → 배당 출전마 8두 (배당 없는 마번 제외: [3])
[각질편성] 오비히로 1경주: 선행0·선입0·추입0 → 🐌 느린 페이스
[스냅샷] 저장: 2026_08_01_오비히로_1경주_T-10.png (433 KB · T-10)
[잔존마 필터] 오비히로 1경주: 전적 9두 → 배당 출전마 8두 (배당 없는 마번 제외: [3])
[각질편성] 오비히로 1경주: 선행0·선입0·추입0 → 🐌 느린 페이스
[잔존마 필터] 오비히로 1경주: 전적 9두 → 배당 출전마 8두 (배당 없는 마번 제외: [3])
[각질편성] 오비히로 1경주: 선행0·선입0·추입0 → 🐌 느린 페이스
[JRA결과] 삿포로 9경주 착순 [7, 5, 1] · 복승 5560円 · 삼복승 12110円
[JRA결과] 1경주 저장 · 0경주 미확정(재시도 대기)
[3종 수집] 오다와라 9경주: {'quinella': 36, 'exacta': 72, 'trio': 0, 'win': 0} (history 10)
[잔존마 필터] 오비히로 1경주: 전적 9두 → 배당 출전마 8두 (배당 없는 마번 제외: [3])
[각질편성] 오비히로 1경주: 선행0·선입0·추입0 → 🐌 느린 페이스
[3종 수집] 오비히로 1경주: {'quinella': 28, 'exacta': 56, 'trio': 56, 'win': 8} (history 7)
[placeholder 필터] 오다와라 9경주 쌍승 껍데기 배당 3조합 제외(값: [523.2])
[각질편성] 오다와라 9경주: 선행2·선입0·추입7 → 보통 페이스
[경륜전개] 오다와라 9경주: 슬로우(단독 선행) · 라인 2개 · 페어 [[3, 9], [7, 1]]
[복병 이동 상한] 3+5 62.3배 > 특별상한 50.0배 → 💎 노출 제외(참고)
[경륜 추천 모순 수정] 고배당 강제조합 2건 메인→복병 이동(25배 상한)
[B라인 그물망] 오다와라 9경주: B라인[7, 1] 삼복승보험 [[1, 5, 7]] 추가
[자동분석·배경] 오다와라 9경주: 마감 261초 전 재분석(rec_history 누적·cycle)
[카톡 변경알림·즉시] 오다와라 9경주 (남은 261s): 복승 추가: 1+7 / 복승 제외: 1+9 / 삼복승 제외: 1+3+9 · 1+8+9
[잔존마 필터] 삿포로 9경주: 전적 11두 → 배당 출전마 5두 (배당 없는 마번 제외: [6, 7, 8, 9, 10, 11])
[각질편성] 삿포로 9경주: 선행0·선입0·추입0 → 🐌 느린 페이스
[잔존마 필터] 삿포로 9경주: 전적 11두 → 배당 출전마 5두 (배당 없는 마번 제외: [6, 7, 8, 9, 10, 11])
[각질편성] 삿포로 9경주: 선행0·선입0·추입0 → 🐌 느린 페이스
[잔존마 필터] 삿포로 9경주: 전적 11두 → 배당 출전마 5두 (배당 없는 마번 제외: [6, 7, 8, 9, 10, 11])
[각질편성] 삿포로 9경주: 선행0·선입0·추입0 → 🐌 느린 페이스
[복승불일치 축교정] 아오모리 4경주: 축 [1, 4]로 교정(자금이탈 강등 [7]·🔴🔴)
[잔존마 필터] 삿포로 9경주: 전적 11두 → 배당 출전마 5두 (배당 없는 마번 제외: [6, 7, 8, 9, 10, 11])
[잔존마 필터] 오비히로 1경주: 전적 9두 → 배당 출전마 8두 (배당 없는 마번 제외: [3])
[잔존마 필터] 삿포로 9경주: 전적 11두 → 배당 출전마 5두 (배당 없는 마번 제외: [6, 7, 8, 9, 10, 11])
[잔존마 필터] 삿포로 9경주: 전적 11두 → 배당 출전마 5두 (배당 없는 마번 제외: [6, 7, 8, 9, 10, 11])
[각질편성] 삿포로 9경주: 선행0·선입0·추입0 → 🐌 느린 페이스
[각질편성] 오비히로 1경주: 선행0·선입0·추입0 → 🐌 느린 페이스
[각질편성] 삿포로 9경주: 선행0·선입0·추입0 → 🐌 느린 페이스
[각질편성] 삿포로 9경주: 선행0·선입0·추입0 → 🐌 느린 페이스
[한국 전적] 삿포로 9경주: 11두 저장(PDF, 전적 11두)
[잔존마 필터] 삿포로 9경주: 전적 11두 → 배당 출전마 5두 (배당 없는 마번 제외: [6, 7, 8, 9, 10, 11])
[각질편성] 삿포로 9경주: 선행0·선입0·추입0 → 🐌 느린 페이스
[복승불일치 축교정] 아오모리 5경주: 축 [1, 3]로 교정(자금이탈 강등 [6]·🔴)
[스냅샷] 저장: 2026_08_01_오비히로_1경주_T-10.png (566 KB · T-10)
[잔존마 필터] 오비히로 1경주: 전적 9두 → 배당 출전마 8두 (배당 없는 마번 제외: [3])
[각질편성] 오비히로 1경주: 선행0·선입0·추입0 → 🐌 느린 페이스
[잔존마 필터] 오비히로 1경주: 전적 9두 → 배당 출전마 8두 (배당 없는 마번 제외: [3])
[각질편성] 오비히로 1경주: 선행0·선입0·추입0 → 🐌 느린 페이스
[placeholder 필터] 호후 6경주 쌍승 껍데기 배당 3조합 제외(값: [300.2])
[복승불일치 축교정] 호후 6경주: 축 [1, 5]로 교정(자금이탈 강등 [7]·🔴)
[분석로그] 저장 실패: [WinError 2] 지정된 파일을 찾을 수 없습니다: 'C:\\Users\\Administrator\\Desktop\\경마분석서버\\data\\analysis_log\\2026_08_01_오비히로_1경주.json.tmp' -> 'C:\\Users\\Administrator\\Desktop\\경마분석서버\\data\\analysis_log\\2026_08_01_오비히로_1경주.json'
[placeholder 필터] 아오모리 7경주 쌍승 껍데기 배당 3조합 제외(값: [1703.0])
[복승불일치 축교정] 호후 7경주: 축 [2, 5]로 교정(자금이탈 강등 [1]·🔴🔴)
[결과기록] 캐시 갱신 — 재파싱 3건 / 전체 1690건
[복승불일치 축교정] 사세보 2경주: 축 [2, 7]로 교정(자금이탈 강등 [1]·🔴🔴)
[복승불일치 축교정] 기후 2경주: 축 [3, 4]로 교정(자금이탈 강등 [6]·🔴🔴)
[복승불일치 축교정] 사세보 3경주: 축 [1, 5]로 교정(자금이탈 강등 [7]·🔴🔴)
[복승불일치 축교정] 오다와라 3경주: 축 [3, 9]로 교정(자금이탈 강등 [1]·🔴)
[복승불일치 축교정] 기후 3경주: 축 [5, 7]로 교정(자금이탈 강등 [4]·🔴🔴)
[복승불일치 축교정] 사세보 4경주: 축 [1, 4]로 교정(자금이탈 강등 [7]·🔴🔴)
[placeholder 필터] 오다와라 4경주 쌍승 껍데기 배당 4조합 제외(값: [859.9])
[복승불일치 축교정] 기후 4경주: 축 [1, 4]로 교정(자금이탈 강등 [2]·🔴🔴)
[각질편성] 오다와라 5경주: 선행3·선입0·추입6 → ⚡ 빠른 페이스
[경륜전개] 오다와라 5경주: 슬로우(단독 선행) · 라인 3개 · 페어 [[2, 5], [1, 8], [3, 7]]
[각질편성] 기후 5경주: 선행2·선입0·추입5 → 보통 페이스
[경륜전개] 기후 5경주: 보통 · 라인 2개 · 페어 [[1, 5], [3, 7]]
[각질편성] 사세보 6경주: 선행3·선입0·추입3 → ⚡ 빠른 페이스
[경륜전개] 사세보 6경주: 보통 · 라인 3개 · 페어 [[4, 2], [1, 5]]
[각질편성] 오다와라 6경주: 선행3·선입0·추입6 → ⚡ 빠른 페이스
[경륜전개] 오다와라 6경주: 보통 · 라인 3개 · 페어 [[1, 9], [5, 2], [8, 3]]
[각질편성] 기후 6경주: 선행1·선입0·추입5 → 🐌 느린 페이스
[경륜전개] 기후 6경주: 슬로우(단독 선행) · 라인 2개 · 페어 [[1, 2]]
[각질편성] 사세보 7경주: 선행2·선입0·추입5 → 보통 페이스
[경륜전개] 사세보 7경주: 보통 · 라인 2개 · 페어 [[5, 3], [6, 1]]
[각질편성] 오다와라 7경주: 선행3·선입0·추입6 → ⚡ 빠른 페이스
[경륜전개] 오다와라 7경주: 보통 · 라인 3개 · 페어 [[7, 2], [9, 1], [8, 3]]
[각질편성] 기후 7경주: 선행2·선입0·추입5 → 보통 페이스
[경륜전개] 기후 7경주: 슬로우(단독 선행) · 라인 2개 · 페어 [[3, 5], [4, 1]]
[각질편성] 사세보 8경주: 선행2·선입0·추입5 → 보통 페이스
[경륜전개] 사세보 8경주: 보통 · 라인 2개 · 페어 [[4, 1], [7, 3]]
[각질편성] 오다와라 8경주: 선행3·선입0·추입6 → ⚡ 빠른 페이스
[경륜전개] 오다와라 8경주: 슬로우(단독 선행) · 라인 3개 · 페어 [[1, 7], [3, 9], [2, 5]]
[각질편성] 기후 8경주: 선행1·선입0·추입6 → 🐌 느린 페이스
[경륜전개] 기후 8경주: 보통 · 라인 1개 · 페어 [[4, 7]]
[각질편성] 사세보 9경주: 선행2·선입0·추입5 → 보통 페이스
[경륜전개] 사세보 9경주: 슬로우(단독 선행) · 라인 2개 · 페어 [[2, 5], [7, 3]]
[잔존마 필터] 오비히로 1경주: 전적 9두 → 배당 출전마 8두 (배당 없는 마번 제외: [3])
[각질편성] 오비히로 1경주: 선행0·선입0·추입0 → 🐌 느린 페이스
[placeholder 필터] 오다와라 9경주 쌍승 껍데기 배당 3조합 제외(값: [523.2])
[각질편성] 오다와라 9경주: 선행2·선입0·추입7 → 보통 페이스
[경륜전개] 오다와라 9경주: 슬로우(단독 선행) · 라인 2개 · 페어 [[3, 9], [7, 1]]
[복병 이동 상한] 3+5 62.3배 > 특별상한 50.0배 → 💎 노출 제외(참고)
[경륜 추천 모순 수정] 고배당 강제조합 2건 메인→복병 이동(25배 상한)
[B라인 그물망] 오다와라 9경주: B라인[7, 1] 삼복승보험 [[1, 5, 7]] 추가
[잔존마 필터] 오비히로 1경주: 전적 9두 → 배당 출전마 8두 (배당 없는 마번 제외: [3])
[각질편성] 오비히로 1경주: 선행0·선입0·추입0 → 🐌 느린 페이스
[잔존마 필터] 삿포로 9경주: 전적 11두 → 배당 출전마 5두 (배당 없는 마번 제외: [6, 7, 8, 9, 10, 11])
[각질편성] 삿포로 9경주: 선행0·선입0·추입0 → 🐌 느린 페이스
[잔존마 필터] 오비히로 1경주: 전적 9두 → 배당 출전마 8두 (배당 없는 마번 제외: [3])
[각질편성] 오비히로 1경주: 선행0·선입0·추입0 → 🐌 느린 페이스
[3종 수집] 오다와라 9경주: {'quinella': 36, 'exacta': 72, 'trio': 0, 'win': 0} (history 11)
[3종 수집] 오비히로 1경주: {'quinella': 28, 'exacta': 56, 'trio': 56, 'win': 8} (history 8)
[placeholder 필터] 오다와라 9경주 쌍승 껍데기 배당 3조합 제외(값: [174.5])
[각질편성] 오다와라 9경주: 선행2·선입0·추입7 → 보통 페이스
[경륜전개] 오다와라 9경주: 슬로우(단독 선행) · 라인 2개 · 페어 [[3, 9], [7, 1]]
[경륜 추천 모순 수정] 고배당 강제조합 1건 메인→복병 이동(25배 상한)
[자동분석·배경] 오다와라 9경주: 마감 227초 전 재분석(rec_history 누적·cycle)
[placeholder 필터] 오비히로 1경주 쌍승 껍데기 배당 3조합 제외(값: [160.6])
[placeholder 필터] 오비히로 1경주 쌍승 껍데기 배당 3조합 제외(값: [160.6])
[잔존마 필터] 오비히로 1경주: 전적 9두 → 배당 출전마 8두 (배당 없는 마번 제외: [3])
[잔존마 필터] 오비히로 1경주: 전적 9두 → 배당 출전마 8두 (배당 없는 마번 제외: [3])
[각질편성] 오비히로 1경주: 선행0·선입0·추입0 → 🐌 느린 페이스
[각질편성] 오비히로 1경주: 선행0·선입0·추입0 → 🐌 느린 페이스
[placeholder 필터] 오비히로 1경주 쌍승 껍데기 배당 3조합 제외(값: [160.6])
[잔존마 필터] 오비히로 1경주: 전적 9두 → 배당 출전마 8두 (배당 없는 마번 제외: [3])
[각질편성] 오비히로 1경주: 선행0·선입0·추입0 → 🐌 느린 페이스
[일본 결과 백필] 2026-08-01: 시도 1 · 성공 0 · 남음 1(결과 미게시·미지원장 가능)
🔴 [joCode 미등록] 오비히로 — 결과 백필·경주 흐름 수집이 **통째로 스킵**됩니다. RaceKekka.do 를 joCode 01~89 로 조회해 <title>의 ○○競輪 로 확정 후 KEIRIN_JO 에 추가하십시오.
📊 [채점] 기후 8경주: Gemini 2/3 ↔ 시장 2/3 · 놓침 [6]
📝 [복기] 기후 8경주: 6번은 준결승 성적이 양호했고, 코멘트에서 3번과 함께 '총력전'을 언급했음에도 불구하고, → 규칙(4): 코멘트에서 '총력전'이 언급된 추입형 C등급 경주마는 준결승 성적이 양호할 경우 상위권 진입 가능성을 높게 
[각질편성] 기후 8경주: 선행1·선입0·추입6 → 🐌 느린 페이스
[경륜전개] 기후 8경주: 보통 · 라인 1개 · 페어 [[4, 7]]
[신호별학습] 기후 8경주 · 활성신호 ['급락', '전적이중수렴'] · 유력마적중 복승=True 삼복승=True
[결과 수정] 기후 8경주: 기존 레코드 교체(재입력)
[복병케이스] 기후 8경주: 복병 4두 저장(입상 1)
[각질편성] 기후 8경주: 선행1·선입0·추입6 → 🐌 느린 페이스
[경륜전개] 기후 8경주: 보통 · 라인 1개 · 페어 [[4, 7]]
[placeholder 필터] 오비히로 1경주 쌍승 껍데기 배당 3조합 제외(값: [160.6])
[잔존마 필터] 오비히로 1경주: 전적 9두 → 배당 출전마 8두 (배당 없는 마번 제외: [3])
[각질편성] 오비히로 1경주: 선행0·선입0·추입0 → 🐌 느린 페이스
[readonly 잠금] 기후 8경주: 마감 확정 파일 — corePicks/시계열 보존, result/hit만 업데이트 허용
[마감 동결] 기후 8경주: 확정본 복원(출처 closed_row · 기준 14:12:30)
[패턴발견] 결과 1552경주 스캔 → 발견 패턴 9개(기준 적중률 35.4%)
[자동학습] 기후 8경주 결과 [4, 7, 6] → 추천적중 True, 급락적중 False, 전적유력마 1(실패), 제거적중 False
📊 [채점] 오다와라 8경주: Gemini 2/3 ↔ 시장 2/3 · 놓침 [4]
[다중경주] 하트비트 #131 · 스케줄 ymd=20260801 (-1초 전 갱신 · 트랙 12개)
📝 [복기] 오다와라 8경주: 4번 대崎는 최근 경기 성적이 꾸준히 4착 이내를 기록하고 있었으며, 강력한 라인 7번 하 → 규칙(4): 라인의 주축 선수의 각질과 선행 여부뿐 아니라, 해당 라인 후미 추입마의 최근 꾸준한 성적과 전개 이점을 함
[각질편성] 오다와라 8경주: 선행3·선입0·추입6 → ⚡ 빠른 페이스
[경륜전개] 오다와라 8경주: 슬로우(단독 선행) · 라인 3개 · 페어 [[1, 7], [3, 9], [2, 5]]
[3종 수집] 오비히로 1경주: {'quinella': 28, 'exacta': 56, 'trio': 56, 'win': 8} (history 9)
[잔존마 필터] 삿포로 9경주: 전적 11두 → 배당 출전마 5두 (배당 없는 마번 제외: [6, 7, 8, 9, 10, 11])
[각질편성] 삿포로 9경주: 선행0·선입0·추입0 → 🐌 느린 페이스
[잔존마 필터] 삿포로 9경주: 전적 11두 → 배당 출전마 5두 (배당 없는 마번 제외: [6, 7, 8, 9, 10, 11])
[각질편성] 삿포로 9경주: 선행0·선입0·추입0 → 🐌 느린 페이스
[복승불일치 축교정] 아오모리 4경주: 축 [1, 4]로 교정(자금이탈 강등 [7]·🔴🔴)
[잔존마 필터] 오비히로 1경주: 전적 9두 → 배당 출전마 8두 (배당 없는 마번 제외: [3])
[잔존마 필터] 오비히로 1경주: 전적 9두 → 배당 출전마 8두 (배당 없는 마번 제외: [3])
[각질편성] 오비히로 1경주: 선행0·선입0·추입0 → 🐌 느린 페이스
[각질편성] 오비히로 1경주: 선행0·선입0·추입0 → 🐌 느린 페이스
[잔존마 필터] 오비히로 1경주: 전적 9두 → 배당 출전마 8두 (배당 없는 마번 제외: [3])
[각질편성] 오비히로 1경주: 선행0·선입0·추입0 → 🐌 느린 페이스
[3종 수집] 오다와라 9경주: {'quinella': 36, 'exacta': 72, 'trio': 0, 'win': 0} (history 12)
[분석로그] 저장 실패: [WinError 32] 다른 프로세스가 파일을 사용 중이기 때문에 프로세스가 액세스 할 수 없습니다: 'C:\\Users\\Administrator\\Desktop\\경마분석서버\\data\\analysis_log\\2026_08_01_오비히로_1경주.json.tmp' -> 'C:\\Users\\Administrator\\Desktop\\경마분석서버\\data\\analysis_log\\2026_08_01_오비히로_1경주.json'
[복승불일치 축교정] 아오모리 5경주: 축 [1, 3]로 교정(자금이탈 강등 [6]·🔴)
[placeholder 필터] 오다와라 9경주 쌍승 껍데기 배당 3조합 제외(값: [174.5])
[각질편성] 오다와라 9경주: 선행2·선입0·추입7 → 보통 페이스
[신호별학습] 오다와라 8경주 · 활성신호 ['급락', '전적이중수렴'] · 유력마적중 복승=True 삼복승=True
[경륜전개] 오다와라 9경주: 슬로우(단독 선행) · 라인 2개 · 페어 [[3, 9], [7, 1]]
[경륜 추천 모순 수정] 고배당 강제조합 1건 메인→복병 이동(25배 상한)
[잔존마 필터] 오비히로 1경주: 전적 9두 → 배당 출전마 8두 (배당 없는 마번 제외: [3])
[잔존마 필터] 오비히로 1경주: 전적 9두 → 배당 출전마 8두 (배당 없는 마번 제외: [3])
[각질편성] 오비히로 1경주: 선행0·선입0·추입0 → 🐌 느린 페이스
[각질편성] 오비히로 1경주: 선행0·선입0·추입0 → 🐌 느린 페이스
[placeholder 필터] 호후 6경주 쌍승 껍데기 배당 3조합 제외(값: [300.2])
[자동분석·배경] 오다와라 9경주: 마감 195초 전 재분석(rec_history 누적·cycle)
[복승불일치 축교정] 호후 6경주: 축 [1, 5]로 교정(자금이탈 강등 [7]·🔴)
[잔존마 필터] 오비히로 1경주: 전적 9두 → 배당 출전마 8두 (배당 없는 마번 제외: [3])
[각질편성] 오비히로 1경주: 선행0·선입0·추입0 → 🐌 느린 페이스
[placeholder 필터] 아오모리 7경주 쌍승 껍데기 배당 3조합 제외(값: [1703.0])
[복병케이스] 오다와라 8경주: 복병 4두 저장(입상 1)
[카카오알림] 오비히로 1경주 T-5 → 큐 적재
[복승불일치 축교정] 호후 7경주: 축 [2, 5]로 교정(자금이탈 강등 [1]·🔴🔴)
[결과기록] 캐시 갱신 — 재파싱 3건 / 전체 1690건
[복승불일치 축교정] 사세보 2경주: 축 [2, 7]로 교정(자금이탈 강등 [1]·🔴🔴)
[복승불일치 축교정] 기후 2경주: 축 [3, 4]로 교정(자금이탈 강등 [6]·🔴🔴)
[복승불일치 축교정] 사세보 3경주: 축 [1, 5]로 교정(자금이탈 강등 [7]·🔴🔴)
[복승불일치 축교정] 오다와라 3경주: 축 [3, 9]로 교정(자금이탈 강등 [1]·🔴)
[복승불일치 축교정] 기후 3경주: 축 [5, 7]로 교정(자금이탈 강등 [4]·🔴🔴)
[복승불일치 축교정] 사세보 4경주: 축 [1, 4]로 교정(자금이탈 강등 [7]·🔴🔴)
[placeholder 필터] 오다와라 4경주 쌍승 껍데기 배당 4조합 제외(값: [859.9])
[복승불일치 축교정] 기후 4경주: 축 [1, 4]로 교정(자금이탈 강등 [2]·🔴🔴)
[각질편성] 오다와라 5경주: 선행3·선입0·추입6 → ⚡ 빠른 페이스
[경륜전개] 오다와라 5경주: 슬로우(단독 선행) · 라인 3개 · 페어 [[2, 5], [1, 8], [3, 7]]
[각질편성] 기후 5경주: 선행2·선입0·추입5 → 보통 페이스
[경륜전개] 기후 5경주: 보통 · 라인 2개 · 페어 [[1, 5], [3, 7]]
[각질편성] 사세보 6경주: 선행3·선입0·추입3 → ⚡ 빠른 페이스
[경륜전개] 사세보 6경주: 보통 · 라인 3개 · 페어 [[4, 2], [1, 5]]
[각질편성] 오다와라 6경주: 선행3·선입0·추입6 → ⚡ 빠른 페이스
[경륜전개] 오다와라 6경주: 보통 · 라인 3개 · 페어 [[1, 9], [5, 2], [8, 3]]
[각질편성] 기후 6경주: 선행1·선입0·추입5 → 🐌 느린 페이스
[경륜전개] 기후 6경주: 슬로우(단독 선행) · 라인 2개 · 페어 [[1, 2]]
[각질편성] 사세보 7경주: 선행2·선입0·추입5 → 보통 페이스
[경륜전개] 사세보 7경주: 보통 · 라인 2개 · 페어 [[5, 3], [6, 1]]
[각질편성] 오다와라 7경주: 선행3·선입0·추입6 → ⚡ 빠른 페이스
[경륜전개] 오다와라 7경주: 보통 · 라인 3개 · 페어 [[7, 2], [9, 1], [8, 3]]
[각질편성] 기후 7경주: 선행2·선입0·추입5 → 보통 페이스
[경륜전개] 기후 7경주: 슬로우(단독 선행) · 라인 2개 · 페어 [[3, 5], [4, 1]]
[각질편성] 사세보 8경주: 선행2·선입0·추입5 → 보통 페이스
[경륜전개] 사세보 8경주: 보통 · 라인 2개 · 페어 [[4, 1], [7, 3]]
[각질편성] 오다와라 8경주: 선행3·선입0·추입6 → ⚡ 빠른 페이스
[경륜전개] 오다와라 8경주: 슬로우(단독 선행) · 라인 3개 · 페어 [[1, 7], [3, 9], [2, 5]]
[잔존마 필터] 오비히로 1경주: 전적 9두 → 배당 출전마 8두 (배당 없는 마번 제외: [3])
[각질편성] 오비히로 1경주: 선행0·선입0·추입0 → 🐌 느린 페이스
[각질편성] 기후 8경주: 선행1·선입0·추입6 → 🐌 느린 페이스
[경륜전개] 기후 8경주: 보통 · 라인 1개 · 페어 [[4, 7]]
[각질편성] 사세보 9경주: 선행2·선입0·추입5 → 보통 페이스
[경륜전개] 사세보 9경주: 슬로우(단독 선행) · 라인 2개 · 페어 [[2, 5], [7, 3]]
[각질편성] 오다와라 8경주: 선행3·선입0·추입6 → ⚡ 빠른 페이스
[경륜전개] 오다와라 8경주: 슬로우(단독 선행) · 라인 3개 · 페어 [[1, 7], [3, 9], [2, 5]]
[readonly 잠금] 오다와라 8경주: 마감 확정 파일 — corePicks/시계열 보존, result/hit만 업데이트 허용
[placeholder 필터] 오다와라 9경주 쌍승 껍데기 배당 3조합 제외(값: [174.5])
[각질편성] 오다와라 9경주: 선행2·선입0·추입7 → 보통 페이스
[경륜전개] 오다와라 9경주: 슬로우(단독 선행) · 라인 2개 · 페어 [[3, 9], [7, 1]]
[마감 동결] 오다와라 8경주: 확정본 복원(출처 closed_row · 기준 14:02:01)
[T-2분 왕축 동결] 오다와라 9경주: [7, 3] → [7, 3] 유지(cur_mb=2)
[경륜 추천 모순 수정] 고배당 강제조합 1건 메인→복병 이동(25배 상한)
[잔존마 필터] 오비히로 1경주: 전적 9두 → 배당 출전마 8두 (배당 없는 마번 제외: [3])
[각질편성] 오비히로 1경주: 선행0·선입0·추입0 → 🐌 느린 페이스
[잔존마 필터] 삿포로 9경주: 전적 11두 → 배당 출전마 5두 (배당 없는 마번 제외: [6, 7, 8, 9, 10, 11])
[각질편성] 삿포로 9경주: 선행0·선입0·추입0 → 🐌 느린 페이스
[잔존마 필터] 삿포로 9경주: 전적 11두 → 배당 출전마 5두 (배당 없는 마번 제외: [6, 7, 8, 9, 10, 11])
[각질편성] 삿포로 9경주: 선행0·선입0·추입0 → 🐌 느린 페이스
[복승불일치 축교정] 아오모리 4경주: 축 [1, 4]로 교정(자금이탈 강등 [7]·🔴🔴)
[placeholder 필터] 오다와라 9경주 쌍승 껍데기 배당 3조합 제외(값: [174.5])
[각질편성] 오다와라 9경주: 선행2·선입0·추입7 → 보통 페이스
[경륜전개] 오다와라 9경주: 슬로우(단독 선행) · 라인 2개 · 페어 [[3, 9], [7, 1]]
[T-2분 왕축 동결] 오다와라 9경주: [7, 3] → [7, 3] 유지(cur_mb=2)
[경륜 추천 모순 수정] 고배당 강제조합 1건 메인→복병 이동(25배 상한)
[데이터백업] ✅ GitHub 반영: 결과 자동백업: 기후 8경주 4-7-6
[패턴발견] 결과 1553경주 스캔 → 발견 패턴 9개(기준 적중률 35.4%)
[자동학습] 오다와라 8경주 결과 [7, 4, 1] → 추천적중 True, 급락적중 False, 전적유력마 1(적중), 제거적중 False
[경륜 결과 백필] 2026-08-01: 시도 4 · 성공 2 · 실패 2
  ↳ 실패: 오다와라 9경주 - 결과 미게시/파싱 실패
  ↳ 실패: 사세보 9경주 - 결과 미게시/파싱 실패
[잔존마 필터] 삿포로 9경주: 전적 11두 → 배당 출전마 5두 (배당 없는 마번 제외: [6, 7, 8, 9, 10, 11])
[각질편성] 삿포로 9경주: 선행0·선입0·추입0 → 🐌 느린 페이스
[잔존마 필터] 오비히로 1경주: 전적 9두 → 배당 출전마 8두 (배당 없는 마번 제외: [3])
[각질편성] 오비히로 1경주: 선행0·선입0·추입0 → 🐌 느린 페이스
[잔존마 필터] 오비히로 1경주: 전적 9두 → 배당 출전마 8두 (배당 없는 마번 제외: [3])
[각질편성] 오비히로 1경주: 선행0·선입0·추입0 → 🐌 느린 페이스
[잔존마 필터] 삿포로 9경주: 전적 11두 → 배당 출전마 5두 (배당 없는 마번 제외: [6, 7, 8, 9, 10, 11])
[각질편성] 삿포로 9경주: 선행0·선입0·추입0 → 🐌 느린 페이스
[잔존마 필터] 오비히로 1경주: 전적 9두 → 배당 출전마 8두 (배당 없는 마번 제외: [3])
[각질편성] 오비히로 1경주: 선행0·선입0·추입0 → 🐌 느린 페이스
[3종 수집] 오다와라 9경주: {'quinella': 36, 'exacta': 72, 'trio': 0, 'win': 0} (history 12)
[3종 수집] 오비히로 1경주: {'quinella': 28, 'exacta': 56, 'trio': 56, 'win': 8} (history 10)
[잔존마 필터] 오비히로 1경주: 전적 9두 → 배당 출전마 8두 (배당 없는 마번 제외: [3])
[각질편성] 오비히로 1경주: 선행0·선입0·추입0 → 🐌 느린 페이스
[자동예상] 오비히로 1경주 최종예상 저장(2026_08_01_오비히로_1경주.json)
[각질편성] 오다와라 9경주: 선행2·선입0·추입7 → 보통 페이스
[경륜전개] 오다와라 9경주: 슬로우(단독 선행) · 라인 2개 · 페어 [[3, 9], [7, 1]]
[복병 이동 상한] 3+5 81.5배 > 특별상한 50.0배 → 💎 노출 제외(참고)
[경륜 추천 모순 수정] 고배당 강제조합 2건 메인→복병 이동(25배 상한)
[자동분석·배경] 오다와라 9경주: 마감 156초 전 재분석(rec_history 누적·cycle)
[카톡 변경알림·즉시] 오다와라 9경주 (남은 156s): 복승 제외: 1+7
[카톡 변경알림·즉시] 오비히로 1경주 (남은 276s): 삼복승 제외: 1+4+6 · 2+4+6
[데이터백업] ✅ GitHub 반영: 결과 자동백업: 오다와라 8경주 7-4-1
[잔존마 필터] 삿포로 9경주: 전적 11두 → 배당 출전마 5두 (배당 없는 마번 제외: [6, 7, 8, 9, 10, 11])
[각질편성] 삿포로 9경주: 선행0·선입0·추입0 → 🐌 느린 페이스
[잔존마 필터] 오비히로 1경주: 전적 9두 → 배당 출전마 8두 (배당 없는 마번 제외: [3])
[각질편성] 오비히로 1경주: 선행0·선입0·추입0 → 🐌 느린 페이스
[잔존마 필터] 오비히로 1경주: 전적 9두 → 배당 출전마 8두 (배당 없는 마번 제외: [3])
[각질편성] 오비히로 1경주: 선행0·선입0·추입0 → 🐌 느린 페이스
[분석로그] 저장 실패: [WinError 32] 다른 프로세스가 파일을 사용 중이기 때문에 프로세스가 액세스 할 수 없습니다: 'C:\\Users\\Administrator\\Desktop\\경마분석서버\\data\\analysis_log\\2026_08_01_오비히로_1경주.json.tmp' -> 'C:\\Users\\Administrator\\Desktop\\경마분석서버\\data\\analysis_log\\2026_08_01_오비히로_1경주.json'
[복승불일치 축교정] 아오모리 4경주: 축 [1, 4]로 교정(자금이탈 강등 [7]·🔴🔴)
[복승불일치 축교정] 아오모리 5경주: 축 [1, 3]로 교정(자금이탈 강등 [6]·🔴)
[placeholder 필터] 호후 6경주 쌍승 껍데기 배당 3조합 제외(값: [300.2])
[복승불일치 축교정] 호후 6경주: 축 [1, 5]로 교정(자금이탈 강등 [7]·🔴)
[placeholder 필터] 아오모리 7경주 쌍승 껍데기 배당 3조합 제외(값: [1703.0])
[복승불일치 축교정] 호후 7경주: 축 [2, 5]로 교정(자금이탈 강등 [1]·🔴🔴)
[복승불일치 축교정] 사세보 2경주: 축 [2, 7]로 교정(자금이탈 강등 [1]·🔴🔴)
[복승불일치 축교정] 기후 2경주: 축 [3, 4]로 교정(자금이탈 강등 [6]·🔴🔴)
[복승불일치 축교정] 사세보 3경주: 축 [1, 5]로 교정(자금이탈 강등 [7]·🔴🔴)
[복승불일치 축교정] 오다와라 3경주: 축 [3, 9]로 교정(자금이탈 강등 [1]·🔴)
[복승불일치 축교정] 기후 3경주: 축 [5, 7]로 교정(자금이탈 강등 [4]·🔴🔴)
[복승불일치 축교정] 사세보 4경주: 축 [1, 4]로 교정(자금이탈 강등 [7]·🔴🔴)
[placeholder 필터] 오다와라 4경주 쌍승 껍데기 배당 4조합 제외(값: [859.9])
[복승불일치 축교정] 기후 4경주: 축 [1, 4]로 교정(자금이탈 강등 [2]·🔴🔴)
[각질편성] 오다와라 5경주: 선행3·선입0·추입6 → ⚡ 빠른 페이스
[경륜전개] 오다와라 5경주: 슬로우(단독 선행) · 라인 3개 · 페어 [[2, 5], [1, 8], [3, 7]]
[각질편성] 기후 5경주: 선행2·선입0·추입5 → 보통 페이스
[경륜전개] 기후 5경주: 보통 · 라인 2개 · 페어 [[1, 5], [3, 7]]
[각질편성] 사세보 6경주: 선행3·선입0·추입3 → ⚡ 빠른 페이스
[경륜전개] 사세보 6경주: 보통 · 라인 3개 · 페어 [[4, 2], [1, 5]]
[각질편성] 오다와라 6경주: 선행3·선입0·추입6 → ⚡ 빠른 페이스
[경륜전개] 오다와라 6경주: 보통 · 라인 3개 · 페어 [[1, 9], [5, 2], [8, 3]]
[각질편성] 기후 6경주: 선행1·선입0·추입5 → 🐌 느린 페이스
[경륜전개] 기후 6경주: 슬로우(단독 선행) · 라인 2개 · 페어 [[1, 2]]
[각질편성] 사세보 7경주: 선행2·선입0·추입5 → 보통 페이스
[경륜전개] 사세보 7경주: 보통 · 라인 2개 · 페어 [[5, 3], [6, 1]]
[각질편성] 오다와라 7경주: 선행3·선입0·추입6 → ⚡ 빠른 페이스
[경륜전개] 오다와라 7경주: 보통 · 라인 3개 · 페어 [[7, 2], [9, 1], [8, 3]]
[각질편성] 기후 7경주: 선행2·선입0·추입5 → 보통 페이스
[경륜전개] 기후 7경주: 슬로우(단독 선행) · 라인 2개 · 페어 [[3, 5], [4, 1]]
[각질편성] 사세보 8경주: 선행2·선입0·추입5 → 보통 페이스
[경륜전개] 사세보 8경주: 보통 · 라인 2개 · 페어 [[4, 1], [7, 3]]
[각질편성] 오다와라 8경주: 선행3·선입0·추입6 → ⚡ 빠른 페이스
[경륜전개] 오다와라 8경주: 슬로우(단독 선행) · 라인 3개 · 페어 [[1, 7], [3, 9], [2, 5]]
[잔존마 필터] 오비히로 1경주: 전적 9두 → 배당 출전마 8두 (배당 없는 마번 제외: [3])
[각질편성] 오비히로 1경주: 선행0·선입0·추입0 → 🐌 느린 페이스
[각질편성] 기후 8경주: 선행1·선입0·추입6 → 🐌 느린 페이스
[경륜전개] 기후 8경주: 보통 · 라인 1개 · 페어 [[4, 7]]
[각질편성] 사세보 9경주: 선행2·선입0·추입5 → 보통 페이스
[경륜전개] 사세보 9경주: 슬로우(단독 선행) · 라인 2개 · 페어 [[2, 5], [7, 3]]
[각질편성] 오다와라 9경주: 선행2·선입0·추입7 → 보통 페이스
[경륜전개] 오다와라 9경주: 슬로우(단독 선행) · 라인 2개 · 페어 [[3, 9], [7, 1]]
[복병 이동 상한] 3+5 81.5배 > 특별상한 50.0배 → 💎 노출 제외(참고)
[경륜 추천 모순 수정] 고배당 강제조합 2건 메인→복병 이동(25배 상한)
[잔존마 필터] 오비히로 1경주: 전적 9두 → 배당 출전마 8두 (배당 없는 마번 제외: [3])
[각질편성] 오비히로 1경주: 선행0·선입0·추입0 → 🐌 느린 페이스
[잔존마 필터] 삿포로 9경주: 전적 11두 → 배당 출전마 5두 (배당 없는 마번 제외: [6, 7, 8, 9, 10, 11])
[각질편성] 삿포로 9경주: 선행0·선입0·추입0 → 🐌 느린 페이스
[잔존마 필터] 삿포로 9경주: 전적 11두 → 배당 출전마 5두 (배당 없는 마번 제외: [6, 7, 8, 9, 10, 11])
[각질편성] 삿포로 9경주: 선행0·선입0·추입0 → 🐌 느린 페이스
[잔존마 필터] 삿포로 9경주: 전적 11두 → 배당 출전마 5두 (배당 없는 마번 제외: [6, 7, 8, 9, 10, 11])
[각질편성] 삿포로 9경주: 선행0·선입0·추입0 → 🐌 느린 페이스
[잔존마 필터] 오비히로 1경주: 전적 9두 → 배당 출전마 8두 (배당 없는 마번 제외: [3])
[잔존마 필터] 오비히로 1경주: 전적 9두 → 배당 출전마 8두 (배당 없는 마번 제외: [3])
[각질편성] 오비히로 1경주: 선행0·선입0·추입0 → 🐌 느린 페이스
[잔존마 필터] 오비히로 1경주: 전적 9두 → 배당 출전마 8두 (배당 없는 마번 제외: [3])
[각질편성] 오비히로 1경주: 선행0·선입0·추입0 → 🐌 느린 페이스
[각질편성] 오비히로 1경주: 선행0·선입0·추입0 → 🐌 느린 페이스
[잔존마 필터] 삿포로 9경주: 전적 11두 → 배당 출전마 5두 (배당 없는 마번 제외: [6, 7, 8, 9, 10, 11])
[각질편성] 삿포로 9경주: 선행0·선입0·추입0 → 🐌 느린 페이스
[잔존마 필터] 오비히로 1경주: 전적 9두 → 배당 출전마 8두 (배당 없는 마번 제외: [3])
[각질편성] 오비히로 1경주: 선행0·선입0·추입0 → 🐌 느린 페이스
[3종 수집] 오비히로 1경주: {'quinella': 28, 'exacta': 56, 'trio': 56, 'win': 8} (history 11)
[3종 수집] 오다와라 9경주: {'quinella': 36, 'exacta': 72, 'trio': 0, 'win': 0} (history 12)
[잔존마 필터] 삿포로 9경주: 전적 11두 → 배당 출전마 5두 (배당 없는 마번 제외: [6, 7, 8, 9, 10, 11])
[각질편성] 삿포로 9경주: 선행0·선입0·추입0 → 🐌 느린 페이스
[각질편성] 오다와라 9경주: 선행2·선입0·추입7 → 보통 페이스
[경륜전개] 오다와라 9경주: 슬로우(단독 선행) · 라인 2개 · 페어 [[3, 9], [7, 1]]
[T-2분 왕축 동결] 오다와라 9경주: [5, 7] → [7, 3] 유지(cur_mb=2)
[복병 이동 상한] 3+5 81.5배 > 특별상한 50.0배 → 💎 노출 제외(참고)
[경륜 추천 모순 수정] 고배당 강제조합 2건 메인→복병 이동(25배 상한)
[B라인 그물망] 오다와라 9경주: B라인[7, 1] 삼복승보험 [[1, 5, 7]] 추가
[자동분석·배경] 오다와라 9경주: 마감 123초 전 재분석(rec_history 누적·cycle)
[잔존마 필터] 오비히로 1경주: 전적 9두 → 배당 출전마 8두 (배당 없는 마번 제외: [3])
[각질편성] 오비히로 1경주: 선행0·선입0·추입0 → 🐌 느린 페이스
[복승불일치 축교정] 아오모리 4경주: 축 [1, 4]로 교정(자금이탈 강등 [7]·🔴🔴)
[결과기록] 캐시 갱신 — 재파싱 3건 / 전체 1690건
[복승불일치 축교정] 아오모리 5경주: 축 [1, 3]로 교정(자금이탈 강등 [6]·🔴)
[placeholder 필터] 호후 6경주 쌍승 껍데기 배당 3조합 제외(값: [300.2])
[복승불일치 축교정] 호후 6경주: 축 [1, 5]로 교정(자금이탈 강등 [7]·🔴)
[placeholder 필터] 아오모리 7경주 쌍승 껍데기 배당 3조합 제외(값: [1703.0])
[복승불일치 축교정] 호후 7경주: 축 [2, 5]로 교정(자금이탈 강등 [1]·🔴🔴)
[복승불일치 축교정] 사세보 2경주: 축 [2, 7]로 교정(자금이탈 강등 [1]·🔴🔴)
[복승불일치 축교정] 기후 2경주: 축 [3, 4]로 교정(자금이탈 강등 [6]·🔴🔴)
[복승불일치 축교정] 사세보 3경주: 축 [1, 5]로 교정(자금이탈 강등 [7]·🔴🔴)
[복승불일치 축교정] 오다와라 3경주: 축 [3, 9]로 교정(자금이탈 강등 [1]·🔴)
[복승불일치 축교정] 기후 3경주: 축 [5, 7]로 교정(자금이탈 강등 [4]·🔴🔴)
[복승불일치 축교정] 사세보 4경주: 축 [1, 4]로 교정(자금이탈 강등 [7]·🔴🔴)
[placeholder 필터] 오다와라 4경주 쌍승 껍데기 배당 4조합 제외(값: [859.9])
[복승불일치 축교정] 기후 4경주: 축 [1, 4]로 교정(자금이탈 강등 [2]·🔴🔴)
[각질편성] 오다와라 5경주: 선행3·선입0·추입6 → ⚡ 빠른 페이스
[경륜전개] 오다와라 5경주: 슬로우(단독 선행) · 라인 3개 · 페어 [[2, 5], [1, 8], [3, 7]]
[각질편성] 기후 5경주: 선행2·선입0·추입5 → 보통 페이스
[경륜전개] 기후 5경주: 보통 · 라인 2개 · 페어 [[1, 5], [3, 7]]
[잔존마 필터] 삿포로 9경주: 전적 11두 → 배당 출전마 5두 (배당 없는 마번 제외: [6, 7, 8, 9, 10, 11])
[각질편성] 삿포로 9경주: 선행0·선입0·추입0 → 🐌 느린 페이스
[각질편성] 사세보 6경주: 선행3·선입0·추입3 → ⚡ 빠른 페이스
[경륜전개] 사세보 6경주: 보통 · 라인 3개 · 페어 [[4, 2], [1, 5]]
[각질편성] 오다와라 6경주: 선행3·선입0·추입6 → ⚡ 빠른 페이스
[경륜전개] 오다와라 6경주: 보통 · 라인 3개 · 페어 [[1, 9], [5, 2], [8, 3]]
[각질편성] 기후 6경주: 선행1·선입0·추입5 → 🐌 느린 페이스
[경륜전개] 기후 6경주: 슬로우(단독 선행) · 라인 2개 · 페어 [[1, 2]]
[각질편성] 사세보 7경주: 선행2·선입0·추입5 → 보통 페이스
[경륜전개] 사세보 7경주: 보통 · 라인 2개 · 페어 [[5, 3], [6, 1]]
[각질편성] 오다와라 7경주: 선행3·선입0·추입6 → ⚡ 빠른 페이스
[경륜전개] 오다와라 7경주: 보통 · 라인 3개 · 페어 [[7, 2], [9, 1], [8, 3]]
[잔존마 필터] 오비히로 1경주: 전적 9두 → 배당 출전마 8두 (배당 없는 마번 제외: [3])
[잔존마 필터] 오비히로 1경주: 전적 9두 → 배당 출전마 8두 (배당 없는 마번 제외: [3])
[각질편성] 오비히로 1경주: 선행0·선입0·추입0 → 🐌 느린 페이스
[각질편성] 오비히로 1경주: 선행0·선입0·추입0 → 🐌 느린 페이스
[잔존마 필터] 오비히로 1경주: 전적 9두 → 배당 출전마 8두 (배당 없는 마번 제외: [3])
[각질편성] 오비히로 1경주: 선행0·선입0·추입0 → 🐌 느린 페이스
[각질편성] 기후 7경주: 선행2·선입0·추입5 → 보통 페이스
[잔존마 필터] 오비히로 1경주: 전적 9두 → 배당 출전마 8두 (배당 없는 마번 제외: [3])
[경륜전개] 기후 7경주: 슬로우(단독 선행) · 라인 2개 · 페어 [[3, 5], [4, 1]]
[각질편성] 오비히로 1경주: 선행0·선입0·추입0 → 🐌 느린 페이스
[각질편성] 사세보 8경주: 선행2·선입0·추입5 → 보통 페이스
[경륜전개] 사세보 8경주: 보통 · 라인 2개 · 페어 [[4, 1], [7, 3]]
[분석로그] 저장 실패: [WinError 5] 액세스가 거부되었습니다: 'C:\\Users\\Administrator\\Desktop\\경마분석서버\\data\\analysis_log\\2026_08_01_오비히로_1경주.json.tmp' -> 'C:\\Users\\Administrator\\Desktop\\경마분석서버\\data\\analysis_log\\2026_08_01_오비히로_1경주.json'
[각질편성] 오다와라 8경주: 선행3·선입0·추입6 → ⚡ 빠른 페이스
[경륜전개] 오다와라 8경주: 슬로우(단독 선행) · 라인 3개 · 페어 [[1, 7], [3, 9], [2, 5]]
[각질편성] 기후 8경주: 선행1·선입0·추입6 → 🐌 느린 페이스
[경륜전개] 기후 8경주: 보통 · 라인 1개 · 페어 [[4, 7]]
[각질편성] 사세보 9경주: 선행2·선입0·추입5 → 보통 페이스
[경륜전개] 사세보 9경주: 슬로우(단독 선행) · 라인 2개 · 페어 [[2, 5], [7, 3]]
[각질편성] 오다와라 9경주: 선행2·선입0·추입7 → 보통 페이스
[경륜전개] 오다와라 9경주: 슬로우(단독 선행) · 라인 2개 · 페어 [[3, 9], [7, 1]]
[T-2분 왕축 동결] 오다와라 9경주: [5, 7] → [7, 3] 유지(cur_mb=1)
[복병 이동 상한] 3+5 81.5배 > 특별상한 50.0배 → 💎 노출 제외(참고)
[경륜 추천 모순 수정] 고배당 강제조합 2건 메인→복병 이동(25배 상한)
[B라인 그물망] 오다와라 9경주: B라인[7, 1] 삼복승보험 [[1, 5, 7]] 추가
[잔존마 필터] 오비히로 1경주: 전적 9두 → 배당 출전마 8두 (배당 없는 마번 제외: [3])
[각질편성] 오비히로 1경주: 선행0·선입0·추입0 → 🐌 느린 페이스
[잔존마 필터] 삿포로 9경주: 전적 11두 → 배당 출전마 5두 (배당 없는 마번 제외: [6, 7, 8, 9, 10, 11])
[각질편성] 삿포로 9경주: 선행0·선입0·추입0 → 🐌 느린 페이스
[잔존마 필터] 삿포로 9경주: 전적 11두 → 배당 출전마 5두 (배당 없는 마번 제외: [6, 7, 8, 9, 10, 11])
[각질편성] 삿포로 9경주: 선행0·선입0·추입0 → 🐌 느린 페이스
[잔존마 필터] 오비히로 1경주: 전적 9두 → 배당 출전마 8두 (배당 없는 마번 제외: [3])
[각질편성] 오비히로 1경주: 선행0·선입0·추입0 → 🐌 느린 페이스
[잔존마 필터] 오비히로 1경주: 전적 9두 → 배당 출전마 8두 (배당 없는 마번 제외: [3])
[각질편성] 오비히로 1경주: 선행0·선입0·추입0 → 🐌 느린 페이스
[3종 수집] 오다와라 9경주: {'quinella': 36, 'exacta': 72, 'trio': 0, 'win': 0} (history 12)
[3종 수집] 오비히로 1경주: {'quinella': 28, 'exacta': 56, 'trio': 56, 'win': 8} (history 12)
[각질편성] 오다와라 9경주: 선행2·선입0·추입7 → 보통 페이스
[경륜전개] 오다와라 9경주: 슬로우(단독 선행) · 라인 2개 · 페어 [[3, 9], [7, 1]]
[복병 이동 상한] 3+5 88.0배 > 특별상한 50.0배 → 💎 노출 제외(참고)
[경륜 추천 모순 수정] 고배당 강제조합 2건 메인→복병 이동(25배 상한)
[삼복승 축보험] 편성 스킵(무시): cannot access local variable '_tri_odds' where it is not associated with a value
[자동분석·배경] 오다와라 9경주: 마감 90초 전 재분석(rec_history 누적·cycle)
[잔존마 필터] 오비히로 1경주: 전적 9두 → 배당 출전마 8두 (배당 없는 마번 제외: [3])
[잔존마 필터] 오비히로 1경주: 전적 9두 → 배당 출전마 8두 (배당 없는 마번 제외: [3])
[각질편성] 오비히로 1경주: 선행0·선입0·추입0 → 🐌 느린 페이스
[각질편성] 오비히로 1경주: 선행0·선입0·추입0 → 🐌 느린 페이스
[잔존마 필터] 삿포로 9경주: 전적 11두 → 배당 출전마 5두 (배당 없는 마번 제외: [6, 7, 8, 9, 10, 11])
[각질편성] 삿포로 9경주: 선행0·선입0·추입0 → 🐌 느린 페이스
[잔존마 필터] 삿포로 9경주: 전적 11두 → 배당 출전마 5두 (배당 없는 마번 제외: [6, 7, 8, 9, 10, 11])
[잔존마 필터] 오비히로 1경주: 전적 9두 → 배당 출전마 8두 (배당 없는 마번 제외: [3])
[각질편성] 삿포로 9경주: 선행0·선입0·추입0 → 🐌 느린 페이스
[잔존마 필터] 오비히로 1경주: 전적 9두 → 배당 출전마 8두 (배당 없는 마번 제외: [3])
[각질편성] 오비히로 1경주: 선행0·선입0·추입0 → 🐌 느린 페이스
[복승불일치 축교정] 아오모리 4경주: 축 [1, 4]로 교정(자금이탈 강등 [7]·🔴🔴)
[각질편성] 오비히로 1경주: 선행0·선입0·추입0 → 🐌 느린 페이스
[잔존마 필터] 오비히로 1경주: 전적 9두 → 배당 출전마 8두 (배당 없는 마번 제외: [3])
[각질편성] 오비히로 1경주: 선행0·선입0·추입0 → 🐌 느린 페이스
[분석로그] 저장 실패: [WinError 32] 다른 프로세스가 파일을 사용 중이기 때문에 프로세스가 액세스 할 수 없습니다: 'C:\\Users\\Administrator\\Desktop\\경마분석서버\\data\\analysis_log\\2026_08_01_오비히로_1경주.json.tmp' -> 'C:\\Users\\Administrator\\Desktop\\경마분석서버\\data\\analysis_log\\2026_08_01_오비히로_1경주.json'
[복승불일치 축교정] 아오모리 5경주: 축 [1, 3]로 교정(자금이탈 강등 [6]·🔴)
[잔존마 필터] 삿포로 9경주: 전적 11두 → 배당 출전마 5두 (배당 없는 마번 제외: [6, 7, 8, 9, 10, 11])
[각질편성] 삿포로 9경주: 선행0·선입0·추입0 → 🐌 느린 페이스
[placeholder 필터] 호후 6경주 쌍승 껍데기 배당 3조합 제외(값: [300.2])
[복승불일치 축교정] 호후 6경주: 축 [1, 5]로 교정(자금이탈 강등 [7]·🔴)
[placeholder 필터] 아오모리 7경주 쌍승 껍데기 배당 3조합 제외(값: [1703.0])
[복승불일치 축교정] 호후 7경주: 축 [2, 5]로 교정(자금이탈 강등 [1]·🔴🔴)
[잔존마 필터] 오비히로 1경주: 전적 9두 → 배당 출전마 8두 (배당 없는 마번 제외: [3])
[각질편성] 오비히로 1경주: 선행0·선입0·추입0 → 🐌 느린 페이스
[복승불일치 축교정] 사세보 2경주: 축 [2, 7]로 교정(자금이탈 강등 [1]·🔴🔴)
[복승불일치 축교정] 기후 2경주: 축 [3, 4]로 교정(자금이탈 강등 [6]·🔴🔴)
[복승불일치 축교정] 사세보 3경주: 축 [1, 5]로 교정(자금이탈 강등 [7]·🔴🔴)
[복승불일치 축교정] 오다와라 3경주: 축 [3, 9]로 교정(자금이탈 강등 [1]·🔴)
[복승불일치 축교정] 기후 3경주: 축 [5, 7]로 교정(자금이탈 강등 [4]·🔴🔴)
[복승불일치 축교정] 사세보 4경주: 축 [1, 4]로 교정(자금이탈 강등 [7]·🔴🔴)
[placeholder 필터] 오다와라 4경주 쌍승 껍데기 배당 4조합 제외(값: [859.9])
[복승불일치 축교정] 기후 4경주: 축 [1, 4]로 교정(자금이탈 강등 [2]·🔴🔴)
[각질편성] 오다와라 5경주: 선행3·선입0·추입6 → ⚡ 빠른 페이스
[경륜전개] 오다와라 5경주: 슬로우(단독 선행) · 라인 3개 · 페어 [[2, 5], [1, 8], [3, 7]]
[각질편성] 기후 5경주: 선행2·선입0·추입5 → 보통 페이스
[경륜전개] 기후 5경주: 보통 · 라인 2개 · 페어 [[1, 5], [3, 7]]
[각질편성] 사세보 6경주: 선행3·선입0·추입3 → ⚡ 빠른 페이스
[경륜전개] 사세보 6경주: 보통 · 라인 3개 · 페어 [[4, 2], [1, 5]]
[각질편성] 오다와라 6경주: 선행3·선입0·추입6 → ⚡ 빠른 페이스
[경륜전개] 오다와라 6경주: 보통 · 라인 3개 · 페어 [[1, 9], [5, 2], [8, 3]]
[각질편성] 기후 6경주: 선행1·선입0·추입5 → 🐌 느린 페이스
[경륜전개] 기후 6경주: 슬로우(단독 선행) · 라인 2개 · 페어 [[1, 2]]
[각질편성] 사세보 7경주: 선행2·선입0·추입5 → 보통 페이스
[경륜전개] 사세보 7경주: 보통 · 라인 2개 · 페어 [[5, 3], [6, 1]]
[각질편성] 오다와라 7경주: 선행3·선입0·추입6 → ⚡ 빠른 페이스
[경륜전개] 오다와라 7경주: 보통 · 라인 3개 · 페어 [[7, 2], [9, 1], [8, 3]]
[각질편성] 기후 7경주: 선행2·선입0·추입5 → 보통 페이스
[경륜전개] 기후 7경주: 슬로우(단독 선행) · 라인 2개 · 페어 [[3, 5], [4, 1]]
[각질편성] 사세보 8경주: 선행2·선입0·추입5 → 보통 페이스
[경륜전개] 사세보 8경주: 보통 · 라인 2개 · 페어 [[4, 1], [7, 3]]
[각질편성] 오다와라 8경주: 선행3·선입0·추입6 → ⚡ 빠른 페이스
[경륜전개] 오다와라 8경주: 슬로우(단독 선행) · 라인 3개 · 페어 [[1, 7], [3, 9], [2, 5]]
[각질편성] 기후 8경주: 선행1·선입0·추입6 → 🐌 느린 페이스
[경륜전개] 기후 8경주: 보통 · 라인 1개 · 페어 [[4, 7]]
[각질편성] 사세보 9경주: 선행2·선입0·추입5 → 보통 페이스
[경륜전개] 사세보 9경주: 슬로우(단독 선행) · 라인 2개 · 페어 [[2, 5], [7, 3]]
[각질편성] 오다와라 9경주: 선행2·선입0·추입7 → 보통 페이스
[경륜전개] 오다와라 9경주: 슬로우(단독 선행) · 라인 2개 · 페어 [[3, 9], [7, 1]]
[복병 이동 상한] 3+5 88.0배 > 특별상한 50.0배 → 💎 노출 제외(참고)
[경륜 추천 모순 수정] 고배당 강제조합 2건 메인→복병 이동(25배 상한)
[삼복승 축보험] 편성 스킵(무시): cannot access local variable '_tri_odds' where it is not associated with a value
[잔존마 필터] 삿포로 9경주: 전적 11두 → 배당 출전마 5두 (배당 없는 마번 제외: [6, 7, 8, 9, 10, 11])
[각질편성] 삿포로 9경주: 선행0·선입0·추입0 → 🐌 느린 페이스
[잔존마 필터] 오비히로 1경주: 전적 9두 → 배당 출전마 8두 (배당 없는 마번 제외: [3])
[각질편성] 오비히로 1경주: 선행0·선입0·추입0 → 🐌 느린 페이스
[잔존마 필터] 삿포로 9경주: 전적 11두 → 배당 출전마 5두 (배당 없는 마번 제외: [6, 7, 8, 9, 10, 11])
[각질편성] 삿포로 9경주: 선행0·선입0·추입0 → 🐌 느린 페이스
[잔존마 필터] 오비히로 1경주: 전적 9두 → 배당 출전마 8두 (배당 없는 마번 제외: [3])
[각질편성] 오비히로 1경주: 선행0·선입0·추입0 → 🐌 느린 페이스
[T-2분 왕축 동결] 오비히로 1경주: [4, 6] → [4, 6] 유지(cur_mb=2)
[3종 수집] 오다와라 9경주: {'quinella': 36, 'exacta': 72, 'trio': 0, 'win': 0} (history 12)
[3종 수집] 오비히로 1경주: {'quinella': 28, 'exacta': 56, 'trio': 56, 'win': 8} (history 12)
[각질편성] 오다와라 9경주: 선행2·선입0·추입7 → 보통 페이스
[경륜전개] 오다와라 9경주: 슬로우(단독 선행) · 라인 2개 · 페어 [[3, 9], [7, 1]]
[복병 이동 상한] 3+5 88.0배 > 특별상한 50.0배 → 💎 노출 제외(참고)
[경륜 추천 모순 수정] 고배당 강제조합 2건 메인→복병 이동(25배 상한)
[B라인 그물망] 오다와라 9경주: B라인[7, 1] 삼복승보험 [[1, 5, 7]] 추가
[자동분석·배경] 오다와라 9경주: 마감 57초 전 재분석(rec_history 누적·cycle)
[잔존마 필터] 삿포로 9경주: 전적 11두 → 배당 출전마 5두 (배당 없는 마번 제외: [6, 7, 8, 9, 10, 11])
[각질편성] 삿포로 9경주: 선행0·선입0·추입0 → 🐌 느린 페이스
[placeholder 필터] 오비히로 1경주 쌍승 껍데기 배당 3조합 제외(값: [152.5])
[잔존마 필터] 오비히로 1경주: 전적 9두 → 배당 출전마 8두 (배당 없는 마번 제외: [3])
[각질편성] 오비히로 1경주: 선행0·선입0·추입0 → 🐌 느린 페이스
[placeholder 필터] 오비히로 1경주 쌍승 껍데기 배당 3조합 제외(값: [152.5])
[잔존마 필터] 오비히로 1경주: 전적 9두 → 배당 출전마 8두 (배당 없는 마번 제외: [3])
[T-2분 왕축 동결] 오비히로 1경주: [4, 6] → [4, 6] 유지(cur_mb=2)
[각질편성] 오비히로 1경주: 선행0·선입0·추입0 → 🐌 느린 페이스
[T-2분 왕축 동결] 오비히로 1경주: [4, 6] → [4, 6] 유지(cur_mb=2)
[잔존마 필터] 삿포로 9경주: 전적 11두 → 배당 출전마 5두 (배당 없는 마번 제외: [6, 7, 8, 9, 10, 11])
[각질편성] 삿포로 9경주: 선행0·선입0·추입0 → 🐌 느린 페이스
[placeholder 필터] 오비히로 1경주 쌍승 껍데기 배당 3조합 제외(값: [152.5])
[placeholder 필터] 오비히로 1경주 쌍승 껍데기 배당 3조합 제외(값: [152.5])
[잔존마 필터] 오비히로 1경주: 전적 9두 → 배당 출전마 8두 (배당 없는 마번 제외: [3])
[잔존마 필터] 오비히로 1경주: 전적 9두 → 배당 출전마 8두 (배당 없는 마번 제외: [3])
[각질편성] 오비히로 1경주: 선행0·선입0·추입0 → 🐌 느린 페이스
[각질편성] 오비히로 1경주: 선행0·선입0·추입0 → 🐌 느린 페이스
[T-2분 왕축 동결] 오비히로 1경주: [4, 6] → [4, 6] 유지(cur_mb=2)
[T-2분 왕축 동결] 오비히로 1경주: [4, 6] → [4, 6] 유지(cur_mb=2)
[잔존마 필터] 삿포로 9경주: 전적 11두 → 배당 출전마 5두 (배당 없는 마번 제외: [6, 7, 8, 9, 10, 11])
[각질편성] 삿포로 9경주: 선행0·선입0·추입0 → 🐌 느린 페이스
[placeholder 필터] 오비히로 1경주 쌍승 껍데기 배당 3조합 제외(값: [152.5])
[잔존마 필터] 오비히로 1경주: 전적 9두 → 배당 출전마 8두 (배당 없는 마번 제외: [3])
[각질편성] 오비히로 1경주: 선행0·선입0·추입0 → 🐌 느린 페이스
[T-2분 왕축 동결] 오비히로 1경주: [4, 6] → [4, 6] 유지(cur_mb=2)
[복승불일치 축교정] 아오모리 4경주: 축 [1, 4]로 교정(자금이탈 강등 [7]·🔴🔴)
[결과기록] 캐시 갱신 — 재파싱 2건 / 전체 1690건
[복승불일치 축교정] 아오모리 5경주: 축 [1, 3]로 교정(자금이탈 강등 [6]·🔴)
[placeholder 필터] 호후 6경주 쌍승 껍데기 배당 3조합 제외(값: [300.2])
[복승불일치 축교정] 호후 6경주: 축 [1, 5]로 교정(자금이탈 강등 [7]·🔴)
[placeholder 필터] 아오모리 7경주 쌍승 껍데기 배당 3조합 제외(값: [1703.0])
[복승불일치 축교정] 호후 7경주: 축 [2, 5]로 교정(자금이탈 강등 [1]·🔴🔴)
[복승불일치 축교정] 사세보 2경주: 축 [2, 7]로 교정(자금이탈 강등 [1]·🔴🔴)
[복승불일치 축교정] 기후 2경주: 축 [3, 4]로 교정(자금이탈 강등 [6]·🔴🔴)
[복승불일치 축교정] 사세보 3경주: 축 [1, 5]로 교정(자금이탈 강등 [7]·🔴🔴)
[복승불일치 축교정] 오다와라 3경주: 축 [3, 9]로 교정(자금이탈 강등 [1]·🔴)
[3종 수집] 오다와라 9경주: {'quinella': 36, 'exacta': 72, 'trio': 0, 'win': 0} (history 12)
[복승불일치 축교정] 기후 3경주: 축 [5, 7]로 교정(자금이탈 강등 [4]·🔴🔴)
[3종 수집] 오비히로 1경주: {'quinella': 28, 'exacta': 56, 'trio': 56, 'win': 8} (history 12)
[복승불일치 축교정] 사세보 4경주: 축 [1, 4]로 교정(자금이탈 강등 [7]·🔴🔴)
[placeholder 필터] 오다와라 4경주 쌍승 껍데기 배당 4조합 제외(값: [859.9])
[복승불일치 축교정] 기후 4경주: 축 [1, 4]로 교정(자금이탈 강등 [2]·🔴🔴)
[잔존마 필터] 삿포로 9경주: 전적 11두 → 배당 출전마 5두 (배당 없는 마번 제외: [6, 7, 8, 9, 10, 11])
[각질편성] 삿포로 9경주: 선행0·선입0·추입0 → 🐌 느린 페이스
[각질편성] 오다와라 5경주: 선행3·선입0·추입6 → ⚡ 빠른 페이스
[경륜전개] 오다와라 5경주: 슬로우(단독 선행) · 라인 3개 · 페어 [[2, 5], [1, 8], [3, 7]]
[각질편성] 기후 5경주: 선행2·선입0·추입5 → 보통 페이스
[경륜전개] 기후 5경주: 보통 · 라인 2개 · 페어 [[1, 5], [3, 7]]
[각질편성] 사세보 6경주: 선행3·선입0·추입3 → ⚡ 빠른 페이스
[경륜전개] 사세보 6경주: 보통 · 라인 3개 · 페어 [[4, 2], [1, 5]]
[각질편성] 오다와라 6경주: 선행3·선입0·추입6 → ⚡ 빠른 페이스
[경륜전개] 오다와라 6경주: 보통 · 라인 3개 · 페어 [[1, 9], [5, 2], [8, 3]]
[placeholder 필터] 오비히로 1경주 쌍승 껍데기 배당 3조합 제외(값: [152.5])
[잔존마 필터] 오비히로 1경주: 전적 9두 → 배당 출전마 8두 (배당 없는 마번 제외: [3])
[각질편성] 오비히로 1경주: 선행0·선입0·추입0 → 🐌 느린 페이스
[각질편성] 기후 6경주: 선행1·선입0·추입5 → 🐌 느린 페이스
[경륜전개] 기후 6경주: 슬로우(단독 선행) · 라인 2개 · 페어 [[1, 2]]
[placeholder 필터] 오비히로 1경주 쌍승 껍데기 배당 3조합 제외(값: [152.5])
[잔존마 필터] 오비히로 1경주: 전적 9두 → 배당 출전마 8두 (배당 없는 마번 제외: [3])
[각질편성] 오비히로 1경주: 선행0·선입0·추입0 → 🐌 느린 페이스
[T-2분 왕축 동결] 오비히로 1경주: [4, 6] → [4, 6] 유지(cur_mb=2)
[Emergency Override] 오비히로 1경주: [[2, 7]] 최상단 강제 편입
🔎 [결정론 검수] 오비히로 1경주: 삼복승정합
[T-2분 왕축 동결] 오비히로 1경주: [4, 6] → [4, 6] 유지(cur_mb=2)
[각질편성] 사세보 7경주: 선행2·선입0·추입5 → 보통 페이스
[경륜전개] 사세보 7경주: 보통 · 라인 2개 · 페어 [[5, 3], [6, 1]]
[Emergency Override] 오비히로 1경주: [[2, 7]] 최상단 강제 편입
[각질편성] 오다와라 7경주: 선행3·선입0·추입6 → ⚡ 빠른 페이스
[경륜전개] 오다와라 7경주: 보통 · 라인 3개 · 페어 [[7, 2], [9, 1], [8, 3]]
[각질편성] 기후 7경주: 선행2·선입0·추입5 → 보통 페이스
[경륜전개] 기후 7경주: 슬로우(단독 선행) · 라인 2개 · 페어 [[3, 5], [4, 1]]
[각질편성] 사세보 8경주: 선행2·선입0·추입5 → 보통 페이스
[경륜전개] 사세보 8경주: 보통 · 라인 2개 · 페어 [[4, 1], [7, 3]]
[각질편성] 오다와라 8경주: 선행3·선입0·추입6 → ⚡ 빠른 페이스
[경륜전개] 오다와라 8경주: 슬로우(단독 선행) · 라인 3개 · 페어 [[1, 7], [3, 9], [2, 5]]
[각질편성] 기후 8경주: 선행1·선입0·추입6 → 🐌 느린 페이스
[경륜전개] 기후 8경주: 보통 · 라인 1개 · 페어 [[4, 7]]
[각질편성] 사세보 9경주: 선행2·선입0·추입5 → 보통 페이스
[경륜전개] 사세보 9경주: 슬로우(단독 선행) · 라인 2개 · 페어 [[2, 5], [7, 3]]
[각질편성] 오다와라 9경주: 선행2·선입0·추입7 → 보통 페이스
[경륜전개] 오다와라 9경주: 슬로우(단독 선행) · 라인 2개 · 페어 [[3, 9], [7, 1]]
[복병 이동 상한] 3+5 88.0배 > 특별상한 50.0배 → 💎 노출 제외(참고)
[경륜 추천 모순 수정] 고배당 강제조합 2건 메인→복병 이동(25배 상한)
[B라인 그물망] 오다와라 9경주: B라인[7, 1] 삼복승보험 [[1, 5, 7]] 추가
[placeholder 필터] 오비히로 1경주 쌍승 껍데기 배당 3조합 제외(값: [152.5])
[잔존마 필터] 오비히로 1경주: 전적 9두 → 배당 출전마 8두 (배당 없는 마번 제외: [3])
[각질편성] 오비히로 1경주: 선행0·선입0·추입0 → 🐌 느린 페이스
[T-2분 왕축 동결] 오비히로 1경주: [4, 6] → [4, 6] 유지(cur_mb=2)
[잔존마 필터] 삿포로 9경주: 전적 11두 → 배당 출전마 5두 (배당 없는 마번 제외: [6, 7, 8, 9, 10, 11])
[각질편성] 삿포로 9경주: 선행0·선입0·추입0 → 🐌 느린 페이스
[잔존마 필터] 삿포로 9경주: 전적 11두 → 배당 출전마 5두 (배당 없는 마번 제외: [6, 7, 8, 9, 10, 11])
[각질편성] 삿포로 9경주: 선행0·선입0·추입0 → 🐌 느린 페이스
[placeholder 필터] 오비히로 1경주 쌍승 껍데기 배당 3조합 제외(값: [152.5])
[placeholder 필터] 오비히로 1경주 쌍승 껍데기 배당 3조합 제외(값: [152.5])
[잔존마 필터] 오비히로 1경주: 전적 9두 → 배당 출전마 8두 (배당 없는 마번 제외: [3])
[잔존마 필터] 오비히로 1경주: 전적 9두 → 배당 출전마 8두 (배당 없는 마번 제외: [3])
[각질편성] 오비히로 1경주: 선행0·선입0·추입0 → 🐌 느린 페이스
[각질편성] 오비히로 1경주: 선행0·선입0·추입0 → 🐌 느린 페이스
[T-2분 왕축 동결] 오비히로 1경주: [4, 6] → [4, 6] 유지(cur_mb=2)
[T-2분 왕축 동결] 오비히로 1경주: [4, 6] → [4, 6] 유지(cur_mb=2)
[Emergency Override] 오비히로 1경주: [[2, 7]] 최상단 강제 편입
[Emergency Override] 오비히로 1경주: [[2, 7]] 최상단 강제 편입
🔎 [결정론 검수] 오비히로 1경주: 삼복승정합
[분석로그] 저장 실패: [WinError 5] 액세스가 거부되었습니다: 'C:\\Users\\Administrator\\Desktop\\경마분석서버\\data\\analysis_log\\2026_08_01_오비히로_1경주.json.tmp' -> 'C:\\Users\\Administrator\\Desktop\\경마분석서버\\data\\analysis_log\\2026_08_01_오비히로_1경주.json'
[placeholder 필터] 오비히로 1경주 쌍승 껍데기 배당 3조합 제외(값: [152.5])
[잔존마 필터] 오비히로 1경주: 전적 9두 → 배당 출전마 8두 (배당 없는 마번 제외: [3])
[각질편성] 오비히로 1경주: 선행0·선입0·추입0 → 🐌 느린 페이스
[T-2분 왕축 동결] 오비히로 1경주: [4, 6] → [4, 6] 유지(cur_mb=2)
[Emergency Override] 오비히로 1경주: [[2, 7]] 최상단 강제 편입
[placeholder 필터] 오비히로 1경주 쌍승 껍데기 배당 3조합 제외(값: [152.5])
[placeholder 필터] 오비히로 1경주 쌍승 껍데기 배당 3조합 제외(값: [152.5])
[잔존마 필터] 오비히로 1경주: 전적 9두 → 배당 출전마 8두 (배당 없는 마번 제외: [3])
[각질편성] 오비히로 1경주: 선행0·선입0·추입0 → 🐌 느린 페이스
[잔존마 필터] 오비히로 1경주: 전적 9두 → 배당 출전마 8두 (배당 없는 마번 제외: [3])
[각질편성] 오비히로 1경주: 선행0·선입0·추입0 → 🐌 느린 페이스
[스냅샷] 저장: 2026_08_01_오비히로_1경주_T-2.png (514 KB · T-2)
[T-2분 왕축 동결] 오비히로 1경주: [4, 6] → [4, 6] 유지(cur_mb=1)
[T-2분 왕축 동결] 오비히로 1경주: [4, 6] → [4, 6] 유지(cur_mb=1)
[Emergency Override] 오비히로 1경주: [[2, 7]] 최상단 강제 편입
[Emergency Override] 오비히로 1경주: [[2, 7]] 최상단 강제 편입
[스냅샷] 저장: 2026_08_01_오비히로_1경주_T-2.png (519 KB · T-2)
[3종 수집] 오다와라 9경주: {'quinella': 36, 'exacta': 72, 'trio': 0, 'win': 0} (history 12)
[3종 수집] 오비히로 1경주: {'quinella': 28, 'exacta': 56, 'trio': 56, 'win': 8} (history 12)
[경륜 전적·자동] 기후 9경주: 7두 수집(競走得点·절대등급 A/B/C/D·라인[7, 2, 4, 1, 3, 6, 5]) → 통합등급 자동 반영
[3종 수집] 기후 9경주: {'quinella': 21, 'exacta': 42, 'trio': 0, 'win': 0} (history 1)
🔮 [예측] 기후 9경주: top3=[7, 4, 1] conf=4 · 루키 7번 滿田가 연속 승리를 거두며 압도적인 기세를 보여주고 있어, 일
[각질편성] 기후 9경주: 선행3·선입0·추입4 → ⚡ 빠른 페이스
[경륜전개] 기후 9경주: 슬로우(단독 선행) · 라인 3개 · 페어 [[7, 2], [3, 6]]
[경륜 추천 모순 수정] 고배당 강제조합 1건 메인→복병 이동(25배 상한)
[라인 페어 상한] 3+6 79.8배 > 특별상한 50.0배 → 💎 편입 제외(참고)
🔎 [결정론 검수] 기후 9경주: B라인누락
[자동분석·배경] 기후 9경주: 마감 591초 전 재분석(rec_history 누적·cycle)
[각질편성] 기후 9경주: 선행3·선입0·추입4 → ⚡ 빠른 페이스
[경륜전개] 기후 9경주: 슬로우(단독 선행) · 라인 3개 · 페어 [[7, 2], [3, 6]]
[경륜 추천 모순 수정] 고배당 강제조합 1건 메인→복병 이동(25배 상한)
[라인 페어 상한] 3+6 79.8배 > 특별상한 50.0배 → 💎 편입 제외(참고)
[placeholder 필터] 오비히로 1경주 쌍승 껍데기 배당 3조합 제외(값: [152.5])
[잔존마 필터] 오비히로 1경주: 전적 9두 → 배당 출전마 8두 (배당 없는 마번 제외: [3])
[각질편성] 오비히로 1경주: 선행0·선입0·추입0 → 🐌 느린 페이스
[T-2분 왕축 동결] 오비히로 1경주: [4, 6] → [4, 6] 유지(cur_mb=1)
[placeholder 필터] 오비히로 1경주 쌍승 껍데기 배당 3조합 제외(값: [152.5])
[잔존마 필터] 오비히로 1경주: 전적 9두 → 배당 출전마 8두 (배당 없는 마번 제외: [3])
[각질편성] 오비히로 1경주: 선행0·선입0·추입0 → 🐌 느린 페이스
[T-2분 왕축 동결] 오비히로 1경주: [4, 6] → [4, 6] 유지(cur_mb=1)
[placeholder 필터] 오비히로 1경주 쌍승 껍데기 배당 3조합 제외(값: [152.5])
[placeholder 필터] 오비히로 1경주 쌍승 껍데기 배당 3조합 제외(값: [152.5])
[잔존마 필터] 오비히로 1경주: 전적 9두 → 배당 출전마 8두 (배당 없는 마번 제외: [3])
[각질편성] 오비히로 1경주: 선행0·선입0·추입0 → 🐌 느린 페이스
[잔존마 필터] 오비히로 1경주: 전적 9두 → 배당 출전마 8두 (배당 없는 마번 제외: [3])
[각질편성] 오비히로 1경주: 선행0·선입0·추입0 → 🐌 느린 페이스
[T-2분 왕축 동결] 오비히로 1경주: [4, 6] → [4, 6] 유지(cur_mb=1)
[T-2분 왕축 동결] 오비히로 1경주: [4, 6] → [4, 6] 유지(cur_mb=1)
[3종 수집] 오다와라 9경주: {'quinella': 36, 'exacta': 72, 'trio': 0, 'win': 0} (history 12)
[잔존마 필터] 삿포로 9경주: 전적 11두 → 배당 출전마 5두 (배당 없는 마번 제외: [6, 7, 8, 9, 10, 11])
[각질편성] 삿포로 9경주: 선행0·선입0·추입0 → 🐌 느린 페이스
[placeholder 필터] 오비히로 1경주 쌍승 껍데기 배당 3조합 제외(값: [152.5])
[placeholder 필터] 오비히로 1경주 쌍승 껍데기 배당 3조합 제외(값: [152.5])
[잔존마 필터] 삿포로 9경주: 전적 11두 → 배당 출전마 5두 (배당 없는 마번 제외: [6, 7, 8, 9, 10, 11])
[잔존마 필터] 오비히로 1경주: 전적 9두 → 배당 출전마 8두 (배당 없는 마번 제외: [3])
[각질편성] 삿포로 9경주: 선행0·선입0·추입0 → 🐌 느린 페이스
[잔존마 필터] 오비히로 1경주: 전적 9두 → 배당 출전마 8두 (배당 없는 마번 제외: [3])
[각질편성] 오비히로 1경주: 선행0·선입0·추입0 → 🐌 느린 페이스
[각질편성] 오비히로 1경주: 선행0·선입0·추입0 → 🐌 느린 페이스
[복승불일치 축교정] 아오모리 4경주: 축 [1, 4]로 교정(자금이탈 강등 [7]·🔴🔴)
[3종 수집] 기후 9경주: {'quinella': 21, 'exacta': 42, 'trio': 0, 'win': 0} (history 2)
[T-2분 왕축 동결] 오비히로 1경주: [4, 6] → [4, 6] 유지(cur_mb=1)
[T-2분 왕축 동결] 오비히로 1경주: [4, 6] → [4, 6] 유지(cur_mb=1)
[3종 수집] 오비히로 1경주: {'quinella': 28, 'exacta': 56, 'trio': 56, 'win': 8} (history 12)
[분석로그] 저장 실패: [WinError 32] 다른 프로세스가 파일을 사용 중이기 때문에 프로세스가 액세스 할 수 없습니다: 'C:\\Users\\Administrator\\Desktop\\경마분석서버\\data\\analysis_log\\2026_08_01_오비히로_1경주.json.tmp' -> 'C:\\Users\\Administrator\\Desktop\\경마분석서버\\data\\analysis_log\\2026_08_01_오비히로_1경주.json'
[각질편성] 기후 9경주: 선행3·선입0·추입4 → ⚡ 빠른 페이스
[경륜전개] 기후 9경주: 슬로우(단독 선행) · 라인 3개 · 페어 [[7, 2], [3, 6]]
[복병 이동 상한] 2+4 58.7배 > 특별상한 50.0배 → 💎 노출 제외(참고)
[경륜 추천 모순 수정] 고배당 강제조합 2건 메인→복병 이동(25배 상한)
[라인 페어 상한] 3+6 75.0배 > 특별상한 50.0배 → 💎 편입 제외(참고)
[자동분석·배경] 기후 9경주: 마감 555초 전 재분석(rec_history 누적·cycle)
[각질편성] 오다와라 9경주: 선행2·선입0·추입7 → 보통 페이스
[경륜전개] 오다와라 9경주: 슬로우(단독 선행) · 라인 2개 · 페어 [[3, 9], [7, 1]]
[결과기록] 캐시 갱신 — 재파싱 2건 / 전체 1691건
[placeholder 필터] 오비히로 1경주 쌍승 껍데기 배당 3조합 제외(값: [131.1])
[잔존마 필터] 오비히로 1경주: 전적 9두 → 배당 출전마 8두 (배당 없는 마번 제외: [3])
[각질편성] 오비히로 1경주: 선행0·선입0·추입0 → 🐌 느린 페이스
[복승불일치 축교정] 아오모리 5경주: 축 [1, 3]로 교정(자금이탈 강등 [6]·🔴)
[T-2분 왕축 동결] 오비히로 1경주: [4, 6] → [4, 6] 유지(cur_mb=1)
[placeholder 필터] 호후 6경주 쌍승 껍데기 배당 3조합 제외(값: [300.2])
[복승불일치 축교정] 호후 6경주: 축 [1, 5]로 교정(자금이탈 강등 [7]·🔴)
[placeholder 필터] 아오모리 7경주 쌍승 껍데기 배당 3조합 제외(값: [1703.0])
[복승불일치 축교정] 호후 7경주: 축 [2, 5]로 교정(자금이탈 강등 [1]·🔴🔴)
[복승불일치 축교정] 사세보 2경주: 축 [2, 7]로 교정(자금이탈 강등 [1]·🔴🔴)
[복승불일치 축교정] 기후 2경주: 축 [3, 4]로 교정(자금이탈 강등 [6]·🔴🔴)
[복승불일치 축교정] 사세보 3경주: 축 [1, 5]로 교정(자금이탈 강등 [7]·🔴🔴)
[복승불일치 축교정] 오다와라 3경주: 축 [3, 9]로 교정(자금이탈 강등 [1]·🔴)
[복승불일치 축교정] 기후 3경주: 축 [5, 7]로 교정(자금이탈 강등 [4]·🔴🔴)
[복승불일치 축교정] 사세보 4경주: 축 [1, 4]로 교정(자금이탈 강등 [7]·🔴🔴)
[placeholder 필터] 오다와라 4경주 쌍승 껍데기 배당 4조합 제외(값: [859.9])
[복승불일치 축교정] 기후 4경주: 축 [1, 4]로 교정(자금이탈 강등 [2]·🔴🔴)
[각질편성] 오다와라 5경주: 선행3·선입0·추입6 → ⚡ 빠른 페이스
[경륜전개] 오다와라 5경주: 슬로우(단독 선행) · 라인 3개 · 페어 [[2, 5], [1, 8], [3, 7]]
[각질편성] 기후 5경주: 선행2·선입0·추입5 → 보통 페이스
[경륜전개] 기후 5경주: 보통 · 라인 2개 · 페어 [[1, 5], [3, 7]]
[각질편성] 사세보 6경주: 선행3·선입0·추입3 → ⚡ 빠른 페이스
[경륜전개] 사세보 6경주: 보통 · 라인 3개 · 페어 [[4, 2], [1, 5]]
[각질편성] 오다와라 6경주: 선행3·선입0·추입6 → ⚡ 빠른 페이스
[경륜전개] 오다와라 6경주: 보통 · 라인 3개 · 페어 [[1, 9], [5, 2], [8, 3]]
[각질편성] 기후 6경주: 선행1·선입0·추입5 → 🐌 느린 페이스
[경륜전개] 기후 6경주: 슬로우(단독 선행) · 라인 2개 · 페어 [[1, 2]]
[각질편성] 사세보 7경주: 선행2·선입0·추입5 → 보통 페이스
[경륜전개] 사세보 7경주: 보통 · 라인 2개 · 페어 [[5, 3], [6, 1]]
[각질편성] 오다와라 7경주: 선행3·선입0·추입6 → ⚡ 빠른 페이스
[경륜전개] 오다와라 7경주: 보통 · 라인 3개 · 페어 [[7, 2], [9, 1], [8, 3]]
[각질편성] 기후 7경주: 선행2·선입0·추입5 → 보통 페이스
[경륜전개] 기후 7경주: 슬로우(단독 선행) · 라인 2개 · 페어 [[3, 5], [4, 1]]
[각질편성] 사세보 8경주: 선행2·선입0·추입5 → 보통 페이스
[경륜전개] 사세보 8경주: 보통 · 라인 2개 · 페어 [[4, 1], [7, 3]]
[각질편성] 오다와라 8경주: 선행3·선입0·추입6 → ⚡ 빠른 페이스
[경륜전개] 오다와라 8경주: 슬로우(단독 선행) · 라인 3개 · 페어 [[1, 7], [3, 9], [2, 5]]
[각질편성] 기후 8경주: 선행1·선입0·추입6 → 🐌 느린 페이스
[경륜전개] 기후 8경주: 보통 · 라인 1개 · 페어 [[4, 7]]
[각질편성] 사세보 9경주: 선행2·선입0·추입5 → 보통 페이스
[경륜전개] 사세보 9경주: 슬로우(단독 선행) · 라인 2개 · 페어 [[2, 5], [7, 3]]
[각질편성] 오다와라 9경주: 선행2·선입0·추입7 → 보통 페이스
[경륜전개] 오다와라 9경주: 슬로우(단독 선행) · 라인 2개 · 페어 [[3, 9], [7, 1]]
[placeholder 필터] 오비히로 1경주 쌍승 껍데기 배당 3조합 제외(값: [152.5])
[잔존마 필터] 오비히로 1경주: 전적 9두 → 배당 출전마 8두 (배당 없는 마번 제외: [3])
[각질편성] 오비히로 1경주: 선행0·선입0·추입0 → 🐌 느린 페이스
[각질편성] 기후 9경주: 선행3·선입0·추입4 → ⚡ 빠른 페이스
[경륜전개] 기후 9경주: 슬로우(단독 선행) · 라인 3개 · 페어 [[7, 2], [3, 6]]
[placeholder 필터] 오비히로 1경주 쌍승 껍데기 배당 3조합 제외(값: [131.1])
[잔존마 필터] 오비히로 1경주: 전적 9두 → 배당 출전마 8두 (배당 없는 마번 제외: [3])
[각질편성] 오비히로 1경주: 선행0·선입0·추입0 → 🐌 느린 페이스
[placeholder 필터] 오비히로 1경주 쌍승 껍데기 배당 3조합 제외(값: [131.1])
[잔존마 필터] 오비히로 1경주: 전적 9두 → 배당 출전마 8두 (배당 없는 마번 제외: [3])
[복병 이동 상한] 2+4 58.7배 > 특별상한 50.0배 → 💎 노출 제외(참고)
[경륜 추천 모순 수정] 고배당 강제조합 2건 메인→복병 이동(25배 상한)
[라인 페어 상한] 3+6 75.0배 > 특별상한 50.0배 → 💎 편입 제외(참고)
[각질편성] 오비히로 1경주: 선행0·선입0·추입0 → 🐌 느린 페이스
[잔존마 필터] 삿포로 9경주: 전적 11두 → 배당 출전마 5두 (배당 없는 마번 제외: [6, 7, 8, 9, 10, 11])
[각질편성] 삿포로 9경주: 선행0·선입0·추입0 → 🐌 느린 페이스
[출마표2 전적] 오비히로 1경주: 전적 9두 반영(수신 9두)
[placeholder 필터] 오비히로 1경주 쌍승 껍데기 배당 3조합 제외(값: [131.1])
[잔존마 필터] 오비히로 1경주: 전적 9두 → 배당 출전마 8두 (배당 없는 마번 제외: [3])
[각질편성] 오비히로 1경주: 선행0·선입0·추입0 → 🐌 느린 페이스
[키 정규화] analyze: 요청 '2026-08-01 오비히로 1경주' → 저장키 '오비히로 1경주'
[placeholder 필터] 오비히로 1경주 쌍승 껍데기 배당 3조합 제외(값: [131.1])
[잔존마 필터] 오비히로 1경주: 전적 9두 → 배당 출전마 8두 (배당 없는 마번 제외: [3])
[각질편성] 오비히로 1경주: 선행0·선입0·추입0 → 🐌 느린 페이스
[종목 정정·중앙] 오비히로 1경주: JRA 경마장이 아님(경기장='오비히로') → category=japan_central → japan_local
[경주전환 감지] 오비히로 1경주: 비정상 변동폭(95%+ 다수) → 기준값 재설정(이전 배당 초기화)
[3종 수집] 오비히로 1경주: {'quinella': 28, 'exacta': 56, 'trio': 0, 'win': 0} (history 1 · 기준재설정)
[키 정규화] analyze: 요청 '2026-08-01 오비히로 1경주' → 저장키 '오비히로 1경주'
[placeholder 필터] 오비히로 1경주 쌍승 껍데기 배당 3조합 제외(값: [131.1])
[잔존마 필터] 오비히로 1경주: 전적 9두 → 배당 출전마 8두 (배당 없는 마번 제외: [3])
[각질편성] 오비히로 1경주: 선행0·선입0·추입0 → 🐌 느린 페이스
[placeholder 필터] 오비히로 1경주 쌍승 껍데기 배당 3조합 제외(값: [131.1])
[placeholder 필터] 오비히로 1경주 쌍승 껍데기 배당 3조합 제외(값: [131.1])
[잔존마 필터] 오비히로 1경주: 전적 9두 → 배당 출전마 8두 (배당 없는 마번 제외: [3])
[잔존마 필터] 오비히로 1경주: 전적 9두 → 배당 출전마 8두 (배당 없는 마번 제외: [3])
[각질편성] 오비히로 1경주: 선행0·선입0·추입0 → 🐌 느린 페이스
[각질편성] 오비히로 1경주: 선행0·선입0·추입0 → 🐌 느린 페이스
[키 정규화] analyze: 요청 '2026-08-01 오비히로 1경주' → 저장키 '오비히로 1경주'
[placeholder 필터] 오비히로 1경주 쌍승 껍데기 배당 3조합 제외(값: [131.1])
[잔존마 필터] 오비히로 1경주: 전적 9두 → 배당 출전마 8두 (배당 없는 마번 제외: [3])
[각질편성] 오비히로 1경주: 선행0·선입0·추입0 → 🐌 느린 페이스
[placeholder 필터] 오비히로 1경주 쌍승 껍데기 배당 3조합 제외(값: [131.1])
[잔존마 필터] 오비히로 1경주: 전적 9두 → 배당 출전마 8두 (배당 없는 마번 제외: [3])
[각질편성] 오비히로 1경주: 선행0·선입0·추입0 → 🐌 느린 페이스
[3종 수집] 기후 9경주: {'quinella': 21, 'exacta': 42, 'trio': 0, 'win': 0} (history 3)
[키 정규화] analyze: 요청 '2026-08-01 오비히로 1경주' → 저장키 '오비히로 1경주'
[placeholder 필터] 오비히로 1경주 쌍승 껍데기 배당 3조합 제외(값: [131.1])
[잔존마 필터] 오비히로 1경주: 전적 9두 → 배당 출전마 8두 (배당 없는 마번 제외: [3])
[각질편성] 오비히로 1경주: 선행0·선입0·추입0 → 🐌 느린 페이스
[3종 수집] 오다와라 9경주: {'quinella': 36, 'exacta': 72, 'trio': 0, 'win': 0} (history 12)
[다중경주] 오비히로 1경주: 사설(확장) 수집 활성(19초 전) → 복승은 사설 유지·서버 쌍승56/삼복승56 보완
[각질편성] 기후 9경주: 선행3·선입0·추입4 → ⚡ 빠른 페이스
[경륜전개] 기후 9경주: 슬로우(단독 선행) · 라인 3개 · 페어 [[7, 2], [3, 6]]
[복병 이동 상한] 2+4 58.7배 > 특별상한 50.0배 → 💎 노출 제외(참고)
[경륜 추천 모순 수정] 고배당 강제조합 2건 메인→복병 이동(25배 상한)
[라인 페어 상한] 3+6 75.0배 > 특별상한 50.0배 → 💎 편입 제외(참고)
[자동분석·배경] 기후 9경주: 마감 520초 전 재분석(rec_history 누적·cycle)
[placeholder 필터] 오비히로 1경주 쌍승 껍데기 배당 3조합 제외(값: [131.1])
[잔존마 필터] 오비히로 1경주: 전적 9두 → 배당 출전마 8두 (배당 없는 마번 제외: [3])
[각질편성] 오비히로 1경주: 선행0·선입0·추입0 → 🐌 느린 페이스
[키 정규화] analyze: 요청 '2026-08-01 오비히로 1경주' → 저장키 '오비히로 1경주'
[placeholder 필터] 오비히로 1경주 쌍승 껍데기 배당 3조합 제외(값: [131.1])
[잔존마 필터] 오비히로 1경주: 전적 9두 → 배당 출전마 8두 (배당 없는 마번 제외: [3])
[각질편성] 오비히로 1경주: 선행0·선입0·추입0 → 🐌 느린 페이스
[placeholder 필터] 오비히로 1경주 쌍승 껍데기 배당 3조합 제외(값: [131.1])
[placeholder 필터] 오비히로 1경주 쌍승 껍데기 배당 3조합 제외(값: [131.1])
[잔존마 필터] 오비히로 1경주: 전적 9두 → 배당 출전마 8두 (배당 없는 마번 제외: [3])
[잔존마 필터] 오비히로 1경주: 전적 9두 → 배당 출전마 8두 (배당 없는 마번 제외: [3])
[각질편성] 오비히로 1경주: 선행0·선입0·추입0 → 🐌 느린 페이스
[각질편성] 오비히로 1경주: 선행0·선입0·추입0 → 🐌 느린 페이스
[키 정규화] analyze: 요청 '2026-08-01 오비히로 1경주' → 저장키 '오비히로 1경주'
[placeholder 필터] 오비히로 1경주 쌍승 껍데기 배당 3조합 제외(값: [131.1])
[키 정규화] analyze: 요청 '2026-08-01 오비히로 1경주' → 저장키 '오비히로 1경주'
[placeholder 필터] 오비히로 1경주 쌍승 껍데기 배당 3조합 제외(값: [131.1])
[잔존마 필터] 오비히로 1경주: 전적 9두 → 배당 출전마 8두 (배당 없는 마번 제외: [3])
[잔존마 필터] 오비히로 1경주: 전적 9두 → 배당 출전마 8두 (배당 없는 마번 제외: [3])
[각질편성] 오비히로 1경주: 선행0·선입0·추입0 → 🐌 느린 페이스
[각질편성] 오비히로 1경주: 선행0·선입0·추입0 → 🐌 느린 페이스
[종목 정정·중앙] 오비히로 1경주: JRA 경마장이 아님(경기장='오비히로') → category=japan_central → japan_local
[3종 수집] 오비히로 1경주: {'quinella': 21, 'exacta': 0, 'trio': 0, 'win': 0} (history 2)
[잔존마 필터] 오비히로 1경주: 전적 9두 → 배당 출전마 7두 (배당 없는 마번 제외: [1, 3])
[각질편성] 오비히로 1경주: 선행0·선입0·추입0 → 🐌 느린 페이스
[복병 이동 상한] 2+4 215.1배 > 특별상한 50.0배 → 💎 노출 제외(참고)
[복병 이동 상한] 4+9 330.4배 > 특별상한 50.0배 → 💎 노출 제외(참고)
[경륜 추천 모순 수정] 고배당 강제조합 2건 메인→복병 이동(25배 상한)
[잔존마 필터] 삿포로 9경주: 전적 11두 → 배당 출전마 5두 (배당 없는 마번 제외: [6, 7, 8, 9, 10, 11])
[각질편성] 삿포로 9경주: 선행0·선입0·추입0 → 🐌 느린 페이스
[잔존마 필터] 삿포로 9경주: 전적 11두 → 배당 출전마 5두 (배당 없는 마번 제외: [6, 7, 8, 9, 10, 11])
[각질편성] 삿포로 9경주: 선행0·선입0·추입0 → 🐌 느린 페이스
[키 정규화] analyze: 요청 '2026-08-01 오비히로 1경주' → 저장키 '오비히로 1경주'
[복승불일치 축교정] 아오모리 4경주: 축 [1, 4]로 교정(자금이탈 강등 [7]·🔴🔴)
[잔존마 필터] 오비히로 1경주: 전적 9두 → 배당 출전마 7두 (배당 없는 마번 제외: [1, 3])
[잔존마 필터] 오비히로 1경주: 전적 9두 → 배당 출전마 7두 (배당 없는 마번 제외: [1, 3])
[각질편성] 오비히로 1경주: 선행0·선입0·추입0 → 🐌 느린 페이스
[잔존마 필터] 오비히로 1경주: 전적 9두 → 배당 출전마 7두 (배당 없는 마번 제외: [1, 3])
[잔존마 필터] 오비히로 1경주: 전적 9두 → 배당 출전마 7두 (배당 없는 마번 제외: [1, 3])
[각질편성] 오비히로 1경주: 선행0·선입0·추입0 → 🐌 느린 페이스
[각질편성] 오비히로 1경주: 선행0·선입0·추입0 → 🐌 느린 페이스
[각질편성] 오비히로 1경주: 선행0·선입0·추입0 → 🐌 느린 페이스
[복병 이동 상한] 2+4 215.1배 > 특별상한 50.0배 → 💎 노출 제외(참고)
[복병 이동 상한] 4+9 330.4배 > 특별상한 50.0배 → 💎 노출 제외(참고)
[경륜 추천 모순 수정] 고배당 강제조합 2건 메인→복병 이동(25배 상한)
[복병 이동 상한] 2+4 215.1배 > 특별상한 50.0배 → 💎 노출 제외(참고)
[복병 이동 상한] 4+9 330.4배 > 특별상한 50.0배 → 💎 노출 제외(참고)
[경륜 추천 모순 수정] 고배당 강제조합 2건 메인→복병 이동(25배 상한)
[복병 이동 상한] 2+4 215.1배 > 특별상한 50.0배 → 💎 노출 제외(참고)
[복병 이동 상한] 4+9 330.4배 > 특별상한 50.0배 → 💎 노출 제외(참고)
[경륜 추천 모순 수정] 고배당 강제조합 2건 메인→복병 이동(25배 상한)
[복병 이동 상한] 2+4 215.1배 > 특별상한 50.0배 → 💎 노출 제외(참고)
[복병 이동 상한] 4+9 330.4배 > 특별상한 50.0배 → 💎 노출 제외(참고)
[경륜 추천 모순 수정] 고배당 강제조합 2건 메인→복병 이동(25배 상한)
[분석로그] 저장 실패: [WinError 32] 다른 프로세스가 파일을 사용 중이기 때문에 프로세스가 액세스 할 수 없습니다: 'C:\\Users\\Administrator\\Desktop\\경마분석서버\\data\\analysis_log\\2026_08_01_오비히로_1경주.json.tmp' -> 'C:\\Users\\Administrator\\Desktop\\경마분석서버\\data\\analysis_log\\2026_08_01_오비히로_1경주.json'
[복승불일치 축교정] 아오모리 5경주: 축 [1, 3]로 교정(자금이탈 강등 [6]·🔴)
[결과기록] 캐시 갱신 — 재파싱 2건 / 전체 1691건
[잔존마 필터] 오비히로 1경주: 전적 9두 → 배당 출전마 7두 (배당 없는 마번 제외: [1, 3])
[각질편성] 오비히로 1경주: 선행0·선입0·추입0 → 🐌 느린 페이스
[placeholder 필터] 호후 6경주 쌍승 껍데기 배당 3조합 제외(값: [300.2])
[복승불일치 축교정] 호후 6경주: 축 [1, 5]로 교정(자금이탈 강등 [7]·🔴)
[복병 이동 상한] 2+4 215.1배 > 특별상한 50.0배 → 💎 노출 제외(참고)
[복병 이동 상한] 4+9 330.4배 > 특별상한 50.0배 → 💎 노출 제외(참고)
[경륜 추천 모순 수정] 고배당 강제조합 2건 메인→복병 이동(25배 상한)
[키 정규화] analyze: 요청 '2026-08-01 오비히로 1경주' → 저장키 '오비히로 1경주'
[잔존마 필터] 오비히로 1경주: 전적 9두 → 배당 출전마 7두 (배당 없는 마번 제외: [1, 3])
[각질편성] 오비히로 1경주: 선행0·선입0·추입0 → 🐌 느린 페이스
[placeholder 필터] 아오모리 7경주 쌍승 껍데기 배당 3조합 제외(값: [1703.0])
[복병 이동 상한] 2+4 215.1배 > 특별상한 50.0배 → 💎 노출 제외(참고)
[복병 이동 상한] 4+9 330.4배 > 특별상한 50.0배 → 💎 노출 제외(참고)
[경륜 추천 모순 수정] 고배당 강제조합 2건 메인→복병 이동(25배 상한)
[복승불일치 축교정] 호후 7경주: 축 [2, 5]로 교정(자금이탈 강등 [1]·🔴🔴)
[복승불일치 축교정] 사세보 2경주: 축 [2, 7]로 교정(자금이탈 강등 [1]·🔴🔴)
[복승불일치 축교정] 기후 2경주: 축 [3, 4]로 교정(자금이탈 강등 [6]·🔴🔴)
[복승불일치 축교정] 사세보 3경주: 축 [1, 5]로 교정(자금이탈 강등 [7]·🔴🔴)
[복승불일치 축교정] 오다와라 3경주: 축 [3, 9]로 교정(자금이탈 강등 [1]·🔴)
[활성정리] 끝난 경주 1건 제거(히스토리 보존): 오다와라 8경주
[3종 수집] 기후 9경주: {'quinella': 21, 'exacta': 42, 'trio': 0, 'win': 0} (history 4)
[복승불일치 축교정] 기후 3경주: 축 [5, 7]로 교정(자금이탈 강등 [4]·🔴🔴)
[3종 수집] 오다와라 9경주: {'quinella': 36, 'exacta': 72, 'trio': 0, 'win': 0} (history 12)
[복승불일치 축교정] 사세보 4경주: 축 [1, 4]로 교정(자금이탈 강등 [7]·🔴🔴)
[다중경주] 오비히로 1경주: 사설(확장) 수집 활성(10초 전) → 복승은 사설 유지·서버 쌍승56/삼복승56 보완
[placeholder 필터] 오다와라 4경주 쌍승 껍데기 배당 4조합 제외(값: [859.9])
[복승불일치 축교정] 기후 4경주: 축 [1, 4]로 교정(자금이탈 강등 [2]·🔴🔴)
[각질편성] 기후 9경주: 선행3·선입0·추입4 → ⚡ 빠른 페이스
[경륜전개] 기후 9경주: 슬로우(단독 선행) · 라인 3개 · 페어 [[7, 2], [3, 6]]
[각질편성] 오다와라 5경주: 선행3·선입0·추입6 → ⚡ 빠른 페이스
[경륜전개] 오다와라 5경주: 슬로우(단독 선행) · 라인 3개 · 페어 [[2, 5], [1, 8], [3, 7]]
[복병 이동 상한] 2+4 58.7배 > 특별상한 50.0배 → 💎 노출 제외(참고)
[경륜 추천 모순 수정] 고배당 강제조합 2건 메인→복병 이동(25배 상한)
[라인 페어 상한] 3+6 75.0배 > 특별상한 50.0배 → 💎 편입 제외(참고)
[자동분석·배경] 기후 9경주: 마감 486초 전 재분석(rec_history 누적·cycle)
[각질편성] 기후 5경주: 선행2·선입0·추입5 → 보통 페이스
[경륜전개] 기후 5경주: 보통 · 라인 2개 · 페어 [[1, 5], [3, 7]]
[각질편성] 사세보 6경주: 선행3·선입0·추입3 → ⚡ 빠른 페이스
[경륜전개] 사세보 6경주: 보통 · 라인 3개 · 페어 [[4, 2], [1, 5]]
[각질편성] 오다와라 6경주: 선행3·선입0·추입6 → ⚡ 빠른 페이스
[경륜전개] 오다와라 6경주: 보통 · 라인 3개 · 페어 [[1, 9], [5, 2], [8, 3]]
[각질편성] 기후 6경주: 선행1·선입0·추입5 → 🐌 느린 페이스
[경륜전개] 기후 6경주: 슬로우(단독 선행) · 라인 2개 · 페어 [[1, 2]]
[각질편성] 사세보 7경주: 선행2·선입0·추입5 → 보통 페이스
[경륜전개] 사세보 7경주: 보통 · 라인 2개 · 페어 [[5, 3], [6, 1]]
[각질편성] 오다와라 7경주: 선행3·선입0·추입6 → ⚡ 빠른 페이스
[경륜전개] 오다와라 7경주: 보통 · 라인 3개 · 페어 [[7, 2], [9, 1], [8, 3]]
[각질편성] 기후 7경주: 선행2·선입0·추입5 → 보통 페이스
[경륜전개] 기후 7경주: 슬로우(단독 선행) · 라인 2개 · 페어 [[3, 5], [4, 1]]
[각질편성] 사세보 8경주: 선행2·선입0·추입5 → 보통 페이스
[경륜전개] 사세보 8경주: 보통 · 라인 2개 · 페어 [[4, 1], [7, 3]]
[각질편성] 오다와라 8경주: 선행3·선입0·추입6 → ⚡ 빠른 페이스
[경륜전개] 오다와라 8경주: 슬로우(단독 선행) · 라인 3개 · 페어 [[1, 7], [3, 9], [2, 5]]
[각질편성] 기후 8경주: 선행1·선입0·추입6 → 🐌 느린 페이스
[경륜전개] 기후 8경주: 보통 · 라인 1개 · 페어 [[4, 7]]
[placeholder 필터] 오비히로 1경주 쌍승 껍데기 배당 3조합 제외(값: [131.1])
[각질편성] 사세보 9경주: 선행2·선입0·추입5 → 보통 페이스
[잔존마 필터] 오비히로 1경주: 전적 9두 → 배당 출전마 8두 (배당 없는 마번 제외: [3])
[경륜전개] 사세보 9경주: 슬로우(단독 선행) · 라인 2개 · 페어 [[2, 5], [7, 3]]
[각질편성] 오비히로 1경주: 선행0·선입0·추입0 → 🐌 느린 페이스
[스냅샷] 저장: 2026_08_01_오비히로_1경주_마감후.png (792 KB · close)
[키 정규화] analyze: 요청 '2026-08-01 오비히로 1경주' → 저장키 '오비히로 1경주'
[placeholder 필터] 오비히로 1경주 쌍승 껍데기 배당 3조합 제외(값: [131.1])
[잔존마 필터] 오비히로 1경주: 전적 9두 → 배당 출전마 8두 (배당 없는 마번 제외: [3])
[readonly 잠금] 오비히로 1경주: 마감 확정 파일 — corePicks/시계열 보존, result/hit만 업데이트 허용
[각질편성] 오다와라 9경주: 선행2·선입0·추입7 → 보통 페이스
[경륜전개] 오다와라 9경주: 슬로우(단독 선행) · 라인 2개 · 페어 [[3, 9], [7, 1]]
[각질편성] 오비히로 1경주: 선행0·선입0·추입0 → 🐌 느린 페이스
[마감 동결] 오비히로 1경주: 확정본 복원(출처 closed_row · 기준 14:34:42)
[스냅샷] 저장: 2026_08_01_오비히로_1경주_마감후.png (771 KB · close)
[스냅샷] 저장: 2026_08_01_오비히로_1경주_마감후.png (796 KB · close)
[placeholder 필터] 오비히로 1경주 쌍승 껍데기 배당 3조합 제외(값: [131.1])
⏸ [폴링 저장 가드] 오비히로 1경주: 마감 후 readonly → 로그 저장 생략(분석·표시는 정상)
[잔존마 필터] 오비히로 1경주: 전적 9두 → 배당 출전마 8두 (배당 없는 마번 제외: [3])
[각질편성] 오비히로 1경주: 선행0·선입0·추입0 → 🐌 느린 페이스
[각질편성] 기후 9경주: 선행3·선입0·추입4 → ⚡ 빠른 페이스
[경륜전개] 기후 9경주: 슬로우(단독 선행) · 라인 3개 · 페어 [[7, 2], [3, 6]]
[복병 이동 상한] 2+4 58.7배 > 특별상한 50.0배 → 💎 노출 제외(참고)
[경륜 추천 모순 수정] 고배당 강제조합 2건 메인→복병 이동(25배 상한)
[라인 페어 상한] 3+6 75.0배 > 특별상한 50.0배 → 💎 편입 제외(참고)
[잔존마 필터] 삿포로 9경주: 전적 11두 → 배당 출전마 5두 (배당 없는 마번 제외: [6, 7, 8, 9, 10, 11])
[각질편성] 삿포로 9경주: 선행0·선입0·추입0 → 🐌 느린 페이스
[placeholder 필터] 오비히로 1경주 쌍승 껍데기 배당 3조합 제외(값: [131.1])
[잔존마 필터] 오비히로 1경주: 전적 9두 → 배당 출전마 8두 (배당 없는 마번 제외: [3])
[각질편성] 오비히로 1경주: 선행0·선입0·추입0 → 🐌 느린 페이스
[키 정규화] analyze: 요청 '2026-08-01 오비히로 1경주' → 저장키 '오비히로 1경주'
[placeholder 필터] 오비히로 1경주 쌍승 껍데기 배당 3조합 제외(값: [131.1])
[키 정규화] analyze: 요청 '2026-08-01 오비히로 1경주' → 저장키 '오비히로 1경주'
[placeholder 필터] 오비히로 1경주 쌍승 껍데기 배당 3조합 제외(값: [131.1])
[잔존마 필터] 오비히로 1경주: 전적 9두 → 배당 출전마 8두 (배당 없는 마번 제외: [3])
[잔존마 필터] 오비히로 1경주: 전적 9두 → 배당 출전마 8두 (배당 없는 마번 제외: [3])
[각질편성] 오비히로 1경주: 선행0·선입0·추입0 → 🐌 느린 페이스
[각질편성] 오비히로 1경주: 선행0·선입0·추입0 → 🐌 느린 페이스
[placeholder 필터] 오비히로 1경주 쌍승 껍데기 배당 3조합 제외(값: [131.1])
[placeholder 필터] 오비히로 1경주 쌍승 껍데기 배당 3조합 제외(값: [131.1])
[잔존마 필터] 오비히로 1경주: 전적 9두 → 배당 출전마 8두 (배당 없는 마번 제외: [3])
[잔존마 필터] 오비히로 1경주: 전적 9두 → 배당 출전마 8두 (배당 없는 마번 제외: [3])
[각질편성] 오비히로 1경주: 선행0·선입0·추입0 → 🐌 느린 페이스
[각질편성] 오비히로 1경주: 선행0·선입0·추입0 → 🐌 느린 페이스
[3종 수집] 삿포로 10경주: {'quinella': 91, 'exacta': 0, 'trio': 364, 'win': 0} (history 1)
[JRA수집] 1경주 수집 · 0경주 생략(확장 우선) · 0.26초 · 다음 60초 · 🔬관찰모드
[다중경주] 하트비트 #141 · 스케줄 ymd=20260801 (-1초 전 갱신 · 트랙 12개)
[3종 수집] 기후 9경주: {'quinella': 21, 'exacta': 42, 'trio': 0, 'win': 0} (history 5)
[다중경주] 오비히로 1경주: 사설(확장) 수집 활성(44초 전) → 복승은 사설 유지·서버 쌍승56/삼복승56 보완
[각질편성] 기후 9경주: 선행3·선입0·추입4 → ⚡ 빠른 페이스
[경륜전개] 기후 9경주: 슬로우(단독 선행) · 라인 3개 · 페어 [[7, 2], [3, 6]]
[복병 이동 상한] 2+4 52.3배 > 특별상한 50.0배 → 💎 노출 제외(참고)
[경륜 추천 모순 수정] 고배당 강제조합 2건 메인→복병 이동(25배 상한)
[라인 페어 상한] 3+6 71.1배 > 특별상한 50.0배 → 💎 편입 제외(참고)
[자동분석·배경] 기후 9경주: 마감 452초 전 재분석(rec_history 누적·cycle)
[잔존마 필터] 오비히로 1경주: 전적 9두 → 배당 출전마 8두 (배당 없는 마번 제외: [3])
[각질편성] 오비히로 1경주: 선행0·선입0·추입0 → 🐌 느린 페이스
[종목 정정·중앙] 오비히로 1경주: JRA 경마장이 아님(경기장='오비히로') → category=japan_central → japan_local
[경주전환 감지] 오비히로 1경주: 비정상 변동폭(95%+ 다수) → 기준값 재설정(이전 배당 초기화)
[3종 수집] 오비히로 1경주: {'quinella': 21, 'exacta': 0, 'trio': 0, 'win': 0} (history 1 · 기준재설정)
[잔존마 필터] 오비히로 1경주: 전적 9두 → 배당 출전마 7두 (배당 없는 마번 제외: [3, 9])
[각질편성] 오비히로 1경주: 선행0·선입0·추입0 → 🐌 느린 페이스
[잔존마 필터] 오비히로 1경주: 전적 9두 → 배당 출전마 7두 (배당 없는 마번 제외: [3, 9])
[각질편성] 오비히로 1경주: 선행0·선입0·추입0 → 🐌 느린 페이스
[잔존마 필터] 삿포로 9경주: 전적 11두 → 배당 출전마 5두 (배당 없는 마번 제외: [6, 7, 8, 9, 10, 11])
[각질편성] 삿포로 9경주: 선행0·선입0·추입0 → 🐌 느린 페이스
[키 정규화] analyze: 요청 '2026-08-01 오비히로 1경주' → 저장키 '오비히로 1경주'
[키 정규화] analyze: 요청 '2026-08-01 오비히로 1경주' → 저장키 '오비히로 1경주'
[잔존마 필터] 오비히로 1경주: 전적 9두 → 배당 출전마 7두 (배당 없는 마번 제외: [3, 9])
[잔존마 필터] 오비히로 1경주: 전적 9두 → 배당 출전마 7두 (배당 없는 마번 제외: [3, 9])
[잔존마 필터] 삿포로 9경주: 전적 11두 → 배당 출전마 5두 (배당 없는 마번 제외: [6, 7, 8, 9, 10, 11])
[키 정규화] analyze: 요청 '2026-08-01 오비히로 1경주' → 저장키 '오비히로 1경주'
[각질편성] 오비히로 1경주: 선행0·선입0·추입0 → 🐌 느린 페이스
[각질편성] 오비히로 1경주: 선행0·선입0·추입0 → 🐌 느린 페이스
[각질편성] 삿포로 9경주: 선행0·선입0·추입0 → 🐌 느린 페이스
[키 정규화] analyze: 요청 '2026-08-01 오비히로 1경주' → 저장키 '오비히로 1경주'
[잔존마 필터] 오비히로 1경주: 전적 9두 → 배당 출전마 7두 (배당 없는 마번 제외: [3, 9])
[복승불일치 축교정] 아오모리 4경주: 축 [1, 4]로 교정(자금이탈 강등 [7]·🔴🔴)
[잔존마 필터] 오비히로 1경주: 전적 9두 → 배당 출전마 7두 (배당 없는 마번 제외: [3, 9])
[각질편성] 오비히로 1경주: 선행0·선입0·추입0 → 🐌 느린 페이스
[잔존마 필터] 오비히로 1경주: 전적 9두 → 배당 출전마 7두 (배당 없는 마번 제외: [3, 9])
[각질편성] 오비히로 1경주: 선행0·선입0·추입0 → 🐌 느린 페이스
[잔존마 필터] 오비히로 1경주: 전적 9두 → 배당 출전마 7두 (배당 없는 마번 제외: [3, 9])
[각질편성] 오비히로 1경주: 선행0·선입0·추입0 → 🐌 느린 페이스
[각질편성] 오비히로 1경주: 선행0·선입0·추입0 → 🐌 느린 페이스
[잔존마 필터] 오비히로 1경주: 전적 9두 → 배당 출전마 7두 (배당 없는 마번 제외: [3, 9])
[각질편성] 오비히로 1경주: 선행0·선입0·추입0 → 🐌 느린 페이스
[결과기록] 캐시 갱신 — 재파싱 2건 / 전체 1691건
[복승불일치 축교정] 아오모리 5경주: 축 [1, 3]로 교정(자금이탈 강등 [6]·🔴)
[placeholder 필터] 호후 6경주 쌍승 껍데기 배당 3조합 제외(값: [300.2])
[복승불일치 축교정] 호후 6경주: 축 [1, 5]로 교정(자금이탈 강등 [7]·🔴)
[placeholder 필터] 아오모리 7경주 쌍승 껍데기 배당 3조합 제외(값: [1703.0])
[복승불일치 축교정] 호후 7경주: 축 [2, 5]로 교정(자금이탈 강등 [1]·🔴🔴)
[복승불일치 축교정] 사세보 2경주: 축 [2, 7]로 교정(자금이탈 강등 [1]·🔴🔴)
[복승불일치 축교정] 기후 2경주: 축 [3, 4]로 교정(자금이탈 강등 [6]·🔴🔴)
[복승불일치 축교정] 사세보 3경주: 축 [1, 5]로 교정(자금이탈 강등 [7]·🔴🔴)
[복승불일치 축교정] 오다와라 3경주: 축 [3, 9]로 교정(자금이탈 강등 [1]·🔴)
[복승불일치 축교정] 기후 3경주: 축 [5, 7]로 교정(자금이탈 강등 [4]·🔴🔴)
[복승불일치 축교정] 사세보 4경주: 축 [1, 4]로 교정(자금이탈 강등 [7]·🔴🔴)
[placeholder 필터] 오다와라 4경주 쌍승 껍데기 배당 4조합 제외(값: [859.9])
[복승불일치 축교정] 기후 4경주: 축 [1, 4]로 교정(자금이탈 강등 [2]·🔴🔴)
[각질편성] 오다와라 5경주: 선행3·선입0·추입6 → ⚡ 빠른 페이스
[경륜전개] 오다와라 5경주: 슬로우(단독 선행) · 라인 3개 · 페어 [[2, 5], [1, 8], [3, 7]]
[각질편성] 기후 5경주: 선행2·선입0·추입5 → 보통 페이스
[경륜전개] 기후 5경주: 보통 · 라인 2개 · 페어 [[1, 5], [3, 7]]
[각질편성] 사세보 6경주: 선행3·선입0·추입3 → ⚡ 빠른 페이스
[경륜전개] 사세보 6경주: 보통 · 라인 3개 · 페어 [[4, 2], [1, 5]]
[각질편성] 오다와라 6경주: 선행3·선입0·추입6 → ⚡ 빠른 페이스
[경륜전개] 오다와라 6경주: 보통 · 라인 3개 · 페어 [[1, 9], [5, 2], [8, 3]]
[각질편성] 기후 6경주: 선행1·선입0·추입5 → 🐌 느린 페이스
[경륜전개] 기후 6경주: 슬로우(단독 선행) · 라인 2개 · 페어 [[1, 2]]
[각질편성] 사세보 7경주: 선행2·선입0·추입5 → 보통 페이스
[경륜전개] 사세보 7경주: 보통 · 라인 2개 · 페어 [[5, 3], [6, 1]]
[각질편성] 오다와라 7경주: 선행3·선입0·추입6 → ⚡ 빠른 페이스
[경륜전개] 오다와라 7경주: 보통 · 라인 3개 · 페어 [[7, 2], [9, 1], [8, 3]]
[각질편성] 기후 7경주: 선행2·선입0·추입5 → 보통 페이스
[경륜전개] 기후 7경주: 슬로우(단독 선행) · 라인 2개 · 페어 [[3, 5], [4, 1]]
[각질편성] 사세보 8경주: 선행2·선입0·추입5 → 보통 페이스
[경륜전개] 사세보 8경주: 보통 · 라인 2개 · 페어 [[4, 1], [7, 3]]
[각질편성] 오다와라 8경주: 선행3·선입0·추입6 → ⚡ 빠른 페이스
[경륜전개] 오다와라 8경주: 슬로우(단독 선행) · 라인 3개 · 페어 [[1, 7], [3, 9], [2, 5]]
[각질편성] 기후 8경주: 선행1·선입0·추입6 → 🐌 느린 페이스
[경륜전개] 기후 8경주: 보통 · 라인 1개 · 페어 [[4, 7]]
[각질편성] 사세보 9경주: 선행2·선입0·추입5 → 보통 페이스
[경륜전개] 사세보 9경주: 슬로우(단독 선행) · 라인 2개 · 페어 [[2, 5], [7, 3]]
[각질편성] 오다와라 9경주: 선행2·선입0·추입7 → 보통 페이스
[경륜전개] 오다와라 9경주: 슬로우(단독 선행) · 라인 2개 · 페어 [[3, 9], [7, 1]]
[잔존마 필터] 오비히로 1경주: 전적 9두 → 배당 출전마 8두 (배당 없는 마번 제외: [3])
[각질편성] 오비히로 1경주: 선행0·선입0·추입0 → 🐌 느린 페이스
[잔존마 필터] 오비히로 1경주: 전적 9두 → 배당 출전마 7두 (배당 없는 마번 제외: [3, 9])
[잔존마 필터] 오비히로 1경주: 전적 9두 → 배당 출전마 7두 (배당 없는 마번 제외: [3, 9])
[각질편성] 오비히로 1경주: 선행0·선입0·추입0 → 🐌 느린 페이스
[각질편성] 오비히로 1경주: 선행0·선입0·추입0 → 🐌 느린 페이스
[각질편성] 기후 9경주: 선행3·선입0·추입4 → ⚡ 빠른 페이스
[경륜전개] 기후 9경주: 슬로우(단독 선행) · 라인 3개 · 페어 [[7, 2], [3, 6]]
[복병 이동 상한] 2+4 52.3배 > 특별상한 50.0배 → 💎 노출 제외(참고)
[경륜 추천 모순 수정] 고배당 강제조합 2건 메인→복병 이동(25배 상한)
[라인 페어 상한] 3+6 71.1배 > 특별상한 50.0배 → 💎 편입 제외(참고)
[잔존마 필터] 삿포로 9경주: 전적 11두 → 배당 출전마 5두 (배당 없는 마번 제외: [6, 7, 8, 9, 10, 11])
[각질편성] 삿포로 9경주: 선행0·선입0·추입0 → 🐌 느린 페이스
[3종 수집] 기후 9경주: {'quinella': 21, 'exacta': 42, 'trio': 0, 'win': 0} (history 6)
[다중경주] 오비히로 1경주: 사설(확장) 수집 활성(26초 전) → 복승은 사설 유지·서버 쌍승56/삼복승56 보완
[각질편성] 기후 9경주: 선행3·선입0·추입4 → ⚡ 빠른 페이스
[경륜전개] 기후 9경주: 슬로우(단독 선행) · 라인 3개 · 페어 [[7, 2], [3, 6]]
[복병 이동 상한] 2+4 52.3배 > 특별상한 50.0배 → 💎 노출 제외(참고)
[경륜 추천 모순 수정] 고배당 강제조합 2건 메인→복병 이동(25배 상한)
[라인 페어 상한] 3+6 71.1배 > 특별상한 50.0배 → 💎 편입 제외(참고)
[자동분석·배경] 기후 9경주: 마감 419초 전 재분석(rec_history 누적·cycle)
[각질편성] 오다와라 9경주: 선행2·선입0·추입7 → 보통 페이스
[경륜전개] 오다와라 9경주: 슬로우(단독 선행) · 라인 2개 · 페어 [[3, 9], [7, 1]]
[잔존마 필터] 오비히로 1경주: 전적 9두 → 배당 출전마 8두 (배당 없는 마번 제외: [3])
[각질편성] 오비히로 1경주: 선행0·선입0·추입0 → 🐌 느린 페이스
[카톡 변경알림] 오비히로 1경주 발송: 복승 추가: 2+7 / 복승 제외: 1+4
[각질편성] 기후 9경주: 선행3·선입0·추입4 → ⚡ 빠른 페이스
[경륜전개] 기후 9경주: 슬로우(단독 선행) · 라인 3개 · 페어 [[7, 2], [3, 6]]
[복병 이동 상한] 2+4 52.3배 > 특별상한 50.0배 → 💎 노출 제외(참고)
[경륜 추천 모순 수정] 고배당 강제조합 2건 메인→복병 이동(25배 상한)
[라인 페어 상한] 3+6 71.1배 > 특별상한 50.0배 → 💎 편입 제외(참고)
[카카오알림] 기후 9경주 T-7 → 큐 적재
[잔존마 필터] 오비히로 1경주: 전적 9두 → 배당 출전마 8두 (배당 없는 마번 제외: [3])
[각질편성] 오비히로 1경주: 선행0·선입0·추입0 → 🐌 느린 페이스
[종목 정정·중앙] 오비히로 1경주: JRA 경마장이 아님(경기장='오비히로') → category=japan_central → japan_local
[3종 수집] 오비히로 1경주: {'quinella': 21, 'exacta': 0, 'trio': 0, 'win': 0} (history 2)
[잔존마 필터] 오비히로 1경주: 전적 9두 → 배당 출전마 7두 (배당 없는 마번 제외: [3, 9])
[각질편성] 오비히로 1경주: 선행0·선입0·추입0 → 🐌 느린 페이스
[잔존마 필터] 오비히로 1경주: 전적 9두 → 배당 출전마 7두 (배당 없는 마번 제외: [3, 9])
[각질편성] 오비히로 1경주: 선행0·선입0·추입0 → 🐌 느린 페이스
[3종 수집] 삿포로 10경주: {'quinella': 91, 'exacta': 0, 'trio': 364, 'win': 0} (history 2)
[JRA수집] 1경주 수집 · 0경주 생략(확장 우선) · 0.33초 · 다음 60초 · 🔬관찰모드
[잔존마 필터] 오비히로 1경주: 전적 9두 → 배당 출전마 7두 (배당 없는 마번 제외: [3, 9])
[잔존마 필터] 오비히로 1경주: 전적 9두 → 배당 출전마 7두 (배당 없는 마번 제외: [3, 9])
[각질편성] 오비히로 1경주: 선행0·선입0·추입0 → 🐌 느린 페이스
[각질편성] 오비히로 1경주: 선행0·선입0·추입0 → 🐌 느린 페이스
[3종 수집] 기후 9경주: {'quinella': 21, 'exacta': 42, 'trio': 0, 'win': 0} (history 7)
[다중경주] 오비히로 1경주: 사설(확장) 수집 활성(20초 전) → 복승은 사설 유지·서버 쌍승56/삼복승56 보완
[각질편성] 기후 9경주: 선행3·선입0·추입4 → ⚡ 빠른 페이스
[경륜전개] 기후 9경주: 슬로우(단독 선행) · 라인 3개 · 페어 [[7, 2], [3, 6]]
[복병 이동 상한] 2+4 50.9배 > 특별상한 50.0배 → 💎 노출 제외(참고)
[경륜 추천 모순 수정] 고배당 강제조합 2건 메인→복병 이동(25배 상한)
[라인 페어 상한] 3+6 73.3배 > 특별상한 50.0배 → 💎 편입 제외(참고)
[삼복승 축보험] 편성 스킵(무시): cannot access local variable '_tri_odds' where it is not associated with a value
[자동분석·배경] 기후 9경주: 마감 384초 전 재분석(rec_history 누적·cycle)
[잔존마 필터] 오비히로 1경주: 전적 9두 → 배당 출전마 8두 (배당 없는 마번 제외: [3])
[각질편성] 오비히로 1경주: 선행0·선입0·추입0 → 🐌 느린 페이스
[키 정규화] analyze: 요청 '2026-08-01 오비히로 1경주' → 저장키 '오비히로 1경주'
[키 정규화] analyze: 요청 '2026-08-01 오비히로 1경주' → 저장키 '오비히로 1경주'
[잔존마 필터] 삿포로 9경주: 전적 11두 → 배당 출전마 5두 (배당 없는 마번 제외: [6, 7, 8, 9, 10, 11])
[잔존마 필터] 삿포로 9경주: 전적 11두 → 배당 출전마 5두 (배당 없는 마번 제외: [6, 7, 8, 9, 10, 11])
[각질편성] 삿포로 9경주: 선행0·선입0·추입0 → 🐌 느린 페이스
[각질편성] 삿포로 9경주: 선행0·선입0·추입0 → 🐌 느린 페이스
[복승불일치 축교정] 아오모리 4경주: 축 [1, 4]로 교정(자금이탈 강등 [7]·🔴🔴)
[잔존마 필터] 오비히로 1경주: 전적 9두 → 배당 출전마 8두 (배당 없는 마번 제외: [3])
[키 정규화] analyze: 요청 '2026-08-01 오비히로 1경주' → 저장키 '오비히로 1경주'
[키 정규화] analyze: 요청 '2026-08-01 오비히로 1경주' → 저장키 '오비히로 1경주'
[잔존마 필터] 오비히로 1경주: 전적 9두 → 배당 출전마 8두 (배당 없는 마번 제외: [3])
[키 정규화] analyze: 요청 '2026-08-01 오비히로 1경주' → 저장키 '오비히로 1경주'
[키 정규화] analyze: 요청 '2026-08-01 오비히로 1경주' → 저장키 '오비히로 1경주'
[각질편성] 오비히로 1경주: 선행0·선입0·추입0 → 🐌 느린 페이스
[각질편성] 오비히로 1경주: 선행0·선입0·추입0 → 🐌 느린 페이스
[잔존마 필터] 오비히로 1경주: 전적 9두 → 배당 출전마 8두 (배당 없는 마번 제외: [3])
[잔존마 필터] 오비히로 1경주: 전적 9두 → 배당 출전마 8두 (배당 없는 마번 제외: [3])
[잔존마 필터] 오비히로 1경주: 전적 9두 → 배당 출전마 8두 (배당 없는 마번 제외: [3])
[잔존마 필터] 오비히로 1경주: 전적 9두 → 배당 출전마 8두 (배당 없는 마번 제외: [3])
[각질편성] 오비히로 1경주: 선행0·선입0·추입0 → 🐌 느린 페이스
[각질편성] 오비히로 1경주: 선행0·선입0·추입0 → 🐌 느린 페이스
[각질편성] 오비히로 1경주: 선행0·선입0·추입0 → 🐌 느린 페이스
[각질편성] 오비히로 1경주: 선행0·선입0·추입0 → 🐌 느린 페이스
[종목 정정·중앙] 오비히로 1경주: JRA 경마장이 아님(경기장='오비히로') → category=japan_central → japan_local
[복승불일치 축교정] 아오모리 5경주: 축 [1, 3]로 교정(자금이탈 강등 [6]·🔴)
[3종 수집] 오비히로 1경주: {'quinella': 21, 'exacta': 0, 'trio': 0, 'win': 0} (history 3)
[잔존마 필터] 삿포로 9경주: 전적 11두 → 배당 출전마 5두 (배당 없는 마번 제외: [6, 7, 8, 9, 10, 11])
[잔존마 필터] 오비히로 1경주: 전적 9두 → 배당 출전마 7두 (배당 없는 마번 제외: [3, 9])
[각질편성] 삿포로 9경주: 선행0·선입0·추입0 → 🐌 느린 페이스
[각질편성] 오비히로 1경주: 선행0·선입0·추입0 → 🐌 느린 페이스
[잔존마 필터] 오비히로 1경주: 전적 9두 → 배당 출전마 7두 (배당 없는 마번 제외: [3, 9])
[각질편성] 오비히로 1경주: 선행0·선입0·추입0 → 🐌 느린 페이스
[한국 전적] 삿포로 9경주: 11두 저장(PDF, 전적 11두)
[잔존마 필터] 삿포로 9경주: 전적 11두 → 배당 출전마 5두 (배당 없는 마번 제외: [6, 7, 8, 9, 10, 11])
[각질편성] 삿포로 9경주: 선행0·선입0·추입0 → 🐌 느린 페이스
[결과기록] 캐시 갱신 — 재파싱 1건 / 전체 1691건
[placeholder 필터] 호후 6경주 쌍승 껍데기 배당 3조합 제외(값: [300.2])
[복승불일치 축교정] 호후 6경주: 축 [1, 5]로 교정(자금이탈 강등 [7]·🔴)
[placeholder 필터] 아오모리 7경주 쌍승 껍데기 배당 3조합 제외(값: [1703.0])
[복승불일치 축교정] 호후 7경주: 축 [2, 5]로 교정(자금이탈 강등 [1]·🔴🔴)
[한국이력 검역] 거부 — 파일=서울 9R / 본문 raceKey=삿포로 9경주 (경마장 불일치)
[복승불일치 축교정] 사세보 2경주: 축 [2, 7]로 교정(자금이탈 강등 [1]·🔴🔴)
[복승불일치 축교정] 기후 2경주: 축 [3, 4]로 교정(자금이탈 강등 [6]·🔴🔴)
[복승불일치 축교정] 사세보 3경주: 축 [1, 5]로 교정(자금이탈 강등 [7]·🔴🔴)
[복승불일치 축교정] 오다와라 3경주: 축 [3, 9]로 교정(자금이탈 강등 [1]·🔴)
[복승불일치 축교정] 기후 3경주: 축 [5, 7]로 교정(자금이탈 강등 [4]·🔴🔴)
[복승불일치 축교정] 사세보 4경주: 축 [1, 4]로 교정(자금이탈 강등 [7]·🔴🔴)
[placeholder 필터] 오다와라 4경주 쌍승 껍데기 배당 4조합 제외(값: [859.9])
[복승불일치 축교정] 기후 4경주: 축 [1, 4]로 교정(자금이탈 강등 [2]·🔴🔴)
[각질편성] 오다와라 5경주: 선행3·선입0·추입6 → ⚡ 빠른 페이스
[경륜전개] 오다와라 5경주: 슬로우(단독 선행) · 라인 3개 · 페어 [[2, 5], [1, 8], [3, 7]]
[각질편성] 기후 5경주: 선행2·선입0·추입5 → 보통 페이스
[경륜전개] 기후 5경주: 보통 · 라인 2개 · 페어 [[1, 5], [3, 7]]
[각질편성] 사세보 6경주: 선행3·선입0·추입3 → ⚡ 빠른 페이스
[경륜전개] 사세보 6경주: 보통 · 라인 3개 · 페어 [[4, 2], [1, 5]]
[각질편성] 오다와라 6경주: 선행3·선입0·추입6 → ⚡ 빠른 페이스
[경륜전개] 오다와라 6경주: 보통 · 라인 3개 · 페어 [[1, 9], [5, 2], [8, 3]]
[각질편성] 기후 6경주: 선행1·선입0·추입5 → 🐌 느린 페이스
[경륜전개] 기후 6경주: 슬로우(단독 선행) · 라인 2개 · 페어 [[1, 2]]
[각질편성] 사세보 7경주: 선행2·선입0·추입5 → 보통 페이스
[경륜전개] 사세보 7경주: 보통 · 라인 2개 · 페어 [[5, 3], [6, 1]]
[각질편성] 오다와라 7경주: 선행3·선입0·추입6 → ⚡ 빠른 페이스
[경륜전개] 오다와라 7경주: 보통 · 라인 3개 · 페어 [[7, 2], [9, 1], [8, 3]]
[각질편성] 기후 7경주: 선행2·선입0·추입5 → 보통 페이스
[경륜전개] 기후 7경주: 슬로우(단독 선행) · 라인 2개 · 페어 [[3, 5], [4, 1]]
[각질편성] 사세보 8경주: 선행2·선입0·추입5 → 보통 페이스
[경륜전개] 사세보 8경주: 보통 · 라인 2개 · 페어 [[4, 1], [7, 3]]
[각질편성] 오다와라 8경주: 선행3·선입0·추입6 → ⚡ 빠른 페이스
[경륜전개] 오다와라 8경주: 슬로우(단독 선행) · 라인 3개 · 페어 [[1, 7], [3, 9], [2, 5]]
