서버 시작: http://127.0.0.1:8011 (debug=True, 로컬은 자동 리로드 ON)
  · Gemini 검수 호출 : ⏸️ 꺼짐 — 일시 중단 (GEMINI_REVIEW_ENABLED)
  · Gemini 카카오발송: ⏸️ 꺼짐 — 일시 중단 (GEMINI_KAKAO_ENABLED)
  · 결정론 검수(②④) : 🟢 항상 동작 (logs/det_review/) · 경주 추천 카카오: 🟢 정상
  · Gemini 독립예측  : ✅ 켜짐
  · 선택 모듈 로드          ✅ 전부 정상
  --- 환경 플래그(자동 수집) ---
  · GEMINI_FORECAST_ENABLED    🟢 켜짐
 * Serving Flask app 'app'
 * Debug mode: on
서버 시작: http://127.0.0.1:8011 (debug=True, 로컬은 자동 리로드 ON)
  · Gemini 검수 호출 : ⏸️ 꺼짐 — 일시 중단 (GEMINI_REVIEW_ENABLED)
  · Gemini 카카오발송: ⏸️ 꺼짐 — 일시 중단 (GEMINI_KAKAO_ENABLED)
  · 결정론 검수(②④) : 🟢 항상 동작 (logs/det_review/) · 경주 추천 카카오: 🟢 정상
  · Gemini 독립예측  : ✅ 켜짐
  · 선택 모듈 로드          ✅ 전부 정상
  --- 환경 플래그(자동 수집) ---
  · GEMINI_FORECAST_ENABLED    🟢 켜짐
[주기백업] 6시간 주기 데이터 안전 백업 스레드 시작
[학습일지] 매일 22:00 학습 일지 자동 생성 스케줄러 시작
[체크리스트 카카오] 자동 발송 스케줄러 시작(매일 21:00 · 60초 폴링 · HEALTH_KAKAO_HOUR)
[다중경주] 백그라운드 시작(스케줄 30분·수집 30초·실패격리·워치독 60초)
[날씨] 자동수집 데몬 시작(30분 캐시· 키 없음→더미)
[다중경주] 하트비트 #1 · 스케줄 ymd=20260801 (-1초 전 갱신 · 트랙 12개)
[결과 백필] 데몬 시작(20분 주기·당일 미입력 자동수집 — 한국:KRA rcTime · 일본NAR:keiba RaceMarkTable·watch 무관)
[부팅] 백그라운드 작업 기동 완료(자동수집·백업·학습·날짜정리)
[3종 수집] 오다와라 3경주: {'quinella': 36, 'exacta': 72, 'trio': 0, 'win': 0} (history 12)
[각질편성] 오다와라 3경주: 선행3·선입0·추입6 → ⚡ 빠른 페이스
[각질편성] 오다와라 3경주: 선행3·선입0·추입6 → ⚡ 빠른 페이스
[경륜전개] 오다와라 3경주: 슬로우(단독 선행) · 라인 3개 · 페어 [[2, 8], [5, 1], [3, 9]]
[경륜전개] 오다와라 3경주: 슬로우(단독 선행) · 라인 3개 · 페어 [[2, 8], [5, 1], [3, 9]]
[복승불일치 축교정] 오다와라 3경주: 축 [3, 9]로 교정(자금이탈 강등 [1]·🔴)
[복승불일치 축교정] 오다와라 3경주: 축 [3, 9]로 교정(자금이탈 강등 [1]·🔴)
🔮 [예측] 오다와라 3경주: top3=[3, 9, 2] conf=4 · 이 경주는 젖히기형인 角(3번)이 적극적인 선행을 주도할 것으로 예상되며
[경륜 추천 모순 수정] 고배당 강제조합 1건 메인→복병 이동(25배 상한)
[경륜 B라인v2] 에러(무시·보류 항목): name 'key_horses' is not defined
[경륜 추천 모순 수정] 고배당 강제조합 1건 메인→복병 이동(25배 상한)
[각질편성] 오다와라 3경주: 선행3·선입0·추입6 → ⚡ 빠른 페이스
[경륜전개] 오다와라 3경주: 슬로우(단독 선행) · 라인 3개 · 페어 [[2, 8], [5, 1], [3, 9]]
[복승불일치 축교정] 오다와라 3경주: 축 [3, 9]로 교정(자금이탈 강등 [1]·🔴)
[스냅샷] 저장: 2026_08_01_오다와라_3경주_T-10.png (437 KB · T-10)
[스냅샷] 저장: 2026_08_01_오다와라_3경주_T-10.png (437 KB · T-10)
[경륜 추천 모순 수정] 고배당 강제조합 1건 메인→복병 이동(25배 상한)
[자동예상] 오다와라 3경주 최종예상 저장(2026_08_01_오다와라_3경주.json)
[각질편성] 오다와라 3경주: 선행3·선입0·추입6 → ⚡ 빠른 페이스
[경륜전개] 오다와라 3경주: 슬로우(단독 선행) · 라인 3개 · 페어 [[2, 8], [5, 1], [3, 9]]
[복승불일치 축교정] 오다와라 3경주: 축 [3, 9]로 교정(자금이탈 강등 [1]·🔴)
[스냅샷] 저장: 2026_08_01_오다와라_3경주_T-2.png (478 KB · T-2)
[경륜 추천 모순 수정] 고배당 강제조합 1건 메인→복병 이동(25배 상한)
[스냅샷] 저장: 2026_08_01_오다와라_3경주_T-2.png (480 KB · T-2)
[경륜 스케줄] 20260801: 경륜장 10곳 · 경주 94개(서버 직접수집·로그인 불필요)
[각질편성] 오다와라 3경주: 선행3·선입0·추입6 → ⚡ 빠른 페이스
[경륜전개] 오다와라 3경주: 슬로우(단독 선행) · 라인 3개 · 페어 [[2, 8], [5, 1], [3, 9]]
[복승불일치 축교정] 오다와라 3경주: 축 [3, 9]로 교정(자금이탈 강등 [1]·🔴)
[경륜 추천 모순 수정] 고배당 강제조합 1건 메인→복병 이동(25배 상한)
[각질편성] 오다와라 3경주: 선행3·선입0·추입6 → ⚡ 빠른 페이스
[경륜전개] 오다와라 3경주: 슬로우(단독 선행) · 라인 3개 · 페어 [[2, 8], [5, 1], [3, 9]]
[복승불일치 축교정] 오다와라 3경주: 축 [3, 9]로 교정(자금이탈 강등 [1]·🔴)
[각질편성] 오다와라 3경주: 선행3·선입0·추입6 → ⚡ 빠른 페이스
[각질편성] 아오모리 4경주: 선행2·선입0·추입5 → 보통 페이스
[경륜전개] 오다와라 3경주: 슬로우(단독 선행) · 라인 3개 · 페어 [[2, 8], [5, 1], [3, 9]]
[경륜전개] 아오모리 4경주: 슬로우(단독 선행) · 라인 2개 · 페어 [[2, 7], [4, 1]]
[각질편성] 오다와라 3경주: 선행3·선입0·추입6 → ⚡ 빠른 페이스
[각질편성] 오다와라 3경주: 선행3·선입0·추입6 → ⚡ 빠른 페이스
[복승불일치 축교정] 오다와라 3경주: 축 [3, 9]로 교정(자금이탈 강등 [1]·🔴)
[경륜전개] 오다와라 3경주: 슬로우(단독 선행) · 라인 3개 · 페어 [[2, 8], [5, 1], [3, 9]]
[경륜전개] 오다와라 3경주: 슬로우(단독 선행) · 라인 3개 · 페어 [[2, 8], [5, 1], [3, 9]]
[복승불일치 축교정] 아오모리 4경주: 축 [1, 4]로 교정(자금이탈 강등 [7]·🔴🔴)
[각질편성] 사세보 3경주: 선행4·선입0·추입3 → ⚡ 빠른 페이스
[복승불일치 축교정] 오다와라 3경주: 축 [3, 9]로 교정(자금이탈 강등 [1]·🔴)
[복승불일치 축교정] 오다와라 3경주: 축 [3, 9]로 교정(자금이탈 강등 [1]·🔴)
[경륜전개] 사세보 3경주: 하이(주도권 경합) · 라인 4개 · 페어 [[5, 1], [6, 2]]
[경륜 추천 모순 수정] 고배당 강제조합 1건 메인→복병 이동(25배 상한)
[경륜 추천 모순 수정] 고배당 강제조합 1건 메인→복병 이동(25배 상한)
[경륜 추천 모순 수정] 고배당 강제조합 1건 메인→복병 이동(25배 상한)
[경륜 추천 모순 수정] 고배당 강제조합 1건 메인→복병 이동(25배 상한)
⏸ [폴링 저장 가드] 사세보 3경주: 마감 후 readonly → 로그 저장 생략(분석·표시는 정상)
[분석로그] 저장 실패: [WinError 5] 액세스가 거부되었습니다: 'C:\\Users\\Administrator\\Desktop\\경마분석서버\\data\\analysis_log\\2026_08_01_오다와라_3경주.json.tmp' -> 'C:\\Users\\Administrator\\Desktop\\경마분석서버\\data\\analysis_log\\2026_08_01_오다와라_3경주.json'
[결과기록] 캐시 갱신 — 재파싱 1666건 / 전체 1666건
[각질편성] 호후 4경주: 선행2·선입0·추입5 → 보통 페이스
[경륜전개] 호후 4경주: 보통 · 라인 2개 · 페어 [[2, 7], [3, 4]]
[각질편성] 아오모리 5경주: 선행2·선입0·추입5 → 보통 페이스
[경륜전개] 아오모리 5경주: 보통 · 라인 2개 · 페어 [[3, 4], [5, 1]]
[복승불일치 축교정] 아오모리 5경주: 축 [1, 3]로 교정(자금이탈 강등 [6]·🔴)
[각질편성] 오다와라 3경주: 선행3·선입0·추입6 → ⚡ 빠른 페이스
[각질편성] 오다와라 3경주: 선행3·선입0·추입6 → ⚡ 빠른 페이스
[경륜전개] 오다와라 3경주: 슬로우(단독 선행) · 라인 3개 · 페어 [[2, 8], [5, 1], [3, 9]]
[경륜전개] 오다와라 3경주: 슬로우(단독 선행) · 라인 3개 · 페어 [[2, 8], [5, 1], [3, 9]]
[복승불일치 축교정] 오다와라 3경주: 축 [3, 9]로 교정(자금이탈 강등 [1]·🔴)
[복승불일치 축교정] 오다와라 3경주: 축 [3, 9]로 교정(자금이탈 강등 [1]·🔴)
[각질편성] 호후 5경주: 선행3·선입0·추입4 → ⚡ 빠른 페이스
[경륜전개] 호후 5경주: 보통 · 라인 3개 · 페어 [[5, 1], [4, 2], [3, 7]]
[경륜 추천 모순 수정] 고배당 강제조합 1건 메인→복병 이동(25배 상한)
[경륜 추천 모순 수정] 고배당 강제조합 1건 메인→복병 이동(25배 상한)
[각질편성] 아오모리 6경주: 선행4·선입0·추입3 → ⚡ 빠른 페이스
[경륜전개] 아오모리 6경주: 하이(주도권 경합) · 라인 4개 · 페어 [[1, 3], [7, 4], [6, 2]]
[placeholder 필터] 호후 6경주 쌍승 껍데기 배당 3조합 제외(값: [300.2])
[각질편성] 호후 6경주: 선행5·선입0·추입2 → ⚡ 빠른 페이스
[경륜전개] 호후 6경주: 보통 · 라인 5개 · 페어 [[5, 1], [4, 2]]
[placeholder 필터] 아오모리 7경주 쌍승 껍데기 배당 3조합 제외(값: [1703.0])
[각질편성] 아오모리 7경주: 선행5·선입0·추입2 → ⚡ 빠른 페이스
[경륜전개] 아오모리 7경주: 슬로우(단독 선행) · 라인 5개 · 페어 [[4, 5], [3, 7]]
[한국경마 스케줄] 20260801: 경마장 0곳 · 경주 0개(KRA API 감지·발주시각 미제공)
[다중경주 스케줄] 20260801: 트랙 12곳(경륜 10·한국 0 포함) · 경주 118개
[각질편성] 호후 7경주: 선행5·선입0·추입2 → ⚡ 빠른 페이스
[경륜전개] 호후 7경주: 하이(주도권 경합) · 라인 5개 · 페어 [[5, 2], [3, 7]]
[각질편성] 사세보 1경주: 선행2·선입0·추입5 → 보통 페이스
[경륜전개] 사세보 1경주: 보통 · 라인 2개 · 페어 [[1, 5], [6, 2]]
[각질편성] 오다와라 1경주: 선행5·선입0·추입4 → ⚡ 빠른 페이스
[경륜전개] 오다와라 1경주: 보통 · 라인 5개 · 페어 [[1, 5], [7, 3]]
[각질편성] 기후 1경주: 선행2·선입0·추입5 → 보통 페이스
[경륜전개] 기후 1경주: 보통 · 라인 2개 · 페어 [[7, 3], [1, 4]]
[각질편성] 사세보 2경주: 선행2·선입0·추입5 → 보통 페이스
⚠️ [수신값 검증] 오다와라 3경주 · 배당 열 밀림 의심(인접 조합 값 일치) → 이 틱 급락 계산 보류(배당은 저장)
[경륜전개] 사세보 2경주: 보통 · 라인 2개 · 페어 [[7, 2], [5, 1]]
[복승불일치 축교정] 사세보 2경주: 축 [2, 7]로 교정(자금이탈 강등 [1]·🔴🔴)
[활성정리] 끝난 경주 1건 제거(히스토리 보존): 사세보 2경주
[3종 수집] 오다와라 3경주: {'quinella': 36, 'exacta': 72, 'trio': 0, 'win': 0} (history 12)
[각질편성] 오다와라 2경주: 선행4·선입0·추입5 → ⚡ 빠른 페이스
[경륜전개] 오다와라 2경주: 슬로우(단독 선행) · 라인 4개 · 페어 [[2, 7], [9, 1], [6, 4], [8, 3]]
[각질편성] 기후 2경주: 선행3·선입0·추입4 → ⚡ 빠른 페이스
[경륜전개] 기후 2경주: 하이(주도권 경합) · 라인 3개 · 페어 [[3, 4], [7, 2], [6, 1]]
[복승불일치 축교정] 기후 2경주: 축 [3, 4]로 교정(자금이탈 강등 [6]·🔴🔴)
[각질편성] 사세보 3경주: 선행4·선입0·추입3 → ⚡ 빠른 페이스
[경륜전개] 사세보 3경주: 하이(주도권 경합) · 라인 4개 · 페어 [[5, 1], [6, 2]]
[각질편성] 오다와라 3경주: 선행3·선입0·추입6 → ⚡ 빠른 페이스
[경륜전개] 오다와라 3경주: 슬로우(단독 선행) · 라인 3개 · 페어 [[2, 8], [5, 1], [3, 9]]
[복승불일치 축교정] 오다와라 3경주: 축 [3, 9]로 교정(자금이탈 강등 [1]·🔴)
[경륜 추천 모순 수정] 고배당 강제조합 1건 메인→복병 이동(25배 상한)
[각질편성] 오다와라 3경주: 선행3·선입0·추입6 → ⚡ 빠른 페이스
[경륜전개] 오다와라 3경주: 슬로우(단독 선행) · 라인 3개 · 페어 [[2, 8], [5, 1], [3, 9]]
[복승불일치 축교정] 오다와라 3경주: 축 [3, 9]로 교정(자금이탈 강등 [1]·🔴)
[경륜 추천 모순 수정] 고배당 강제조합 1건 메인→복병 이동(25배 상한)
[각질편성] 오다와라 3경주: 선행3·선입0·추입6 → ⚡ 빠른 페이스
[경륜전개] 오다와라 3경주: 슬로우(단독 선행) · 라인 3개 · 페어 [[2, 8], [5, 1], [3, 9]]
[복승불일치 축교정] 오다와라 3경주: 축 [3, 9]로 교정(자금이탈 강등 [1]·🔴)
[경륜 추천 모순 수정] 고배당 강제조합 1건 메인→복병 이동(25배 상한)
[각질편성] 오다와라 3경주: 선행3·선입0·추입6 → ⚡ 빠른 페이스
[경륜전개] 오다와라 3경주: 슬로우(단독 선행) · 라인 3개 · 페어 [[2, 8], [5, 1], [3, 9]]
[복승불일치 축교정] 오다와라 3경주: 축 [3, 9]로 교정(자금이탈 강등 [1]·🔴)
[경륜 추천 모순 수정] 고배당 강제조합 1건 메인→복병 이동(25배 상한)
[각질편성] 오다와라 3경주: 선행3·선입0·추입6 → ⚡ 빠른 페이스
[경륜전개] 오다와라 3경주: 슬로우(단독 선행) · 라인 3개 · 페어 [[2, 8], [5, 1], [3, 9]]
[복승불일치 축교정] 오다와라 3경주: 축 [3, 9]로 교정(자금이탈 강등 [1]·🔴)
[경륜 추천 모순 수정] 고배당 강제조합 1건 메인→복병 이동(25배 상한)
[각질편성] 오다와라 3경주: 선행3·선입0·추입6 → ⚡ 빠른 페이스
[경륜전개] 오다와라 3경주: 슬로우(단독 선행) · 라인 3개 · 페어 [[2, 8], [5, 1], [3, 9]]
[복승불일치 축교정] 오다와라 3경주: 축 [3, 9]로 교정(자금이탈 강등 [1]·🔴)
[경륜 추천 모순 수정] 고배당 강제조합 1건 메인→복병 이동(25배 상한)
[각질편성] 오다와라 3경주: 선행3·선입0·추입6 → ⚡ 빠른 페이스
[경륜전개] 오다와라 3경주: 슬로우(단독 선행) · 라인 3개 · 페어 [[2, 8], [5, 1], [3, 9]]
[복승불일치 축교정] 오다와라 3경주: 축 [3, 9]로 교정(자금이탈 강등 [1]·🔴)
[경륜 추천 모순 수정] 고배당 강제조합 1건 메인→복병 이동(25배 상한)
[각질편성] 오다와라 3경주: 선행3·선입0·추입6 → ⚡ 빠른 페이스
[경륜전개] 오다와라 3경주: 슬로우(단독 선행) · 라인 3개 · 페어 [[2, 8], [5, 1], [3, 9]]
[복승불일치 축교정] 오다와라 3경주: 축 [3, 9]로 교정(자금이탈 강등 [1]·🔴)
[경륜 추천 모순 수정] 고배당 강제조합 1건 메인→복병 이동(25배 상한)
[각질편성] 오다와라 3경주: 선행3·선입0·추입6 → ⚡ 빠른 페이스
[경륜전개] 오다와라 3경주: 슬로우(단독 선행) · 라인 3개 · 페어 [[2, 8], [5, 1], [3, 9]]
[각질편성] 오다와라 3경주: 선행3·선입0·추입6 → ⚡ 빠른 페이스
[경륜전개] 오다와라 3경주: 슬로우(단독 선행) · 라인 3개 · 페어 [[2, 8], [5, 1], [3, 9]]
[복승불일치 축교정] 오다와라 3경주: 축 [3, 9]로 교정(자금이탈 강등 [1]·🔴)
[복승불일치 축교정] 오다와라 3경주: 축 [3, 9]로 교정(자금이탈 강등 [1]·🔴)
[경륜 추천 모순 수정] 고배당 강제조합 1건 메인→복병 이동(25배 상한)
[경륜 추천 모순 수정] 고배당 강제조합 1건 메인→복병 이동(25배 상한)
[분석로그] 저장 실패: [WinError 32] 다른 프로세스가 파일을 사용 중이기 때문에 프로세스가 액세스 할 수 없습니다: 'C:\\Users\\Administrator\\Desktop\\경마분석서버\\data\\analysis_log\\2026_08_01_오다와라_3경주.json.tmp' -> 'C:\\Users\\Administrator\\Desktop\\경마분석서버\\data\\analysis_log\\2026_08_01_오다와라_3경주.json'
[3종 수집] 오다와라 3경주: {'quinella': 36, 'exacta': 72, 'trio': 0, 'win': 0} (history 12)
[각질편성] 오다와라 3경주: 선행3·선입0·추입6 → ⚡ 빠른 페이스
[경륜전개] 오다와라 3경주: 슬로우(단독 선행) · 라인 3개 · 페어 [[2, 8], [5, 1], [3, 9]]
[복승불일치 축교정] 오다와라 3경주: 축 [3, 9]로 교정(자금이탈 강등 [1]·🔴)
[경륜 추천 모순 수정] 고배당 강제조합 1건 메인→복병 이동(25배 상한)
[각질편성] 오다와라 3경주: 선행3·선입0·추입6 → ⚡ 빠른 페이스
[경륜전개] 오다와라 3경주: 슬로우(단독 선행) · 라인 3개 · 페어 [[2, 8], [5, 1], [3, 9]]
[복승불일치 축교정] 오다와라 3경주: 축 [3, 9]로 교정(자금이탈 강등 [1]·🔴)
[경륜 추천 모순 수정] 고배당 강제조합 1건 메인→복병 이동(25배 상한)
[각질편성] 오다와라 3경주: 선행3·선입0·추입6 → ⚡ 빠른 페이스
[각질편성] 아오모리 4경주: 선행2·선입0·추입5 → 보통 페이스
[경륜전개] 오다와라 3경주: 슬로우(단독 선행) · 라인 3개 · 페어 [[2, 8], [5, 1], [3, 9]]
[경륜전개] 아오모리 4경주: 슬로우(단독 선행) · 라인 2개 · 페어 [[2, 7], [4, 1]]
[각질편성] 오다와라 3경주: 선행3·선입0·추입6 → ⚡ 빠른 페이스
[경륜전개] 오다와라 3경주: 슬로우(단독 선행) · 라인 3개 · 페어 [[2, 8], [5, 1], [3, 9]]
[복승불일치 축교정] 오다와라 3경주: 축 [3, 9]로 교정(자금이탈 강등 [1]·🔴)
[복승불일치 축교정] 아오모리 4경주: 축 [1, 4]로 교정(자금이탈 강등 [7]·🔴🔴)
[각질편성] 오다와라 3경주: 선행3·선입0·추입6 → ⚡ 빠른 페이스
[복승불일치 축교정] 오다와라 3경주: 축 [3, 9]로 교정(자금이탈 강등 [1]·🔴)
[경륜전개] 오다와라 3경주: 슬로우(단독 선행) · 라인 3개 · 페어 [[2, 8], [5, 1], [3, 9]]
[각질편성] 오다와라 3경주: 선행3·선입0·추입6 → ⚡ 빠른 페이스
[복승불일치 축교정] 오다와라 3경주: 축 [3, 9]로 교정(자금이탈 강등 [1]·🔴)
[경륜전개] 오다와라 3경주: 슬로우(단독 선행) · 라인 3개 · 페어 [[2, 8], [5, 1], [3, 9]]
[복승불일치 축교정] 오다와라 3경주: 축 [3, 9]로 교정(자금이탈 강등 [1]·🔴)
[경륜 추천 모순 수정] 고배당 강제조합 1건 메인→복병 이동(25배 상한)
[경륜 추천 모순 수정] 고배당 강제조합 1건 메인→복병 이동(25배 상한)
[경륜 추천 모순 수정] 고배당 강제조합 1건 메인→복병 이동(25배 상한)
[경륜 추천 모순 수정] 고배당 강제조합 1건 메인→복병 이동(25배 상한)
[각질편성] 호후 4경주: 선행2·선입0·추입5 → 보통 페이스
[경륜전개] 호후 4경주: 보통 · 라인 2개 · 페어 [[2, 7], [3, 4]]
[분석로그] 저장 실패: [WinError 32] 다른 프로세스가 파일을 사용 중이기 때문에 프로세스가 액세스 할 수 없습니다: 'C:\\Users\\Administrator\\Desktop\\경마분석서버\\data\\analysis_log\\2026_08_01_오다와라_3경주.json.tmp' -> 'C:\\Users\\Administrator\\Desktop\\경마분석서버\\data\\analysis_log\\2026_08_01_오다와라_3경주.json'
[분석로그] 저장 실패: [WinError 5] 액세스가 거부되었습니다: 'C:\\Users\\Administrator\\Desktop\\경마분석서버\\data\\analysis_log\\2026_08_01_오다와라_3경주.json.tmp' -> 'C:\\Users\\Administrator\\Desktop\\경마분석서버\\data\\analysis_log\\2026_08_01_오다와라_3경주.json'
[각질편성] 아오모리 5경주: 선행2·선입0·추입5 → 보통 페이스
[경륜전개] 아오모리 5경주: 보통 · 라인 2개 · 페어 [[3, 4], [5, 1]]
[복승불일치 축교정] 아오모리 5경주: 축 [1, 3]로 교정(자금이탈 강등 [6]·🔴)
[각질편성] 호후 5경주: 선행3·선입0·추입4 → ⚡ 빠른 페이스
[경륜전개] 호후 5경주: 보통 · 라인 3개 · 페어 [[5, 1], [4, 2], [3, 7]]
[각질편성] 아오모리 6경주: 선행4·선입0·추입3 → ⚡ 빠른 페이스
[경륜전개] 아오모리 6경주: 하이(주도권 경합) · 라인 4개 · 페어 [[1, 3], [7, 4], [6, 2]]
[결과기록] 캐시 갱신 — 재파싱 1건 / 전체 1666건
[placeholder 필터] 호후 6경주 쌍승 껍데기 배당 3조합 제외(값: [300.2])
[각질편성] 호후 6경주: 선행5·선입0·추입2 → ⚡ 빠른 페이스
[경륜전개] 호후 6경주: 보통 · 라인 5개 · 페어 [[5, 1], [4, 2]]
[placeholder 필터] 아오모리 7경주 쌍승 껍데기 배당 3조합 제외(값: [1703.0])
[각질편성] 아오모리 7경주: 선행5·선입0·추입2 → ⚡ 빠른 페이스
[경륜전개] 아오모리 7경주: 슬로우(단독 선행) · 라인 5개 · 페어 [[4, 5], [3, 7]]
[각질편성] 호후 7경주: 선행5·선입0·추입2 → ⚡ 빠른 페이스
[경륜전개] 호후 7경주: 하이(주도권 경합) · 라인 5개 · 페어 [[5, 2], [3, 7]]
[각질편성] 사세보 1경주: 선행2·선입0·추입5 → 보통 페이스
[경륜전개] 사세보 1경주: 보통 · 라인 2개 · 페어 [[1, 5], [6, 2]]
[각질편성] 오다와라 1경주: 선행5·선입0·추입4 → ⚡ 빠른 페이스
[경륜전개] 오다와라 1경주: 보통 · 라인 5개 · 페어 [[1, 5], [7, 3]]
[각질편성] 기후 1경주: 선행2·선입0·추입5 → 보통 페이스
[경륜전개] 기후 1경주: 보통 · 라인 2개 · 페어 [[7, 3], [1, 4]]
[각질편성] 사세보 2경주: 선행2·선입0·추입5 → 보통 페이스
[경륜전개] 사세보 2경주: 보통 · 라인 2개 · 페어 [[7, 2], [5, 1]]
[복승불일치 축교정] 사세보 2경주: 축 [2, 7]로 교정(자금이탈 강등 [1]·🔴🔴)
[각질편성] 오다와라 3경주: 선행3·선입0·추입6 → ⚡ 빠른 페이스
[각질편성] 오다와라 3경주: 선행3·선입0·추입6 → ⚡ 빠른 페이스
[경륜전개] 오다와라 3경주: 슬로우(단독 선행) · 라인 3개 · 페어 [[2, 8], [5, 1], [3, 9]]
[경륜전개] 오다와라 3경주: 슬로우(단독 선행) · 라인 3개 · 페어 [[2, 8], [5, 1], [3, 9]]
[복승불일치 축교정] 오다와라 3경주: 축 [3, 9]로 교정(자금이탈 강등 [1]·🔴)
[복승불일치 축교정] 오다와라 3경주: 축 [3, 9]로 교정(자금이탈 강등 [1]·🔴)
[각질편성] 오다와라 2경주: 선행4·선입0·추입5 → ⚡ 빠른 페이스
[경륜전개] 오다와라 2경주: 슬로우(단독 선행) · 라인 4개 · 페어 [[2, 7], [9, 1], [6, 4], [8, 3]]
[경륜 추천 모순 수정] 고배당 강제조합 1건 메인→복병 이동(25배 상한)
[경륜 추천 모순 수정] 고배당 강제조합 1건 메인→복병 이동(25배 상한)
[각질편성] 기후 2경주: 선행3·선입0·추입4 → ⚡ 빠른 페이스
[분석로그] 저장 실패: [WinError 32] 다른 프로세스가 파일을 사용 중이기 때문에 프로세스가 액세스 할 수 없습니다: 'C:\\Users\\Administrator\\Desktop\\경마분석서버\\data\\analysis_log\\2026_08_01_오다와라_3경주.json.tmp' -> 'C:\\Users\\Administrator\\Desktop\\경마분석서버\\data\\analysis_log\\2026_08_01_오다와라_3경주.json'
[경륜전개] 기후 2경주: 하이(주도권 경합) · 라인 3개 · 페어 [[3, 4], [7, 2], [6, 1]]
[복승불일치 축교정] 기후 2경주: 축 [3, 4]로 교정(자금이탈 강등 [6]·🔴🔴)
[각질편성] 사세보 3경주: 선행4·선입0·추입3 → ⚡ 빠른 페이스
[경륜전개] 사세보 3경주: 하이(주도권 경합) · 라인 4개 · 페어 [[5, 1], [6, 2]]
[각질편성] 오다와라 3경주: 선행3·선입0·추입6 → ⚡ 빠른 페이스
[경륜전개] 오다와라 3경주: 슬로우(단독 선행) · 라인 3개 · 페어 [[2, 8], [5, 1], [3, 9]]
[복승불일치 축교정] 오다와라 3경주: 축 [3, 9]로 교정(자금이탈 강등 [1]·🔴)
[경륜 추천 모순 수정] 고배당 강제조합 1건 메인→복병 이동(25배 상한)
[3종 수집] 오다와라 3경주: {'quinella': 36, 'exacta': 72, 'trio': 0, 'win': 0} (history 12)
[각질편성] 오다와라 3경주: 선행3·선입0·추입6 → ⚡ 빠른 페이스
[경륜전개] 오다와라 3경주: 슬로우(단독 선행) · 라인 3개 · 페어 [[2, 8], [5, 1], [3, 9]]
[복승불일치 축교정] 오다와라 3경주: 축 [3, 9]로 교정(자금이탈 강등 [1]·🔴)
[경륜 추천 모순 수정] 고배당 강제조합 1건 메인→복병 이동(25배 상한)
[각질편성] 오다와라 3경주: 선행3·선입0·추입6 → ⚡ 빠른 페이스
[경륜전개] 오다와라 3경주: 슬로우(단독 선행) · 라인 3개 · 페어 [[2, 8], [5, 1], [3, 9]]
[복승불일치 축교정] 오다와라 3경주: 축 [3, 9]로 교정(자금이탈 강등 [1]·🔴)
[경륜 추천 모순 수정] 고배당 강제조합 1건 메인→복병 이동(25배 상한)
[각질편성] 오다와라 3경주: 선행3·선입0·추입6 → ⚡ 빠른 페이스
[경륜전개] 오다와라 3경주: 슬로우(단독 선행) · 라인 3개 · 페어 [[2, 8], [5, 1], [3, 9]]
[각질편성] 오다와라 3경주: 선행3·선입0·추입6 → ⚡ 빠른 페이스
[경륜전개] 오다와라 3경주: 슬로우(단독 선행) · 라인 3개 · 페어 [[2, 8], [5, 1], [3, 9]]
[복승불일치 축교정] 오다와라 3경주: 축 [3, 9]로 교정(자금이탈 강등 [1]·🔴)
[복승불일치 축교정] 오다와라 3경주: 축 [3, 9]로 교정(자금이탈 강등 [1]·🔴)
[경륜 추천 모순 수정] 고배당 강제조합 1건 메인→복병 이동(25배 상한)
[경륜 추천 모순 수정] 고배당 강제조합 1건 메인→복병 이동(25배 상한)
[3종 수집] 오다와라 3경주: {'quinella': 36, 'exacta': 72, 'trio': 0, 'win': 0} (history 12)
[경륜 전적·자동] 기후 3경주: 7두 수집(競走得点·절대등급 A/B/C/D·라인[6, 1, 4, 3, 5, 7, 2]) → 통합등급 자동 반영
[3종 수집] 기후 3경주: {'quinella': 21, 'exacta': 42, 'trio': 0, 'win': 0} (history 1)
[각질편성] 오다와라 3경주: 선행3·선입0·추입6 → ⚡ 빠른 페이스
[경륜전개] 오다와라 3경주: 슬로우(단독 선행) · 라인 3개 · 페어 [[2, 8], [5, 1], [3, 9]]
[복승불일치 축교정] 오다와라 3경주: 축 [3, 9]로 교정(자금이탈 강등 [1]·🔴)
[경륜 추천 모순 수정] 고배당 강제조합 1건 메인→복병 이동(25배 상한)
[스냅샷] 저장: 2026_08_01_오다와라_3경주_마감후.png (662 KB · close)
🔮 [예측] 기후 3경주: top3=[5, 7, 3] conf=4 · 5번 서택 우성의 선행 강세와 7번 우수 창거의 자재 각질이 시너지를 낼
[placeholder 필터] 기후 3경주 쌍승 껍데기 배당 3조합 제외(값: [329.2])
[각질편성] 기후 3경주: 선행3·선입0·추입4 → ⚡ 빠른 페이스
[경륜전개] 기후 3경주: 보통 · 라인 3개 · 페어 [[5, 7], [4, 3], [6, 1]]
[단통 상한] 메인 3개 · 복병이동 0개
[자동분석·배경] 기후 3경주: 마감 570초 전 재분석(rec_history 누적·cycle)
[placeholder 필터] 기후 3경주 쌍승 껍데기 배당 3조합 제외(값: [329.2])
[각질편성] 기후 3경주: 선행3·선입0·추입4 → ⚡ 빠른 페이스
[경륜전개] 기후 3경주: 보통 · 라인 3개 · 페어 [[5, 7], [4, 3], [6, 1]]
[단통 상한] 메인 3개 · 복병이동 0개
[각질편성] 오다와라 3경주: 선행3·선입0·추입6 → ⚡ 빠른 페이스
[경륜전개] 오다와라 3경주: 슬로우(단독 선행) · 라인 3개 · 페어 [[2, 8], [5, 1], [3, 9]]
[복승불일치 축교정] 오다와라 3경주: 축 [3, 9]로 교정(자금이탈 강등 [1]·🔴)
[경륜 추천 모순 수정] 고배당 강제조합 1건 메인→복병 이동(25배 상한)
[스냅샷] 저장: 2026_08_01_오다와라_3경주_마감후.png (662 KB · close)
[스냅샷] 저장: 2026_08_01_오다와라_3경주_마감후.png (662 KB · close)
[각질편성] 오다와라 3경주: 선행3·선입0·추입6 → ⚡ 빠른 페이스
[각질편성] 오다와라 3경주: 선행3·선입0·추입6 → ⚡ 빠른 페이스
[경륜전개] 오다와라 3경주: 슬로우(단독 선행) · 라인 3개 · 페어 [[2, 8], [5, 1], [3, 9]]
[각질편성] 아오모리 4경주: 선행2·선입0·추입5 → 보통 페이스
[경륜전개] 오다와라 3경주: 슬로우(단독 선행) · 라인 3개 · 페어 [[2, 8], [5, 1], [3, 9]]
[경륜전개] 아오모리 4경주: 슬로우(단독 선행) · 라인 2개 · 페어 [[2, 7], [4, 1]]
[복승불일치 축교정] 오다와라 3경주: 축 [3, 9]로 교정(자금이탈 강등 [1]·🔴)
[각질편성] 오다와라 3경주: 선행3·선입0·추입6 → ⚡ 빠른 페이스
[경륜전개] 오다와라 3경주: 슬로우(단독 선행) · 라인 3개 · 페어 [[2, 8], [5, 1], [3, 9]]
[복승불일치 축교정] 오다와라 3경주: 축 [3, 9]로 교정(자금이탈 강등 [1]·🔴)
[복승불일치 축교정] 아오모리 4경주: 축 [1, 4]로 교정(자금이탈 강등 [7]·🔴🔴)
[각질편성] 오다와라 3경주: 선행3·선입0·추입6 → ⚡ 빠른 페이스
[경륜전개] 오다와라 3경주: 슬로우(단독 선행) · 라인 3개 · 페어 [[2, 8], [5, 1], [3, 9]]
[복승불일치 축교정] 오다와라 3경주: 축 [3, 9]로 교정(자금이탈 강등 [1]·🔴)
[복승불일치 축교정] 오다와라 3경주: 축 [3, 9]로 교정(자금이탈 강등 [1]·🔴)
[경륜 추천 모순 수정] 고배당 강제조합 1건 메인→복병 이동(25배 상한)
[경륜 추천 모순 수정] 고배당 강제조합 1건 메인→복병 이동(25배 상한)
[경륜 추천 모순 수정] 고배당 강제조합 1건 메인→복병 이동(25배 상한)
[경륜 추천 모순 수정] 고배당 강제조합 1건 메인→복병 이동(25배 상한)
[각질편성] 호후 4경주: 선행2·선입0·추입5 → 보통 페이스
[경륜전개] 호후 4경주: 보통 · 라인 2개 · 페어 [[2, 7], [3, 4]]
[분석로그] 저장 실패: [Errno 13] Permission denied: 'C:\\Users\\Administrator\\Desktop\\경마분석서버\\data\\analysis_log\\2026_08_01_오다와라_3경주.json.tmp'
[각질편성] 아오모리 5경주: 선행2·선입0·추입5 → 보통 페이스
[경륜전개] 아오모리 5경주: 보통 · 라인 2개 · 페어 [[3, 4], [5, 1]]
[복승불일치 축교정] 아오모리 5경주: 축 [1, 3]로 교정(자금이탈 강등 [6]·🔴)
[각질편성] 호후 5경주: 선행3·선입0·추입4 → ⚡ 빠른 페이스
[경륜전개] 호후 5경주: 보통 · 라인 3개 · 페어 [[5, 1], [4, 2], [3, 7]]
[결과기록] 캐시 갱신 — 재파싱 2건 / 전체 1667건
[각질편성] 아오모리 6경주: 선행4·선입0·추입3 → ⚡ 빠른 페이스
[경륜전개] 아오모리 6경주: 하이(주도권 경합) · 라인 4개 · 페어 [[1, 3], [7, 4], [6, 2]]
[placeholder 필터] 호후 6경주 쌍승 껍데기 배당 3조합 제외(값: [300.2])
[각질편성] 호후 6경주: 선행5·선입0·추입2 → ⚡ 빠른 페이스
[경륜전개] 호후 6경주: 보통 · 라인 5개 · 페어 [[5, 1], [4, 2]]
[placeholder 필터] 아오모리 7경주 쌍승 껍데기 배당 3조합 제외(값: [1703.0])
[각질편성] 아오모리 7경주: 선행5·선입0·추입2 → ⚡ 빠른 페이스
[경륜전개] 아오모리 7경주: 슬로우(단독 선행) · 라인 5개 · 페어 [[4, 5], [3, 7]]
[각질편성] 호후 7경주: 선행5·선입0·추입2 → ⚡ 빠른 페이스
[경륜전개] 호후 7경주: 하이(주도권 경합) · 라인 5개 · 페어 [[5, 2], [3, 7]]
[각질편성] 사세보 1경주: 선행2·선입0·추입5 → 보통 페이스
[경륜전개] 사세보 1경주: 보통 · 라인 2개 · 페어 [[1, 5], [6, 2]]
[각질편성] 오다와라 1경주: 선행5·선입0·추입4 → ⚡ 빠른 페이스
[경륜전개] 오다와라 1경주: 보통 · 라인 5개 · 페어 [[1, 5], [7, 3]]
[각질편성] 오다와라 3경주: 선행3·선입0·추입6 → ⚡ 빠른 페이스
[각질편성] 오다와라 3경주: 선행3·선입0·추입6 → ⚡ 빠른 페이스
[경륜전개] 오다와라 3경주: 슬로우(단독 선행) · 라인 3개 · 페어 [[2, 8], [5, 1], [3, 9]]
[경륜전개] 오다와라 3경주: 슬로우(단독 선행) · 라인 3개 · 페어 [[2, 8], [5, 1], [3, 9]]
[복승불일치 축교정] 오다와라 3경주: 축 [3, 9]로 교정(자금이탈 강등 [1]·🔴)
[복승불일치 축교정] 오다와라 3경주: 축 [3, 9]로 교정(자금이탈 강등 [1]·🔴)
[경륜 추천 모순 수정] 고배당 강제조합 1건 메인→복병 이동(25배 상한)
[경륜 추천 모순 수정] 고배당 강제조합 1건 메인→복병 이동(25배 상한)
[각질편성] 기후 1경주: 선행2·선입0·추입5 → 보통 페이스
[경륜전개] 기후 1경주: 보통 · 라인 2개 · 페어 [[7, 3], [1, 4]]
[각질편성] 사세보 2경주: 선행2·선입0·추입5 → 보통 페이스
[경륜전개] 사세보 2경주: 보통 · 라인 2개 · 페어 [[7, 2], [5, 1]]
[복승불일치 축교정] 사세보 2경주: 축 [2, 7]로 교정(자금이탈 강등 [1]·🔴🔴)
[각질편성] 오다와라 2경주: 선행4·선입0·추입5 → ⚡ 빠른 페이스
[경륜전개] 오다와라 2경주: 슬로우(단독 선행) · 라인 4개 · 페어 [[2, 7], [9, 1], [6, 4], [8, 3]]
[각질편성] 기후 2경주: 선행3·선입0·추입4 → ⚡ 빠른 페이스
[경륜전개] 기후 2경주: 하이(주도권 경합) · 라인 3개 · 페어 [[3, 4], [7, 2], [6, 1]]
[복승불일치 축교정] 기후 2경주: 축 [3, 4]로 교정(자금이탈 강등 [6]·🔴🔴)
[각질편성] 사세보 3경주: 선행4·선입0·추입3 → ⚡ 빠른 페이스
[경륜전개] 사세보 3경주: 하이(주도권 경합) · 라인 4개 · 페어 [[5, 1], [6, 2]]
[각질편성] 오다와라 3경주: 선행3·선입0·추입6 → ⚡ 빠른 페이스
[경륜전개] 오다와라 3경주: 슬로우(단독 선행) · 라인 3개 · 페어 [[2, 8], [5, 1], [3, 9]]
[복승불일치 축교정] 오다와라 3경주: 축 [3, 9]로 교정(자금이탈 강등 [1]·🔴)
[경륜 추천 모순 수정] 고배당 강제조합 1건 메인→복병 이동(25배 상한)
[placeholder 필터] 기후 3경주 쌍승 껍데기 배당 3조합 제외(값: [329.2])
[각질편성] 기후 3경주: 선행3·선입0·추입4 → ⚡ 빠른 페이스
[경륜전개] 기후 3경주: 보통 · 라인 3개 · 페어 [[5, 7], [4, 3], [6, 1]]
[단통 상한] 메인 3개 · 복병이동 0개
[각질편성] 오다와라 3경주: 선행3·선입0·추입6 → ⚡ 빠른 페이스
[경륜전개] 오다와라 3경주: 슬로우(단독 선행) · 라인 3개 · 페어 [[2, 8], [5, 1], [3, 9]]
[readonly 잠금] 오다와라 3경주: 마감 확정 파일 — corePicks/시계열 보존, result/hit만 업데이트 허용
[마감 동결] 오다와라 3경주: 확정본 복원(출처 closed_row · 기준 11:42:52)
[3종 수집] 기후 3경주: {'quinella': 21, 'exacta': 42, 'trio': 0, 'win': 0} (history 2)
[3종 수집] 오다와라 3경주: {'quinella': 36, 'exacta': 72, 'trio': 0, 'win': 0} (history 12)
[placeholder 필터] 기후 3경주 쌍승 껍데기 배당 7조합 제외(값: [278.6, 365.7])
[각질편성] 기후 3경주: 선행3·선입0·추입4 → ⚡ 빠른 페이스
[경륜전개] 기후 3경주: 보통 · 라인 3개 · 페어 [[5, 7], [4, 3], [6, 1]]
[경륜 추천 모순 수정] 고배당 강제조합 2건 메인→복병 이동(25배 상한)
[단통 상한] 메인 3개 · 복병이동 1개
[자동분석·배경] 기후 3경주: 마감 534초 전 재분석(rec_history 누적·cycle)
[각질편성] 오다와라 3경주: 선행3·선입0·추입6 → ⚡ 빠른 페이스
[경륜전개] 오다와라 3경주: 슬로우(단독 선행) · 라인 3개 · 페어 [[2, 8], [5, 1], [3, 9]]
⏸ [폴링 저장 가드] 오다와라 3경주: 마감 후 readonly → 로그 저장 생략(분석·표시는 정상)
[각질편성] 오다와라 3경주: 선행3·선입0·추입6 → ⚡ 빠른 페이스
[각질편성] 오다와라 3경주: 선행3·선입0·추입6 → ⚡ 빠른 페이스
[경륜전개] 오다와라 3경주: 슬로우(단독 선행) · 라인 3개 · 페어 [[2, 8], [5, 1], [3, 9]]
[경륜전개] 오다와라 3경주: 슬로우(단독 선행) · 라인 3개 · 페어 [[2, 8], [5, 1], [3, 9]]
[각질편성] 오다와라 3경주: 선행3·선입0·추입6 → ⚡ 빠른 페이스
[경륜전개] 오다와라 3경주: 슬로우(단독 선행) · 라인 3개 · 페어 [[2, 8], [5, 1], [3, 9]]
[3종 수집] 기후 3경주: {'quinella': 21, 'exacta': 42, 'trio': 0, 'win': 0} (history 3)
[3종 수집] 오다와라 3경주: {'quinella': 36, 'exacta': 72, 'trio': 0, 'win': 0} (history 12)
[placeholder 필터] 기후 3경주 쌍승 껍데기 배당 7조합 제외(값: [278.6, 365.7])
[각질편성] 기후 3경주: 선행3·선입0·추입4 → ⚡ 빠른 페이스
[경륜전개] 기후 3경주: 보통 · 라인 3개 · 페어 [[5, 7], [4, 3], [6, 1]]
[경륜 추천 모순 수정] 고배당 강제조합 2건 메인→복병 이동(25배 상한)
[단통 상한] 메인 3개 · 복병이동 1개
[자동분석·배경] 기후 3경주: 마감 502초 전 재분석(rec_history 누적·cycle)
[각질편성] 오다와라 3경주: 선행3·선입0·추입6 → ⚡ 빠른 페이스
[경륜전개] 오다와라 3경주: 슬로우(단독 선행) · 라인 3개 · 페어 [[2, 8], [5, 1], [3, 9]]
[각질편성] 오다와라 3경주: 선행3·선입0·추입6 → ⚡ 빠른 페이스
[경륜전개] 오다와라 3경주: 슬로우(단독 선행) · 라인 3개 · 페어 [[2, 8], [5, 1], [3, 9]]
[각질편성] 오다와라 3경주: 선행3·선입0·추입6 → ⚡ 빠른 페이스
[각질편성] 오다와라 3경주: 선행3·선입0·추입6 → ⚡ 빠른 페이스
[경륜전개] 오다와라 3경주: 슬로우(단독 선행) · 라인 3개 · 페어 [[2, 8], [5, 1], [3, 9]]
[경륜전개] 오다와라 3경주: 슬로우(단독 선행) · 라인 3개 · 페어 [[2, 8], [5, 1], [3, 9]]
[각질편성] 오다와라 3경주: 선행3·선입0·추입6 → ⚡ 빠른 페이스
[각질편성] 오다와라 3경주: 선행3·선입0·추입6 → ⚡ 빠른 페이스
[경륜전개] 오다와라 3경주: 슬로우(단독 선행) · 라인 3개 · 페어 [[2, 8], [5, 1], [3, 9]]
[경륜전개] 오다와라 3경주: 슬로우(단독 선행) · 라인 3개 · 페어 [[2, 8], [5, 1], [3, 9]]
[각질편성] 아오모리 4경주: 선행2·선입0·추입5 → 보통 페이스
[경륜전개] 아오모리 4경주: 슬로우(단독 선행) · 라인 2개 · 페어 [[2, 7], [4, 1]]
[복승불일치 축교정] 아오모리 4경주: 축 [1, 4]로 교정(자금이탈 강등 [7]·🔴🔴)
[각질편성] 호후 4경주: 선행2·선입0·추입5 → 보통 페이스
[경륜전개] 호후 4경주: 보통 · 라인 2개 · 페어 [[2, 7], [3, 4]]
[각질편성] 아오모리 5경주: 선행2·선입0·추입5 → 보통 페이스
[경륜전개] 아오모리 5경주: 보통 · 라인 2개 · 페어 [[3, 4], [5, 1]]
[복승불일치 축교정] 아오모리 5경주: 축 [1, 3]로 교정(자금이탈 강등 [6]·🔴)
[각질편성] 호후 5경주: 선행3·선입0·추입4 → ⚡ 빠른 페이스
[경륜전개] 호후 5경주: 보통 · 라인 3개 · 페어 [[5, 1], [4, 2], [3, 7]]
[각질편성] 아오모리 6경주: 선행4·선입0·추입3 → ⚡ 빠른 페이스
[경륜전개] 아오모리 6경주: 하이(주도권 경합) · 라인 4개 · 페어 [[1, 3], [7, 4], [6, 2]]
[placeholder 필터] 호후 6경주 쌍승 껍데기 배당 3조합 제외(값: [300.2])
[각질편성] 호후 6경주: 선행5·선입0·추입2 → ⚡ 빠른 페이스
[경륜전개] 호후 6경주: 보통 · 라인 5개 · 페어 [[5, 1], [4, 2]]
[결과기록] 캐시 갱신 — 재파싱 2건 / 전체 1667건
[placeholder 필터] 아오모리 7경주 쌍승 껍데기 배당 3조합 제외(값: [1703.0])
[각질편성] 아오모리 7경주: 선행5·선입0·추입2 → ⚡ 빠른 페이스
[경륜전개] 아오모리 7경주: 슬로우(단독 선행) · 라인 5개 · 페어 [[4, 5], [3, 7]]
[각질편성] 호후 7경주: 선행5·선입0·추입2 → ⚡ 빠른 페이스
[경륜전개] 호후 7경주: 하이(주도권 경합) · 라인 5개 · 페어 [[5, 2], [3, 7]]
[각질편성] 사세보 1경주: 선행2·선입0·추입5 → 보통 페이스
[경륜전개] 사세보 1경주: 보통 · 라인 2개 · 페어 [[1, 5], [6, 2]]
[각질편성] 오다와라 1경주: 선행5·선입0·추입4 → ⚡ 빠른 페이스
[경륜전개] 오다와라 1경주: 보통 · 라인 5개 · 페어 [[1, 5], [7, 3]]
[각질편성] 기후 1경주: 선행2·선입0·추입5 → 보통 페이스
[경륜전개] 기후 1경주: 보통 · 라인 2개 · 페어 [[7, 3], [1, 4]]
[각질편성] 오다와라 3경주: 선행3·선입0·추입6 → ⚡ 빠른 페이스
[각질편성] 오다와라 3경주: 선행3·선입0·추입6 → ⚡ 빠른 페이스
[경륜전개] 오다와라 3경주: 슬로우(단독 선행) · 라인 3개 · 페어 [[2, 8], [5, 1], [3, 9]]
[경륜전개] 오다와라 3경주: 슬로우(단독 선행) · 라인 3개 · 페어 [[2, 8], [5, 1], [3, 9]]
[각질편성] 사세보 2경주: 선행2·선입0·추입5 → 보통 페이스
[경륜전개] 사세보 2경주: 보통 · 라인 2개 · 페어 [[7, 2], [5, 1]]
[복승불일치 축교정] 사세보 2경주: 축 [2, 7]로 교정(자금이탈 강등 [1]·🔴🔴)
[각질편성] 오다와라 2경주: 선행4·선입0·추입5 → ⚡ 빠른 페이스
[경륜전개] 오다와라 2경주: 슬로우(단독 선행) · 라인 4개 · 페어 [[2, 7], [9, 1], [6, 4], [8, 3]]
[각질편성] 기후 2경주: 선행3·선입0·추입4 → ⚡ 빠른 페이스
[경륜전개] 기후 2경주: 하이(주도권 경합) · 라인 3개 · 페어 [[3, 4], [7, 2], [6, 1]]
[복승불일치 축교정] 기후 2경주: 축 [3, 4]로 교정(자금이탈 강등 [6]·🔴🔴)
[각질편성] 사세보 3경주: 선행4·선입0·추입3 → ⚡ 빠른 페이스
[경륜전개] 사세보 3경주: 하이(주도권 경합) · 라인 4개 · 페어 [[5, 1], [6, 2]]
[각질편성] 오다와라 3경주: 선행3·선입0·추입6 → ⚡ 빠른 페이스
[경륜전개] 오다와라 3경주: 슬로우(단독 선행) · 라인 3개 · 페어 [[2, 8], [5, 1], [3, 9]]
[placeholder 필터] 기후 3경주 쌍승 껍데기 배당 7조합 제외(값: [278.6, 365.7])
[각질편성] 기후 3경주: 선행3·선입0·추입4 → ⚡ 빠른 페이스
[경륜전개] 기후 3경주: 보통 · 라인 3개 · 페어 [[5, 7], [4, 3], [6, 1]]
[경륜 추천 모순 수정] 고배당 강제조합 2건 메인→복병 이동(25배 상한)
[단통 상한] 메인 3개 · 복병이동 1개
[각질편성] 오다와라 3경주: 선행3·선입0·추입6 → ⚡ 빠른 페이스
[경륜전개] 오다와라 3경주: 슬로우(단독 선행) · 라인 3개 · 페어 [[2, 8], [5, 1], [3, 9]]
[각질편성] 오다와라 3경주: 선행3·선입0·추입6 → ⚡ 빠른 페이스
[경륜전개] 오다와라 3경주: 슬로우(단독 선행) · 라인 3개 · 페어 [[2, 8], [5, 1], [3, 9]]
[3종 수집] 오다와라 3경주: {'quinella': 36, 'exacta': 72, 'trio': 0, 'win': 0} (history 12)
[3종 수집] 기후 3경주: {'quinella': 21, 'exacta': 42, 'trio': 0, 'win': 0} (history 4)
[각질편성] 기후 3경주: 선행3·선입0·추입4 → ⚡ 빠른 페이스
[경륜전개] 기후 3경주: 보통 · 라인 3개 · 페어 [[5, 7], [4, 3], [6, 1]]
[경륜 추천 모순 수정] 고배당 강제조합 1건 메인→복병 이동(25배 상한)
[단통 상한] 메인 2개 · 복병이동 0개
[자동분석·배경] 기후 3경주: 마감 469초 전 재분석(rec_history 누적·cycle)
[각질편성] 오다와라 3경주: 선행3·선입0·추입6 → ⚡ 빠른 페이스
[각질편성] 오다와라 3경주: 선행3·선입0·추입6 → ⚡ 빠른 페이스
[경륜전개] 오다와라 3경주: 슬로우(단독 선행) · 라인 3개 · 페어 [[2, 8], [5, 1], [3, 9]]
[경륜전개] 오다와라 3경주: 슬로우(단독 선행) · 라인 3개 · 페어 [[2, 8], [5, 1], [3, 9]]
[각질편성] 오다와라 3경주: 선행3·선입0·추입6 → ⚡ 빠른 페이스
[경륜전개] 오다와라 3경주: 슬로우(단독 선행) · 라인 3개 · 페어 [[2, 8], [5, 1], [3, 9]]
[각질편성] 오다와라 3경주: 선행3·선입0·추입6 → ⚡ 빠른 페이스
[경륜전개] 오다와라 3경주: 슬로우(단독 선행) · 라인 3개 · 페어 [[2, 8], [5, 1], [3, 9]]
[3종 수집] 기후 3경주: {'quinella': 21, 'exacta': 42, 'trio': 0, 'win': 0} (history 5)
[3종 수집] 오다와라 3경주: {'quinella': 36, 'exacta': 72, 'trio': 0, 'win': 0} (history 12)
[각질편성] 기후 3경주: 선행3·선입0·추입4 → ⚡ 빠른 페이스
[경륜전개] 기후 3경주: 보통 · 라인 3개 · 페어 [[5, 7], [4, 3], [6, 1]]
[경륜 추천 모순 수정] 고배당 강제조합 1건 메인→복병 이동(25배 상한)
[단통 상한] 메인 2개 · 복병이동 0개
[자동분석·배경] 기후 3경주: 마감 437초 전 재분석(rec_history 누적·cycle)
[각질편성] 기후 3경주: 선행3·선입0·추입4 → ⚡ 빠른 페이스
[경륜전개] 기후 3경주: 보통 · 라인 3개 · 페어 [[5, 7], [4, 3], [6, 1]]
[경륜 추천 모순 수정] 고배당 강제조합 1건 메인→복병 이동(25배 상한)
[단통 상한] 메인 2개 · 복병이동 0개
[카카오알림] 기후 3경주 T-7 → 큐 적재
[각질편성] 오다와라 3경주: 선행3·선입0·추입6 → ⚡ 빠른 페이스
[경륜전개] 오다와라 3경주: 슬로우(단독 선행) · 라인 3개 · 페어 [[2, 8], [5, 1], [3, 9]]
[각질편성] 오다와라 3경주: 선행3·선입0·추입6 → ⚡ 빠른 페이스
[각질편성] 오다와라 3경주: 선행3·선입0·추입6 → ⚡ 빠른 페이스
[경륜전개] 오다와라 3경주: 슬로우(단독 선행) · 라인 3개 · 페어 [[2, 8], [5, 1], [3, 9]]
[경륜전개] 오다와라 3경주: 슬로우(단독 선행) · 라인 3개 · 페어 [[2, 8], [5, 1], [3, 9]]
[각질편성] 오다와라 3경주: 선행3·선입0·추입6 → ⚡ 빠른 페이스
[경륜전개] 오다와라 3경주: 슬로우(단독 선행) · 라인 3개 · 페어 [[2, 8], [5, 1], [3, 9]]
[각질편성] 아오모리 4경주: 선행2·선입0·추입5 → 보통 페이스
[경륜전개] 아오모리 4경주: 슬로우(단독 선행) · 라인 2개 · 페어 [[2, 7], [4, 1]]
[복승불일치 축교정] 아오모리 4경주: 축 [1, 4]로 교정(자금이탈 강등 [7]·🔴🔴)
[각질편성] 호후 4경주: 선행2·선입0·추입5 → 보통 페이스
[경륜전개] 호후 4경주: 보통 · 라인 2개 · 페어 [[2, 7], [3, 4]]
[각질편성] 아오모리 5경주: 선행2·선입0·추입5 → 보통 페이스
[경륜전개] 아오모리 5경주: 보통 · 라인 2개 · 페어 [[3, 4], [5, 1]]
[복승불일치 축교정] 아오모리 5경주: 축 [1, 3]로 교정(자금이탈 강등 [6]·🔴)
[각질편성] 호후 5경주: 선행3·선입0·추입4 → ⚡ 빠른 페이스
[경륜전개] 호후 5경주: 보통 · 라인 3개 · 페어 [[5, 1], [4, 2], [3, 7]]
[각질편성] 아오모리 6경주: 선행4·선입0·추입3 → ⚡ 빠른 페이스
[경륜전개] 아오모리 6경주: 하이(주도권 경합) · 라인 4개 · 페어 [[1, 3], [7, 4], [6, 2]]
[placeholder 필터] 호후 6경주 쌍승 껍데기 배당 3조합 제외(값: [300.2])
[각질편성] 호후 6경주: 선행5·선입0·추입2 → ⚡ 빠른 페이스
[경륜전개] 호후 6경주: 보통 · 라인 5개 · 페어 [[5, 1], [4, 2]]
[결과기록] 캐시 갱신 — 재파싱 1건 / 전체 1667건
[placeholder 필터] 아오모리 7경주 쌍승 껍데기 배당 3조합 제외(값: [1703.0])
[각질편성] 아오모리 7경주: 선행5·선입0·추입2 → ⚡ 빠른 페이스
[경륜전개] 아오모리 7경주: 슬로우(단독 선행) · 라인 5개 · 페어 [[4, 5], [3, 7]]
[각질편성] 호후 7경주: 선행5·선입0·추입2 → ⚡ 빠른 페이스
[경륜전개] 호후 7경주: 하이(주도권 경합) · 라인 5개 · 페어 [[5, 2], [3, 7]]
[각질편성] 사세보 1경주: 선행2·선입0·추입5 → 보통 페이스
[경륜전개] 사세보 1경주: 보통 · 라인 2개 · 페어 [[1, 5], [6, 2]]
[각질편성] 오다와라 1경주: 선행5·선입0·추입4 → ⚡ 빠른 페이스
[경륜전개] 오다와라 1경주: 보통 · 라인 5개 · 페어 [[1, 5], [7, 3]]
[각질편성] 오다와라 3경주: 선행3·선입0·추입6 → ⚡ 빠른 페이스
[경륜전개] 오다와라 3경주: 슬로우(단독 선행) · 라인 3개 · 페어 [[2, 8], [5, 1], [3, 9]]
[각질편성] 기후 1경주: 선행2·선입0·추입5 → 보통 페이스
[경륜전개] 기후 1경주: 보통 · 라인 2개 · 페어 [[7, 3], [1, 4]]
[각질편성] 사세보 2경주: 선행2·선입0·추입5 → 보통 페이스
[경륜전개] 사세보 2경주: 보통 · 라인 2개 · 페어 [[7, 2], [5, 1]]
[복승불일치 축교정] 사세보 2경주: 축 [2, 7]로 교정(자금이탈 강등 [1]·🔴🔴)
[각질편성] 오다와라 2경주: 선행4·선입0·추입5 → ⚡ 빠른 페이스
[경륜전개] 오다와라 2경주: 슬로우(단독 선행) · 라인 4개 · 페어 [[2, 7], [9, 1], [6, 4], [8, 3]]
[각질편성] 기후 2경주: 선행3·선입0·추입4 → ⚡ 빠른 페이스
[경륜전개] 기후 2경주: 하이(주도권 경합) · 라인 3개 · 페어 [[3, 4], [7, 2], [6, 1]]
[복승불일치 축교정] 기후 2경주: 축 [3, 4]로 교정(자금이탈 강등 [6]·🔴🔴)
[각질편성] 사세보 3경주: 선행4·선입0·추입3 → ⚡ 빠른 페이스
[경륜전개] 사세보 3경주: 하이(주도권 경합) · 라인 4개 · 페어 [[5, 1], [6, 2]]
[각질편성] 오다와라 3경주: 선행3·선입0·추입6 → ⚡ 빠른 페이스
[경륜전개] 오다와라 3경주: 슬로우(단독 선행) · 라인 3개 · 페어 [[2, 8], [5, 1], [3, 9]]
[각질편성] 기후 3경주: 선행3·선입0·추입4 → ⚡ 빠른 페이스
[경륜전개] 기후 3경주: 보통 · 라인 3개 · 페어 [[5, 7], [4, 3], [6, 1]]
[경륜 추천 모순 수정] 고배당 강제조합 1건 메인→복병 이동(25배 상한)
[단통 상한] 메인 2개 · 복병이동 0개
[각질편성] 오다와라 3경주: 선행3·선입0·추입6 → ⚡ 빠른 페이스
[경륜전개] 오다와라 3경주: 슬로우(단독 선행) · 라인 3개 · 페어 [[2, 8], [5, 1], [3, 9]]
[각질편성] 오다와라 3경주: 선행3·선입0·추입6 → ⚡ 빠른 페이스
[경륜전개] 오다와라 3경주: 슬로우(단독 선행) · 라인 3개 · 페어 [[2, 8], [5, 1], [3, 9]]
[각질편성] 오다와라 3경주: 선행3·선입0·추입6 → ⚡ 빠른 페이스
[경륜전개] 오다와라 3경주: 슬로우(단독 선행) · 라인 3개 · 페어 [[2, 8], [5, 1], [3, 9]]
[3종 수집] 기후 3경주: {'quinella': 21, 'exacta': 42, 'trio': 0, 'win': 0} (history 6)
[각질편성] 기후 3경주: 선행3·선입0·추입4 → ⚡ 빠른 페이스
[경륜전개] 기후 3경주: 보통 · 라인 3개 · 페어 [[5, 7], [4, 3], [6, 1]]
[경륜 추천 모순 수정] 고배당 강제조합 1건 메인→복병 이동(25배 상한)
[단통 상한] 메인 2개 · 복병이동 0개
[자동분석·배경] 기후 3경주: 마감 404초 전 재분석(rec_history 누적·cycle)
[각질편성] 오다와라 3경주: 선행3·선입0·추입6 → ⚡ 빠른 페이스
[경륜전개] 오다와라 3경주: 슬로우(단독 선행) · 라인 3개 · 페어 [[2, 8], [5, 1], [3, 9]]
[각질편성] 오다와라 3경주: 선행3·선입0·추입6 → ⚡ 빠른 페이스
[각질편성] 오다와라 3경주: 선행3·선입0·추입6 → ⚡ 빠른 페이스
[경륜전개] 오다와라 3경주: 슬로우(단독 선행) · 라인 3개 · 페어 [[2, 8], [5, 1], [3, 9]]
[경륜전개] 오다와라 3경주: 슬로우(단독 선행) · 라인 3개 · 페어 [[2, 8], [5, 1], [3, 9]]
[각질편성] 오다와라 3경주: 선행3·선입0·추입6 → ⚡ 빠른 페이스
[경륜전개] 오다와라 3경주: 슬로우(단독 선행) · 라인 3개 · 페어 [[2, 8], [5, 1], [3, 9]]
[각질편성] 오다와라 3경주: 선행3·선입0·추입6 → ⚡ 빠른 페이스
[경륜전개] 오다와라 3경주: 슬로우(단독 선행) · 라인 3개 · 페어 [[2, 8], [5, 1], [3, 9]]
[각질편성] 오다와라 3경주: 선행3·선입0·추입6 → ⚡ 빠른 페이스
[경륜전개] 오다와라 3경주: 슬로우(단독 선행) · 라인 3개 · 페어 [[2, 8], [5, 1], [3, 9]]
[각질편성] 오다와라 3경주: 선행3·선입0·추입6 → ⚡ 빠른 페이스
[각질편성] 오다와라 3경주: 선행3·선입0·추입6 → ⚡ 빠른 페이스
[경륜전개] 오다와라 3경주: 슬로우(단독 선행) · 라인 3개 · 페어 [[2, 8], [5, 1], [3, 9]]
[경륜전개] 오다와라 3경주: 슬로우(단독 선행) · 라인 3개 · 페어 [[2, 8], [5, 1], [3, 9]]
[각질편성] 아오모리 4경주: 선행2·선입0·추입5 → 보통 페이스
[경륜전개] 아오모리 4경주: 슬로우(단독 선행) · 라인 2개 · 페어 [[2, 7], [4, 1]]
[복승불일치 축교정] 아오모리 4경주: 축 [1, 4]로 교정(자금이탈 강등 [7]·🔴🔴)
[다중경주] 하트비트 #11 · 스케줄 ymd=20260801 (-1초 전 갱신 · 트랙 12개)
[각질편성] 호후 4경주: 선행2·선입0·추입5 → 보통 페이스
[경륜전개] 호후 4경주: 보통 · 라인 2개 · 페어 [[2, 7], [3, 4]]
[각질편성] 아오모리 5경주: 선행2·선입0·추입5 → 보통 페이스
[경륜전개] 아오모리 5경주: 보통 · 라인 2개 · 페어 [[3, 4], [5, 1]]
[복승불일치 축교정] 아오모리 5경주: 축 [1, 3]로 교정(자금이탈 강등 [6]·🔴)
[각질편성] 호후 5경주: 선행3·선입0·추입4 → ⚡ 빠른 페이스
[경륜전개] 호후 5경주: 보통 · 라인 3개 · 페어 [[5, 1], [4, 2], [3, 7]]
[각질편성] 아오모리 6경주: 선행4·선입0·추입3 → ⚡ 빠른 페이스
[경륜전개] 아오모리 6경주: 하이(주도권 경합) · 라인 4개 · 페어 [[1, 3], [7, 4], [6, 2]]
[3종 수집] 기후 3경주: {'quinella': 21, 'exacta': 42, 'trio': 0, 'win': 0} (history 7)
[placeholder 필터] 호후 6경주 쌍승 껍데기 배당 3조합 제외(값: [300.2])
[각질편성] 호후 6경주: 선행5·선입0·추입2 → ⚡ 빠른 페이스
[경륜전개] 호후 6경주: 보통 · 라인 5개 · 페어 [[5, 1], [4, 2]]
[각질편성] 기후 3경주: 선행3·선입0·추입4 → ⚡ 빠른 페이스
[경륜전개] 기후 3경주: 보통 · 라인 3개 · 페어 [[5, 7], [4, 3], [6, 1]]
[복병 이동 상한] 2+3 112.5배 > 특별상한 50.0배 → 💎 노출 제외(참고)
[복병 이동 상한] 3+6 76.5배 > 특별상한 50.0배 → 💎 노출 제외(참고)
[경륜 추천 모순 수정] 고배당 강제조합 2건 메인→복병 이동(25배 상한)
[단통 상한] 메인 2개 · 복병이동 0개
[자동분석·배경] 기후 3경주: 마감 372초 전 재분석(rec_history 누적·cycle)
[각질편성] 오다와라 3경주: 선행3·선입0·추입6 → ⚡ 빠른 페이스
[경륜전개] 오다와라 3경주: 슬로우(단독 선행) · 라인 3개 · 페어 [[2, 8], [5, 1], [3, 9]]
[결과기록] 캐시 갱신 — 재파싱 1건 / 전체 1667건
[placeholder 필터] 아오모리 7경주 쌍승 껍데기 배당 3조합 제외(값: [1703.0])
[각질편성] 아오모리 7경주: 선행5·선입0·추입2 → ⚡ 빠른 페이스
[경륜전개] 아오모리 7경주: 슬로우(단독 선행) · 라인 5개 · 페어 [[4, 5], [3, 7]]
[각질편성] 호후 7경주: 선행5·선입0·추입2 → ⚡ 빠른 페이스
[경륜전개] 호후 7경주: 하이(주도권 경합) · 라인 5개 · 페어 [[5, 2], [3, 7]]
[각질편성] 오다와라 3경주: 선행3·선입0·추입6 → ⚡ 빠른 페이스
[경륜전개] 오다와라 3경주: 슬로우(단독 선행) · 라인 3개 · 페어 [[2, 8], [5, 1], [3, 9]]
[각질편성] 사세보 1경주: 선행2·선입0·추입5 → 보통 페이스
[경륜전개] 사세보 1경주: 보통 · 라인 2개 · 페어 [[1, 5], [6, 2]]
[각질편성] 오다와라 1경주: 선행5·선입0·추입4 → ⚡ 빠른 페이스
[경륜전개] 오다와라 1경주: 보통 · 라인 5개 · 페어 [[1, 5], [7, 3]]
[각질편성] 기후 1경주: 선행2·선입0·추입5 → 보통 페이스
[경륜전개] 기후 1경주: 보통 · 라인 2개 · 페어 [[7, 3], [1, 4]]
[각질편성] 사세보 2경주: 선행2·선입0·추입5 → 보통 페이스
[경륜전개] 사세보 2경주: 보통 · 라인 2개 · 페어 [[7, 2], [5, 1]]
[복승불일치 축교정] 사세보 2경주: 축 [2, 7]로 교정(자금이탈 강등 [1]·🔴🔴)
[각질편성] 오다와라 2경주: 선행4·선입0·추입5 → ⚡ 빠른 페이스
[경륜전개] 오다와라 2경주: 슬로우(단독 선행) · 라인 4개 · 페어 [[2, 7], [9, 1], [6, 4], [8, 3]]
[각질편성] 기후 2경주: 선행3·선입0·추입4 → ⚡ 빠른 페이스
[경륜전개] 기후 2경주: 하이(주도권 경합) · 라인 3개 · 페어 [[3, 4], [7, 2], [6, 1]]
[복승불일치 축교정] 기후 2경주: 축 [3, 4]로 교정(자금이탈 강등 [6]·🔴🔴)
[각질편성] 사세보 3경주: 선행4·선입0·추입3 → ⚡ 빠른 페이스
[경륜전개] 사세보 3경주: 하이(주도권 경합) · 라인 4개 · 페어 [[5, 1], [6, 2]]
[각질편성] 오다와라 3경주: 선행3·선입0·추입6 → ⚡ 빠른 페이스
[경륜전개] 오다와라 3경주: 슬로우(단독 선행) · 라인 3개 · 페어 [[2, 8], [5, 1], [3, 9]]
[각질편성] 기후 3경주: 선행3·선입0·추입4 → ⚡ 빠른 페이스
[경륜전개] 기후 3경주: 보통 · 라인 3개 · 페어 [[5, 7], [4, 3], [6, 1]]
[경륜 추천 모순 수정] 고배당 강제조합 1건 메인→복병 이동(25배 상한)
[단통 상한] 메인 2개 · 복병이동 0개
[각질편성] 오다와라 3경주: 선행3·선입0·추입6 → ⚡ 빠른 페이스
[경륜전개] 오다와라 3경주: 슬로우(단독 선행) · 라인 3개 · 페어 [[2, 8], [5, 1], [3, 9]]
[각질편성] 오다와라 3경주: 선행3·선입0·추입6 → ⚡ 빠른 페이스
[각질편성] 오다와라 3경주: 선행3·선입0·추입6 → ⚡ 빠른 페이스
[경륜전개] 오다와라 3경주: 슬로우(단독 선행) · 라인 3개 · 페어 [[2, 8], [5, 1], [3, 9]]
[경륜전개] 오다와라 3경주: 슬로우(단독 선행) · 라인 3개 · 페어 [[2, 8], [5, 1], [3, 9]]
[각질편성] 오다와라 3경주: 선행3·선입0·추입6 → ⚡ 빠른 페이스
[경륜전개] 오다와라 3경주: 슬로우(단독 선행) · 라인 3개 · 페어 [[2, 8], [5, 1], [3, 9]]
[3종 수집] 기후 3경주: {'quinella': 21, 'exacta': 42, 'trio': 0, 'win': 0} (history 8)
[placeholder 필터] 기후 3경주 쌍승 껍데기 배당 3조합 제외(값: [471.8])
[각질편성] 기후 3경주: 선행3·선입0·추입4 → ⚡ 빠른 페이스
[경륜전개] 기후 3경주: 보통 · 라인 3개 · 페어 [[5, 7], [4, 3], [6, 1]]
[경륜 추천 모순 수정] 고배당 강제조합 1건 메인→복병 이동(25배 상한)
[경륜 추천 개수] 7명 → 메인 3개(상한 3) · 복병 이동 1개
[단통 상한] 메인 2개 · 복병이동 0개
[자동분석·배경] 기후 3경주: 마감 338초 전 재분석(rec_history 누적·cycle)
[각질편성] 오다와라 3경주: 선행3·선입0·추입6 → ⚡ 빠른 페이스
[경륜전개] 오다와라 3경주: 슬로우(단독 선행) · 라인 3개 · 페어 [[2, 8], [5, 1], [3, 9]]
[각질편성] 오다와라 3경주: 선행3·선입0·추입6 → ⚡ 빠른 페이스
[경륜전개] 오다와라 3경주: 슬로우(단독 선행) · 라인 3개 · 페어 [[2, 8], [5, 1], [3, 9]]
[각질편성] 오다와라 3경주: 선행3·선입0·추입6 → ⚡ 빠른 페이스
[경륜전개] 오다와라 3경주: 슬로우(단독 선행) · 라인 3개 · 페어 [[2, 8], [5, 1], [3, 9]]
[각질편성] 오다와라 3경주: 선행3·선입0·추입6 → ⚡ 빠른 페이스
[경륜전개] 오다와라 3경주: 슬로우(단독 선행) · 라인 3개 · 페어 [[2, 8], [5, 1], [3, 9]]
[각질편성] 아오모리 4경주: 선행2·선입0·추입5 → 보통 페이스
[경륜전개] 아오모리 4경주: 슬로우(단독 선행) · 라인 2개 · 페어 [[2, 7], [4, 1]]
[각질편성] 오다와라 3경주: 선행3·선입0·추입6 → ⚡ 빠른 페이스
[각질편성] 오다와라 3경주: 선행3·선입0·추입6 → ⚡ 빠른 페이스
[경륜전개] 오다와라 3경주: 슬로우(단독 선행) · 라인 3개 · 페어 [[2, 8], [5, 1], [3, 9]]
[경륜전개] 오다와라 3경주: 슬로우(단독 선행) · 라인 3개 · 페어 [[2, 8], [5, 1], [3, 9]]
[복승불일치 축교정] 아오모리 4경주: 축 [1, 4]로 교정(자금이탈 강등 [7]·🔴🔴)
[각질편성] 호후 4경주: 선행2·선입0·추입5 → 보통 페이스
[경륜전개] 호후 4경주: 보통 · 라인 2개 · 페어 [[2, 7], [3, 4]]
[각질편성] 아오모리 5경주: 선행2·선입0·추입5 → 보통 페이스
[경륜전개] 아오모리 5경주: 보통 · 라인 2개 · 페어 [[3, 4], [5, 1]]
[복승불일치 축교정] 아오모리 5경주: 축 [1, 3]로 교정(자금이탈 강등 [6]·🔴)
[각질편성] 호후 5경주: 선행3·선입0·추입4 → ⚡ 빠른 페이스
[경륜전개] 호후 5경주: 보통 · 라인 3개 · 페어 [[5, 1], [4, 2], [3, 7]]
[각질편성] 아오모리 6경주: 선행4·선입0·추입3 → ⚡ 빠른 페이스
[경륜전개] 아오모리 6경주: 하이(주도권 경합) · 라인 4개 · 페어 [[1, 3], [7, 4], [6, 2]]
[placeholder 필터] 호후 6경주 쌍승 껍데기 배당 3조합 제외(값: [300.2])
[각질편성] 호후 6경주: 선행5·선입0·추입2 → ⚡ 빠른 페이스
[경륜전개] 호후 6경주: 보통 · 라인 5개 · 페어 [[5, 1], [4, 2]]
[placeholder 필터] 아오모리 7경주 쌍승 껍데기 배당 3조합 제외(값: [1703.0])
[각질편성] 아오모리 7경주: 선행5·선입0·추입2 → ⚡ 빠른 페이스
[경륜전개] 아오모리 7경주: 슬로우(단독 선행) · 라인 5개 · 페어 [[4, 5], [3, 7]]
[각질편성] 호후 7경주: 선행5·선입0·추입2 → ⚡ 빠른 페이스
[경륜전개] 호후 7경주: 하이(주도권 경합) · 라인 5개 · 페어 [[5, 2], [3, 7]]
[결과기록] 캐시 갱신 — 재파싱 1건 / 전체 1667건
[각질편성] 사세보 1경주: 선행2·선입0·추입5 → 보통 페이스
[경륜전개] 사세보 1경주: 보통 · 라인 2개 · 페어 [[1, 5], [6, 2]]
[각질편성] 오다와라 1경주: 선행5·선입0·추입4 → ⚡ 빠른 페이스
[경륜전개] 오다와라 1경주: 보통 · 라인 5개 · 페어 [[1, 5], [7, 3]]
[각질편성] 오다와라 3경주: 선행3·선입0·추입6 → ⚡ 빠른 페이스
[각질편성] 오다와라 3경주: 선행3·선입0·추입6 → ⚡ 빠른 페이스
[경륜전개] 오다와라 3경주: 슬로우(단독 선행) · 라인 3개 · 페어 [[2, 8], [5, 1], [3, 9]]
[경륜전개] 오다와라 3경주: 슬로우(단독 선행) · 라인 3개 · 페어 [[2, 8], [5, 1], [3, 9]]
[각질편성] 기후 1경주: 선행2·선입0·추입5 → 보통 페이스
[경륜전개] 기후 1경주: 보통 · 라인 2개 · 페어 [[7, 3], [1, 4]]
[각질편성] 사세보 2경주: 선행2·선입0·추입5 → 보통 페이스
[경륜전개] 사세보 2경주: 보통 · 라인 2개 · 페어 [[7, 2], [5, 1]]
[복승불일치 축교정] 사세보 2경주: 축 [2, 7]로 교정(자금이탈 강등 [1]·🔴🔴)
[각질편성] 오다와라 2경주: 선행4·선입0·추입5 → ⚡ 빠른 페이스
[경륜전개] 오다와라 2경주: 슬로우(단독 선행) · 라인 4개 · 페어 [[2, 7], [9, 1], [6, 4], [8, 3]]
[각질편성] 기후 2경주: 선행3·선입0·추입4 → ⚡ 빠른 페이스
[경륜전개] 기후 2경주: 하이(주도권 경합) · 라인 3개 · 페어 [[3, 4], [7, 2], [6, 1]]
[복승불일치 축교정] 기후 2경주: 축 [3, 4]로 교정(자금이탈 강등 [6]·🔴🔴)
[각질편성] 사세보 3경주: 선행4·선입0·추입3 → ⚡ 빠른 페이스
[경륜전개] 사세보 3경주: 하이(주도권 경합) · 라인 4개 · 페어 [[5, 1], [6, 2]]
[3종 수집] 기후 3경주: {'quinella': 21, 'exacta': 42, 'trio': 0, 'win': 0} (history 9)
[각질편성] 오다와라 3경주: 선행3·선입0·추입6 → ⚡ 빠른 페이스
[경륜전개] 오다와라 3경주: 슬로우(단독 선행) · 라인 3개 · 페어 [[2, 8], [5, 1], [3, 9]]
[placeholder 필터] 기후 3경주 쌍승 껍데기 배당 3조합 제외(값: [471.8])
[각질편성] 기후 3경주: 선행3·선입0·추입4 → ⚡ 빠른 페이스
[경륜전개] 기후 3경주: 보통 · 라인 3개 · 페어 [[5, 7], [4, 3], [6, 1]]
[placeholder 필터] 기후 3경주 쌍승 껍데기 배당 6조합 제외(값: [227.2, 568.2])
[경륜 추천 모순 수정] 고배당 강제조합 1건 메인→복병 이동(25배 상한)
[경륜 추천 개수] 7명 → 메인 3개(상한 3) · 복병 이동 1개
[단통 상한] 메인 2개 · 복병이동 0개
[각질편성] 기후 3경주: 선행3·선입0·추입4 → ⚡ 빠른 페이스
[경륜전개] 기후 3경주: 보통 · 라인 3개 · 페어 [[5, 7], [4, 3], [6, 1]]
[경륜 추천 모순 수정] 고배당 강제조합 1건 메인→복병 이동(25배 상한)
[경륜 추천 개수] 7명 → 메인 3개(상한 3) · 복병 이동 1개
[단통 상한] 메인 2개 · 복병이동 0개
[자동분석·배경] 기후 3경주: 마감 306초 전 재분석(rec_history 누적·cycle)
[placeholder 필터] 기후 3경주 쌍승 껍데기 배당 6조합 제외(값: [227.2, 568.2])
[각질편성] 기후 3경주: 선행3·선입0·추입4 → ⚡ 빠른 페이스
[경륜전개] 기후 3경주: 보통 · 라인 3개 · 페어 [[5, 7], [4, 3], [6, 1]]
[경륜 추천 모순 수정] 고배당 강제조합 1건 메인→복병 이동(25배 상한)
[경륜 추천 개수] 7명 → 메인 3개(상한 3) · 복병 이동 1개
[단통 상한] 메인 2개 · 복병이동 0개
[카카오알림] 기후 3경주 T-5 → 큐 적재
[각질편성] 오다와라 3경주: 선행3·선입0·추입6 → ⚡ 빠른 페이스
[경륜전개] 오다와라 3경주: 슬로우(단독 선행) · 라인 3개 · 페어 [[2, 8], [5, 1], [3, 9]]
[각질편성] 오다와라 3경주: 선행3·선입0·추입6 → ⚡ 빠른 페이스
[경륜전개] 오다와라 3경주: 슬로우(단독 선행) · 라인 3개 · 페어 [[2, 8], [5, 1], [3, 9]]
[각질편성] 오다와라 3경주: 선행3·선입0·추입6 → ⚡ 빠른 페이스
[경륜전개] 오다와라 3경주: 슬로우(단독 선행) · 라인 3개 · 페어 [[2, 8], [5, 1], [3, 9]]
[3종 수집] 기후 3경주: {'quinella': 21, 'exacta': 42, 'trio': 0, 'win': 0} (history 10)
[placeholder 필터] 기후 3경주 쌍승 껍데기 배당 6조합 제외(값: [227.2, 568.2])
[각질편성] 기후 3경주: 선행3·선입0·추입4 → ⚡ 빠른 페이스
[경륜전개] 기후 3경주: 보통 · 라인 3개 · 페어 [[5, 7], [4, 3], [6, 1]]
[복승불일치 축교정] 기후 3경주: 축 [5, 7]로 교정(자금이탈 강등 [4]·🔴🔴)
[단통 상한] 메인 2개 · 복병이동 0개
[자동예상] 기후 3경주 최종예상 저장(2026_08_01_기후_3경주.json)
[placeholder 필터] 기후 3경주 쌍승 껍데기 배당 6조합 제외(값: [227.2, 568.2])
[각질편성] 기후 3경주: 선행3·선입0·추입4 → ⚡ 빠른 페이스
[경륜전개] 기후 3경주: 보통 · 라인 3개 · 페어 [[5, 7], [4, 3], [6, 1]]
[복승불일치 축교정] 기후 3경주: 축 [5, 7]로 교정(자금이탈 강등 [4]·🔴🔴)
[단통 상한] 메인 2개 · 복병이동 0개
[자동분석·배경] 기후 3경주: 마감 273초 전 재분석(rec_history 누적·cycle)
[카톡 변경알림·즉시] 기후 3경주 (남은 273s): 삼복승 제외: 2+3+4 · 5+6+7
[각질편성] 오다와라 3경주: 선행3·선입0·추입6 → ⚡ 빠른 페이스
[각질편성] 오다와라 3경주: 선행3·선입0·추입6 → ⚡ 빠른 페이스
[경륜전개] 오다와라 3경주: 슬로우(단독 선행) · 라인 3개 · 페어 [[2, 8], [5, 1], [3, 9]]
[경륜전개] 오다와라 3경주: 슬로우(단독 선행) · 라인 3개 · 페어 [[2, 8], [5, 1], [3, 9]]
[각질편성] 오다와라 3경주: 선행3·선입0·추입6 → ⚡ 빠른 페이스
[경륜전개] 오다와라 3경주: 슬로우(단독 선행) · 라인 3개 · 페어 [[2, 8], [5, 1], [3, 9]]
[각질편성] 오다와라 3경주: 선행3·선입0·추입6 → ⚡ 빠른 페이스
[각질편성] 오다와라 3경주: 선행3·선입0·추입6 → ⚡ 빠른 페이스
[경륜전개] 오다와라 3경주: 슬로우(단독 선행) · 라인 3개 · 페어 [[2, 8], [5, 1], [3, 9]]
[경륜전개] 오다와라 3경주: 슬로우(단독 선행) · 라인 3개 · 페어 [[2, 8], [5, 1], [3, 9]]
[각질편성] 아오모리 4경주: 선행2·선입0·추입5 → 보통 페이스
[경륜전개] 아오모리 4경주: 슬로우(단독 선행) · 라인 2개 · 페어 [[2, 7], [4, 1]]
[각질편성] 오다와라 3경주: 선행3·선입0·추입6 → ⚡ 빠른 페이스
[경륜전개] 오다와라 3경주: 슬로우(단독 선행) · 라인 3개 · 페어 [[2, 8], [5, 1], [3, 9]]
[각질편성] 오다와라 3경주: 선행3·선입0·추입6 → ⚡ 빠른 페이스
[복승불일치 축교정] 아오모리 4경주: 축 [1, 4]로 교정(자금이탈 강등 [7]·🔴🔴)
[경륜전개] 오다와라 3경주: 슬로우(단독 선행) · 라인 3개 · 페어 [[2, 8], [5, 1], [3, 9]]
[각질편성] 호후 4경주: 선행2·선입0·추입5 → 보통 페이스
[경륜전개] 호후 4경주: 보통 · 라인 2개 · 페어 [[2, 7], [3, 4]]
[각질편성] 아오모리 5경주: 선행2·선입0·추입5 → 보통 페이스
[경륜전개] 아오모리 5경주: 보통 · 라인 2개 · 페어 [[3, 4], [5, 1]]
[복승불일치 축교정] 아오모리 5경주: 축 [1, 3]로 교정(자금이탈 강등 [6]·🔴)
[각질편성] 호후 5경주: 선행3·선입0·추입4 → ⚡ 빠른 페이스
[경륜전개] 호후 5경주: 보통 · 라인 3개 · 페어 [[5, 1], [4, 2], [3, 7]]
[각질편성] 아오모리 6경주: 선행4·선입0·추입3 → ⚡ 빠른 페이스
[경륜전개] 아오모리 6경주: 하이(주도권 경합) · 라인 4개 · 페어 [[1, 3], [7, 4], [6, 2]]
[placeholder 필터] 호후 6경주 쌍승 껍데기 배당 3조합 제외(값: [300.2])
[각질편성] 호후 6경주: 선행5·선입0·추입2 → ⚡ 빠른 페이스
[경륜전개] 호후 6경주: 보통 · 라인 5개 · 페어 [[5, 1], [4, 2]]
[placeholder 필터] 아오모리 7경주 쌍승 껍데기 배당 3조합 제외(값: [1703.0])
[각질편성] 아오모리 7경주: 선행5·선입0·추입2 → ⚡ 빠른 페이스
[경륜전개] 아오모리 7경주: 슬로우(단독 선행) · 라인 5개 · 페어 [[4, 5], [3, 7]]
[각질편성] 호후 7경주: 선행5·선입0·추입2 → ⚡ 빠른 페이스
[경륜전개] 호후 7경주: 하이(주도권 경합) · 라인 5개 · 페어 [[5, 2], [3, 7]]
[각질편성] 사세보 1경주: 선행2·선입0·추입5 → 보통 페이스
[경륜전개] 사세보 1경주: 보통 · 라인 2개 · 페어 [[1, 5], [6, 2]]
[결과기록] 캐시 갱신 — 재파싱 1건 / 전체 1667건
[각질편성] 오다와라 1경주: 선행5·선입0·추입4 → ⚡ 빠른 페이스
[경륜전개] 오다와라 1경주: 보통 · 라인 5개 · 페어 [[1, 5], [7, 3]]
[각질편성] 기후 1경주: 선행2·선입0·추입5 → 보통 페이스
[각질편성] 오다와라 3경주: 선행3·선입0·추입6 → ⚡ 빠른 페이스
[경륜전개] 오다와라 3경주: 슬로우(단독 선행) · 라인 3개 · 페어 [[2, 8], [5, 1], [3, 9]]
[경륜전개] 기후 1경주: 보통 · 라인 2개 · 페어 [[7, 3], [1, 4]]
[각질편성] 사세보 2경주: 선행2·선입0·추입5 → 보통 페이스
[경륜전개] 사세보 2경주: 보통 · 라인 2개 · 페어 [[7, 2], [5, 1]]
[복승불일치 축교정] 사세보 2경주: 축 [2, 7]로 교정(자금이탈 강등 [1]·🔴🔴)
[각질편성] 오다와라 2경주: 선행4·선입0·추입5 → ⚡ 빠른 페이스
[경륜전개] 오다와라 2경주: 슬로우(단독 선행) · 라인 4개 · 페어 [[2, 7], [9, 1], [6, 4], [8, 3]]
[각질편성] 기후 2경주: 선행3·선입0·추입4 → ⚡ 빠른 페이스
[경륜전개] 기후 2경주: 하이(주도권 경합) · 라인 3개 · 페어 [[3, 4], [7, 2], [6, 1]]
[복승불일치 축교정] 기후 2경주: 축 [3, 4]로 교정(자금이탈 강등 [6]·🔴🔴)
[각질편성] 사세보 3경주: 선행4·선입0·추입3 → ⚡ 빠른 페이스
[경륜전개] 사세보 3경주: 하이(주도권 경합) · 라인 4개 · 페어 [[5, 1], [6, 2]]
[각질편성] 오다와라 3경주: 선행3·선입0·추입6 → ⚡ 빠른 페이스
[경륜전개] 오다와라 3경주: 슬로우(단독 선행) · 라인 3개 · 페어 [[2, 8], [5, 1], [3, 9]]
[placeholder 필터] 기후 3경주 쌍승 껍데기 배당 6조합 제외(값: [227.2, 568.2])
[각질편성] 기후 3경주: 선행3·선입0·추입4 → ⚡ 빠른 페이스
[경륜전개] 기후 3경주: 보통 · 라인 3개 · 페어 [[5, 7], [4, 3], [6, 1]]
[복승불일치 축교정] 기후 3경주: 축 [5, 7]로 교정(자금이탈 강등 [4]·🔴🔴)
[단통 상한] 메인 2개 · 복병이동 0개
[3종 수집] 기후 3경주: {'quinella': 21, 'exacta': 42, 'trio': 0, 'win': 0} (history 11)
[각질편성] 기후 3경주: 선행3·선입0·추입4 → ⚡ 빠른 페이스
[경륜전개] 기후 3경주: 보통 · 라인 3개 · 페어 [[5, 7], [4, 3], [6, 1]]
[복승불일치 축교정] 기후 3경주: 축 [5, 7]로 교정(자금이탈 강등 [4]·🔴🔴)
[단통 상한] 메인 2개 · 복병이동 0개
[자동분석·배경] 기후 3경주: 마감 241초 전 재분석(rec_history 누적·cycle)
[각질편성] 오다와라 3경주: 선행3·선입0·추입6 → ⚡ 빠른 페이스
[경륜전개] 오다와라 3경주: 슬로우(단독 선행) · 라인 3개 · 페어 [[2, 8], [5, 1], [3, 9]]
[각질편성] 오다와라 3경주: 선행3·선입0·추입6 → ⚡ 빠른 페이스
[경륜전개] 오다와라 3경주: 슬로우(단독 선행) · 라인 3개 · 페어 [[2, 8], [5, 1], [3, 9]]
[각질편성] 오다와라 3경주: 선행3·선입0·추입6 → ⚡ 빠른 페이스
[경륜전개] 오다와라 3경주: 슬로우(단독 선행) · 라인 3개 · 페어 [[2, 8], [5, 1], [3, 9]]
[각질편성] 오다와라 3경주: 선행3·선입0·추입6 → ⚡ 빠른 페이스
[경륜전개] 오다와라 3경주: 슬로우(단독 선행) · 라인 3개 · 페어 [[2, 8], [5, 1], [3, 9]]
[각질편성] 오다와라 3경주: 선행3·선입0·추입6 → ⚡ 빠른 페이스
[각질편성] 오다와라 3경주: 선행3·선입0·추입6 → ⚡ 빠른 페이스
[경륜전개] 오다와라 3경주: 슬로우(단독 선행) · 라인 3개 · 페어 [[2, 8], [5, 1], [3, 9]]
[경륜전개] 오다와라 3경주: 슬로우(단독 선행) · 라인 3개 · 페어 [[2, 8], [5, 1], [3, 9]]
[3종 수집] 기후 3경주: {'quinella': 21, 'exacta': 42, 'trio': 0, 'win': 0} (history 12)
[각질편성] 기후 3경주: 선행3·선입0·추입4 → ⚡ 빠른 페이스
[경륜전개] 기후 3경주: 보통 · 라인 3개 · 페어 [[5, 7], [4, 3], [6, 1]]
[복승불일치 축교정] 기후 3경주: 축 [5, 7]로 교정(자금이탈 강등 [4]·🔴🔴)
[단통 상한] 메인 2개 · 복병이동 0개
[자동분석·배경] 기후 3경주: 마감 209초 전 재분석(rec_history 누적·cycle)
[각질편성] 오다와라 3경주: 선행3·선입0·추입6 → ⚡ 빠른 페이스
[경륜전개] 오다와라 3경주: 슬로우(단독 선행) · 라인 3개 · 페어 [[2, 8], [5, 1], [3, 9]]
[각질편성] 오다와라 3경주: 선행3·선입0·추입6 → ⚡ 빠른 페이스
[각질편성] 오다와라 3경주: 선행3·선입0·추입6 → ⚡ 빠른 페이스
[경륜전개] 오다와라 3경주: 슬로우(단독 선행) · 라인 3개 · 페어 [[2, 8], [5, 1], [3, 9]]
[각질편성] 오다와라 3경주: 선행3·선입0·추입6 → ⚡ 빠른 페이스
[경륜전개] 오다와라 3경주: 슬로우(단독 선행) · 라인 3개 · 페어 [[2, 8], [5, 1], [3, 9]]
[각질편성] 오다와라 3경주: 선행3·선입0·추입6 → ⚡ 빠른 페이스
[경륜전개] 오다와라 3경주: 슬로우(단독 선행) · 라인 3개 · 페어 [[2, 8], [5, 1], [3, 9]]
[경륜전개] 오다와라 3경주: 슬로우(단독 선행) · 라인 3개 · 페어 [[2, 8], [5, 1], [3, 9]]
[각질편성] 아오모리 4경주: 선행2·선입0·추입5 → 보통 페이스
[경륜전개] 아오모리 4경주: 슬로우(단독 선행) · 라인 2개 · 페어 [[2, 7], [4, 1]]
[복승불일치 축교정] 아오모리 4경주: 축 [1, 4]로 교정(자금이탈 강등 [7]·🔴🔴)
[각질편성] 호후 4경주: 선행2·선입0·추입5 → 보통 페이스
[경륜전개] 호후 4경주: 보통 · 라인 2개 · 페어 [[2, 7], [3, 4]]
[각질편성] 아오모리 5경주: 선행2·선입0·추입5 → 보통 페이스
[경륜전개] 아오모리 5경주: 보통 · 라인 2개 · 페어 [[3, 4], [5, 1]]
[복승불일치 축교정] 아오모리 5경주: 축 [1, 3]로 교정(자금이탈 강등 [6]·🔴)
[각질편성] 호후 5경주: 선행3·선입0·추입4 → ⚡ 빠른 페이스
[경륜전개] 호후 5경주: 보통 · 라인 3개 · 페어 [[5, 1], [4, 2], [3, 7]]
[각질편성] 아오모리 6경주: 선행4·선입0·추입3 → ⚡ 빠른 페이스
[경륜전개] 아오모리 6경주: 하이(주도권 경합) · 라인 4개 · 페어 [[1, 3], [7, 4], [6, 2]]
[placeholder 필터] 호후 6경주 쌍승 껍데기 배당 3조합 제외(값: [300.2])
[각질편성] 호후 6경주: 선행5·선입0·추입2 → ⚡ 빠른 페이스
[경륜전개] 호후 6경주: 보통 · 라인 5개 · 페어 [[5, 1], [4, 2]]
[placeholder 필터] 아오모리 7경주 쌍승 껍데기 배당 3조합 제외(값: [1703.0])
[각질편성] 아오모리 7경주: 선행5·선입0·추입2 → ⚡ 빠른 페이스
[경륜전개] 아오모리 7경주: 슬로우(단독 선행) · 라인 5개 · 페어 [[4, 5], [3, 7]]
[결과기록] 캐시 갱신 — 재파싱 1건 / 전체 1667건
[각질편성] 호후 7경주: 선행5·선입0·추입2 → ⚡ 빠른 페이스
[경륜전개] 호후 7경주: 하이(주도권 경합) · 라인 5개 · 페어 [[5, 2], [3, 7]]
[각질편성] 사세보 1경주: 선행2·선입0·추입5 → 보통 페이스
[경륜전개] 사세보 1경주: 보통 · 라인 2개 · 페어 [[1, 5], [6, 2]]
[각질편성] 오다와라 3경주: 선행3·선입0·추입6 → ⚡ 빠른 페이스
[경륜전개] 오다와라 3경주: 슬로우(단독 선행) · 라인 3개 · 페어 [[2, 8], [5, 1], [3, 9]]
[각질편성] 오다와라 1경주: 선행5·선입0·추입4 → ⚡ 빠른 페이스
[경륜전개] 오다와라 1경주: 보통 · 라인 5개 · 페어 [[1, 5], [7, 3]]
[각질편성] 기후 1경주: 선행2·선입0·추입5 → 보통 페이스
[경륜전개] 기후 1경주: 보통 · 라인 2개 · 페어 [[7, 3], [1, 4]]
[각질편성] 사세보 2경주: 선행2·선입0·추입5 → 보통 페이스
[경륜전개] 사세보 2경주: 보통 · 라인 2개 · 페어 [[7, 2], [5, 1]]
[복승불일치 축교정] 사세보 2경주: 축 [2, 7]로 교정(자금이탈 강등 [1]·🔴🔴)
[각질편성] 오다와라 2경주: 선행4·선입0·추입5 → ⚡ 빠른 페이스
[경륜전개] 오다와라 2경주: 슬로우(단독 선행) · 라인 4개 · 페어 [[2, 7], [9, 1], [6, 4], [8, 3]]
[각질편성] 기후 2경주: 선행3·선입0·추입4 → ⚡ 빠른 페이스
[경륜전개] 기후 2경주: 하이(주도권 경합) · 라인 3개 · 페어 [[3, 4], [7, 2], [6, 1]]
[복승불일치 축교정] 기후 2경주: 축 [3, 4]로 교정(자금이탈 강등 [6]·🔴🔴)
[각질편성] 사세보 3경주: 선행4·선입0·추입3 → ⚡ 빠른 페이스
[경륜전개] 사세보 3경주: 하이(주도권 경합) · 라인 4개 · 페어 [[5, 1], [6, 2]]
[각질편성] 오다와라 3경주: 선행3·선입0·추입6 → ⚡ 빠른 페이스
[경륜전개] 오다와라 3경주: 슬로우(단독 선행) · 라인 3개 · 페어 [[2, 8], [5, 1], [3, 9]]
[각질편성] 기후 3경주: 선행3·선입0·추입4 → ⚡ 빠른 페이스
[경륜전개] 기후 3경주: 보통 · 라인 3개 · 페어 [[5, 7], [4, 3], [6, 1]]
[복승불일치 축교정] 기후 3경주: 축 [5, 7]로 교정(자금이탈 강등 [4]·🔴🔴)
[단통 상한] 메인 2개 · 복병이동 0개
[각질편성] 오다와라 3경주: 선행3·선입0·추입6 → ⚡ 빠른 페이스
[각질편성] 오다와라 3경주: 선행3·선입0·추입6 → ⚡ 빠른 페이스
[경륜전개] 오다와라 3경주: 슬로우(단독 선행) · 라인 3개 · 페어 [[2, 8], [5, 1], [3, 9]]
[경륜전개] 오다와라 3경주: 슬로우(단독 선행) · 라인 3개 · 페어 [[2, 8], [5, 1], [3, 9]]
[활성정리] 끝난 경주 1건 제거(히스토리 보존): 오다와라 2경주
[3종 수집] 기후 3경주: {'quinella': 21, 'exacta': 42, 'trio': 0, 'win': 0} (history 12)
[각질편성] 기후 3경주: 선행3·선입0·추입4 → ⚡ 빠른 페이스
[경륜전개] 기후 3경주: 보통 · 라인 3개 · 페어 [[5, 7], [4, 3], [6, 1]]
[복승불일치 축교정] 기후 3경주: 축 [5, 7]로 교정(자금이탈 강등 [4]·🔴🔴)
[T-2분 왕축 동결] 기후 3경주: [5, 7] → [5, 7] 유지(cur_mb=2)
[단통 상한] 메인 2개 · 복병이동 0개
[자동분석·배경] 기후 3경주: 마감 176초 전 재분석(rec_history 누적·cycle)
[각질편성] 오다와라 3경주: 선행3·선입0·추입6 → ⚡ 빠른 페이스
[경륜전개] 오다와라 3경주: 슬로우(단독 선행) · 라인 3개 · 페어 [[2, 8], [5, 1], [3, 9]]
[각질편성] 오다와라 3경주: 선행3·선입0·추입6 → ⚡ 빠른 페이스
[경륜전개] 오다와라 3경주: 슬로우(단독 선행) · 라인 3개 · 페어 [[2, 8], [5, 1], [3, 9]]
[각질편성] 오다와라 3경주: 선행3·선입0·추입6 → ⚡ 빠른 페이스
[각질편성] 오다와라 3경주: 선행3·선입0·추입6 → ⚡ 빠른 페이스
[경륜전개] 오다와라 3경주: 슬로우(단독 선행) · 라인 3개 · 페어 [[2, 8], [5, 1], [3, 9]]
[경륜전개] 오다와라 3경주: 슬로우(단독 선행) · 라인 3개 · 페어 [[2, 8], [5, 1], [3, 9]]
[3종 수집] 기후 3경주: {'quinella': 21, 'exacta': 42, 'trio': 0, 'win': 0} (history 12)
[각질편성] 기후 3경주: 선행3·선입0·추입4 → ⚡ 빠른 페이스
[경륜전개] 기후 3경주: 보통 · 라인 3개 · 페어 [[5, 7], [4, 3], [6, 1]]
[복승불일치 축교정] 기후 3경주: 축 [5, 7]로 교정(자금이탈 강등 [4]·🔴🔴)
[T-2분 왕축 동결] 기후 3경주: [5, 7] → [5, 7] 유지(cur_mb=2)
[단통 상한] 메인 2개 · 복병이동 0개
[자동분석·배경] 기후 3경주: 마감 144초 전 재분석(rec_history 누적·cycle)
📊 [채점] 기후 2경주: Gemini 2/3 ↔ 시장 2/3 · 놓침 [1]
📝 [복기] 기후 2경주: 1번 竜門 孝宗의 최근 성적이 코멘트나 다른 정보에서 두드러지지 않아 과소평가했지만, 실제 → 규칙(3): 코멘트에 언급되지 않았더라도 최근 성적(특히 1, 2착)이 좋은 추입형 말은 선행마 간의 경쟁이 심화될 때 
[각질편성] 기후 2경주: 선행3·선입0·추입4 → ⚡ 빠른 페이스
[경륜전개] 기후 2경주: 하이(주도권 경합) · 라인 3개 · 페어 [[3, 4], [7, 2], [6, 1]]
[복승불일치 축교정] 기후 2경주: 축 [3, 4]로 교정(자금이탈 강등 [6]·🔴🔴)
[보조조합 적중] 기후 2경주 · 1+3+4 (초기급락 보존) — 승격 후보 표본 누적
[신호별학습] 기후 2경주 · 활성신호 ['급락', '전적이중수렴'] · 유력마적중 복승=True 삼복승=True
[결과 수정] 기후 2경주: 기존 레코드 교체(재입력)
[복병케이스] 기후 2경주: 복병 5두 저장(입상 3)
[각질편성] 기후 2경주: 선행3·선입0·추입4 → ⚡ 빠른 페이스
[경륜전개] 기후 2경주: 하이(주도권 경합) · 라인 3개 · 페어 [[3, 4], [7, 2], [6, 1]]
[복승불일치 축교정] 기후 2경주: 축 [3, 4]로 교정(자금이탈 강등 [6]·🔴🔴)
[readonly 잠금] 기후 2경주: 마감 확정 파일 — corePicks/시계열 보존, result/hit만 업데이트 허용
[각질편성] 오다와라 3경주: 선행3·선입0·추입6 → ⚡ 빠른 페이스
[경륜전개] 오다와라 3경주: 슬로우(단독 선행) · 라인 3개 · 페어 [[2, 8], [5, 1], [3, 9]]
[패턴발견] 결과 1527경주 스캔 → 발견 패턴 10개(기준 적중률 35.4%)
[자동학습] 기후 2경주 결과 [4, 3, 1] → 추천적중 True, 급락적중 False, 전적유력마 1(적중), 제거적중 False
📊 [채점] 오다와라 2경주: Gemini 1/3 ↔ 시장 1/3 · 놓침 [4, 5]
📝 [복기] 오다와라 2경주: 4번과 5번의 최근 성적이나 라인 연계성을 충분히 분석하지 못했다. 특히 9번이 선행에 나 → 규칙(4): 선행마가 명확할 경우, 그 뒤를 따르는 추입형 선수들의 최근 성적과 라인 연계성 및 경기 운영 전략을 더 면
[각질편성] 오다와라 2경주: 선행4·선입0·추입5 → ⚡ 빠른 페이스
[일본전개] 오다와라 2경주: 하이페이스 선행4 · 유력5·복병0
[신호별학습] 오다와라 2경주 · 활성신호 ['급락', '전적이중수렴'] · 유력마적중 복승=False 삼복승=False
[결과 수정] 오다와라 2경주: 기존 레코드 교체(재입력)
[각질편성] 오다와라 3경주: 선행3·선입0·추입6 → ⚡ 빠른 페이스
[경륜전개] 오다와라 3경주: 슬로우(단독 선행) · 라인 3개 · 페어 [[2, 8], [5, 1], [3, 9]]
[각질편성] 오다와라 3경주: 선행3·선입0·추입6 → ⚡ 빠른 페이스
[각질편성] 오다와라 3경주: 선행3·선입0·추입6 → ⚡ 빠른 페이스
[각질편성] 오다와라 3경주: 선행3·선입0·추입6 → ⚡ 빠른 페이스
[경륜전개] 오다와라 3경주: 슬로우(단독 선행) · 라인 3개 · 페어 [[2, 8], [5, 1], [3, 9]]
[경륜전개] 오다와라 3경주: 슬로우(단독 선행) · 라인 3개 · 페어 [[2, 8], [5, 1], [3, 9]]
[경륜전개] 오다와라 3경주: 슬로우(단독 선행) · 라인 3개 · 페어 [[2, 8], [5, 1], [3, 9]]
[각질편성] 아오모리 4경주: 선행2·선입0·추입5 → 보통 페이스
[경륜전개] 아오모리 4경주: 슬로우(단독 선행) · 라인 2개 · 페어 [[2, 7], [4, 1]]
[복승불일치 축교정] 아오모리 4경주: 축 [1, 4]로 교정(자금이탈 강등 [7]·🔴🔴)
[각질편성] 호후 4경주: 선행2·선입0·추입5 → 보통 페이스
[경륜전개] 호후 4경주: 보통 · 라인 2개 · 페어 [[2, 7], [3, 4]]
[각질편성] 아오모리 5경주: 선행2·선입0·추입5 → 보통 페이스
[경륜전개] 아오모리 5경주: 보통 · 라인 2개 · 페어 [[3, 4], [5, 1]]
[복승불일치 축교정] 아오모리 5경주: 축 [1, 3]로 교정(자금이탈 강등 [6]·🔴)
[복병케이스] 오다와라 2경주: 복병 3두 저장(입상 0)
[각질편성] 호후 5경주: 선행3·선입0·추입4 → ⚡ 빠른 페이스
[경륜전개] 호후 5경주: 보통 · 라인 3개 · 페어 [[5, 1], [4, 2], [3, 7]]
[각질편성] 아오모리 6경주: 선행4·선입0·추입3 → ⚡ 빠른 페이스
[경륜전개] 아오모리 6경주: 하이(주도권 경합) · 라인 4개 · 페어 [[1, 3], [7, 4], [6, 2]]
[placeholder 필터] 호후 6경주 쌍승 껍데기 배당 3조합 제외(값: [300.2])
[각질편성] 호후 6경주: 선행5·선입0·추입2 → ⚡ 빠른 페이스
[경륜전개] 호후 6경주: 보통 · 라인 5개 · 페어 [[5, 1], [4, 2]]
[placeholder 필터] 아오모리 7경주 쌍승 껍데기 배당 3조합 제외(값: [1703.0])
[각질편성] 아오모리 7경주: 선행5·선입0·추입2 → ⚡ 빠른 페이스
[경륜전개] 아오모리 7경주: 슬로우(단독 선행) · 라인 5개 · 페어 [[4, 5], [3, 7]]
[각질편성] 호후 7경주: 선행5·선입0·추입2 → ⚡ 빠른 페이스
[경륜전개] 호후 7경주: 하이(주도권 경합) · 라인 5개 · 페어 [[5, 2], [3, 7]]
[결과기록] 캐시 갱신 — 재파싱 2건 / 전체 1667건
[각질편성] 사세보 1경주: 선행2·선입0·추입5 → 보통 페이스
[각질편성] 오다와라 3경주: 선행3·선입0·추입6 → ⚡ 빠른 페이스
[경륜전개] 사세보 1경주: 보통 · 라인 2개 · 페어 [[1, 5], [6, 2]]
[경륜전개] 오다와라 3경주: 슬로우(단독 선행) · 라인 3개 · 페어 [[2, 8], [5, 1], [3, 9]]
[각질편성] 오다와라 1경주: 선행5·선입0·추입4 → ⚡ 빠른 페이스
[경륜전개] 오다와라 1경주: 보통 · 라인 5개 · 페어 [[1, 5], [7, 3]]
[각질편성] 기후 1경주: 선행2·선입0·추입5 → 보통 페이스
[경륜전개] 기후 1경주: 보통 · 라인 2개 · 페어 [[7, 3], [1, 4]]
[각질편성] 사세보 2경주: 선행2·선입0·추입5 → 보통 페이스
[경륜전개] 사세보 2경주: 보통 · 라인 2개 · 페어 [[7, 2], [5, 1]]
[복승불일치 축교정] 사세보 2경주: 축 [2, 7]로 교정(자금이탈 강등 [1]·🔴🔴)
[각질편성] 오다와라 2경주: 선행4·선입0·추입5 → ⚡ 빠른 페이스
[경륜전개] 오다와라 2경주: 슬로우(단독 선행) · 라인 4개 · 페어 [[2, 7], [9, 1], [6, 4], [8, 3]]
[각질편성] 기후 2경주: 선행3·선입0·추입4 → ⚡ 빠른 페이스
[경륜전개] 기후 2경주: 하이(주도권 경합) · 라인 3개 · 페어 [[3, 4], [7, 2], [6, 1]]
[복승불일치 축교정] 기후 2경주: 축 [3, 4]로 교정(자금이탈 강등 [6]·🔴🔴)
[각질편성] 사세보 3경주: 선행4·선입0·추입3 → ⚡ 빠른 페이스
[경륜전개] 사세보 3경주: 하이(주도권 경합) · 라인 4개 · 페어 [[5, 1], [6, 2]]
[각질편성] 오다와라 2경주: 선행4·선입0·추입5 → ⚡ 빠른 페이스
[일본전개] 오다와라 2경주: 하이페이스 선행4 · 유력5·복병0
[각질편성] 오다와라 3경주: 선행3·선입0·추입6 → ⚡ 빠른 페이스
[경륜전개] 오다와라 3경주: 슬로우(단독 선행) · 라인 3개 · 페어 [[2, 8], [5, 1], [3, 9]]
[readonly 잠금] 오다와라 2경주: 마감 확정 파일 — corePicks/시계열 보존, result/hit만 업데이트 허용
[각질편성] 기후 3경주: 선행3·선입0·추입4 → ⚡ 빠른 페이스
[경륜전개] 기후 3경주: 보통 · 라인 3개 · 페어 [[5, 7], [4, 3], [6, 1]]
[복승불일치 축교정] 기후 3경주: 축 [5, 7]로 교정(자금이탈 강등 [4]·🔴🔴)
[T-2분 왕축 동결] 기후 3경주: [5, 7] → [5, 7] 유지(cur_mb=2)
[단통 상한] 메인 2개 · 복병이동 0개
[각질편성] 오다와라 3경주: 선행3·선입0·추입6 → ⚡ 빠른 페이스
[경륜전개] 오다와라 3경주: 슬로우(단독 선행) · 라인 3개 · 페어 [[2, 8], [5, 1], [3, 9]]
[패턴발견] 결과 1528경주 스캔 → 발견 패턴 10개(기준 적중률 35.4%)
[자동학습] 오다와라 2경주 결과 [9, 4, 5] → 추천적중 False, 급락적중 False, 전적유력마 1(실패), 제거적중 False
🔴 [joCode 미등록] 삿포로 — 결과 백필·경주 흐름 수집이 **통째로 스킵**됩니다. RaceKekka.do 를 joCode 01~89 로 조회해 <title>의 ○○競輪 로 확정 후 KEIRIN_JO 에 추가하십시오.
🔴 [joCode 미등록] 중경 — 결과 백필·경주 흐름 수집이 **통째로 스킵**됩니다. RaceKekka.do 를 joCode 01~89 로 조회해 <title>의 ○○競輪 로 확정 후 KEIRIN_JO 에 추가하십시오.
[경륜 결과 백필] 2026-08-01: 시도 5 · 성공 2 · 실패 3
  ↳ 실패: 기후 3경주 - 결과 미게시/파싱 실패
  ↳ 실패: 오다와라 3경주 - 결과 미게시/파싱 실패
  ↳ 실패: 사세보 3경주 - 결과 미게시/파싱 실패
[각질편성] 오다와라 3경주: 선행3·선입0·추입6 → ⚡ 빠른 페이스
[경륜전개] 오다와라 3경주: 슬로우(단독 선행) · 라인 3개 · 페어 [[2, 8], [5, 1], [3, 9]]
[각질편성] 오다와라 3경주: 선행3·선입0·추입6 → ⚡ 빠른 페이스
[경륜전개] 오다와라 3경주: 슬로우(단독 선행) · 라인 3개 · 페어 [[2, 8], [5, 1], [3, 9]]
[데이터백업] ✅ GitHub 반영: 결과 자동백업: 기후 2경주 4-3-1
[각질편성] 오다와라 3경주: 선행3·선입0·추입6 → ⚡ 빠른 페이스
[경륜전개] 오다와라 3경주: 슬로우(단독 선행) · 라인 3개 · 페어 [[2, 8], [5, 1], [3, 9]]
[3종 수집] 기후 3경주: {'quinella': 21, 'exacta': 42, 'trio': 0, 'win': 0} (history 12)
[각질편성] 기후 3경주: 선행3·선입0·추입4 → ⚡ 빠른 페이스
[경륜전개] 기후 3경주: 보통 · 라인 3개 · 페어 [[5, 7], [4, 3], [6, 1]]
[복승불일치 축교정] 기후 3경주: 축 [5, 7]로 교정(자금이탈 강등 [4]·🔴🔴)
[T-2분 왕축 동결] 기후 3경주: [5, 7] → [5, 7] 유지(cur_mb=1)
[단통 상한] 메인 2개 · 복병이동 0개
[자동분석·배경] 기후 3경주: 마감 112초 전 재분석(rec_history 누적·cycle)
[각질편성] 오다와라 3경주: 선행3·선입0·추입6 → ⚡ 빠른 페이스
[각질편성] 오다와라 3경주: 선행3·선입0·추입6 → ⚡ 빠른 페이스
[경륜전개] 오다와라 3경주: 슬로우(단독 선행) · 라인 3개 · 페어 [[2, 8], [5, 1], [3, 9]]
[경륜전개] 오다와라 3경주: 슬로우(단독 선행) · 라인 3개 · 페어 [[2, 8], [5, 1], [3, 9]]
[각질편성] 오다와라 3경주: 선행3·선입0·추입6 → ⚡ 빠른 페이스
[경륜전개] 오다와라 3경주: 슬로우(단독 선행) · 라인 3개 · 페어 [[2, 8], [5, 1], [3, 9]]
[각질편성] 오다와라 3경주: 선행3·선입0·추입6 → ⚡ 빠른 페이스
[경륜전개] 오다와라 3경주: 슬로우(단독 선행) · 라인 3개 · 페어 [[2, 8], [5, 1], [3, 9]]
[각질편성] 기후 3경주: 선행3·선입0·추입4 → ⚡ 빠른 페이스
[경륜전개] 기후 3경주: 보통 · 라인 3개 · 페어 [[5, 7], [4, 3], [6, 1]]
[복승불일치 축교정] 기후 3경주: 축 [5, 7]로 교정(자금이탈 강등 [4]·🔴🔴)
[T-2분 왕축 동결] 기후 3경주: [5, 7] → [5, 7] 유지(cur_mb=1)
[단통 상한] 메인 2개 · 복병이동 0개
[각질편성] 기후 3경주: 선행3·선입0·추입4 → ⚡ 빠른 페이스
[경륜전개] 기후 3경주: 보통 · 라인 3개 · 페어 [[5, 7], [4, 3], [6, 1]]
[복승불일치 축교정] 기후 3경주: 축 [5, 7]로 교정(자금이탈 강등 [4]·🔴🔴)
[T-2분 왕축 동결] 기후 3경주: [5, 7] → [5, 7] 유지(cur_mb=1)
[단통 상한] 메인 2개 · 복병이동 0개
[3종 수집] 기후 3경주: {'quinella': 21, 'exacta': 42, 'trio': 0, 'win': 0} (history 12)
[각질편성] 기후 3경주: 선행3·선입0·추입4 → ⚡ 빠른 페이스
[경륜전개] 기후 3경주: 보통 · 라인 3개 · 페어 [[5, 7], [4, 3], [6, 1]]
[복승불일치 축교정] 기후 3경주: 축 [5, 7]로 교정(자금이탈 강등 [4]·🔴🔴)
[T-2분 왕축 동결] 기후 3경주: [5, 7] → [5, 7] 유지(cur_mb=1)
[복병 이동 상한] 2+3 146.0배 > 특별상한 50.0배 → 💎 노출 제외(참고)
[복병 이동 상한] 1+3 120.9배 > 특별상한 50.0배 → 💎 노출 제외(참고)
[경륜 추천 모순 수정] 고배당 강제조합 2건 메인→복병 이동(25배 상한)
[단통 상한] 메인 3개 · 복병이동 0개
[각질편성] 아오모리 4경주: 선행2·선입0·추입5 → 보통 페이스
[각질편성] 오다와라 3경주: 선행3·선입0·추입6 → ⚡ 빠른 페이스
[경륜전개] 아오모리 4경주: 슬로우(단독 선행) · 라인 2개 · 페어 [[2, 7], [4, 1]]
[경륜전개] 오다와라 3경주: 슬로우(단독 선행) · 라인 3개 · 페어 [[2, 8], [5, 1], [3, 9]]
[각질편성] 오다와라 3경주: 선행3·선입0·추입6 → ⚡ 빠른 페이스
[경륜전개] 오다와라 3경주: 슬로우(단독 선행) · 라인 3개 · 페어 [[2, 8], [5, 1], [3, 9]]
[복승불일치 축교정] 아오모리 4경주: 축 [1, 4]로 교정(자금이탈 강등 [7]·🔴🔴)
[각질편성] 기후 3경주: 선행3·선입0·추입4 → ⚡ 빠른 페이스
[각질편성] 오다와라 3경주: 선행3·선입0·추입6 → ⚡ 빠른 페이스
[경륜전개] 기후 3경주: 보통 · 라인 3개 · 페어 [[5, 7], [4, 3], [6, 1]]
[경륜전개] 오다와라 3경주: 슬로우(단독 선행) · 라인 3개 · 페어 [[2, 8], [5, 1], [3, 9]]
[각질편성] 오다와라 3경주: 선행3·선입0·추입6 → ⚡ 빠른 페이스
[경륜전개] 오다와라 3경주: 슬로우(단독 선행) · 라인 3개 · 페어 [[2, 8], [5, 1], [3, 9]]
[복승불일치 축교정] 기후 3경주: 축 [5, 7]로 교정(자금이탈 강등 [4]·🔴🔴)
[T-2분 왕축 동결] 기후 3경주: [5, 7] → [5, 7] 유지(cur_mb=1)
[복병 이동 상한] 2+3 146.0배 > 특별상한 50.0배 → 💎 노출 제외(참고)
[복병 이동 상한] 1+3 120.9배 > 특별상한 50.0배 → 💎 노출 제외(참고)
[경륜 추천 모순 수정] 고배당 강제조합 2건 메인→복병 이동(25배 상한)
[단통 상한] 메인 3개 · 복병이동 0개
[각질편성] 호후 4경주: 선행2·선입0·추입5 → 보통 페이스
[경륜전개] 호후 4경주: 보통 · 라인 2개 · 페어 [[2, 7], [3, 4]]
[각질편성] 아오모리 5경주: 선행2·선입0·추입5 → 보통 페이스
[경륜전개] 아오모리 5경주: 보통 · 라인 2개 · 페어 [[3, 4], [5, 1]]
[복승불일치 축교정] 아오모리 5경주: 축 [1, 3]로 교정(자금이탈 강등 [6]·🔴)
[각질편성] 호후 5경주: 선행3·선입0·추입4 → ⚡ 빠른 페이스
[경륜전개] 호후 5경주: 보통 · 라인 3개 · 페어 [[5, 1], [4, 2], [3, 7]]
[각질편성] 아오모리 6경주: 선행4·선입0·추입3 → ⚡ 빠른 페이스
[경륜전개] 아오모리 6경주: 하이(주도권 경합) · 라인 4개 · 페어 [[1, 3], [7, 4], [6, 2]]
[placeholder 필터] 호후 6경주 쌍승 껍데기 배당 3조합 제외(값: [300.2])
[각질편성] 호후 6경주: 선행5·선입0·추입2 → ⚡ 빠른 페이스
[경륜전개] 호후 6경주: 보통 · 라인 5개 · 페어 [[5, 1], [4, 2]]
[placeholder 필터] 아오모리 7경주 쌍승 껍데기 배당 3조합 제외(값: [1703.0])
[각질편성] 아오모리 7경주: 선행5·선입0·추입2 → ⚡ 빠른 페이스
[경륜전개] 아오모리 7경주: 슬로우(단독 선행) · 라인 5개 · 페어 [[4, 5], [3, 7]]
[각질편성] 호후 7경주: 선행5·선입0·추입2 → ⚡ 빠른 페이스
[경륜전개] 호후 7경주: 하이(주도권 경합) · 라인 5개 · 페어 [[5, 2], [3, 7]]
[각질편성] 사세보 1경주: 선행2·선입0·추입5 → 보통 페이스
[경륜전개] 사세보 1경주: 보통 · 라인 2개 · 페어 [[1, 5], [6, 2]]
[각질편성] 오다와라 1경주: 선행5·선입0·추입4 → ⚡ 빠른 페이스
[경륜전개] 오다와라 1경주: 보통 · 라인 5개 · 페어 [[1, 5], [7, 3]]
[결과기록] 캐시 갱신 — 재파싱 2건 / 전체 1667건
[각질편성] 기후 1경주: 선행2·선입0·추입5 → 보통 페이스
[경륜전개] 기후 1경주: 보통 · 라인 2개 · 페어 [[7, 3], [1, 4]]
[각질편성] 기후 3경주: 선행3·선입0·추입4 → ⚡ 빠른 페이스
[경륜전개] 기후 3경주: 보통 · 라인 3개 · 페어 [[5, 7], [4, 3], [6, 1]]
[복승불일치 축교정] 기후 3경주: 축 [5, 7]로 교정(자금이탈 강등 [4]·🔴🔴)
[각질편성] 사세보 2경주: 선행2·선입0·추입5 → 보통 페이스
[경륜전개] 사세보 2경주: 보통 · 라인 2개 · 페어 [[7, 2], [5, 1]]
[복승불일치 축교정] 사세보 2경주: 축 [2, 7]로 교정(자금이탈 강등 [1]·🔴🔴)
[T-2분 왕축 동결] 기후 3경주: [5, 7] → [5, 7] 유지(cur_mb=1)
[복병 이동 상한] 2+3 146.0배 > 특별상한 50.0배 → 💎 노출 제외(참고)
[복병 이동 상한] 1+3 120.9배 > 특별상한 50.0배 → 💎 노출 제외(참고)
[경륜 추천 모순 수정] 고배당 강제조합 2건 메인→복병 이동(25배 상한)
[단통 상한] 메인 3개 · 복병이동 0개
[각질편성] 오다와라 2경주: 선행4·선입0·추입5 → ⚡ 빠른 페이스
[경륜전개] 오다와라 2경주: 슬로우(단독 선행) · 라인 4개 · 페어 [[2, 7], [9, 1], [6, 4], [8, 3]]
[각질편성] 기후 2경주: 선행3·선입0·추입4 → ⚡ 빠른 페이스
[경륜전개] 기후 2경주: 하이(주도권 경합) · 라인 3개 · 페어 [[3, 4], [7, 2], [6, 1]]
[복승불일치 축교정] 기후 2경주: 축 [3, 4]로 교정(자금이탈 강등 [6]·🔴🔴)
[각질편성] 사세보 3경주: 선행4·선입0·추입3 → ⚡ 빠른 페이스
[경륜전개] 사세보 3경주: 하이(주도권 경합) · 라인 4개 · 페어 [[5, 1], [6, 2]]
[각질편성] 오다와라 3경주: 선행3·선입0·추입6 → ⚡ 빠른 페이스
[경륜전개] 오다와라 3경주: 슬로우(단독 선행) · 라인 3개 · 페어 [[2, 8], [5, 1], [3, 9]]
[각질편성] 기후 3경주: 선행3·선입0·추입4 → ⚡ 빠른 페이스
[경륜전개] 기후 3경주: 보통 · 라인 3개 · 페어 [[5, 7], [4, 3], [6, 1]]
[복승불일치 축교정] 기후 3경주: 축 [5, 7]로 교정(자금이탈 강등 [4]·🔴🔴)
[T-2분 왕축 동결] 기후 3경주: [5, 7] → [5, 7] 유지(cur_mb=1)
[복병 이동 상한] 2+3 146.0배 > 특별상한 50.0배 → 💎 노출 제외(참고)
[복병 이동 상한] 1+3 120.9배 > 특별상한 50.0배 → 💎 노출 제외(참고)
[경륜 추천 모순 수정] 고배당 강제조합 2건 메인→복병 이동(25배 상한)
[단통 상한] 메인 3개 · 복병이동 0개
[각질편성] 기후 3경주: 선행3·선입0·추입4 → ⚡ 빠른 페이스
[경륜전개] 기후 3경주: 보통 · 라인 3개 · 페어 [[5, 7], [4, 3], [6, 1]]
[복승불일치 축교정] 기후 3경주: 축 [5, 7]로 교정(자금이탈 강등 [4]·🔴🔴)
[복병 이동 상한] 2+3 146.0배 > 특별상한 50.0배 → 💎 노출 제외(참고)
[복병 이동 상한] 1+3 120.9배 > 특별상한 50.0배 → 💎 노출 제외(참고)
[경륜 추천 모순 수정] 고배당 강제조합 2건 메인→복병 이동(25배 상한)
[단통 상한] 메인 3개 · 복병이동 0개
[다중경주] 하트비트 #21 · 스케줄 ymd=20260801 (-1초 전 갱신 · 트랙 12개)
[각질편성] 기후 3경주: 선행3·선입0·추입4 → ⚡ 빠른 페이스
[경륜전개] 기후 3경주: 보통 · 라인 3개 · 페어 [[5, 7], [4, 3], [6, 1]]
[각질편성] 기후 3경주: 선행3·선입0·추입4 → ⚡ 빠른 페이스
[복승불일치 축교정] 기후 3경주: 축 [5, 7]로 교정(자금이탈 강등 [4]·🔴🔴)
[경륜전개] 기후 3경주: 보통 · 라인 3개 · 페어 [[5, 7], [4, 3], [6, 1]]
[복승불일치 축교정] 기후 3경주: 축 [5, 7]로 교정(자금이탈 강등 [4]·🔴🔴)
[복병 이동 상한] 2+3 146.0배 > 특별상한 50.0배 → 💎 노출 제외(참고)
[복병 이동 상한] 1+3 120.9배 > 특별상한 50.0배 → 💎 노출 제외(참고)
[경륜 추천 모순 수정] 고배당 강제조합 2건 메인→복병 이동(25배 상한)
[단통 상한] 메인 3개 · 복병이동 0개
[복병 이동 상한] 2+3 146.0배 > 특별상한 50.0배 → 💎 노출 제외(참고)
[복병 이동 상한] 1+3 120.9배 > 특별상한 50.0배 → 💎 노출 제외(참고)
[경륜 추천 모순 수정] 고배당 강제조합 2건 메인→복병 이동(25배 상한)
[단통 상한] 메인 3개 · 복병이동 0개
[경륜 전적·자동] 사세보 4경주: 7두 수집(競走得点·절대등급 A/B/C/D·라인[1, 4, 6, 5, 2, 7, 3]) → 통합등급 자동 반영
[3종 수집] 사세보 4경주: {'quinella': 21, 'exacta': 42, 'trio': 0, 'win': 0} (history 1)
[3종 수집] 기후 3경주: {'quinella': 21, 'exacta': 42, 'trio': 0, 'win': 0} (history 12)
🔮 [예측] 사세보 4경주: top3=[7, 4, 3] conf=4 · 7명의 출전 선수 중 선행형은 7번 山崎 航 단 한 명뿐이다. 나머지 6
[각질편성] 사세보 4경주: 선행1·선입0·추입6 → 🐌 느린 페이스
[경륜전개] 사세보 4경주: 슬로우(단독 선행) · 라인 2개 · 페어 [[1, 4], [7, 3]]
[단통 상한] 메인 2개 · 복병이동 0개
[자동분석·배경] 사세보 4경주: 마감 588초 전 재분석(rec_history 누적·cycle)
[각질편성] 사세보 4경주: 선행1·선입0·추입6 → 🐌 느린 페이스
[경륜전개] 사세보 4경주: 슬로우(단독 선행) · 라인 2개 · 페어 [[1, 4], [7, 3]]
[단통 상한] 메인 2개 · 복병이동 0개
[각질편성] 기후 3경주: 선행3·선입0·추입4 → ⚡ 빠른 페이스
[경륜전개] 기후 3경주: 보통 · 라인 3개 · 페어 [[5, 7], [4, 3], [6, 1]]
[복승불일치 축교정] 기후 3경주: 축 [5, 7]로 교정(자금이탈 강등 [4]·🔴🔴)
[단통 상한] 메인 2개 · 복병이동 0개
[경주전환 감지] 기후 3경주: 비정상 변동폭(95%+ 다수) → 기준값 재설정(이전 배당 초기화)
[3종 수집] 기후 3경주: {'quinella': 21, 'exacta': 0, 'trio': 0, 'win': 0} (history 1 · 기준재설정)
[placeholder 필터] 기후 3경주 복승 껍데기 배당 5조합 제외(값: [100])
[각질편성] 기후 3경주: 선행3·선입0·추입4 → ⚡ 빠른 페이스
[경륜전개] 기후 3경주: 보통 · 라인 3개 · 페어 [[5, 7], [4, 3], [6, 1]]
[복승불일치 축교정] 기후 3경주: 축 [5, 7]로 교정(자금이탈 강등 [4]·🔴🔴)
[readonly 잠금] 기후 3경주: 마감 확정 파일 — corePicks/시계열 보존, result/hit만 업데이트 허용
[마감 동결] 기후 3경주: 확정본 복원(출처 closed_row · 기준 11:51:22)
[placeholder 필터] 기후 3경주 복승 껍데기 배당 5조합 제외(값: [100])
[각질편성] 기후 3경주: 선행3·선입0·추입4 → ⚡ 빠른 페이스
[경륜전개] 기후 3경주: 보통 · 라인 3개 · 페어 [[5, 7], [4, 3], [6, 1]]
[복승불일치 축교정] 기후 3경주: 축 [5, 7]로 교정(자금이탈 강등 [4]·🔴🔴)
⏸ [폴링 저장 가드] 기후 3경주: 마감 후 readonly → 로그 저장 생략(분석·표시는 정상)
[placeholder 필터] 기후 3경주 복승 껍데기 배당 5조합 제외(값: [100])
[각질편성] 기후 3경주: 선행3·선입0·추입4 → ⚡ 빠른 페이스
[경륜전개] 기후 3경주: 보통 · 라인 3개 · 페어 [[5, 7], [4, 3], [6, 1]]
[복승불일치 축교정] 기후 3경주: 축 [5, 7]로 교정(자금이탈 강등 [4]·🔴🔴)
[각질편성] 오다와라 3경주: 선행3·선입0·추입6 → ⚡ 빠른 페이스
[경륜전개] 오다와라 3경주: 슬로우(단독 선행) · 라인 3개 · 페어 [[2, 8], [5, 1], [3, 9]]
[placeholder 필터] 기후 3경주 복승 껍데기 배당 5조합 제외(값: [100])
[각질편성] 오다와라 3경주: 선행3·선입0·추입6 → ⚡ 빠른 페이스
[각질편성] 오다와라 3경주: 선행3·선입0·추입6 → ⚡ 빠른 페이스
[경륜전개] 오다와라 3경주: 슬로우(단독 선행) · 라인 3개 · 페어 [[2, 8], [5, 1], [3, 9]]
[경륜전개] 오다와라 3경주: 슬로우(단독 선행) · 라인 3개 · 페어 [[2, 8], [5, 1], [3, 9]]
[각질편성] 기후 3경주: 선행3·선입0·추입4 → ⚡ 빠른 페이스
[경륜전개] 기후 3경주: 보통 · 라인 3개 · 페어 [[5, 7], [4, 3], [6, 1]]
[각질편성] 아오모리 4경주: 선행2·선입0·추입5 → 보통 페이스
[복승불일치 축교정] 기후 3경주: 축 [5, 7]로 교정(자금이탈 강등 [4]·🔴🔴)
[경륜전개] 아오모리 4경주: 슬로우(단독 선행) · 라인 2개 · 페어 [[2, 7], [4, 1]]
[복승불일치 축교정] 아오모리 4경주: 축 [1, 4]로 교정(자금이탈 강등 [7]·🔴🔴)
[각질편성] 호후 4경주: 선행2·선입0·추입5 → 보통 페이스
[경륜전개] 호후 4경주: 보통 · 라인 2개 · 페어 [[2, 7], [3, 4]]
[각질편성] 아오모리 5경주: 선행2·선입0·추입5 → 보통 페이스
[경륜전개] 아오모리 5경주: 보통 · 라인 2개 · 페어 [[3, 4], [5, 1]]
[복승불일치 축교정] 아오모리 5경주: 축 [1, 3]로 교정(자금이탈 강등 [6]·🔴)
[각질편성] 호후 5경주: 선행3·선입0·추입4 → ⚡ 빠른 페이스
[경륜전개] 호후 5경주: 보통 · 라인 3개 · 페어 [[5, 1], [4, 2], [3, 7]]
[각질편성] 아오모리 6경주: 선행4·선입0·추입3 → ⚡ 빠른 페이스
[경륜전개] 아오모리 6경주: 하이(주도권 경합) · 라인 4개 · 페어 [[1, 3], [7, 4], [6, 2]]
[3종 수집] 사세보 4경주: {'quinella': 21, 'exacta': 42, 'trio': 0, 'win': 0} (history 2)
[다중경주] 기후 3경주: 사설(확장) 수집 활성(22초 전) → 복승은 사설 유지·서버 쌍승42/삼복승0 보완
[placeholder 필터] 호후 6경주 쌍승 껍데기 배당 3조합 제외(값: [300.2])
[각질편성] 호후 6경주: 선행5·선입0·추입2 → ⚡ 빠른 페이스
[경륜전개] 호후 6경주: 보통 · 라인 5개 · 페어 [[5, 1], [4, 2]]
[각질편성] 사세보 4경주: 선행1·선입0·추입6 → 🐌 느린 페이스
[경륜전개] 사세보 4경주: 슬로우(단독 선행) · 라인 2개 · 페어 [[1, 4], [7, 3]]
[단통 상한] 메인 2개 · 복병이동 0개
[자동분석·배경] 사세보 4경주: 마감 552초 전 재분석(rec_history 누적·cycle)
[placeholder 필터] 아오모리 7경주 쌍승 껍데기 배당 3조합 제외(값: [1703.0])
[각질편성] 아오모리 7경주: 선행5·선입0·추입2 → ⚡ 빠른 페이스
[경륜전개] 아오모리 7경주: 슬로우(단독 선행) · 라인 5개 · 페어 [[4, 5], [3, 7]]
[각질편성] 호후 7경주: 선행5·선입0·추입2 → ⚡ 빠른 페이스
[경륜전개] 호후 7경주: 하이(주도권 경합) · 라인 5개 · 페어 [[5, 2], [3, 7]]
[placeholder 필터] 기후 3경주 복승 껍데기 배당 5조합 제외(값: [100])
[placeholder 필터] 기후 3경주 복승 껍데기 배당 5조합 제외(값: [100])
[각질편성] 기후 3경주: 선행3·선입0·추입4 → ⚡ 빠른 페이스
[각질편성] 기후 3경주: 선행3·선입0·추입4 → ⚡ 빠른 페이스
[경륜전개] 기후 3경주: 보통 · 라인 3개 · 페어 [[5, 7], [4, 3], [6, 1]]
[경륜전개] 기후 3경주: 보통 · 라인 3개 · 페어 [[5, 7], [4, 3], [6, 1]]
[복승불일치 축교정] 기후 3경주: 축 [5, 7]로 교정(자금이탈 강등 [4]·🔴🔴)
[복승불일치 축교정] 기후 3경주: 축 [5, 7]로 교정(자금이탈 강등 [4]·🔴🔴)
[결과기록] 캐시 갱신 — 재파싱 2건 / 전체 1668건
[각질편성] 사세보 1경주: 선행2·선입0·추입5 → 보통 페이스
[경륜전개] 사세보 1경주: 보통 · 라인 2개 · 페어 [[1, 5], [6, 2]]
[각질편성] 오다와라 1경주: 선행5·선입0·추입4 → ⚡ 빠른 페이스
[경륜전개] 오다와라 1경주: 보통 · 라인 5개 · 페어 [[1, 5], [7, 3]]
[각질편성] 기후 1경주: 선행2·선입0·추입5 → 보통 페이스
[경륜전개] 기후 1경주: 보통 · 라인 2개 · 페어 [[7, 3], [1, 4]]
[각질편성] 사세보 2경주: 선행2·선입0·추입5 → 보통 페이스
[경륜전개] 사세보 2경주: 보통 · 라인 2개 · 페어 [[7, 2], [5, 1]]
[복승불일치 축교정] 사세보 2경주: 축 [2, 7]로 교정(자금이탈 강등 [1]·🔴🔴)
[각질편성] 오다와라 2경주: 선행4·선입0·추입5 → ⚡ 빠른 페이스
[경륜전개] 오다와라 2경주: 슬로우(단독 선행) · 라인 4개 · 페어 [[2, 7], [9, 1], [6, 4], [8, 3]]
[각질편성] 기후 2경주: 선행3·선입0·추입4 → ⚡ 빠른 페이스
[경륜전개] 기후 2경주: 하이(주도권 경합) · 라인 3개 · 페어 [[3, 4], [7, 2], [6, 1]]
[복승불일치 축교정] 기후 2경주: 축 [3, 4]로 교정(자금이탈 강등 [6]·🔴🔴)
[각질편성] 사세보 3경주: 선행4·선입0·추입3 → ⚡ 빠른 페이스
[경륜전개] 사세보 3경주: 하이(주도권 경합) · 라인 4개 · 페어 [[5, 1], [6, 2]]
[각질편성] 오다와라 3경주: 선행3·선입0·추입6 → ⚡ 빠른 페이스
[경륜전개] 오다와라 3경주: 슬로우(단독 선행) · 라인 3개 · 페어 [[2, 8], [5, 1], [3, 9]]
[각질편성] 기후 3경주: 선행3·선입0·추입4 → ⚡ 빠른 페이스
[경륜전개] 기후 3경주: 보통 · 라인 3개 · 페어 [[5, 7], [4, 3], [6, 1]]
[복승불일치 축교정] 기후 3경주: 축 [5, 7]로 교정(자금이탈 강등 [4]·🔴🔴)
[각질편성] 사세보 4경주: 선행1·선입0·추입6 → 🐌 느린 페이스
[경륜전개] 사세보 4경주: 슬로우(단독 선행) · 라인 2개 · 페어 [[1, 4], [7, 3]]
[단통 상한] 메인 2개 · 복병이동 0개
[placeholder 필터] 기후 3경주 복승 껍데기 배당 5조합 제외(값: [100])
[각질편성] 기후 3경주: 선행3·선입0·추입4 → ⚡ 빠른 페이스
[경륜전개] 기후 3경주: 보통 · 라인 3개 · 페어 [[5, 7], [4, 3], [6, 1]]
[복승불일치 축교정] 기후 3경주: 축 [5, 7]로 교정(자금이탈 강등 [4]·🔴🔴)
[placeholder 필터] 기후 3경주 복승 껍데기 배당 5조합 제외(값: [100])
[각질편성] 기후 3경주: 선행3·선입0·추입4 → ⚡ 빠른 페이스
[경륜전개] 기후 3경주: 보통 · 라인 3개 · 페어 [[5, 7], [4, 3], [6, 1]]
[복승불일치 축교정] 기후 3경주: 축 [5, 7]로 교정(자금이탈 강등 [4]·🔴🔴)
[placeholder 필터] 기후 3경주 복승 껍데기 배당 5조합 제외(값: [100])
[각질편성] 기후 3경주: 선행3·선입0·추입4 → ⚡ 빠른 페이스
[경륜전개] 기후 3경주: 보통 · 라인 3개 · 페어 [[5, 7], [4, 3], [6, 1]]
[복승불일치 축교정] 기후 3경주: 축 [5, 7]로 교정(자금이탈 강등 [4]·🔴🔴)
[다중경주] 기후 3경주: 사설(확장) 수집 활성(54초 전) → 복승은 사설 유지·서버 쌍승42/삼복승0 보완
[3종 수집] 사세보 4경주: {'quinella': 21, 'exacta': 42, 'trio': 0, 'win': 0} (history 3)
[각질편성] 사세보 4경주: 선행1·선입0·추입6 → 🐌 느린 페이스
[경륜전개] 사세보 4경주: 슬로우(단독 선행) · 라인 2개 · 페어 [[1, 4], [7, 3]]
[경륜 추천 모순 수정] 고배당 강제조합 1건 메인→복병 이동(25배 상한)
[자동분석·배경] 사세보 4경주: 마감 519초 전 재분석(rec_history 누적·cycle)
[placeholder 필터] 기후 3경주 복승 껍데기 배당 5조합 제외(값: [100])
[placeholder 필터] 기후 3경주 복승 껍데기 배당 5조합 제외(값: [100])
[각질편성] 기후 3경주: 선행3·선입0·추입4 → ⚡ 빠른 페이스
[경륜전개] 기후 3경주: 보통 · 라인 3개 · 페어 [[5, 7], [4, 3], [6, 1]]
[각질편성] 기후 3경주: 선행3·선입0·추입4 → ⚡ 빠른 페이스
[복승불일치 축교정] 기후 3경주: 축 [5, 7]로 교정(자금이탈 강등 [4]·🔴🔴)
[경륜전개] 기후 3경주: 보통 · 라인 3개 · 페어 [[5, 7], [4, 3], [6, 1]]
[복승불일치 축교정] 기후 3경주: 축 [5, 7]로 교정(자금이탈 강등 [4]·🔴🔴)
[placeholder 필터] 기후 3경주 복승 껍데기 배당 5조합 제외(값: [100])
[각질편성] 기후 3경주: 선행3·선입0·추입4 → ⚡ 빠른 페이스
[경륜전개] 기후 3경주: 보통 · 라인 3개 · 페어 [[5, 7], [4, 3], [6, 1]]
[복승불일치 축교정] 기후 3경주: 축 [5, 7]로 교정(자금이탈 강등 [4]·🔴🔴)
[각질편성] 오다와라 3경주: 선행3·선입0·추입6 → ⚡ 빠른 페이스
[경륜전개] 오다와라 3경주: 슬로우(단독 선행) · 라인 3개 · 페어 [[2, 8], [5, 1], [3, 9]]
[placeholder 필터] 기후 3경주 복승 껍데기 배당 5조합 제외(값: [100])
[각질편성] 오다와라 3경주: 선행3·선입0·추입6 → ⚡ 빠른 페이스
[placeholder 필터] 기후 3경주 복승 껍데기 배당 5조합 제외(값: [100])
[경륜전개] 오다와라 3경주: 슬로우(단독 선행) · 라인 3개 · 페어 [[2, 8], [5, 1], [3, 9]]
[각질편성] 기후 3경주: 선행3·선입0·추입4 → ⚡ 빠른 페이스
[각질편성] 기후 3경주: 선행3·선입0·추입4 → ⚡ 빠른 페이스
[경륜전개] 기후 3경주: 보통 · 라인 3개 · 페어 [[5, 7], [4, 3], [6, 1]]
[경륜전개] 기후 3경주: 보통 · 라인 3개 · 페어 [[5, 7], [4, 3], [6, 1]]
[복승불일치 축교정] 기후 3경주: 축 [5, 7]로 교정(자금이탈 강등 [4]·🔴🔴)
[복승불일치 축교정] 기후 3경주: 축 [5, 7]로 교정(자금이탈 강등 [4]·🔴🔴)
[각질편성] 아오모리 4경주: 선행2·선입0·추입5 → 보통 페이스
[경륜전개] 아오모리 4경주: 슬로우(단독 선행) · 라인 2개 · 페어 [[2, 7], [4, 1]]
[복승불일치 축교정] 아오모리 4경주: 축 [1, 4]로 교정(자금이탈 강등 [7]·🔴🔴)
[각질편성] 호후 4경주: 선행2·선입0·추입5 → 보통 페이스
[경륜전개] 호후 4경주: 보통 · 라인 2개 · 페어 [[2, 7], [3, 4]]
[각질편성] 아오모리 5경주: 선행2·선입0·추입5 → 보통 페이스
[경륜전개] 아오모리 5경주: 보통 · 라인 2개 · 페어 [[3, 4], [5, 1]]
[복승불일치 축교정] 아오모리 5경주: 축 [1, 3]로 교정(자금이탈 강등 [6]·🔴)
[각질편성] 호후 5경주: 선행3·선입0·추입4 → ⚡ 빠른 페이스
[경륜전개] 호후 5경주: 보통 · 라인 3개 · 페어 [[5, 1], [4, 2], [3, 7]]
[각질편성] 아오모리 6경주: 선행4·선입0·추입3 → ⚡ 빠른 페이스
[경륜전개] 아오모리 6경주: 하이(주도권 경합) · 라인 4개 · 페어 [[1, 3], [7, 4], [6, 2]]
[placeholder 필터] 호후 6경주 쌍승 껍데기 배당 3조합 제외(값: [300.2])
[각질편성] 호후 6경주: 선행5·선입0·추입2 → ⚡ 빠른 페이스
[경륜전개] 호후 6경주: 보통 · 라인 5개 · 페어 [[5, 1], [4, 2]]
[placeholder 필터] 아오모리 7경주 쌍승 껍데기 배당 3조합 제외(값: [1703.0])
[각질편성] 아오모리 7경주: 선행5·선입0·추입2 → ⚡ 빠른 페이스
[경륜전개] 아오모리 7경주: 슬로우(단독 선행) · 라인 5개 · 페어 [[4, 5], [3, 7]]
[각질편성] 호후 7경주: 선행5·선입0·추입2 → ⚡ 빠른 페이스
[경륜전개] 호후 7경주: 하이(주도권 경합) · 라인 5개 · 페어 [[5, 2], [3, 7]]
[각질편성] 사세보 1경주: 선행2·선입0·추입5 → 보통 페이스
[경륜전개] 사세보 1경주: 보통 · 라인 2개 · 페어 [[1, 5], [6, 2]]
[각질편성] 오다와라 1경주: 선행5·선입0·추입4 → ⚡ 빠른 페이스
[경륜전개] 오다와라 1경주: 보통 · 라인 5개 · 페어 [[1, 5], [7, 3]]
[각질편성] 기후 1경주: 선행2·선입0·추입5 → 보통 페이스
[경륜전개] 기후 1경주: 보통 · 라인 2개 · 페어 [[7, 3], [1, 4]]
[placeholder 필터] 기후 3경주 복승 껍데기 배당 5조합 제외(값: [100])
[각질편성] 기후 3경주: 선행3·선입0·추입4 → ⚡ 빠른 페이스
[경륜전개] 기후 3경주: 보통 · 라인 3개 · 페어 [[5, 7], [4, 3], [6, 1]]
[복승불일치 축교정] 기후 3경주: 축 [5, 7]로 교정(자금이탈 강등 [4]·🔴🔴)
[결과기록] 캐시 갱신 — 재파싱 1건 / 전체 1668건
[각질편성] 사세보 2경주: 선행2·선입0·추입5 → 보통 페이스
[경륜전개] 사세보 2경주: 보통 · 라인 2개 · 페어 [[7, 2], [5, 1]]
[복승불일치 축교정] 사세보 2경주: 축 [2, 7]로 교정(자금이탈 강등 [1]·🔴🔴)
[각질편성] 오다와라 2경주: 선행4·선입0·추입5 → ⚡ 빠른 페이스
[경륜전개] 오다와라 2경주: 슬로우(단독 선행) · 라인 4개 · 페어 [[2, 7], [9, 1], [6, 4], [8, 3]]
[각질편성] 기후 2경주: 선행3·선입0·추입4 → ⚡ 빠른 페이스
[경륜전개] 기후 2경주: 하이(주도권 경합) · 라인 3개 · 페어 [[3, 4], [7, 2], [6, 1]]
[복승불일치 축교정] 기후 2경주: 축 [3, 4]로 교정(자금이탈 강등 [6]·🔴🔴)
[각질편성] 사세보 3경주: 선행4·선입0·추입3 → ⚡ 빠른 페이스
[경륜전개] 사세보 3경주: 하이(주도권 경합) · 라인 4개 · 페어 [[5, 1], [6, 2]]
[각질편성] 오다와라 3경주: 선행3·선입0·추입6 → ⚡ 빠른 페이스
[경륜전개] 오다와라 3경주: 슬로우(단독 선행) · 라인 3개 · 페어 [[2, 8], [5, 1], [3, 9]]
[각질편성] 기후 3경주: 선행3·선입0·추입4 → ⚡ 빠른 페이스
[경륜전개] 기후 3경주: 보통 · 라인 3개 · 페어 [[5, 7], [4, 3], [6, 1]]
[복승불일치 축교정] 기후 3경주: 축 [5, 7]로 교정(자금이탈 강등 [4]·🔴🔴)
[각질편성] 사세보 4경주: 선행1·선입0·추입6 → 🐌 느린 페이스
[경륜전개] 사세보 4경주: 슬로우(단독 선행) · 라인 2개 · 페어 [[1, 4], [7, 3]]
[3종 수집] 사세보 4경주: {'quinella': 21, 'exacta': 42, 'trio': 0, 'win': 0} (history 4)
[경륜 추천 모순 수정] 고배당 강제조합 1건 메인→복병 이동(25배 상한)
[다중경주] 기후 3경주: 사설(확장) 수집 활성(87초 전) → 복승은 사설 유지·서버 쌍승42/삼복승0 보완
[각질편성] 사세보 4경주: 선행1·선입0·추입6 → 🐌 느린 페이스
[경륜전개] 사세보 4경주: 슬로우(단독 선행) · 라인 2개 · 페어 [[1, 4], [7, 3]]
[복승불일치 축교정] 사세보 4경주: 축 [1, 4]로 교정(자금이탈 강등 [2]·🔴🔴)
[자동분석·배경] 사세보 4경주: 마감 487초 전 재분석(rec_history 누적·cycle)
[placeholder 필터] 기후 3경주 복승 껍데기 배당 5조합 제외(값: [100])
[각질편성] 기후 3경주: 선행3·선입0·추입4 → ⚡ 빠른 페이스
[경륜전개] 기후 3경주: 보통 · 라인 3개 · 페어 [[5, 7], [4, 3], [6, 1]]
[복승불일치 축교정] 기후 3경주: 축 [5, 7]로 교정(자금이탈 강등 [4]·🔴🔴)
[placeholder 필터] 기후 3경주 복승 껍데기 배당 5조합 제외(값: [100])
[각질편성] 기후 3경주: 선행3·선입0·추입4 → ⚡ 빠른 페이스
[placeholder 필터] 기후 3경주 복승 껍데기 배당 5조합 제외(값: [100])
[경륜전개] 기후 3경주: 보통 · 라인 3개 · 페어 [[5, 7], [4, 3], [6, 1]]
[복승불일치 축교정] 기후 3경주: 축 [5, 7]로 교정(자금이탈 강등 [4]·🔴🔴)
[각질편성] 기후 3경주: 선행3·선입0·추입4 → ⚡ 빠른 페이스
[경륜전개] 기후 3경주: 보통 · 라인 3개 · 페어 [[5, 7], [4, 3], [6, 1]]
[복승불일치 축교정] 기후 3경주: 축 [5, 7]로 교정(자금이탈 강등 [4]·🔴🔴)
[placeholder 필터] 기후 3경주 복승 껍데기 배당 5조합 제외(값: [100])
[각질편성] 기후 3경주: 선행3·선입0·추입4 → ⚡ 빠른 페이스
[경륜전개] 기후 3경주: 보통 · 라인 3개 · 페어 [[5, 7], [4, 3], [6, 1]]
[복승불일치 축교정] 기후 3경주: 축 [5, 7]로 교정(자금이탈 강등 [4]·🔴🔴)
[placeholder 필터] 기후 3경주 복승 껍데기 배당 5조합 제외(값: [100])
[각질편성] 기후 3경주: 선행3·선입0·추입4 → ⚡ 빠른 페이스
[경륜전개] 기후 3경주: 보통 · 라인 3개 · 페어 [[5, 7], [4, 3], [6, 1]]
[복승불일치 축교정] 기후 3경주: 축 [5, 7]로 교정(자금이탈 강등 [4]·🔴🔴)
[3종 수집] 사세보 4경주: {'quinella': 21, 'exacta': 42, 'trio': 0, 'win': 0} (history 5)
[사설 우선] 기후 3경주: 최근 배당판(src=https://ks1.dke-d11diw.site/user_frame.php?PLACE_TYPE=JC) 유지 → oddspark(oddspark_bg) 백업 덮어쓰기 생략 · ⚠️ 말번호 밀림 감지(oddspark 매핑 어긋남)
[각질편성] 사세보 4경주: 선행1·선입0·추입6 → 🐌 느린 페이스
[경륜전개] 사세보 4경주: 슬로우(단독 선행) · 라인 2개 · 페어 [[1, 4], [7, 3]]
[복승불일치 축교정] 사세보 4경주: 축 [1, 4]로 교정(자금이탈 강등 [2]·🔴🔴)
[자동분석·배경] 사세보 4경주: 마감 454초 전 재분석(rec_history 누적·cycle)
[placeholder 필터] 기후 3경주 복승 껍데기 배당 5조합 제외(값: [100])
[각질편성] 기후 3경주: 선행3·선입0·추입4 → ⚡ 빠른 페이스
[placeholder 필터] 기후 3경주 복승 껍데기 배당 5조합 제외(값: [100])
[경륜전개] 기후 3경주: 보통 · 라인 3개 · 페어 [[5, 7], [4, 3], [6, 1]]
[각질편성] 기후 3경주: 선행3·선입0·추입4 → ⚡ 빠른 페이스
[복승불일치 축교정] 기후 3경주: 축 [5, 7]로 교정(자금이탈 강등 [4]·🔴🔴)
[경륜전개] 기후 3경주: 보통 · 라인 3개 · 페어 [[5, 7], [4, 3], [6, 1]]
[복승불일치 축교정] 기후 3경주: 축 [5, 7]로 교정(자금이탈 강등 [4]·🔴🔴)
[placeholder 필터] 기후 3경주 복승 껍데기 배당 5조합 제외(값: [100])
[각질편성] 기후 3경주: 선행3·선입0·추입4 → ⚡ 빠른 페이스
[경륜전개] 기후 3경주: 보통 · 라인 3개 · 페어 [[5, 7], [4, 3], [6, 1]]
[복승불일치 축교정] 기후 3경주: 축 [5, 7]로 교정(자금이탈 강등 [4]·🔴🔴)
[placeholder 필터] 기후 3경주 복승 껍데기 배당 5조합 제외(값: [100])
[각질편성] 오다와라 3경주: 선행3·선입0·추입6 → ⚡ 빠른 페이스
[각질편성] 오다와라 3경주: 선행3·선입0·추입6 → ⚡ 빠른 페이스
[placeholder 필터] 기후 3경주 복승 껍데기 배당 5조합 제외(값: [100])
[경륜전개] 오다와라 3경주: 슬로우(단독 선행) · 라인 3개 · 페어 [[2, 8], [5, 1], [3, 9]]
[각질편성] 아오모리 4경주: 선행2·선입0·추입5 → 보통 페이스
[경륜전개] 오다와라 3경주: 슬로우(단독 선행) · 라인 3개 · 페어 [[2, 8], [5, 1], [3, 9]]
[경륜전개] 아오모리 4경주: 슬로우(단독 선행) · 라인 2개 · 페어 [[2, 7], [4, 1]]
[각질편성] 기후 3경주: 선행3·선입0·추입4 → ⚡ 빠른 페이스
[각질편성] 기후 3경주: 선행3·선입0·추입4 → ⚡ 빠른 페이스
[경륜전개] 기후 3경주: 보통 · 라인 3개 · 페어 [[5, 7], [4, 3], [6, 1]]
[복승불일치 축교정] 아오모리 4경주: 축 [1, 4]로 교정(자금이탈 강등 [7]·🔴🔴)
[경륜전개] 기후 3경주: 보통 · 라인 3개 · 페어 [[5, 7], [4, 3], [6, 1]]
[복승불일치 축교정] 기후 3경주: 축 [5, 7]로 교정(자금이탈 강등 [4]·🔴🔴)
[복승불일치 축교정] 기후 3경주: 축 [5, 7]로 교정(자금이탈 강등 [4]·🔴🔴)
[각질편성] 호후 4경주: 선행2·선입0·추입5 → 보통 페이스
[경륜전개] 호후 4경주: 보통 · 라인 2개 · 페어 [[2, 7], [3, 4]]
[각질편성] 아오모리 5경주: 선행2·선입0·추입5 → 보통 페이스
[경륜전개] 아오모리 5경주: 보통 · 라인 2개 · 페어 [[3, 4], [5, 1]]
[복승불일치 축교정] 아오모리 5경주: 축 [1, 3]로 교정(자금이탈 강등 [6]·🔴)
[각질편성] 호후 5경주: 선행3·선입0·추입4 → ⚡ 빠른 페이스
[경륜전개] 호후 5경주: 보통 · 라인 3개 · 페어 [[5, 1], [4, 2], [3, 7]]
[각질편성] 아오모리 6경주: 선행4·선입0·추입3 → ⚡ 빠른 페이스
[경륜전개] 아오모리 6경주: 하이(주도권 경합) · 라인 4개 · 페어 [[1, 3], [7, 4], [6, 2]]
[placeholder 필터] 호후 6경주 쌍승 껍데기 배당 3조합 제외(값: [300.2])
[각질편성] 호후 6경주: 선행5·선입0·추입2 → ⚡ 빠른 페이스
[경륜전개] 호후 6경주: 보통 · 라인 5개 · 페어 [[5, 1], [4, 2]]
[placeholder 필터] 아오모리 7경주 쌍승 껍데기 배당 3조합 제외(값: [1703.0])
[각질편성] 아오모리 7경주: 선행5·선입0·추입2 → ⚡ 빠른 페이스
[경륜전개] 아오모리 7경주: 슬로우(단독 선행) · 라인 5개 · 페어 [[4, 5], [3, 7]]
[각질편성] 호후 7경주: 선행5·선입0·추입2 → ⚡ 빠른 페이스
[경륜전개] 호후 7경주: 하이(주도권 경합) · 라인 5개 · 페어 [[5, 2], [3, 7]]
[각질편성] 사세보 1경주: 선행2·선입0·추입5 → 보통 페이스
[경륜전개] 사세보 1경주: 보통 · 라인 2개 · 페어 [[1, 5], [6, 2]]
[각질편성] 오다와라 1경주: 선행5·선입0·추입4 → ⚡ 빠른 페이스
[경륜전개] 오다와라 1경주: 보통 · 라인 5개 · 페어 [[1, 5], [7, 3]]
[각질편성] 기후 1경주: 선행2·선입0·추입5 → 보통 페이스
[경륜전개] 기후 1경주: 보통 · 라인 2개 · 페어 [[7, 3], [1, 4]]
[placeholder 필터] 기후 3경주 복승 껍데기 배당 5조합 제외(값: [100])
[각질편성] 기후 3경주: 선행3·선입0·추입4 → ⚡ 빠른 페이스
[경륜전개] 기후 3경주: 보통 · 라인 3개 · 페어 [[5, 7], [4, 3], [6, 1]]
[복승불일치 축교정] 기후 3경주: 축 [5, 7]로 교정(자금이탈 강등 [4]·🔴🔴)
[결과기록] 캐시 갱신 — 재파싱 1건 / 전체 1668건
[각질편성] 사세보 2경주: 선행2·선입0·추입5 → 보통 페이스
[경륜전개] 사세보 2경주: 보통 · 라인 2개 · 페어 [[7, 2], [5, 1]]
[복승불일치 축교정] 사세보 2경주: 축 [2, 7]로 교정(자금이탈 강등 [1]·🔴🔴)
[각질편성] 오다와라 2경주: 선행4·선입0·추입5 → ⚡ 빠른 페이스
[경륜전개] 오다와라 2경주: 슬로우(단독 선행) · 라인 4개 · 페어 [[2, 7], [9, 1], [6, 4], [8, 3]]
[각질편성] 기후 2경주: 선행3·선입0·추입4 → ⚡ 빠른 페이스
[경륜전개] 기후 2경주: 하이(주도권 경합) · 라인 3개 · 페어 [[3, 4], [7, 2], [6, 1]]
[복승불일치 축교정] 기후 2경주: 축 [3, 4]로 교정(자금이탈 강등 [6]·🔴🔴)
[각질편성] 사세보 3경주: 선행4·선입0·추입3 → ⚡ 빠른 페이스
[경륜전개] 사세보 3경주: 하이(주도권 경합) · 라인 4개 · 페어 [[5, 1], [6, 2]]
[각질편성] 오다와라 3경주: 선행3·선입0·추입6 → ⚡ 빠른 페이스
[경륜전개] 오다와라 3경주: 슬로우(단독 선행) · 라인 3개 · 페어 [[2, 8], [5, 1], [3, 9]]
[각질편성] 기후 3경주: 선행3·선입0·추입4 → ⚡ 빠른 페이스
[경륜전개] 기후 3경주: 보통 · 라인 3개 · 페어 [[5, 7], [4, 3], [6, 1]]
[복승불일치 축교정] 기후 3경주: 축 [5, 7]로 교정(자금이탈 강등 [4]·🔴🔴)
[각질편성] 사세보 4경주: 선행1·선입0·추입6 → 🐌 느린 페이스
[경륜전개] 사세보 4경주: 슬로우(단독 선행) · 라인 2개 · 페어 [[1, 4], [7, 3]]
[복승불일치 축교정] 사세보 4경주: 축 [1, 4]로 교정(자금이탈 강등 [2]·🔴🔴)
[3종 수집] 사세보 4경주: {'quinella': 21, 'exacta': 42, 'trio': 0, 'win': 0} (history 6)
[사설 우선] 기후 3경주: 최근 배당판(src=https://ks1.dke-d11diw.site/user_frame.php?PLACE_TYPE=JC) 유지 → oddspark(oddspark_bg) 백업 덮어쓰기 생략 · ⚠️ 말번호 밀림 감지(oddspark 매핑 어긋남)
[각질편성] 사세보 4경주: 선행1·선입0·추입6 → 🐌 느린 페이스
[경륜전개] 사세보 4경주: 슬로우(단독 선행) · 라인 2개 · 페어 [[1, 4], [7, 3]]
[복승불일치 축교정] 사세보 4경주: 축 [1, 4]로 교정(자금이탈 강등 [2]·🔴🔴)
[자동분석·배경] 사세보 4경주: 마감 421초 전 재분석(rec_history 누적·cycle)
[각질편성] 사세보 4경주: 선행1·선입0·추입6 → 🐌 느린 페이스
[경륜전개] 사세보 4경주: 슬로우(단독 선행) · 라인 2개 · 페어 [[1, 4], [7, 3]]
[복승불일치 축교정] 사세보 4경주: 축 [1, 4]로 교정(자금이탈 강등 [2]·🔴🔴)
[카카오알림] 사세보 4경주 T-7 → 큐 적재
[placeholder 필터] 기후 3경주 복승 껍데기 배당 5조합 제외(값: [100])
[placeholder 필터] 기후 3경주 복승 껍데기 배당 5조합 제외(값: [100])
[각질편성] 기후 3경주: 선행3·선입0·추입4 → ⚡ 빠른 페이스
[각질편성] 기후 3경주: 선행3·선입0·추입4 → ⚡ 빠른 페이스
[경륜전개] 기후 3경주: 보통 · 라인 3개 · 페어 [[5, 7], [4, 3], [6, 1]]
[경륜전개] 기후 3경주: 보통 · 라인 3개 · 페어 [[5, 7], [4, 3], [6, 1]]
[복승불일치 축교정] 기후 3경주: 축 [5, 7]로 교정(자금이탈 강등 [4]·🔴🔴)
[복승불일치 축교정] 기후 3경주: 축 [5, 7]로 교정(자금이탈 강등 [4]·🔴🔴)
[placeholder 필터] 기후 3경주 복승 껍데기 배당 5조합 제외(값: [100])
[각질편성] 기후 3경주: 선행3·선입0·추입4 → ⚡ 빠른 페이스
[경륜전개] 기후 3경주: 보통 · 라인 3개 · 페어 [[5, 7], [4, 3], [6, 1]]
[복승불일치 축교정] 기후 3경주: 축 [5, 7]로 교정(자금이탈 강등 [4]·🔴🔴)
[placeholder 필터] 기후 3경주 복승 껍데기 배당 5조합 제외(값: [100])
[각질편성] 기후 3경주: 선행3·선입0·추입4 → ⚡ 빠른 페이스
[경륜전개] 기후 3경주: 보통 · 라인 3개 · 페어 [[5, 7], [4, 3], [6, 1]]
[복승불일치 축교정] 기후 3경주: 축 [5, 7]로 교정(자금이탈 강등 [4]·🔴🔴)
[3종 수집] 사세보 4경주: {'quinella': 21, 'exacta': 42, 'trio': 0, 'win': 0} (history 7)
[각질편성] 사세보 4경주: 선행1·선입0·추입6 → 🐌 느린 페이스
[경륜전개] 사세보 4경주: 슬로우(단독 선행) · 라인 2개 · 페어 [[1, 4], [7, 3]]
[복승불일치 축교정] 사세보 4경주: 축 [1, 4]로 교정(자금이탈 강등 [2]·🔴🔴)
[placeholder 필터] 기후 3경주 복승 껍데기 배당 5조합 제외(값: [100])
[placeholder 필터] 기후 3경주 복승 껍데기 배당 5조합 제외(값: [100])
[각질편성] 기후 3경주: 선행3·선입0·추입4 → ⚡ 빠른 페이스
[각질편성] 기후 3경주: 선행3·선입0·추입4 → ⚡ 빠른 페이스
[경륜전개] 기후 3경주: 보통 · 라인 3개 · 페어 [[5, 7], [4, 3], [6, 1]]
[경륜전개] 기후 3경주: 보통 · 라인 3개 · 페어 [[5, 7], [4, 3], [6, 1]]
[복승불일치 축교정] 기후 3경주: 축 [5, 7]로 교정(자금이탈 강등 [4]·🔴🔴)
[복승불일치 축교정] 기후 3경주: 축 [5, 7]로 교정(자금이탈 강등 [4]·🔴🔴)
[자동분석·배경] 사세보 4경주: 마감 389초 전 재분석(rec_history 누적·cycle)
[placeholder 필터] 기후 3경주 복승 껍데기 배당 5조합 제외(값: [100])
[각질편성] 기후 3경주: 선행3·선입0·추입4 → ⚡ 빠른 페이스
[경륜전개] 기후 3경주: 보통 · 라인 3개 · 페어 [[5, 7], [4, 3], [6, 1]]
[복승불일치 축교정] 기후 3경주: 축 [5, 7]로 교정(자금이탈 강등 [4]·🔴🔴)
[placeholder 필터] 기후 3경주 복승 껍데기 배당 5조합 제외(값: [100])
[각질편성] 기후 3경주: 선행3·선입0·추입4 → ⚡ 빠른 페이스
[경륜전개] 기후 3경주: 보통 · 라인 3개 · 페어 [[5, 7], [4, 3], [6, 1]]
[복승불일치 축교정] 기후 3경주: 축 [5, 7]로 교정(자금이탈 강등 [4]·🔴🔴)
[각질편성] 오다와라 3경주: 선행3·선입0·추입6 → ⚡ 빠른 페이스
[경륜전개] 오다와라 3경주: 슬로우(단독 선행) · 라인 3개 · 페어 [[2, 8], [5, 1], [3, 9]]
[각질편성] 오다와라 3경주: 선행3·선입0·추입6 → ⚡ 빠른 페이스
[placeholder 필터] 기후 3경주 복승 껍데기 배당 5조합 제외(값: [100])
[경륜전개] 오다와라 3경주: 슬로우(단독 선행) · 라인 3개 · 페어 [[2, 8], [5, 1], [3, 9]]
[placeholder 필터] 기후 3경주 복승 껍데기 배당 5조합 제외(값: [100])
[각질편성] 기후 3경주: 선행3·선입0·추입4 → ⚡ 빠른 페이스
[각질편성] 기후 3경주: 선행3·선입0·추입4 → ⚡ 빠른 페이스
[경륜전개] 기후 3경주: 보통 · 라인 3개 · 페어 [[5, 7], [4, 3], [6, 1]]
[경륜전개] 기후 3경주: 보통 · 라인 3개 · 페어 [[5, 7], [4, 3], [6, 1]]
[복승불일치 축교정] 기후 3경주: 축 [5, 7]로 교정(자금이탈 강등 [4]·🔴🔴)
[복승불일치 축교정] 기후 3경주: 축 [5, 7]로 교정(자금이탈 강등 [4]·🔴🔴)
[각질편성] 아오모리 4경주: 선행2·선입0·추입5 → 보통 페이스
[경륜전개] 아오모리 4경주: 슬로우(단독 선행) · 라인 2개 · 페어 [[2, 7], [4, 1]]
[복승불일치 축교정] 아오모리 4경주: 축 [1, 4]로 교정(자금이탈 강등 [7]·🔴🔴)
[각질편성] 호후 4경주: 선행2·선입0·추입5 → 보통 페이스
[경륜전개] 호후 4경주: 보통 · 라인 2개 · 페어 [[2, 7], [3, 4]]
[각질편성] 아오모리 5경주: 선행2·선입0·추입5 → 보통 페이스
[경륜전개] 아오모리 5경주: 보통 · 라인 2개 · 페어 [[3, 4], [5, 1]]
[복승불일치 축교정] 아오모리 5경주: 축 [1, 3]로 교정(자금이탈 강등 [6]·🔴)
[각질편성] 호후 5경주: 선행3·선입0·추입4 → ⚡ 빠른 페이스
[경륜전개] 호후 5경주: 보통 · 라인 3개 · 페어 [[5, 1], [4, 2], [3, 7]]
[각질편성] 아오모리 6경주: 선행4·선입0·추입3 → ⚡ 빠른 페이스
[경륜전개] 아오모리 6경주: 하이(주도권 경합) · 라인 4개 · 페어 [[1, 3], [7, 4], [6, 2]]
[placeholder 필터] 호후 6경주 쌍승 껍데기 배당 3조합 제외(값: [300.2])
[각질편성] 호후 6경주: 선행5·선입0·추입2 → ⚡ 빠른 페이스
[경륜전개] 호후 6경주: 보통 · 라인 5개 · 페어 [[5, 1], [4, 2]]
[placeholder 필터] 아오모리 7경주 쌍승 껍데기 배당 3조합 제외(값: [1703.0])
[각질편성] 아오모리 7경주: 선행5·선입0·추입2 → ⚡ 빠른 페이스
[경륜전개] 아오모리 7경주: 슬로우(단독 선행) · 라인 5개 · 페어 [[4, 5], [3, 7]]
[각질편성] 호후 7경주: 선행5·선입0·추입2 → ⚡ 빠른 페이스
[경륜전개] 호후 7경주: 하이(주도권 경합) · 라인 5개 · 페어 [[5, 2], [3, 7]]
[각질편성] 사세보 1경주: 선행2·선입0·추입5 → 보통 페이스
[경륜전개] 사세보 1경주: 보통 · 라인 2개 · 페어 [[1, 5], [6, 2]]
[각질편성] 오다와라 1경주: 선행5·선입0·추입4 → ⚡ 빠른 페이스
[경륜전개] 오다와라 1경주: 보통 · 라인 5개 · 페어 [[1, 5], [7, 3]]
[각질편성] 기후 1경주: 선행2·선입0·추입5 → 보통 페이스
[경륜전개] 기후 1경주: 보통 · 라인 2개 · 페어 [[7, 3], [1, 4]]
[placeholder 필터] 기후 3경주 복승 껍데기 배당 5조합 제외(값: [100])
[각질편성] 기후 3경주: 선행3·선입0·추입4 → ⚡ 빠른 페이스
[경륜전개] 기후 3경주: 보통 · 라인 3개 · 페어 [[5, 7], [4, 3], [6, 1]]
[복승불일치 축교정] 기후 3경주: 축 [5, 7]로 교정(자금이탈 강등 [4]·🔴🔴)
[각질편성] 사세보 2경주: 선행2·선입0·추입5 → 보통 페이스
[경륜전개] 사세보 2경주: 보통 · 라인 2개 · 페어 [[7, 2], [5, 1]]
[복승불일치 축교정] 사세보 2경주: 축 [2, 7]로 교정(자금이탈 강등 [1]·🔴🔴)
[결과기록] 캐시 갱신 — 재파싱 1건 / 전체 1668건
[각질편성] 오다와라 2경주: 선행4·선입0·추입5 → ⚡ 빠른 페이스
[경륜전개] 오다와라 2경주: 슬로우(단독 선행) · 라인 4개 · 페어 [[2, 7], [9, 1], [6, 4], [8, 3]]
[각질편성] 기후 2경주: 선행3·선입0·추입4 → ⚡ 빠른 페이스
[경륜전개] 기후 2경주: 하이(주도권 경합) · 라인 3개 · 페어 [[3, 4], [7, 2], [6, 1]]
[복승불일치 축교정] 기후 2경주: 축 [3, 4]로 교정(자금이탈 강등 [6]·🔴🔴)
[각질편성] 사세보 3경주: 선행4·선입0·추입3 → ⚡ 빠른 페이스
[경륜전개] 사세보 3경주: 하이(주도권 경합) · 라인 4개 · 페어 [[5, 1], [6, 2]]
[각질편성] 오다와라 3경주: 선행3·선입0·추입6 → ⚡ 빠른 페이스
[경륜전개] 오다와라 3경주: 슬로우(단독 선행) · 라인 3개 · 페어 [[2, 8], [5, 1], [3, 9]]
[각질편성] 기후 3경주: 선행3·선입0·추입4 → ⚡ 빠른 페이스
[경륜전개] 기후 3경주: 보통 · 라인 3개 · 페어 [[5, 7], [4, 3], [6, 1]]
[복승불일치 축교정] 기후 3경주: 축 [5, 7]로 교정(자금이탈 강등 [4]·🔴🔴)
[각질편성] 사세보 4경주: 선행1·선입0·추입6 → 🐌 느린 페이스
[경륜전개] 사세보 4경주: 슬로우(단독 선행) · 라인 2개 · 페어 [[1, 4], [7, 3]]
[복승불일치 축교정] 사세보 4경주: 축 [1, 4]로 교정(자금이탈 강등 [2]·🔴🔴)
[placeholder 필터] 기후 3경주 복승 껍데기 배당 5조합 제외(값: [100])
[각질편성] 기후 3경주: 선행3·선입0·추입4 → ⚡ 빠른 페이스
[placeholder 필터] 기후 3경주 복승 껍데기 배당 5조합 제외(값: [100])
[경륜전개] 기후 3경주: 보통 · 라인 3개 · 페어 [[5, 7], [4, 3], [6, 1]]
[각질편성] 기후 3경주: 선행3·선입0·추입4 → ⚡ 빠른 페이스
[복승불일치 축교정] 기후 3경주: 축 [5, 7]로 교정(자금이탈 강등 [4]·🔴🔴)
[경륜전개] 기후 3경주: 보통 · 라인 3개 · 페어 [[5, 7], [4, 3], [6, 1]]
[복승불일치 축교정] 기후 3경주: 축 [5, 7]로 교정(자금이탈 강등 [4]·🔴🔴)
[3종 수집] 사세보 4경주: {'quinella': 21, 'exacta': 42, 'trio': 0, 'win': 0} (history 8)
[각질편성] 사세보 4경주: 선행1·선입0·추입6 → 🐌 느린 페이스
[경륜전개] 사세보 4경주: 슬로우(단독 선행) · 라인 2개 · 페어 [[1, 4], [7, 3]]
[복승불일치 축교정] 사세보 4경주: 축 [1, 4]로 교정(자금이탈 강등 [7]·🔴🔴)
[경륜 추천 모순 수정] 고배당 강제조합 1건 메인→복병 이동(25배 상한)
[자동분석·배경] 사세보 4경주: 마감 357초 전 재분석(rec_history 누적·cycle)
[placeholder 필터] 기후 3경주 복승 껍데기 배당 5조합 제외(값: [100])
[각질편성] 기후 3경주: 선행3·선입0·추입4 → ⚡ 빠른 페이스
[경륜전개] 기후 3경주: 보통 · 라인 3개 · 페어 [[5, 7], [4, 3], [6, 1]]
[복승불일치 축교정] 기후 3경주: 축 [5, 7]로 교정(자금이탈 강등 [4]·🔴🔴)
[placeholder 필터] 기후 3경주 복승 껍데기 배당 5조합 제외(값: [100])
[각질편성] 기후 3경주: 선행3·선입0·추입4 → ⚡ 빠른 페이스
[경륜전개] 기후 3경주: 보통 · 라인 3개 · 페어 [[5, 7], [4, 3], [6, 1]]
[복승불일치 축교정] 기후 3경주: 축 [5, 7]로 교정(자금이탈 강등 [4]·🔴🔴)
[placeholder 필터] 기후 3경주 복승 껍데기 배당 5조합 제외(값: [100])
[각질편성] 기후 3경주: 선행3·선입0·추입4 → ⚡ 빠른 페이스
[경륜전개] 기후 3경주: 보통 · 라인 3개 · 페어 [[5, 7], [4, 3], [6, 1]]
[복승불일치 축교정] 기후 3경주: 축 [5, 7]로 교정(자금이탈 강등 [4]·🔴🔴)
[3종 수집] 사세보 4경주: {'quinella': 21, 'exacta': 42, 'trio': 0, 'win': 0} (history 9)
[각질편성] 사세보 4경주: 선행1·선입0·추입6 → 🐌 느린 페이스
[경륜전개] 사세보 4경주: 슬로우(단독 선행) · 라인 2개 · 페어 [[1, 4], [7, 3]]
[복승불일치 축교정] 사세보 4경주: 축 [1, 4]로 교정(자금이탈 강등 [7]·🔴🔴)
[경륜 추천 모순 수정] 고배당 강제조합 1건 메인→복병 이동(25배 상한)
[자동분석·배경] 사세보 4경주: 마감 324초 전 재분석(rec_history 누적·cycle)
[각질편성] 사세보 4경주: 선행1·선입0·추입6 → 🐌 느린 페이스
[경륜전개] 사세보 4경주: 슬로우(단독 선행) · 라인 2개 · 페어 [[1, 4], [7, 3]]
[복승불일치 축교정] 사세보 4경주: 축 [1, 4]로 교정(자금이탈 강등 [7]·🔴🔴)
[경륜 추천 모순 수정] 고배당 강제조합 1건 메인→복병 이동(25배 상한)
[카카오알림] 사세보 4경주 T-5 → 큐 적재
[placeholder 필터] 기후 3경주 복승 껍데기 배당 5조합 제외(값: [100])
[placeholder 필터] 기후 3경주 복승 껍데기 배당 5조합 제외(값: [100])
[각질편성] 기후 3경주: 선행3·선입0·추입4 → ⚡ 빠른 페이스
[각질편성] 기후 3경주: 선행3·선입0·추입4 → ⚡ 빠른 페이스
[경륜전개] 기후 3경주: 보통 · 라인 3개 · 페어 [[5, 7], [4, 3], [6, 1]]
[경륜전개] 기후 3경주: 보통 · 라인 3개 · 페어 [[5, 7], [4, 3], [6, 1]]
[복승불일치 축교정] 기후 3경주: 축 [5, 7]로 교정(자금이탈 강등 [4]·🔴🔴)
[복승불일치 축교정] 기후 3경주: 축 [5, 7]로 교정(자금이탈 강등 [4]·🔴🔴)
[각질편성] 오다와라 3경주: 선행3·선입0·추입6 → ⚡ 빠른 페이스
[각질편성] 오다와라 3경주: 선행3·선입0·추입6 → ⚡ 빠른 페이스
[경륜전개] 오다와라 3경주: 슬로우(단독 선행) · 라인 3개 · 페어 [[2, 8], [5, 1], [3, 9]]
[경륜전개] 오다와라 3경주: 슬로우(단독 선행) · 라인 3개 · 페어 [[2, 8], [5, 1], [3, 9]]
[placeholder 필터] 기후 3경주 복승 껍데기 배당 5조합 제외(값: [100])
[placeholder 필터] 기후 3경주 복승 껍데기 배당 5조합 제외(값: [100])
[각질편성] 기후 3경주: 선행3·선입0·추입4 → ⚡ 빠른 페이스
[각질편성] 기후 3경주: 선행3·선입0·추입4 → ⚡ 빠른 페이스
[경륜전개] 기후 3경주: 보통 · 라인 3개 · 페어 [[5, 7], [4, 3], [6, 1]]
[경륜전개] 기후 3경주: 보통 · 라인 3개 · 페어 [[5, 7], [4, 3], [6, 1]]
[복승불일치 축교정] 기후 3경주: 축 [5, 7]로 교정(자금이탈 강등 [4]·🔴🔴)
[복승불일치 축교정] 기후 3경주: 축 [5, 7]로 교정(자금이탈 강등 [4]·🔴🔴)
[각질편성] 아오모리 4경주: 선행2·선입0·추입5 → 보통 페이스
[경륜전개] 아오모리 4경주: 슬로우(단독 선행) · 라인 2개 · 페어 [[2, 7], [4, 1]]
[복승불일치 축교정] 아오모리 4경주: 축 [1, 4]로 교정(자금이탈 강등 [7]·🔴🔴)
[각질편성] 호후 4경주: 선행2·선입0·추입5 → 보통 페이스
[경륜전개] 호후 4경주: 보통 · 라인 2개 · 페어 [[2, 7], [3, 4]]
[각질편성] 아오모리 5경주: 선행2·선입0·추입5 → 보통 페이스
[경륜전개] 아오모리 5경주: 보통 · 라인 2개 · 페어 [[3, 4], [5, 1]]
[복승불일치 축교정] 아오모리 5경주: 축 [1, 3]로 교정(자금이탈 강등 [6]·🔴)
[각질편성] 호후 5경주: 선행3·선입0·추입4 → ⚡ 빠른 페이스
[경륜전개] 호후 5경주: 보통 · 라인 3개 · 페어 [[5, 1], [4, 2], [3, 7]]
[각질편성] 아오모리 6경주: 선행4·선입0·추입3 → ⚡ 빠른 페이스
[경륜전개] 아오모리 6경주: 하이(주도권 경합) · 라인 4개 · 페어 [[1, 3], [7, 4], [6, 2]]
[placeholder 필터] 호후 6경주 쌍승 껍데기 배당 3조합 제외(값: [300.2])
[각질편성] 호후 6경주: 선행5·선입0·추입2 → ⚡ 빠른 페이스
[경륜전개] 호후 6경주: 보통 · 라인 5개 · 페어 [[5, 1], [4, 2]]
[placeholder 필터] 아오모리 7경주 쌍승 껍데기 배당 3조합 제외(값: [1703.0])
[각질편성] 아오모리 7경주: 선행5·선입0·추입2 → ⚡ 빠른 페이스
[경륜전개] 아오모리 7경주: 슬로우(단독 선행) · 라인 5개 · 페어 [[4, 5], [3, 7]]
[각질편성] 호후 7경주: 선행5·선입0·추입2 → ⚡ 빠른 페이스
[경륜전개] 호후 7경주: 하이(주도권 경합) · 라인 5개 · 페어 [[5, 2], [3, 7]]
[각질편성] 사세보 1경주: 선행2·선입0·추입5 → 보통 페이스
[경륜전개] 사세보 1경주: 보통 · 라인 2개 · 페어 [[1, 5], [6, 2]]
[각질편성] 오다와라 1경주: 선행5·선입0·추입4 → ⚡ 빠른 페이스
[경륜전개] 오다와라 1경주: 보통 · 라인 5개 · 페어 [[1, 5], [7, 3]]
[각질편성] 기후 1경주: 선행2·선입0·추입5 → 보통 페이스
[경륜전개] 기후 1경주: 보통 · 라인 2개 · 페어 [[7, 3], [1, 4]]
[placeholder 필터] 기후 3경주 복승 껍데기 배당 5조합 제외(값: [100])
[각질편성] 기후 3경주: 선행3·선입0·추입4 → ⚡ 빠른 페이스
[경륜전개] 기후 3경주: 보통 · 라인 3개 · 페어 [[5, 7], [4, 3], [6, 1]]
[복승불일치 축교정] 기후 3경주: 축 [5, 7]로 교정(자금이탈 강등 [4]·🔴🔴)
[각질편성] 사세보 2경주: 선행2·선입0·추입5 → 보통 페이스
[경륜전개] 사세보 2경주: 보통 · 라인 2개 · 페어 [[7, 2], [5, 1]]
[복승불일치 축교정] 사세보 2경주: 축 [2, 7]로 교정(자금이탈 강등 [1]·🔴🔴)
[결과기록] 캐시 갱신 — 재파싱 1건 / 전체 1668건
[각질편성] 오다와라 2경주: 선행4·선입0·추입5 → ⚡ 빠른 페이스
[경륜전개] 오다와라 2경주: 슬로우(단독 선행) · 라인 4개 · 페어 [[2, 7], [9, 1], [6, 4], [8, 3]]
[각질편성] 기후 2경주: 선행3·선입0·추입4 → ⚡ 빠른 페이스
[경륜전개] 기후 2경주: 하이(주도권 경합) · 라인 3개 · 페어 [[3, 4], [7, 2], [6, 1]]
[복승불일치 축교정] 기후 2경주: 축 [3, 4]로 교정(자금이탈 강등 [6]·🔴🔴)
[각질편성] 사세보 3경주: 선행4·선입0·추입3 → ⚡ 빠른 페이스
[경륜전개] 사세보 3경주: 하이(주도권 경합) · 라인 4개 · 페어 [[5, 1], [6, 2]]
[각질편성] 오다와라 3경주: 선행3·선입0·추입6 → ⚡ 빠른 페이스
[경륜전개] 오다와라 3경주: 슬로우(단독 선행) · 라인 3개 · 페어 [[2, 8], [5, 1], [3, 9]]
[각질편성] 기후 3경주: 선행3·선입0·추입4 → ⚡ 빠른 페이스
[경륜전개] 기후 3경주: 보통 · 라인 3개 · 페어 [[5, 7], [4, 3], [6, 1]]
[복승불일치 축교정] 기후 3경주: 축 [5, 7]로 교정(자금이탈 강등 [4]·🔴🔴)
[각질편성] 사세보 4경주: 선행1·선입0·추입6 → 🐌 느린 페이스
[경륜전개] 사세보 4경주: 슬로우(단독 선행) · 라인 2개 · 페어 [[1, 4], [7, 3]]
[복승불일치 축교정] 사세보 4경주: 축 [1, 4]로 교정(자금이탈 강등 [7]·🔴🔴)
[경륜 추천 모순 수정] 고배당 강제조합 1건 메인→복병 이동(25배 상한)
[placeholder 필터] 기후 3경주 복승 껍데기 배당 5조합 제외(값: [100])
[각질편성] 기후 3경주: 선행3·선입0·추입4 → ⚡ 빠른 페이스
[경륜전개] 기후 3경주: 보통 · 라인 3개 · 페어 [[5, 7], [4, 3], [6, 1]]
[복승불일치 축교정] 기후 3경주: 축 [5, 7]로 교정(자금이탈 강등 [4]·🔴🔴)
[3종 수집] 사세보 4경주: {'quinella': 21, 'exacta': 42, 'trio': 0, 'win': 0} (history 10)
[각질편성] 사세보 4경주: 선행1·선입0·추입6 → 🐌 느린 페이스
[경륜전개] 사세보 4경주: 슬로우(단독 선행) · 라인 2개 · 페어 [[1, 4], [7, 3]]
[복승불일치 축교정] 사세보 4경주: 축 [1, 4]로 교정(자금이탈 강등 [7]·🔴🔴)
[경륜 추천 모순 수정] 고배당 강제조합 1건 메인→복병 이동(25배 상한)
[자동예상] 사세보 4경주 최종예상 저장(2026_08_01_사세보_4경주.json)
[각질편성] 사세보 4경주: 선행1·선입0·추입6 → 🐌 느린 페이스
[경륜전개] 사세보 4경주: 슬로우(단독 선행) · 라인 2개 · 페어 [[1, 4], [7, 3]]
[복승불일치 축교정] 사세보 4경주: 축 [1, 4]로 교정(자금이탈 강등 [7]·🔴🔴)
[경륜 추천 모순 수정] 고배당 강제조합 1건 메인→복병 이동(25배 상한)
[자동분석·배경] 사세보 4경주: 마감 291초 전 재분석(rec_history 누적·cycle)
[placeholder 필터] 기후 3경주 복승 껍데기 배당 5조합 제외(값: [100])
[placeholder 필터] 기후 3경주 복승 껍데기 배당 5조합 제외(값: [100])
[각질편성] 기후 3경주: 선행3·선입0·추입4 → ⚡ 빠른 페이스
[각질편성] 기후 3경주: 선행3·선입0·추입4 → ⚡ 빠른 페이스
[경륜전개] 기후 3경주: 보통 · 라인 3개 · 페어 [[5, 7], [4, 3], [6, 1]]
[경륜전개] 기후 3경주: 보통 · 라인 3개 · 페어 [[5, 7], [4, 3], [6, 1]]
[복승불일치 축교정] 기후 3경주: 축 [5, 7]로 교정(자금이탈 강등 [4]·🔴🔴)
[복승불일치 축교정] 기후 3경주: 축 [5, 7]로 교정(자금이탈 강등 [4]·🔴🔴)
[placeholder 필터] 기후 3경주 복승 껍데기 배당 5조합 제외(값: [100])
[각질편성] 기후 3경주: 선행3·선입0·추입4 → ⚡ 빠른 페이스
[경륜전개] 기후 3경주: 보통 · 라인 3개 · 페어 [[5, 7], [4, 3], [6, 1]]
[복승불일치 축교정] 기후 3경주: 축 [5, 7]로 교정(자금이탈 강등 [4]·🔴🔴)
[placeholder 필터] 기후 3경주 복승 껍데기 배당 5조합 제외(값: [100])
[각질편성] 기후 3경주: 선행3·선입0·추입4 → ⚡ 빠른 페이스
[경륜전개] 기후 3경주: 보통 · 라인 3개 · 페어 [[5, 7], [4, 3], [6, 1]]
[복승불일치 축교정] 기후 3경주: 축 [5, 7]로 교정(자금이탈 강등 [4]·🔴🔴)
[다중경주] 하트비트 #31 · 스케줄 ymd=20260801 (-1초 전 갱신 · 트랙 12개)
[placeholder 필터] 기후 3경주 복승 껍데기 배당 5조합 제외(값: [100])
[placeholder 필터] 기후 3경주 복승 껍데기 배당 5조합 제외(값: [100])
[각질편성] 기후 3경주: 선행3·선입0·추입4 → ⚡ 빠른 페이스
[각질편성] 기후 3경주: 선행3·선입0·추입4 → ⚡ 빠른 페이스
[경륜전개] 기후 3경주: 보통 · 라인 3개 · 페어 [[5, 7], [4, 3], [6, 1]]
[경륜전개] 기후 3경주: 보통 · 라인 3개 · 페어 [[5, 7], [4, 3], [6, 1]]
[복승불일치 축교정] 기후 3경주: 축 [5, 7]로 교정(자금이탈 강등 [4]·🔴🔴)
[복승불일치 축교정] 기후 3경주: 축 [5, 7]로 교정(자금이탈 강등 [4]·🔴🔴)
[3종 수집] 사세보 4경주: {'quinella': 21, 'exacta': 42, 'trio': 0, 'win': 0} (history 11)
[각질편성] 사세보 4경주: 선행1·선입0·추입6 → 🐌 느린 페이스
[경륜전개] 사세보 4경주: 슬로우(단독 선행) · 라인 2개 · 페어 [[1, 4], [7, 3]]
[복승불일치 축교정] 사세보 4경주: 축 [1, 4]로 교정(자금이탈 강등 [7]·🔴🔴)
[경륜 추천 모순 수정] 고배당 강제조합 1건 메인→복병 이동(25배 상한)
[자동분석·배경] 사세보 4경주: 마감 259초 전 재분석(rec_history 누적·cycle)
[카톡 변경알림·즉시] 사세보 4경주 (남은 259s): 삼복승 제외: 1+3+4 · 1+4+5
[각질편성] 오다와라 3경주: 선행3·선입0·추입6 → ⚡ 빠른 페이스
[경륜전개] 오다와라 3경주: 슬로우(단독 선행) · 라인 3개 · 페어 [[2, 8], [5, 1], [3, 9]]
[placeholder 필터] 기후 3경주 복승 껍데기 배당 5조합 제외(값: [100])
[placeholder 필터] 기후 3경주 복승 껍데기 배당 5조합 제외(값: [100])
[각질편성] 오다와라 3경주: 선행3·선입0·추입6 → ⚡ 빠른 페이스
[경륜전개] 오다와라 3경주: 슬로우(단독 선행) · 라인 3개 · 페어 [[2, 8], [5, 1], [3, 9]]
[각질편성] 기후 3경주: 선행3·선입0·추입4 → ⚡ 빠른 페이스
[각질편성] 기후 3경주: 선행3·선입0·추입4 → ⚡ 빠른 페이스
[경륜전개] 기후 3경주: 보통 · 라인 3개 · 페어 [[5, 7], [4, 3], [6, 1]]
[경륜전개] 기후 3경주: 보통 · 라인 3개 · 페어 [[5, 7], [4, 3], [6, 1]]
[복승불일치 축교정] 기후 3경주: 축 [5, 7]로 교정(자금이탈 강등 [4]·🔴🔴)
[복승불일치 축교정] 기후 3경주: 축 [5, 7]로 교정(자금이탈 강등 [4]·🔴🔴)
[각질편성] 아오모리 4경주: 선행2·선입0·추입5 → 보통 페이스
[경륜전개] 아오모리 4경주: 슬로우(단독 선행) · 라인 2개 · 페어 [[2, 7], [4, 1]]
[복승불일치 축교정] 아오모리 4경주: 축 [1, 4]로 교정(자금이탈 강등 [7]·🔴🔴)
[각질편성] 호후 4경주: 선행2·선입0·추입5 → 보통 페이스
[경륜전개] 호후 4경주: 보통 · 라인 2개 · 페어 [[2, 7], [3, 4]]
[각질편성] 아오모리 5경주: 선행2·선입0·추입5 → 보통 페이스
[경륜전개] 아오모리 5경주: 보통 · 라인 2개 · 페어 [[3, 4], [5, 1]]
[복승불일치 축교정] 아오모리 5경주: 축 [1, 3]로 교정(자금이탈 강등 [6]·🔴)
[각질편성] 호후 5경주: 선행3·선입0·추입4 → ⚡ 빠른 페이스
[경륜전개] 호후 5경주: 보통 · 라인 3개 · 페어 [[5, 1], [4, 2], [3, 7]]
[각질편성] 아오모리 6경주: 선행4·선입0·추입3 → ⚡ 빠른 페이스
[경륜전개] 아오모리 6경주: 하이(주도권 경합) · 라인 4개 · 페어 [[1, 3], [7, 4], [6, 2]]
[placeholder 필터] 호후 6경주 쌍승 껍데기 배당 3조합 제외(값: [300.2])
[각질편성] 호후 6경주: 선행5·선입0·추입2 → ⚡ 빠른 페이스
[경륜전개] 호후 6경주: 보통 · 라인 5개 · 페어 [[5, 1], [4, 2]]
[placeholder 필터] 아오모리 7경주 쌍승 껍데기 배당 3조합 제외(값: [1703.0])
[각질편성] 아오모리 7경주: 선행5·선입0·추입2 → ⚡ 빠른 페이스
[경륜전개] 아오모리 7경주: 슬로우(단독 선행) · 라인 5개 · 페어 [[4, 5], [3, 7]]
[각질편성] 호후 7경주: 선행5·선입0·추입2 → ⚡ 빠른 페이스
[경륜전개] 호후 7경주: 하이(주도권 경합) · 라인 5개 · 페어 [[5, 2], [3, 7]]
[각질편성] 사세보 1경주: 선행2·선입0·추입5 → 보통 페이스
[경륜전개] 사세보 1경주: 보통 · 라인 2개 · 페어 [[1, 5], [6, 2]]
[각질편성] 오다와라 1경주: 선행5·선입0·추입4 → ⚡ 빠른 페이스
[경륜전개] 오다와라 1경주: 보통 · 라인 5개 · 페어 [[1, 5], [7, 3]]
[각질편성] 기후 1경주: 선행2·선입0·추입5 → 보통 페이스
[경륜전개] 기후 1경주: 보통 · 라인 2개 · 페어 [[7, 3], [1, 4]]
[placeholder 필터] 기후 3경주 복승 껍데기 배당 5조합 제외(값: [100])
[각질편성] 기후 3경주: 선행3·선입0·추입4 → ⚡ 빠른 페이스
[경륜전개] 기후 3경주: 보통 · 라인 3개 · 페어 [[5, 7], [4, 3], [6, 1]]
[각질편성] 사세보 2경주: 선행2·선입0·추입5 → 보통 페이스
[경륜전개] 사세보 2경주: 보통 · 라인 2개 · 페어 [[7, 2], [5, 1]]
[복승불일치 축교정] 기후 3경주: 축 [5, 7]로 교정(자금이탈 강등 [4]·🔴🔴)
[복승불일치 축교정] 사세보 2경주: 축 [2, 7]로 교정(자금이탈 강등 [1]·🔴🔴)
[각질편성] 오다와라 2경주: 선행4·선입0·추입5 → ⚡ 빠른 페이스
[경륜전개] 오다와라 2경주: 슬로우(단독 선행) · 라인 4개 · 페어 [[2, 7], [9, 1], [6, 4], [8, 3]]
[결과기록] 캐시 갱신 — 재파싱 1건 / 전체 1668건
[각질편성] 기후 2경주: 선행3·선입0·추입4 → ⚡ 빠른 페이스
[경륜전개] 기후 2경주: 하이(주도권 경합) · 라인 3개 · 페어 [[3, 4], [7, 2], [6, 1]]
[복승불일치 축교정] 기후 2경주: 축 [3, 4]로 교정(자금이탈 강등 [6]·🔴🔴)
[각질편성] 사세보 3경주: 선행4·선입0·추입3 → ⚡ 빠른 페이스
[경륜전개] 사세보 3경주: 하이(주도권 경합) · 라인 4개 · 페어 [[5, 1], [6, 2]]
[각질편성] 오다와라 3경주: 선행3·선입0·추입6 → ⚡ 빠른 페이스
[경륜전개] 오다와라 3경주: 슬로우(단독 선행) · 라인 3개 · 페어 [[2, 8], [5, 1], [3, 9]]
[각질편성] 기후 3경주: 선행3·선입0·추입4 → ⚡ 빠른 페이스
[경륜전개] 기후 3경주: 보통 · 라인 3개 · 페어 [[5, 7], [4, 3], [6, 1]]
[복승불일치 축교정] 기후 3경주: 축 [5, 7]로 교정(자금이탈 강등 [4]·🔴🔴)
[각질편성] 사세보 4경주: 선행1·선입0·추입6 → 🐌 느린 페이스
[경륜전개] 사세보 4경주: 슬로우(단독 선행) · 라인 2개 · 페어 [[1, 4], [7, 3]]
[복승불일치 축교정] 사세보 4경주: 축 [1, 4]로 교정(자금이탈 강등 [7]·🔴🔴)
[경륜 추천 모순 수정] 고배당 강제조합 1건 메인→복병 이동(25배 상한)
[placeholder 필터] 기후 3경주 복승 껍데기 배당 5조합 제외(값: [100])
[각질편성] 기후 3경주: 선행3·선입0·추입4 → ⚡ 빠른 페이스
[경륜전개] 기후 3경주: 보통 · 라인 3개 · 페어 [[5, 7], [4, 3], [6, 1]]
[복승불일치 축교정] 기후 3경주: 축 [5, 7]로 교정(자금이탈 강등 [4]·🔴🔴)
[placeholder 필터] 기후 3경주 복승 껍데기 배당 5조합 제외(값: [100])
[각질편성] 기후 3경주: 선행3·선입0·추입4 → ⚡ 빠른 페이스
[경륜전개] 기후 3경주: 보통 · 라인 3개 · 페어 [[5, 7], [4, 3], [6, 1]]
[복승불일치 축교정] 기후 3경주: 축 [5, 7]로 교정(자금이탈 강등 [4]·🔴🔴)
[활성정리] 끝난 경주 1건 제거(히스토리 보존): 기후 2경주
[3종 수집] 사세보 4경주: {'quinella': 21, 'exacta': 42, 'trio': 0, 'win': 0} (history 12)
[각질편성] 사세보 4경주: 선행1·선입0·추입6 → 🐌 느린 페이스
[경륜전개] 사세보 4경주: 슬로우(단독 선행) · 라인 2개 · 페어 [[1, 4], [7, 3]]
[복승불일치 축교정] 사세보 4경주: 축 [1, 4]로 교정(자금이탈 강등 [7]·🔴🔴)
[경륜 추천 모순 수정] 고배당 강제조합 1건 메인→복병 이동(25배 상한)
[자동분석·배경] 사세보 4경주: 마감 226초 전 재분석(rec_history 누적·cycle)
[placeholder 필터] 기후 3경주 복승 껍데기 배당 5조합 제외(값: [100])
[placeholder 필터] 기후 3경주 복승 껍데기 배당 5조합 제외(값: [100])
[각질편성] 기후 3경주: 선행3·선입0·추입4 → ⚡ 빠른 페이스
[각질편성] 기후 3경주: 선행3·선입0·추입4 → ⚡ 빠른 페이스
[경륜전개] 기후 3경주: 보통 · 라인 3개 · 페어 [[5, 7], [4, 3], [6, 1]]
[경륜전개] 기후 3경주: 보통 · 라인 3개 · 페어 [[5, 7], [4, 3], [6, 1]]
[복승불일치 축교정] 기후 3경주: 축 [5, 7]로 교정(자금이탈 강등 [4]·🔴🔴)
[복승불일치 축교정] 기후 3경주: 축 [5, 7]로 교정(자금이탈 강등 [4]·🔴🔴)
[placeholder 필터] 기후 3경주 복승 껍데기 배당 5조합 제외(값: [100])
[각질편성] 기후 3경주: 선행3·선입0·추입4 → ⚡ 빠른 페이스
[경륜전개] 기후 3경주: 보통 · 라인 3개 · 페어 [[5, 7], [4, 3], [6, 1]]
[복승불일치 축교정] 기후 3경주: 축 [5, 7]로 교정(자금이탈 강등 [4]·🔴🔴)
[placeholder 필터] 기후 3경주 복승 껍데기 배당 5조합 제외(값: [100])
[각질편성] 기후 3경주: 선행3·선입0·추입4 → ⚡ 빠른 페이스
[경륜전개] 기후 3경주: 보통 · 라인 3개 · 페어 [[5, 7], [4, 3], [6, 1]]
[복승불일치 축교정] 기후 3경주: 축 [5, 7]로 교정(자금이탈 강등 [4]·🔴🔴)
[각질편성] 오다와라 3경주: 선행3·선입0·추입6 → ⚡ 빠른 페이스
[경륜전개] 오다와라 3경주: 슬로우(단독 선행) · 라인 3개 · 페어 [[2, 8], [5, 1], [3, 9]]
[placeholder 필터] 기후 3경주 복승 껍데기 배당 5조합 제외(값: [100])
[placeholder 필터] 기후 3경주 복승 껍데기 배당 5조합 제외(값: [100])
[각질편성] 오다와라 3경주: 선행3·선입0·추입6 → ⚡ 빠른 페이스
[경륜전개] 오다와라 3경주: 슬로우(단독 선행) · 라인 3개 · 페어 [[2, 8], [5, 1], [3, 9]]
[각질편성] 기후 3경주: 선행3·선입0·추입4 → ⚡ 빠른 페이스
[각질편성] 기후 3경주: 선행3·선입0·추입4 → ⚡ 빠른 페이스
[경륜전개] 기후 3경주: 보통 · 라인 3개 · 페어 [[5, 7], [4, 3], [6, 1]]
[경륜전개] 기후 3경주: 보통 · 라인 3개 · 페어 [[5, 7], [4, 3], [6, 1]]
[복승불일치 축교정] 기후 3경주: 축 [5, 7]로 교정(자금이탈 강등 [4]·🔴🔴)
[복승불일치 축교정] 기후 3경주: 축 [5, 7]로 교정(자금이탈 강등 [4]·🔴🔴)
[각질편성] 아오모리 4경주: 선행2·선입0·추입5 → 보통 페이스
[경륜전개] 아오모리 4경주: 슬로우(단독 선행) · 라인 2개 · 페어 [[2, 7], [4, 1]]
[복승불일치 축교정] 아오모리 4경주: 축 [1, 4]로 교정(자금이탈 강등 [7]·🔴🔴)
[3종 수집] 사세보 4경주: {'quinella': 21, 'exacta': 42, 'trio': 0, 'win': 0} (history 12)
[각질편성] 호후 4경주: 선행2·선입0·추입5 → 보통 페이스
[경륜전개] 호후 4경주: 보통 · 라인 2개 · 페어 [[2, 7], [3, 4]]
[각질편성] 아오모리 5경주: 선행2·선입0·추입5 → 보통 페이스
[경륜전개] 아오모리 5경주: 보통 · 라인 2개 · 페어 [[3, 4], [5, 1]]
[복승불일치 축교정] 아오모리 5경주: 축 [1, 3]로 교정(자금이탈 강등 [6]·🔴)
[각질편성] 호후 5경주: 선행3·선입0·추입4 → ⚡ 빠른 페이스
[경륜전개] 호후 5경주: 보통 · 라인 3개 · 페어 [[5, 1], [4, 2], [3, 7]]
[각질편성] 사세보 4경주: 선행1·선입0·추입6 → 🐌 느린 페이스
[경륜전개] 사세보 4경주: 슬로우(단독 선행) · 라인 2개 · 페어 [[1, 4], [7, 3]]
[복승불일치 축교정] 사세보 4경주: 축 [1, 4]로 교정(자금이탈 강등 [7]·🔴🔴)
[각질편성] 아오모리 6경주: 선행4·선입0·추입3 → ⚡ 빠른 페이스
[경륜전개] 아오모리 6경주: 하이(주도권 경합) · 라인 4개 · 페어 [[1, 3], [7, 4], [6, 2]]
[경륜 추천 모순 수정] 고배당 강제조합 1건 메인→복병 이동(25배 상한)
[자동분석·배경] 사세보 4경주: 마감 194초 전 재분석(rec_history 누적·cycle)
[placeholder 필터] 호후 6경주 쌍승 껍데기 배당 3조합 제외(값: [300.2])
[각질편성] 호후 6경주: 선행5·선입0·추입2 → ⚡ 빠른 페이스
[경륜전개] 호후 6경주: 보통 · 라인 5개 · 페어 [[5, 1], [4, 2]]
[placeholder 필터] 아오모리 7경주 쌍승 껍데기 배당 3조합 제외(값: [1703.0])
[각질편성] 아오모리 7경주: 선행5·선입0·추입2 → ⚡ 빠른 페이스
[경륜전개] 아오모리 7경주: 슬로우(단독 선행) · 라인 5개 · 페어 [[4, 5], [3, 7]]
[각질편성] 호후 7경주: 선행5·선입0·추입2 → ⚡ 빠른 페이스
[경륜전개] 호후 7경주: 하이(주도권 경합) · 라인 5개 · 페어 [[5, 2], [3, 7]]
[placeholder 필터] 기후 3경주 복승 껍데기 배당 5조합 제외(값: [100])
[placeholder 필터] 기후 3경주 복승 껍데기 배당 5조합 제외(값: [100])
[각질편성] 기후 3경주: 선행3·선입0·추입4 → ⚡ 빠른 페이스
[각질편성] 기후 3경주: 선행3·선입0·추입4 → ⚡ 빠른 페이스
[경륜전개] 기후 3경주: 보통 · 라인 3개 · 페어 [[5, 7], [4, 3], [6, 1]]
[경륜전개] 기후 3경주: 보통 · 라인 3개 · 페어 [[5, 7], [4, 3], [6, 1]]
[복승불일치 축교정] 기후 3경주: 축 [5, 7]로 교정(자금이탈 강등 [4]·🔴🔴)
[복승불일치 축교정] 기후 3경주: 축 [5, 7]로 교정(자금이탈 강등 [4]·🔴🔴)
[각질편성] 사세보 1경주: 선행2·선입0·추입5 → 보통 페이스
[경륜전개] 사세보 1경주: 보통 · 라인 2개 · 페어 [[1, 5], [6, 2]]
[결과기록] 캐시 갱신 — 재파싱 1건 / 전체 1668건
[각질편성] 오다와라 1경주: 선행5·선입0·추입4 → ⚡ 빠른 페이스
[경륜전개] 오다와라 1경주: 보통 · 라인 5개 · 페어 [[1, 5], [7, 3]]
[각질편성] 기후 1경주: 선행2·선입0·추입5 → 보통 페이스
[경륜전개] 기후 1경주: 보통 · 라인 2개 · 페어 [[7, 3], [1, 4]]
[각질편성] 사세보 2경주: 선행2·선입0·추입5 → 보통 페이스
[경륜전개] 사세보 2경주: 보통 · 라인 2개 · 페어 [[7, 2], [5, 1]]
[복승불일치 축교정] 사세보 2경주: 축 [2, 7]로 교정(자금이탈 강등 [1]·🔴🔴)
[각질편성] 오다와라 2경주: 선행4·선입0·추입5 → ⚡ 빠른 페이스
[경륜전개] 오다와라 2경주: 슬로우(단독 선행) · 라인 4개 · 페어 [[2, 7], [9, 1], [6, 4], [8, 3]]
[각질편성] 기후 2경주: 선행3·선입0·추입4 → ⚡ 빠른 페이스
[경륜전개] 기후 2경주: 하이(주도권 경합) · 라인 3개 · 페어 [[3, 4], [7, 2], [6, 1]]
[복승불일치 축교정] 기후 2경주: 축 [3, 4]로 교정(자금이탈 강등 [6]·🔴🔴)
[각질편성] 사세보 3경주: 선행4·선입0·추입3 → ⚡ 빠른 페이스
[경륜전개] 사세보 3경주: 하이(주도권 경합) · 라인 4개 · 페어 [[5, 1], [6, 2]]
[각질편성] 오다와라 3경주: 선행3·선입0·추입6 → ⚡ 빠른 페이스
[경륜전개] 오다와라 3경주: 슬로우(단독 선행) · 라인 3개 · 페어 [[2, 8], [5, 1], [3, 9]]
[각질편성] 기후 3경주: 선행3·선입0·추입4 → ⚡ 빠른 페이스
[경륜전개] 기후 3경주: 보통 · 라인 3개 · 페어 [[5, 7], [4, 3], [6, 1]]
[복승불일치 축교정] 기후 3경주: 축 [5, 7]로 교정(자금이탈 강등 [4]·🔴🔴)
[각질편성] 사세보 4경주: 선행1·선입0·추입6 → 🐌 느린 페이스
[경륜전개] 사세보 4경주: 슬로우(단독 선행) · 라인 2개 · 페어 [[1, 4], [7, 3]]
[복승불일치 축교정] 사세보 4경주: 축 [1, 4]로 교정(자금이탈 강등 [7]·🔴🔴)
[경륜 추천 모순 수정] 고배당 강제조합 1건 메인→복병 이동(25배 상한)
[placeholder 필터] 기후 3경주 복승 껍데기 배당 5조합 제외(값: [100])
[각질편성] 기후 3경주: 선행3·선입0·추입4 → ⚡ 빠른 페이스
[경륜전개] 기후 3경주: 보통 · 라인 3개 · 페어 [[5, 7], [4, 3], [6, 1]]
[복승불일치 축교정] 기후 3경주: 축 [5, 7]로 교정(자금이탈 강등 [4]·🔴🔴)
[placeholder 필터] 기후 3경주 복승 껍데기 배당 5조합 제외(값: [100])
[각질편성] 기후 3경주: 선행3·선입0·추입4 → ⚡ 빠른 페이스
[경륜전개] 기후 3경주: 보통 · 라인 3개 · 페어 [[5, 7], [4, 3], [6, 1]]
[복승불일치 축교정] 기후 3경주: 축 [5, 7]로 교정(자금이탈 강등 [4]·🔴🔴)
[placeholder 필터] 기후 3경주 복승 껍데기 배당 5조합 제외(값: [100])
[각질편성] 기후 3경주: 선행3·선입0·추입4 → ⚡ 빠른 페이스
[경륜전개] 기후 3경주: 보통 · 라인 3개 · 페어 [[5, 7], [4, 3], [6, 1]]
[복승불일치 축교정] 기후 3경주: 축 [5, 7]로 교정(자금이탈 강등 [4]·🔴🔴)
[3종 수집] 사세보 4경주: {'quinella': 21, 'exacta': 42, 'trio': 0, 'win': 0} (history 12)
[각질편성] 사세보 4경주: 선행1·선입0·추입6 → 🐌 느린 페이스
[경륜전개] 사세보 4경주: 슬로우(단독 선행) · 라인 2개 · 페어 [[1, 4], [7, 3]]
[복승불일치 축교정] 사세보 4경주: 축 [1, 4]로 교정(자금이탈 강등 [7]·🔴🔴)
[T-2분 왕축 동결] 사세보 4경주: [1, 4] → [1, 4] 유지(cur_mb=2)
[경륜 추천 모순 수정] 고배당 강제조합 1건 메인→복병 이동(25배 상한)
[자동분석·배경] 사세보 4경주: 마감 159초 전 재분석(rec_history 누적·cycle)
[placeholder 필터] 기후 3경주 복승 껍데기 배당 5조합 제외(값: [100])
[placeholder 필터] 기후 3경주 복승 껍데기 배당 5조합 제외(값: [100])
[각질편성] 기후 3경주: 선행3·선입0·추입4 → ⚡ 빠른 페이스
[각질편성] 기후 3경주: 선행3·선입0·추입4 → ⚡ 빠른 페이스
[경륜전개] 기후 3경주: 보통 · 라인 3개 · 페어 [[5, 7], [4, 3], [6, 1]]
[경륜전개] 기후 3경주: 보통 · 라인 3개 · 페어 [[5, 7], [4, 3], [6, 1]]
[복승불일치 축교정] 기후 3경주: 축 [5, 7]로 교정(자금이탈 강등 [4]·🔴🔴)
[복승불일치 축교정] 기후 3경주: 축 [5, 7]로 교정(자금이탈 강등 [4]·🔴🔴)
[placeholder 필터] 기후 3경주 복승 껍데기 배당 5조합 제외(값: [100])
[각질편성] 기후 3경주: 선행3·선입0·추입4 → ⚡ 빠른 페이스
[경륜전개] 기후 3경주: 보통 · 라인 3개 · 페어 [[5, 7], [4, 3], [6, 1]]
[복승불일치 축교정] 기후 3경주: 축 [5, 7]로 교정(자금이탈 강등 [4]·🔴🔴)
[각질편성] 오다와라 3경주: 선행3·선입0·추입6 → ⚡ 빠른 페이스
[경륜전개] 오다와라 3경주: 슬로우(단독 선행) · 라인 3개 · 페어 [[2, 8], [5, 1], [3, 9]]
[placeholder 필터] 기후 3경주 복승 껍데기 배당 5조합 제외(값: [100])
[placeholder 필터] 기후 3경주 복승 껍데기 배당 5조합 제외(값: [100])
[각질편성] 오다와라 3경주: 선행3·선입0·추입6 → ⚡ 빠른 페이스
[각질편성] 아오모리 4경주: 선행2·선입0·추입5 → 보통 페이스
[경륜전개] 오다와라 3경주: 슬로우(단독 선행) · 라인 3개 · 페어 [[2, 8], [5, 1], [3, 9]]
[각질편성] 기후 3경주: 선행3·선입0·추입4 → ⚡ 빠른 페이스
[경륜전개] 아오모리 4경주: 슬로우(단독 선행) · 라인 2개 · 페어 [[2, 7], [4, 1]]
[각질편성] 기후 3경주: 선행3·선입0·추입4 → ⚡ 빠른 페이스
[경륜전개] 기후 3경주: 보통 · 라인 3개 · 페어 [[5, 7], [4, 3], [6, 1]]
[경륜전개] 기후 3경주: 보통 · 라인 3개 · 페어 [[5, 7], [4, 3], [6, 1]]
[복승불일치 축교정] 아오모리 4경주: 축 [1, 4]로 교정(자금이탈 강등 [7]·🔴🔴)
[복승불일치 축교정] 기후 3경주: 축 [5, 7]로 교정(자금이탈 강등 [4]·🔴🔴)
[복승불일치 축교정] 기후 3경주: 축 [5, 7]로 교정(자금이탈 강등 [4]·🔴🔴)
[각질편성] 호후 4경주: 선행2·선입0·추입5 → 보통 페이스
[경륜전개] 호후 4경주: 보통 · 라인 2개 · 페어 [[2, 7], [3, 4]]
[각질편성] 아오모리 5경주: 선행2·선입0·추입5 → 보통 페이스
[경륜전개] 아오모리 5경주: 보통 · 라인 2개 · 페어 [[3, 4], [5, 1]]
[복승불일치 축교정] 아오모리 5경주: 축 [1, 3]로 교정(자금이탈 강등 [6]·🔴)
[각질편성] 호후 5경주: 선행3·선입0·추입4 → ⚡ 빠른 페이스
[경륜전개] 호후 5경주: 보통 · 라인 3개 · 페어 [[5, 1], [4, 2], [3, 7]]
[각질편성] 아오모리 6경주: 선행4·선입0·추입3 → ⚡ 빠른 페이스
[경륜전개] 아오모리 6경주: 하이(주도권 경합) · 라인 4개 · 페어 [[1, 3], [7, 4], [6, 2]]
[placeholder 필터] 호후 6경주 쌍승 껍데기 배당 3조합 제외(값: [300.2])
[각질편성] 호후 6경주: 선행5·선입0·추입2 → ⚡ 빠른 페이스
[경륜전개] 호후 6경주: 보통 · 라인 5개 · 페어 [[5, 1], [4, 2]]
[placeholder 필터] 아오모리 7경주 쌍승 껍데기 배당 3조합 제외(값: [1703.0])
[각질편성] 아오모리 7경주: 선행5·선입0·추입2 → ⚡ 빠른 페이스
[경륜전개] 아오모리 7경주: 슬로우(단독 선행) · 라인 5개 · 페어 [[4, 5], [3, 7]]
[각질편성] 호후 7경주: 선행5·선입0·추입2 → ⚡ 빠른 페이스
[경륜전개] 호후 7경주: 하이(주도권 경합) · 라인 5개 · 페어 [[5, 2], [3, 7]]
[각질편성] 사세보 1경주: 선행2·선입0·추입5 → 보통 페이스
[경륜전개] 사세보 1경주: 보통 · 라인 2개 · 페어 [[1, 5], [6, 2]]
[각질편성] 오다와라 1경주: 선행5·선입0·추입4 → ⚡ 빠른 페이스
[경륜전개] 오다와라 1경주: 보통 · 라인 5개 · 페어 [[1, 5], [7, 3]]
[각질편성] 기후 1경주: 선행2·선입0·추입5 → 보통 페이스
[경륜전개] 기후 1경주: 보통 · 라인 2개 · 페어 [[7, 3], [1, 4]]
[placeholder 필터] 기후 3경주 복승 껍데기 배당 5조합 제외(값: [100])
[각질편성] 기후 3경주: 선행3·선입0·추입4 → ⚡ 빠른 페이스
[경륜전개] 기후 3경주: 보통 · 라인 3개 · 페어 [[5, 7], [4, 3], [6, 1]]
[복승불일치 축교정] 기후 3경주: 축 [5, 7]로 교정(자금이탈 강등 [4]·🔴🔴)
[각질편성] 사세보 2경주: 선행2·선입0·추입5 → 보통 페이스
[경륜전개] 사세보 2경주: 보통 · 라인 2개 · 페어 [[7, 2], [5, 1]]
[복승불일치 축교정] 사세보 2경주: 축 [2, 7]로 교정(자금이탈 강등 [1]·🔴🔴)
[각질편성] 오다와라 2경주: 선행4·선입0·추입5 → ⚡ 빠른 페이스
[경륜전개] 오다와라 2경주: 슬로우(단독 선행) · 라인 4개 · 페어 [[2, 7], [9, 1], [6, 4], [8, 3]]
[결과기록] 캐시 갱신 — 재파싱 1건 / 전체 1668건
[각질편성] 기후 2경주: 선행3·선입0·추입4 → ⚡ 빠른 페이스
[경륜전개] 기후 2경주: 하이(주도권 경합) · 라인 3개 · 페어 [[3, 4], [7, 2], [6, 1]]
[복승불일치 축교정] 기후 2경주: 축 [3, 4]로 교정(자금이탈 강등 [6]·🔴🔴)
[각질편성] 사세보 3경주: 선행4·선입0·추입3 → ⚡ 빠른 페이스
[경륜전개] 사세보 3경주: 하이(주도권 경합) · 라인 4개 · 페어 [[5, 1], [6, 2]]
[각질편성] 오다와라 3경주: 선행3·선입0·추입6 → ⚡ 빠른 페이스
[경륜전개] 오다와라 3경주: 슬로우(단독 선행) · 라인 3개 · 페어 [[2, 8], [5, 1], [3, 9]]
[각질편성] 기후 3경주: 선행3·선입0·추입4 → ⚡ 빠른 페이스
[경륜전개] 기후 3경주: 보통 · 라인 3개 · 페어 [[5, 7], [4, 3], [6, 1]]
[복승불일치 축교정] 기후 3경주: 축 [5, 7]로 교정(자금이탈 강등 [4]·🔴🔴)
[각질편성] 사세보 4경주: 선행1·선입0·추입6 → 🐌 느린 페이스
[경륜전개] 사세보 4경주: 슬로우(단독 선행) · 라인 2개 · 페어 [[1, 4], [7, 3]]
[복승불일치 축교정] 사세보 4경주: 축 [1, 4]로 교정(자금이탈 강등 [7]·🔴🔴)
[3종 수집] 사세보 4경주: {'quinella': 21, 'exacta': 42, 'trio': 0, 'win': 0} (history 12)
[T-2분 왕축 동결] 사세보 4경주: [1, 4] → [1, 4] 유지(cur_mb=2)
[경륜 추천 모순 수정] 고배당 강제조합 1건 메인→복병 이동(25배 상한)
[각질편성] 사세보 4경주: 선행1·선입0·추입6 → 🐌 느린 페이스
[경륜전개] 사세보 4경주: 슬로우(단독 선행) · 라인 2개 · 페어 [[1, 4], [7, 3]]
[복승불일치 축교정] 사세보 4경주: 축 [1, 4]로 교정(자금이탈 강등 [7]·🔴🔴)
[각질편성] 오다와라 3경주: 선행3·선입0·추입6 → ⚡ 빠른 페이스
[경륜전개] 오다와라 3경주: 슬로우(단독 선행) · 라인 3개 · 페어 [[2, 8], [5, 1], [3, 9]]
[T-2분 왕축 동결] 사세보 4경주: [1, 4] → [1, 4] 유지(cur_mb=2)
[경륜 추천 모순 수정] 고배당 강제조합 1건 메인→복병 이동(25배 상한)
[자동분석·배경] 사세보 4경주: 마감 127초 전 재분석(rec_history 누적·cycle)
[각질편성] 오다와라 3경주: 선행3·선입0·추입6 → ⚡ 빠른 페이스
[경륜전개] 오다와라 3경주: 슬로우(단독 선행) · 라인 3개 · 페어 [[2, 8], [5, 1], [3, 9]]
[placeholder 필터] 기후 3경주 복승 껍데기 배당 5조합 제외(값: [100])
[각질편성] 기후 3경주: 선행3·선입0·추입4 → ⚡ 빠른 페이스
[placeholder 필터] 기후 3경주 복승 껍데기 배당 5조합 제외(값: [100])
[경륜전개] 기후 3경주: 보통 · 라인 3개 · 페어 [[5, 7], [4, 3], [6, 1]]
[각질편성] 기후 3경주: 선행3·선입0·추입4 → ⚡ 빠른 페이스
[복승불일치 축교정] 기후 3경주: 축 [5, 7]로 교정(자금이탈 강등 [4]·🔴🔴)
[경륜전개] 기후 3경주: 보통 · 라인 3개 · 페어 [[5, 7], [4, 3], [6, 1]]
[복승불일치 축교정] 기후 3경주: 축 [5, 7]로 교정(자금이탈 강등 [4]·🔴🔴)
[각질편성] 사세보 4경주: 선행1·선입0·추입6 → 🐌 느린 페이스
[경륜전개] 사세보 4경주: 슬로우(단독 선행) · 라인 2개 · 페어 [[1, 4], [7, 3]]
[복승불일치 축교정] 사세보 4경주: 축 [1, 4]로 교정(자금이탈 강등 [7]·🔴🔴)
[T-2분 왕축 동결] 사세보 4경주: [1, 4] → [1, 4] 유지(cur_mb=1)
[경륜 추천 모순 수정] 고배당 강제조합 1건 메인→복병 이동(25배 상한)
[각질편성] 오다와라 3경주: 선행3·선입0·추입6 → ⚡ 빠른 페이스
[경륜전개] 오다와라 3경주: 슬로우(단독 선행) · 라인 3개 · 페어 [[2, 8], [5, 1], [3, 9]]
[placeholder 필터] 기후 3경주 복승 껍데기 배당 5조합 제외(값: [100])
[각질편성] 기후 3경주: 선행3·선입0·추입4 → ⚡ 빠른 페이스
[경륜전개] 기후 3경주: 보통 · 라인 3개 · 페어 [[5, 7], [4, 3], [6, 1]]
[복승불일치 축교정] 기후 3경주: 축 [5, 7]로 교정(자금이탈 강등 [4]·🔴🔴)
[각질편성] 오다와라 3경주: 선행3·선입0·추입6 → ⚡ 빠른 페이스
[경륜전개] 오다와라 3경주: 슬로우(단독 선행) · 라인 3개 · 페어 [[2, 8], [5, 1], [3, 9]]
[placeholder 필터] 기후 3경주 복승 껍데기 배당 5조합 제외(값: [100])
[각질편성] 기후 3경주: 선행3·선입0·추입4 → ⚡ 빠른 페이스
[경륜전개] 기후 3경주: 보통 · 라인 3개 · 페어 [[5, 7], [4, 3], [6, 1]]
[복승불일치 축교정] 기후 3경주: 축 [5, 7]로 교정(자금이탈 강등 [4]·🔴🔴)
[3종 수집] 사세보 4경주: {'quinella': 21, 'exacta': 42, 'trio': 0, 'win': 0} (history 12)
[각질편성] 사세보 4경주: 선행1·선입0·추입6 → 🐌 느린 페이스
[경륜전개] 사세보 4경주: 슬로우(단독 선행) · 라인 2개 · 페어 [[1, 4], [7, 3]]
[복승불일치 축교정] 사세보 4경주: 축 [1, 4]로 교정(자금이탈 강등 [7]·🔴🔴)
[T-2분 왕축 동결] 사세보 4경주: [1, 4] → [1, 4] 유지(cur_mb=1)
[경륜 추천 모순 수정] 고배당 강제조합 1건 메인→복병 이동(25배 상한)
[자동분석·배경] 사세보 4경주: 마감 93초 전 재분석(rec_history 누적·cycle)
[각질편성] 사세보 4경주: 선행1·선입0·추입6 → 🐌 느린 페이스
[경륜전개] 사세보 4경주: 슬로우(단독 선행) · 라인 2개 · 페어 [[1, 4], [7, 3]]
[복승불일치 축교정] 사세보 4경주: 축 [1, 4]로 교정(자금이탈 강등 [7]·🔴🔴)
[T-2분 왕축 동결] 사세보 4경주: [1, 4] → [1, 4] 유지(cur_mb=1)
[경륜 추천 모순 수정] 고배당 강제조합 1건 메인→복병 이동(25배 상한)
[각질편성] 사세보 4경주: 선행1·선입0·추입6 → 🐌 느린 페이스
[경륜전개] 사세보 4경주: 슬로우(단독 선행) · 라인 2개 · 페어 [[1, 4], [7, 3]]
[복승불일치 축교정] 사세보 4경주: 축 [1, 4]로 교정(자금이탈 강등 [7]·🔴🔴)
[T-2분 왕축 동결] 사세보 4경주: [1, 4] → [1, 4] 유지(cur_mb=1)
[경륜 추천 모순 수정] 고배당 강제조합 1건 메인→복병 이동(25배 상한)
[각질편성] 사세보 4경주: 선행1·선입0·추입6 → 🐌 느린 페이스
[경륜전개] 사세보 4경주: 슬로우(단독 선행) · 라인 2개 · 페어 [[1, 4], [7, 3]]
[복승불일치 축교정] 사세보 4경주: 축 [1, 4]로 교정(자금이탈 강등 [7]·🔴🔴)
[T-2분 왕축 동결] 사세보 4경주: [1, 4] → [1, 4] 유지(cur_mb=1)
[경륜 추천 모순 수정] 고배당 강제조합 1건 메인→복병 이동(25배 상한)
[각질편성] 오다와라 3경주: 선행3·선입0·추입6 → ⚡ 빠른 페이스
[경륜전개] 오다와라 3경주: 슬로우(단독 선행) · 라인 3개 · 페어 [[2, 8], [5, 1], [3, 9]]
[각질편성] 아오모리 4경주: 선행2·선입0·추입5 → 보통 페이스
[placeholder 필터] 기후 3경주 복승 껍데기 배당 5조합 제외(값: [100])
[경륜전개] 아오모리 4경주: 슬로우(단독 선행) · 라인 2개 · 페어 [[2, 7], [4, 1]]
[각질편성] 오다와라 3경주: 선행3·선입0·추입6 → ⚡ 빠른 페이스
[복승불일치 축교정] 아오모리 4경주: 축 [1, 4]로 교정(자금이탈 강등 [7]·🔴🔴)
[각질편성] 기후 3경주: 선행3·선입0·추입4 → ⚡ 빠른 페이스
[placeholder 필터] 기후 3경주 복승 껍데기 배당 5조합 제외(값: [100])
[경륜전개] 오다와라 3경주: 슬로우(단독 선행) · 라인 3개 · 페어 [[2, 8], [5, 1], [3, 9]]
[각질편성] 사세보 4경주: 선행1·선입0·추입6 → 🐌 느린 페이스
[경륜전개] 사세보 4경주: 슬로우(단독 선행) · 라인 2개 · 페어 [[1, 4], [7, 3]]
[경륜전개] 기후 3경주: 보통 · 라인 3개 · 페어 [[5, 7], [4, 3], [6, 1]]
[각질편성] 기후 3경주: 선행3·선입0·추입4 → ⚡ 빠른 페이스
[경륜전개] 기후 3경주: 보통 · 라인 3개 · 페어 [[5, 7], [4, 3], [6, 1]]
[복승불일치 축교정] 사세보 4경주: 축 [1, 4]로 교정(자금이탈 강등 [7]·🔴🔴)
[복승불일치 축교정] 기후 3경주: 축 [5, 7]로 교정(자금이탈 강등 [4]·🔴🔴)
[복승불일치 축교정] 기후 3경주: 축 [5, 7]로 교정(자금이탈 강등 [4]·🔴🔴)
[T-2분 왕축 동결] 사세보 4경주: [1, 4] → [1, 4] 유지(cur_mb=1)
[경륜 추천 모순 수정] 고배당 강제조합 1건 메인→복병 이동(25배 상한)
[각질편성] 호후 4경주: 선행2·선입0·추입5 → 보통 페이스
[경륜전개] 호후 4경주: 보통 · 라인 2개 · 페어 [[2, 7], [3, 4]]
[KRA] 30초 자동수집 데몬 시작(watch 등록 경주만 대상)
[각질편성] 아오모리 5경주: 선행2·선입0·추입5 → 보통 페이스
[경륜전개] 아오모리 5경주: 보통 · 라인 2개 · 페어 [[3, 4], [5, 1]]
[복승불일치 축교정] 아오모리 5경주: 축 [1, 3]로 교정(자금이탈 강등 [6]·🔴)
[각질편성] 호후 5경주: 선행3·선입0·추입4 → ⚡ 빠른 페이스
[경륜전개] 호후 5경주: 보통 · 라인 3개 · 페어 [[5, 1], [4, 2], [3, 7]]
[각질편성] 아오모리 6경주: 선행4·선입0·추입3 → ⚡ 빠른 페이스
[경륜전개] 아오모리 6경주: 하이(주도권 경합) · 라인 4개 · 페어 [[1, 3], [7, 4], [6, 2]]
[placeholder 필터] 호후 6경주 쌍승 껍데기 배당 3조합 제외(값: [300.2])
[각질편성] 호후 6경주: 선행5·선입0·추입2 → ⚡ 빠른 페이스
[경륜전개] 호후 6경주: 보통 · 라인 5개 · 페어 [[5, 1], [4, 2]]
[placeholder 필터] 아오모리 7경주 쌍승 껍데기 배당 3조합 제외(값: [1703.0])
[각질편성] 아오모리 7경주: 선행5·선입0·추입2 → ⚡ 빠른 페이스
[경륜전개] 아오모리 7경주: 슬로우(단독 선행) · 라인 5개 · 페어 [[4, 5], [3, 7]]
[각질편성] 호후 7경주: 선행5·선입0·추입2 → ⚡ 빠른 페이스
[경륜전개] 호후 7경주: 하이(주도권 경합) · 라인 5개 · 페어 [[5, 2], [3, 7]]
[각질편성] 사세보 1경주: 선행2·선입0·추입5 → 보통 페이스
[경륜전개] 사세보 1경주: 보통 · 라인 2개 · 페어 [[1, 5], [6, 2]]
[각질편성] 오다와라 1경주: 선행5·선입0·추입4 → ⚡ 빠른 페이스
[경륜전개] 오다와라 1경주: 보통 · 라인 5개 · 페어 [[1, 5], [7, 3]]
[각질편성] 기후 1경주: 선행2·선입0·추입5 → 보통 페이스
[경륜전개] 기후 1경주: 보통 · 라인 2개 · 페어 [[7, 3], [1, 4]]
[각질편성] 사세보 4경주: 선행1·선입0·추입6 → 🐌 느린 페이스
[경륜전개] 사세보 4경주: 슬로우(단독 선행) · 라인 2개 · 페어 [[1, 4], [7, 3]]
[복승불일치 축교정] 사세보 4경주: 축 [1, 4]로 교정(자금이탈 강등 [7]·🔴🔴)
[각질편성] 사세보 2경주: 선행2·선입0·추입5 → 보통 페이스
[경륜전개] 사세보 2경주: 보통 · 라인 2개 · 페어 [[7, 2], [5, 1]]
[T-2분 왕축 동결] 사세보 4경주: [1, 4] → [1, 4] 유지(cur_mb=1)
[복승불일치 축교정] 사세보 2경주: 축 [2, 7]로 교정(자금이탈 강등 [1]·🔴🔴)
[경륜 추천 모순 수정] 고배당 강제조합 1건 메인→복병 이동(25배 상한)
[각질편성] 오다와라 2경주: 선행4·선입0·추입5 → ⚡ 빠른 페이스
[경륜전개] 오다와라 2경주: 슬로우(단독 선행) · 라인 4개 · 페어 [[2, 7], [9, 1], [6, 4], [8, 3]]
[각질편성] 기후 2경주: 선행3·선입0·추입4 → ⚡ 빠른 페이스
[경륜전개] 기후 2경주: 하이(주도권 경합) · 라인 3개 · 페어 [[3, 4], [7, 2], [6, 1]]
[복승불일치 축교정] 기후 2경주: 축 [3, 4]로 교정(자금이탈 강등 [6]·🔴🔴)
[결과기록] 캐시 갱신 — 재파싱 1건 / 전체 1668건
[각질편성] 사세보 3경주: 선행4·선입0·추입3 → ⚡ 빠른 페이스
[경륜전개] 사세보 3경주: 하이(주도권 경합) · 라인 4개 · 페어 [[5, 1], [6, 2]]
[각질편성] 오다와라 3경주: 선행3·선입0·추입6 → ⚡ 빠른 페이스
[경륜전개] 오다와라 3경주: 슬로우(단독 선행) · 라인 3개 · 페어 [[2, 8], [5, 1], [3, 9]]
[각질편성] 기후 3경주: 선행3·선입0·추입4 → ⚡ 빠른 페이스
[경륜전개] 기후 3경주: 보통 · 라인 3개 · 페어 [[5, 7], [4, 3], [6, 1]]
[복승불일치 축교정] 기후 3경주: 축 [5, 7]로 교정(자금이탈 강등 [4]·🔴🔴)
[각질편성] 사세보 4경주: 선행1·선입0·추입6 → 🐌 느린 페이스
[경륜전개] 사세보 4경주: 슬로우(단독 선행) · 라인 2개 · 페어 [[1, 4], [7, 3]]
[복승불일치 축교정] 사세보 4경주: 축 [1, 4]로 교정(자금이탈 강등 [7]·🔴🔴)
[T-2분 왕축 동결] 사세보 4경주: [1, 4] → [1, 4] 유지(cur_mb=1)
[경륜 추천 모순 수정] 고배당 강제조합 1건 메인→복병 이동(25배 상한)
[3종 수집] 사세보 4경주: {'quinella': 21, 'exacta': 42, 'trio': 0, 'win': 0} (history 12)
[각질편성] 사세보 4경주: 선행1·선입0·추입6 → 🐌 느린 페이스
[경륜전개] 사세보 4경주: 슬로우(단독 선행) · 라인 2개 · 페어 [[1, 4], [7, 3]]
[복승불일치 축교정] 사세보 4경주: 축 [1, 4]로 교정(자금이탈 강등 [7]·🔴🔴)
[경륜 추천 모순 수정] 고배당 강제조합 1건 메인→복병 이동(25배 상한)
[각질편성] 사세보 4경주: 선행1·선입0·추입6 → 🐌 느린 페이스
[경륜전개] 사세보 4경주: 슬로우(단독 선행) · 라인 2개 · 페어 [[1, 4], [7, 3]]
[복승불일치 축교정] 사세보 4경주: 축 [1, 4]로 교정(자금이탈 강등 [7]·🔴🔴)
[각질편성] 사세보 4경주: 선행1·선입0·추입6 → 🐌 느린 페이스
[경륜전개] 사세보 4경주: 슬로우(단독 선행) · 라인 2개 · 페어 [[1, 4], [7, 3]]
[복승불일치 축교정] 사세보 4경주: 축 [1, 4]로 교정(자금이탈 강등 [7]·🔴🔴)
[경륜 추천 모순 수정] 고배당 강제조합 1건 메인→복병 이동(25배 상한)
[경륜 추천 모순 수정] 고배당 강제조합 1건 메인→복병 이동(25배 상한)
[각질편성] 사세보 4경주: 선행1·선입0·추입6 → 🐌 느린 페이스
[경륜전개] 사세보 4경주: 슬로우(단독 선행) · 라인 2개 · 페어 [[1, 4], [7, 3]]
[복승불일치 축교정] 사세보 4경주: 축 [1, 4]로 교정(자금이탈 강등 [7]·🔴🔴)
[경륜 추천 모순 수정] 고배당 강제조합 1건 메인→복병 이동(25배 상한)
[경륜 전적·자동] 오다와라 4경주: 9두 수집(競走得点·절대등급 A/B/C/D·라인[1, 7, 4, 9, 2, 6, 5, 3, 8]) → 통합등급 자동 반영
[3종 수집] 오다와라 4경주: {'quinella': 36, 'exacta': 72, 'trio': 0, 'win': 0} (history 1)
[각질편성] 사세보 4경주: 선행1·선입0·추입6 → 🐌 느린 페이스
[경륜전개] 사세보 4경주: 슬로우(단독 선행) · 라인 2개 · 페어 [[1, 4], [7, 3]]
[복승불일치 축교정] 사세보 4경주: 축 [1, 4]로 교정(자금이탈 강등 [7]·🔴🔴)
[경륜 추천 모순 수정] 고배당 강제조합 1건 메인→복병 이동(25배 상한)
[3종 수집] 사세보 4경주: {'quinella': 21, 'exacta': 42, 'trio': 0, 'win': 0} (history 12)
🔮 [예측] 오다와라 4경주: top3=[5, 9, 3] conf=4 · 통상
[각질편성] 오다와라 4경주: 선행3·선입0·추입6 → ⚡ 빠른 페이스
[경륜전개] 오다와라 4경주: 보통 · 라인 3개 · 페어 [[5, 3], [1, 7], [9, 2]]
[자동분석·배경] 오다와라 4경주: 마감 569초 전 재분석(rec_history 누적·cycle)
[각질편성] 사세보 4경주: 선행1·선입0·추입6 → 🐌 느린 페이스
[경륜전개] 사세보 4경주: 슬로우(단독 선행) · 라인 2개 · 페어 [[1, 4], [7, 3]]
[복승불일치 축교정] 사세보 4경주: 축 [1, 4]로 교정(자금이탈 강등 [7]·🔴🔴)
[경륜 추천 모순 수정] 고배당 강제조합 1건 메인→복병 이동(25배 상한)
[각질편성] 오다와라 3경주: 선행3·선입0·추입6 → ⚡ 빠른 페이스
[경륜전개] 오다와라 3경주: 슬로우(단독 선행) · 라인 3개 · 페어 [[2, 8], [5, 1], [3, 9]]
[각질편성] 오다와라 3경주: 선행3·선입0·추입6 → ⚡ 빠른 페이스
[경륜전개] 오다와라 3경주: 슬로우(단독 선행) · 라인 3개 · 페어 [[2, 8], [5, 1], [3, 9]]
[각질편성] 사세보 4경주: 선행1·선입0·추입6 → 🐌 느린 페이스
[경륜전개] 사세보 4경주: 슬로우(단독 선행) · 라인 2개 · 페어 [[1, 4], [7, 3]]
[각질편성] 아오모리 4경주: 선행2·선입0·추입5 → 보통 페이스
[각질편성] 사세보 4경주: 선행1·선입0·추입6 → 🐌 느린 페이스
[경륜전개] 아오모리 4경주: 슬로우(단독 선행) · 라인 2개 · 페어 [[2, 7], [4, 1]]
[경륜전개] 사세보 4경주: 슬로우(단독 선행) · 라인 2개 · 페어 [[1, 4], [7, 3]]
[복승불일치 축교정] 아오모리 4경주: 축 [1, 4]로 교정(자금이탈 강등 [7]·🔴🔴)
[복승불일치 축교정] 사세보 4경주: 축 [1, 4]로 교정(자금이탈 강등 [7]·🔴🔴)
[복승불일치 축교정] 사세보 4경주: 축 [1, 4]로 교정(자금이탈 강등 [7]·🔴🔴)
[경륜 추천 모순 수정] 고배당 강제조합 1건 메인→복병 이동(25배 상한)
[경륜 추천 모순 수정] 고배당 강제조합 1건 메인→복병 이동(25배 상한)
[각질편성] 호후 4경주: 선행2·선입0·추입5 → 보통 페이스
[경륜전개] 호후 4경주: 보통 · 라인 2개 · 페어 [[2, 7], [3, 4]]
[분석로그] 저장 실패: [WinError 32] 다른 프로세스가 파일을 사용 중이기 때문에 프로세스가 액세스 할 수 없습니다: 'C:\\Users\\Administrator\\Desktop\\경마분석서버\\data\\analysis_log\\2026_08_01_사세보_4경주.json.tmp' -> 'C:\\Users\\Administrator\\Desktop\\경마분석서버\\data\\analysis_log\\2026_08_01_사세보_4경주.json'
[각질편성] 아오모리 5경주: 선행2·선입0·추입5 → 보통 페이스
[경륜전개] 아오모리 5경주: 보통 · 라인 2개 · 페어 [[3, 4], [5, 1]]
[복승불일치 축교정] 아오모리 5경주: 축 [1, 3]로 교정(자금이탈 강등 [6]·🔴)
[각질편성] 호후 5경주: 선행3·선입0·추입4 → ⚡ 빠른 페이스
[경륜전개] 호후 5경주: 보통 · 라인 3개 · 페어 [[5, 1], [4, 2], [3, 7]]
[각질편성] 아오모리 6경주: 선행4·선입0·추입3 → ⚡ 빠른 페이스
[경륜전개] 아오모리 6경주: 하이(주도권 경합) · 라인 4개 · 페어 [[1, 3], [7, 4], [6, 2]]
[placeholder 필터] 호후 6경주 쌍승 껍데기 배당 3조합 제외(값: [300.2])
[각질편성] 호후 6경주: 선행5·선입0·추입2 → ⚡ 빠른 페이스
[경륜전개] 호후 6경주: 보통 · 라인 5개 · 페어 [[5, 1], [4, 2]]
[placeholder 필터] 아오모리 7경주 쌍승 껍데기 배당 3조합 제외(값: [1703.0])
[각질편성] 아오모리 7경주: 선행5·선입0·추입2 → ⚡ 빠른 페이스
[경륜전개] 아오모리 7경주: 슬로우(단독 선행) · 라인 5개 · 페어 [[4, 5], [3, 7]]
[각질편성] 호후 7경주: 선행5·선입0·추입2 → ⚡ 빠른 페이스
[경륜전개] 호후 7경주: 하이(주도권 경합) · 라인 5개 · 페어 [[5, 2], [3, 7]]
[각질편성] 사세보 1경주: 선행2·선입0·추입5 → 보통 페이스
[경륜전개] 사세보 1경주: 보통 · 라인 2개 · 페어 [[1, 5], [6, 2]]
[각질편성] 오다와라 1경주: 선행5·선입0·추입4 → ⚡ 빠른 페이스
[경륜전개] 오다와라 1경주: 보통 · 라인 5개 · 페어 [[1, 5], [7, 3]]
[각질편성] 기후 1경주: 선행2·선입0·추입5 → 보통 페이스
[경륜전개] 기후 1경주: 보통 · 라인 2개 · 페어 [[7, 3], [1, 4]]
[각질편성] 사세보 4경주: 선행1·선입0·추입6 → 🐌 느린 페이스
[각질편성] 사세보 4경주: 선행1·선입0·추입6 → 🐌 느린 페이스
[경륜전개] 사세보 4경주: 슬로우(단독 선행) · 라인 2개 · 페어 [[1, 4], [7, 3]]
[경륜전개] 사세보 4경주: 슬로우(단독 선행) · 라인 2개 · 페어 [[1, 4], [7, 3]]
[복승불일치 축교정] 사세보 4경주: 축 [1, 4]로 교정(자금이탈 강등 [7]·🔴🔴)
[복승불일치 축교정] 사세보 4경주: 축 [1, 4]로 교정(자금이탈 강등 [7]·🔴🔴)
[각질편성] 사세보 2경주: 선행2·선입0·추입5 → 보통 페이스
[경륜 추천 모순 수정] 고배당 강제조합 1건 메인→복병 이동(25배 상한)
[경륜 추천 모순 수정] 고배당 강제조합 1건 메인→복병 이동(25배 상한)
[경륜전개] 사세보 2경주: 보통 · 라인 2개 · 페어 [[7, 2], [5, 1]]
[복승불일치 축교정] 사세보 2경주: 축 [2, 7]로 교정(자금이탈 강등 [1]·🔴🔴)
[분석로그] 저장 실패: [WinError 32] 다른 프로세스가 파일을 사용 중이기 때문에 프로세스가 액세스 할 수 없습니다: 'C:\\Users\\Administrator\\Desktop\\경마분석서버\\data\\analysis_log\\2026_08_01_사세보_4경주.json.tmp' -> 'C:\\Users\\Administrator\\Desktop\\경마분석서버\\data\\analysis_log\\2026_08_01_사세보_4경주.json'
[각질편성] 오다와라 2경주: 선행4·선입0·추입5 → ⚡ 빠른 페이스
[경륜전개] 오다와라 2경주: 슬로우(단독 선행) · 라인 4개 · 페어 [[2, 7], [9, 1], [6, 4], [8, 3]]
[결과기록] 캐시 갱신 — 재파싱 2건 / 전체 1669건
[각질편성] 기후 2경주: 선행3·선입0·추입4 → ⚡ 빠른 페이스
[경륜전개] 기후 2경주: 하이(주도권 경합) · 라인 3개 · 페어 [[3, 4], [7, 2], [6, 1]]
[복승불일치 축교정] 기후 2경주: 축 [3, 4]로 교정(자금이탈 강등 [6]·🔴🔴)
[각질편성] 사세보 3경주: 선행4·선입0·추입3 → ⚡ 빠른 페이스
[경륜전개] 사세보 3경주: 하이(주도권 경합) · 라인 4개 · 페어 [[5, 1], [6, 2]]
[각질편성] 오다와라 3경주: 선행3·선입0·추입6 → ⚡ 빠른 페이스
[경륜전개] 오다와라 3경주: 슬로우(단독 선행) · 라인 3개 · 페어 [[2, 8], [5, 1], [3, 9]]
[각질편성] 기후 3경주: 선행3·선입0·추입4 → ⚡ 빠른 페이스
[경륜전개] 기후 3경주: 보통 · 라인 3개 · 페어 [[5, 7], [4, 3], [6, 1]]
[복승불일치 축교정] 기후 3경주: 축 [5, 7]로 교정(자금이탈 강등 [4]·🔴🔴)
[각질편성] 사세보 4경주: 선행1·선입0·추입6 → 🐌 느린 페이스
[경륜전개] 사세보 4경주: 슬로우(단독 선행) · 라인 2개 · 페어 [[1, 4], [7, 3]]
[복승불일치 축교정] 사세보 4경주: 축 [1, 4]로 교정(자금이탈 강등 [7]·🔴🔴)
[경륜 추천 모순 수정] 고배당 강제조합 1건 메인→복병 이동(25배 상한)
[각질편성] 오다와라 4경주: 선행3·선입0·추입6 → ⚡ 빠른 페이스
[경륜전개] 오다와라 4경주: 보통 · 라인 3개 · 페어 [[5, 3], [1, 7], [9, 2]]
[각질편성] 사세보 4경주: 선행1·선입0·추입6 → 🐌 느린 페이스
[경륜전개] 사세보 4경주: 슬로우(단독 선행) · 라인 2개 · 페어 [[1, 4], [7, 3]]
[readonly 잠금] 사세보 4경주: 마감 확정 파일 — corePicks/시계열 보존, result/hit만 업데이트 허용
[마감 동결] 사세보 4경주: 확정본 복원(출처 closed_row · 기준 12:00:52)
[3종 수집] 사세보 4경주: {'quinella': 21, 'exacta': 42, 'trio': 0, 'win': 0} (history 12)
[3종 수집] 오다와라 4경주: {'quinella': 36, 'exacta': 72, 'trio': 0, 'win': 0} (history 2)
[각질편성] 오다와라 4경주: 선행3·선입0·추입6 → ⚡ 빠른 페이스
[경륜전개] 오다와라 4경주: 보통 · 라인 3개 · 페어 [[5, 3], [1, 7], [9, 2]]
[경륜 추천 모순 수정] 고배당 강제조합 1건 메인→복병 이동(25배 상한)
[자동분석·배경] 오다와라 4경주: 마감 535초 전 재분석(rec_history 누적·cycle)
[각질편성] 사세보 4경주: 선행1·선입0·추입6 → 🐌 느린 페이스
[경륜전개] 사세보 4경주: 슬로우(단독 선행) · 라인 2개 · 페어 [[1, 4], [7, 3]]
⏸ [폴링 저장 가드] 사세보 4경주: 마감 후 readonly → 로그 저장 생략(분석·표시는 정상)
[각질편성] 사세보 4경주: 선행1·선입0·추입6 → 🐌 느린 페이스
[경륜전개] 사세보 4경주: 슬로우(단독 선행) · 라인 2개 · 페어 [[1, 4], [7, 3]]
[각질편성] 사세보 4경주: 선행1·선입0·추입6 → 🐌 느린 페이스
[각질편성] 사세보 4경주: 선행1·선입0·추입6 → 🐌 느린 페이스
[경륜전개] 사세보 4경주: 슬로우(단독 선행) · 라인 2개 · 페어 [[1, 4], [7, 3]]
[경륜전개] 사세보 4경주: 슬로우(단독 선행) · 라인 2개 · 페어 [[1, 4], [7, 3]]
[3종 수집] 사세보 4경주: {'quinella': 21, 'exacta': 42, 'trio': 0, 'win': 0} (history 12)
[3종 수집] 오다와라 4경주: {'quinella': 36, 'exacta': 72, 'trio': 0, 'win': 0} (history 3)
[각질편성] 오다와라 4경주: 선행3·선입0·추입6 → ⚡ 빠른 페이스
[경륜전개] 오다와라 4경주: 보통 · 라인 3개 · 페어 [[5, 3], [1, 7], [9, 2]]
[경륜 추천 모순 수정] 고배당 강제조합 1건 메인→복병 이동(25배 상한)
[자동분석·배경] 오다와라 4경주: 마감 502초 전 재분석(rec_history 누적·cycle)
[각질편성] 사세보 4경주: 선행1·선입0·추입6 → 🐌 느린 페이스
[경륜전개] 사세보 4경주: 슬로우(단독 선행) · 라인 2개 · 페어 [[1, 4], [7, 3]]
[각질편성] 사세보 4경주: 선행1·선입0·추입6 → 🐌 느린 페이스
[경륜전개] 사세보 4경주: 슬로우(단독 선행) · 라인 2개 · 페어 [[1, 4], [7, 3]]
[각질편성] 오다와라 3경주: 선행3·선입0·추입6 → ⚡ 빠른 페이스
[경륜전개] 오다와라 3경주: 슬로우(단독 선행) · 라인 3개 · 페어 [[2, 8], [5, 1], [3, 9]]
[각질편성] 아오모리 4경주: 선행2·선입0·추입5 → 보통 페이스
[각질편성] 오다와라 3경주: 선행3·선입0·추입6 → ⚡ 빠른 페이스
[경륜전개] 아오모리 4경주: 슬로우(단독 선행) · 라인 2개 · 페어 [[2, 7], [4, 1]]
[경륜전개] 오다와라 3경주: 슬로우(단독 선행) · 라인 3개 · 페어 [[2, 8], [5, 1], [3, 9]]
[각질편성] 사세보 4경주: 선행1·선입0·추입6 → 🐌 느린 페이스
[각질편성] 사세보 4경주: 선행1·선입0·추입6 → 🐌 느린 페이스
[경륜전개] 사세보 4경주: 슬로우(단독 선행) · 라인 2개 · 페어 [[1, 4], [7, 3]]
[경륜전개] 사세보 4경주: 슬로우(단독 선행) · 라인 2개 · 페어 [[1, 4], [7, 3]]
[복승불일치 축교정] 아오모리 4경주: 축 [1, 4]로 교정(자금이탈 강등 [7]·🔴🔴)
[각질편성] 호후 4경주: 선행2·선입0·추입5 → 보통 페이스
[경륜전개] 호후 4경주: 보통 · 라인 2개 · 페어 [[2, 7], [3, 4]]
[각질편성] 아오모리 5경주: 선행2·선입0·추입5 → 보통 페이스
[경륜전개] 아오모리 5경주: 보통 · 라인 2개 · 페어 [[3, 4], [5, 1]]
[복승불일치 축교정] 아오모리 5경주: 축 [1, 3]로 교정(자금이탈 강등 [6]·🔴)
[각질편성] 호후 5경주: 선행3·선입0·추입4 → ⚡ 빠른 페이스
[경륜전개] 호후 5경주: 보통 · 라인 3개 · 페어 [[5, 1], [4, 2], [3, 7]]
[각질편성] 아오모리 6경주: 선행4·선입0·추입3 → ⚡ 빠른 페이스
[경륜전개] 아오모리 6경주: 하이(주도권 경합) · 라인 4개 · 페어 [[1, 3], [7, 4], [6, 2]]
[placeholder 필터] 호후 6경주 쌍승 껍데기 배당 3조합 제외(값: [300.2])
[각질편성] 호후 6경주: 선행5·선입0·추입2 → ⚡ 빠른 페이스
[경륜전개] 호후 6경주: 보통 · 라인 5개 · 페어 [[5, 1], [4, 2]]
[placeholder 필터] 아오모리 7경주 쌍승 껍데기 배당 3조합 제외(값: [1703.0])
[각질편성] 아오모리 7경주: 선행5·선입0·추입2 → ⚡ 빠른 페이스
[경륜전개] 아오모리 7경주: 슬로우(단독 선행) · 라인 5개 · 페어 [[4, 5], [3, 7]]
[각질편성] 호후 7경주: 선행5·선입0·추입2 → ⚡ 빠른 페이스
[경륜전개] 호후 7경주: 하이(주도권 경합) · 라인 5개 · 페어 [[5, 2], [3, 7]]
[각질편성] 사세보 1경주: 선행2·선입0·추입5 → 보통 페이스
[경륜전개] 사세보 1경주: 보통 · 라인 2개 · 페어 [[1, 5], [6, 2]]
[각질편성] 오다와라 1경주: 선행5·선입0·추입4 → ⚡ 빠른 페이스
[경륜전개] 오다와라 1경주: 보통 · 라인 5개 · 페어 [[1, 5], [7, 3]]
[각질편성] 기후 1경주: 선행2·선입0·추입5 → 보통 페이스
[경륜전개] 기후 1경주: 보통 · 라인 2개 · 페어 [[7, 3], [1, 4]]
[각질편성] 사세보 4경주: 선행1·선입0·추입6 → 🐌 느린 페이스
[경륜전개] 사세보 4경주: 슬로우(단독 선행) · 라인 2개 · 페어 [[1, 4], [7, 3]]
[각질편성] 사세보 2경주: 선행2·선입0·추입5 → 보통 페이스
[경륜전개] 사세보 2경주: 보통 · 라인 2개 · 페어 [[7, 2], [5, 1]]
[복승불일치 축교정] 사세보 2경주: 축 [2, 7]로 교정(자금이탈 강등 [1]·🔴🔴)
[각질편성] 오다와라 2경주: 선행4·선입0·추입5 → ⚡ 빠른 페이스
[경륜전개] 오다와라 2경주: 슬로우(단독 선행) · 라인 4개 · 페어 [[2, 7], [9, 1], [6, 4], [8, 3]]
[각질편성] 기후 2경주: 선행3·선입0·추입4 → ⚡ 빠른 페이스
[경륜전개] 기후 2경주: 하이(주도권 경합) · 라인 3개 · 페어 [[3, 4], [7, 2], [6, 1]]
[복승불일치 축교정] 기후 2경주: 축 [3, 4]로 교정(자금이탈 강등 [6]·🔴🔴)
[각질편성] 사세보 3경주: 선행4·선입0·추입3 → ⚡ 빠른 페이스
[경륜전개] 사세보 3경주: 하이(주도권 경합) · 라인 4개 · 페어 [[5, 1], [6, 2]]
[결과기록] 캐시 갱신 — 재파싱 2건 / 전체 1669건
[각질편성] 오다와라 3경주: 선행3·선입0·추입6 → ⚡ 빠른 페이스
[경륜전개] 오다와라 3경주: 슬로우(단독 선행) · 라인 3개 · 페어 [[2, 8], [5, 1], [3, 9]]
[각질편성] 기후 3경주: 선행3·선입0·추입4 → ⚡ 빠른 페이스
[경륜전개] 기후 3경주: 보통 · 라인 3개 · 페어 [[5, 7], [4, 3], [6, 1]]
[복승불일치 축교정] 기후 3경주: 축 [5, 7]로 교정(자금이탈 강등 [4]·🔴🔴)
[각질편성] 사세보 4경주: 선행1·선입0·추입6 → 🐌 느린 페이스
[경륜전개] 사세보 4경주: 슬로우(단독 선행) · 라인 2개 · 페어 [[1, 4], [7, 3]]
[각질편성] 오다와라 4경주: 선행3·선입0·추입6 → ⚡ 빠른 페이스
[경륜전개] 오다와라 4경주: 보통 · 라인 3개 · 페어 [[5, 3], [1, 7], [9, 2]]
[경륜 추천 모순 수정] 고배당 강제조합 1건 메인→복병 이동(25배 상한)
[각질편성] 사세보 4경주: 선행1·선입0·추입6 → 🐌 느린 페이스
[경륜전개] 사세보 4경주: 슬로우(단독 선행) · 라인 2개 · 페어 [[1, 4], [7, 3]]
[각질편성] 사세보 4경주: 선행1·선입0·추입6 → 🐌 느린 페이스
[경륜전개] 사세보 4경주: 슬로우(단독 선행) · 라인 2개 · 페어 [[1, 4], [7, 3]]
[다중경주] 하트비트 #41 · 스케줄 ymd=20260801 (-1초 전 갱신 · 트랙 12개)
[3종 수집] 오다와라 4경주: {'quinella': 36, 'exacta': 72, 'trio': 0, 'win': 0} (history 4)
[각질편성] 사세보 4경주: 선행1·선입0·추입6 → 🐌 느린 페이스
[경륜전개] 사세보 4경주: 슬로우(단독 선행) · 라인 2개 · 페어 [[1, 4], [7, 3]]
[3종 수집] 사세보 4경주: {'quinella': 21, 'exacta': 42, 'trio': 0, 'win': 0} (history 12)
[각질편성] 오다와라 4경주: 선행3·선입0·추입6 → ⚡ 빠른 페이스
[경륜전개] 오다와라 4경주: 보통 · 라인 3개 · 페어 [[5, 3], [1, 7], [9, 2]]
[경륜 추천 모순 수정] 고배당 강제조합 1건 메인→복병 이동(25배 상한)
[자동분석·배경] 오다와라 4경주: 마감 469초 전 재분석(rec_history 누적·cycle)
[각질편성] 사세보 4경주: 선행1·선입0·추입6 → 🐌 느린 페이스
[경륜전개] 사세보 4경주: 슬로우(단독 선행) · 라인 2개 · 페어 [[1, 4], [7, 3]]
[각질편성] 사세보 4경주: 선행1·선입0·추입6 → 🐌 느린 페이스
[각질편성] 사세보 4경주: 선행1·선입0·추입6 → 🐌 느린 페이스
[경륜전개] 사세보 4경주: 슬로우(단독 선행) · 라인 2개 · 페어 [[1, 4], [7, 3]]
[경륜전개] 사세보 4경주: 슬로우(단독 선행) · 라인 2개 · 페어 [[1, 4], [7, 3]]
[각질편성] 사세보 4경주: 선행1·선입0·추입6 → 🐌 느린 페이스
[경륜전개] 사세보 4경주: 슬로우(단독 선행) · 라인 2개 · 페어 [[1, 4], [7, 3]]
[3종 수집] 오다와라 4경주: {'quinella': 36, 'exacta': 72, 'trio': 0, 'win': 0} (history 5)
[3종 수집] 사세보 4경주: {'quinella': 21, 'exacta': 42, 'trio': 0, 'win': 0} (history 12)
[placeholder 필터] 오다와라 4경주 쌍승 껍데기 배당 3조합 제외(값: [642.8])
[각질편성] 오다와라 4경주: 선행3·선입0·추입6 → ⚡ 빠른 페이스
[경륜전개] 오다와라 4경주: 보통 · 라인 3개 · 페어 [[5, 3], [1, 7], [9, 2]]
[경륜 추천 모순 수정] 고배당 강제조합 1건 메인→복병 이동(25배 상한)
[삼복승 축보험] 편성 스킵(무시): cannot access local variable '_tri_odds' where it is not associated with a value
[자동분석·배경] 오다와라 4경주: 마감 437초 전 재분석(rec_history 누적·cycle)
[placeholder 필터] 오다와라 4경주 쌍승 껍데기 배당 3조합 제외(값: [642.8])
[각질편성] 오다와라 4경주: 선행3·선입0·추입6 → ⚡ 빠른 페이스
[경륜전개] 오다와라 4경주: 보통 · 라인 3개 · 페어 [[5, 3], [1, 7], [9, 2]]
[경륜 추천 모순 수정] 고배당 강제조합 1건 메인→복병 이동(25배 상한)
[삼복승 축보험] 편성 스킵(무시): cannot access local variable '_tri_odds' where it is not associated with a value
[카카오알림] 오다와라 4경주 T-7 → 큐 적재
[각질편성] 오다와라 3경주: 선행3·선입0·추입6 → ⚡ 빠른 페이스
[경륜전개] 오다와라 3경주: 슬로우(단독 선행) · 라인 3개 · 페어 [[2, 8], [5, 1], [3, 9]]
[각질편성] 오다와라 3경주: 선행3·선입0·추입6 → ⚡ 빠른 페이스
[각질편성] 아오모리 4경주: 선행2·선입0·추입5 → 보통 페이스
[각질편성] 사세보 4경주: 선행1·선입0·추입6 → 🐌 느린 페이스
[경륜전개] 오다와라 3경주: 슬로우(단독 선행) · 라인 3개 · 페어 [[2, 8], [5, 1], [3, 9]]
[경륜전개] 아오모리 4경주: 슬로우(단독 선행) · 라인 2개 · 페어 [[2, 7], [4, 1]]
[각질편성] 사세보 4경주: 선행1·선입0·추입6 → 🐌 느린 페이스
[경륜전개] 사세보 4경주: 슬로우(단독 선행) · 라인 2개 · 페어 [[1, 4], [7, 3]]
[경륜전개] 사세보 4경주: 슬로우(단독 선행) · 라인 2개 · 페어 [[1, 4], [7, 3]]
[복승불일치 축교정] 아오모리 4경주: 축 [1, 4]로 교정(자금이탈 강등 [7]·🔴🔴)
[각질편성] 호후 4경주: 선행2·선입0·추입5 → 보통 페이스
[경륜전개] 호후 4경주: 보통 · 라인 2개 · 페어 [[2, 7], [3, 4]]
[각질편성] 아오모리 5경주: 선행2·선입0·추입5 → 보통 페이스
[경륜전개] 아오모리 5경주: 보통 · 라인 2개 · 페어 [[3, 4], [5, 1]]
[복승불일치 축교정] 아오모리 5경주: 축 [1, 3]로 교정(자금이탈 강등 [6]·🔴)
[각질편성] 호후 5경주: 선행3·선입0·추입4 → ⚡ 빠른 페이스
[경륜전개] 호후 5경주: 보통 · 라인 3개 · 페어 [[5, 1], [4, 2], [3, 7]]
[각질편성] 아오모리 6경주: 선행4·선입0·추입3 → ⚡ 빠른 페이스
[경륜전개] 아오모리 6경주: 하이(주도권 경합) · 라인 4개 · 페어 [[1, 3], [7, 4], [6, 2]]
[placeholder 필터] 호후 6경주 쌍승 껍데기 배당 3조합 제외(값: [300.2])
[각질편성] 호후 6경주: 선행5·선입0·추입2 → ⚡ 빠른 페이스
[경륜전개] 호후 6경주: 보통 · 라인 5개 · 페어 [[5, 1], [4, 2]]
[placeholder 필터] 아오모리 7경주 쌍승 껍데기 배당 3조합 제외(값: [1703.0])
[각질편성] 아오모리 7경주: 선행5·선입0·추입2 → ⚡ 빠른 페이스
[경륜전개] 아오모리 7경주: 슬로우(단독 선행) · 라인 5개 · 페어 [[4, 5], [3, 7]]
[각질편성] 호후 7경주: 선행5·선입0·추입2 → ⚡ 빠른 페이스
[경륜전개] 호후 7경주: 하이(주도권 경합) · 라인 5개 · 페어 [[5, 2], [3, 7]]
[각질편성] 사세보 1경주: 선행2·선입0·추입5 → 보통 페이스
[경륜전개] 사세보 1경주: 보통 · 라인 2개 · 페어 [[1, 5], [6, 2]]
[각질편성] 오다와라 1경주: 선행5·선입0·추입4 → ⚡ 빠른 페이스
[경륜전개] 오다와라 1경주: 보통 · 라인 5개 · 페어 [[1, 5], [7, 3]]
[각질편성] 기후 1경주: 선행2·선입0·추입5 → 보통 페이스
[경륜전개] 기후 1경주: 보통 · 라인 2개 · 페어 [[7, 3], [1, 4]]
[각질편성] 사세보 4경주: 선행1·선입0·추입6 → 🐌 느린 페이스
[경륜전개] 사세보 4경주: 슬로우(단독 선행) · 라인 2개 · 페어 [[1, 4], [7, 3]]
[각질편성] 사세보 2경주: 선행2·선입0·추입5 → 보통 페이스
[경륜전개] 사세보 2경주: 보통 · 라인 2개 · 페어 [[7, 2], [5, 1]]
[복승불일치 축교정] 사세보 2경주: 축 [2, 7]로 교정(자금이탈 강등 [1]·🔴🔴)
[각질편성] 오다와라 2경주: 선행4·선입0·추입5 → ⚡ 빠른 페이스
[경륜전개] 오다와라 2경주: 슬로우(단독 선행) · 라인 4개 · 페어 [[2, 7], [9, 1], [6, 4], [8, 3]]
[각질편성] 기후 2경주: 선행3·선입0·추입4 → ⚡ 빠른 페이스
[경륜전개] 기후 2경주: 하이(주도권 경합) · 라인 3개 · 페어 [[3, 4], [7, 2], [6, 1]]
[복승불일치 축교정] 기후 2경주: 축 [3, 4]로 교정(자금이탈 강등 [6]·🔴🔴)
[각질편성] 사세보 3경주: 선행4·선입0·추입3 → ⚡ 빠른 페이스
[경륜전개] 사세보 3경주: 하이(주도권 경합) · 라인 4개 · 페어 [[5, 1], [6, 2]]
[결과기록] 캐시 갱신 — 재파싱 1건 / 전체 1669건
[각질편성] 오다와라 3경주: 선행3·선입0·추입6 → ⚡ 빠른 페이스
[경륜전개] 오다와라 3경주: 슬로우(단독 선행) · 라인 3개 · 페어 [[2, 8], [5, 1], [3, 9]]
[각질편성] 기후 3경주: 선행3·선입0·추입4 → ⚡ 빠른 페이스
[경륜전개] 기후 3경주: 보통 · 라인 3개 · 페어 [[5, 7], [4, 3], [6, 1]]
[복승불일치 축교정] 기후 3경주: 축 [5, 7]로 교정(자금이탈 강등 [4]·🔴🔴)
[각질편성] 사세보 4경주: 선행1·선입0·추입6 → 🐌 느린 페이스
[경륜전개] 사세보 4경주: 슬로우(단독 선행) · 라인 2개 · 페어 [[1, 4], [7, 3]]
[placeholder 필터] 오다와라 4경주 쌍승 껍데기 배당 3조합 제외(값: [642.8])
[각질편성] 오다와라 4경주: 선행3·선입0·추입6 → ⚡ 빠른 페이스
[경륜전개] 오다와라 4경주: 보통 · 라인 3개 · 페어 [[5, 3], [1, 7], [9, 2]]
[경륜 추천 모순 수정] 고배당 강제조합 1건 메인→복병 이동(25배 상한)
[삼복승 축보험] 편성 스킵(무시): cannot access local variable '_tri_odds' where it is not associated with a value
[각질편성] 사세보 4경주: 선행1·선입0·추입6 → 🐌 느린 페이스
[경륜전개] 사세보 4경주: 슬로우(단독 선행) · 라인 2개 · 페어 [[1, 4], [7, 3]]
[각질편성] 사세보 4경주: 선행1·선입0·추입6 → 🐌 느린 페이스
[각질편성] 사세보 4경주: 선행1·선입0·추입6 → 🐌 느린 페이스
[경륜전개] 사세보 4경주: 슬로우(단독 선행) · 라인 2개 · 페어 [[1, 4], [7, 3]]
[경륜전개] 사세보 4경주: 슬로우(단독 선행) · 라인 2개 · 페어 [[1, 4], [7, 3]]
[3종 수집] 오다와라 4경주: {'quinella': 36, 'exacta': 72, 'trio': 0, 'win': 0} (history 6)
[placeholder 필터] 오다와라 4경주 쌍승 껍데기 배당 3조합 제외(값: [679.5])
[각질편성] 오다와라 4경주: 선행3·선입0·추입6 → ⚡ 빠른 페이스
[경륜전개] 오다와라 4경주: 보통 · 라인 3개 · 페어 [[5, 3], [1, 7], [9, 2]]
[경륜 추천 모순 수정] 고배당 강제조합 1건 메인→복병 이동(25배 상한)
[자동분석·배경] 오다와라 4경주: 마감 404초 전 재분석(rec_history 누적·cycle)
[각질편성] 사세보 4경주: 선행1·선입0·추입6 → 🐌 느린 페이스
[경륜전개] 사세보 4경주: 슬로우(단독 선행) · 라인 2개 · 페어 [[1, 4], [7, 3]]
[각질편성] 사세보 4경주: 선행1·선입0·추입6 → 🐌 느린 페이스
[경륜전개] 사세보 4경주: 슬로우(단독 선행) · 라인 2개 · 페어 [[1, 4], [7, 3]]
[각질편성] 사세보 4경주: 선행1·선입0·추입6 → 🐌 느린 페이스
[각질편성] 사세보 4경주: 선행1·선입0·추입6 → 🐌 느린 페이스
[경륜전개] 사세보 4경주: 슬로우(단독 선행) · 라인 2개 · 페어 [[1, 4], [7, 3]]
[경륜전개] 사세보 4경주: 슬로우(단독 선행) · 라인 2개 · 페어 [[1, 4], [7, 3]]
[각질편성] 오다와라 3경주: 선행3·선입0·추입6 → ⚡ 빠른 페이스
[경륜전개] 오다와라 3경주: 슬로우(단독 선행) · 라인 3개 · 페어 [[2, 8], [5, 1], [3, 9]]
[각질편성] 오다와라 3경주: 선행3·선입0·추입6 → ⚡ 빠른 페이스
[경륜전개] 오다와라 3경주: 슬로우(단독 선행) · 라인 3개 · 페어 [[2, 8], [5, 1], [3, 9]]
[각질편성] 사세보 4경주: 선행1·선입0·추입6 → 🐌 느린 페이스
[각질편성] 사세보 4경주: 선행1·선입0·추입6 → 🐌 느린 페이스
[경륜전개] 사세보 4경주: 슬로우(단독 선행) · 라인 2개 · 페어 [[1, 4], [7, 3]]
[경륜전개] 사세보 4경주: 슬로우(단독 선행) · 라인 2개 · 페어 [[1, 4], [7, 3]]
[각질편성] 아오모리 4경주: 선행2·선입0·추입5 → 보통 페이스
[경륜전개] 아오모리 4경주: 슬로우(단독 선행) · 라인 2개 · 페어 [[2, 7], [4, 1]]
[복승불일치 축교정] 아오모리 4경주: 축 [1, 4]로 교정(자금이탈 강등 [7]·🔴🔴)
[각질편성] 호후 4경주: 선행2·선입0·추입5 → 보통 페이스
[경륜전개] 호후 4경주: 보통 · 라인 2개 · 페어 [[2, 7], [3, 4]]
[각질편성] 아오모리 5경주: 선행2·선입0·추입5 → 보통 페이스
[경륜전개] 아오모리 5경주: 보통 · 라인 2개 · 페어 [[3, 4], [5, 1]]
[복승불일치 축교정] 아오모리 5경주: 축 [1, 3]로 교정(자금이탈 강등 [6]·🔴)
[각질편성] 호후 5경주: 선행3·선입0·추입4 → ⚡ 빠른 페이스
[경륜전개] 호후 5경주: 보통 · 라인 3개 · 페어 [[5, 1], [4, 2], [3, 7]]
[각질편성] 아오모리 6경주: 선행4·선입0·추입3 → ⚡ 빠른 페이스
[경륜전개] 아오모리 6경주: 하이(주도권 경합) · 라인 4개 · 페어 [[1, 3], [7, 4], [6, 2]]
[placeholder 필터] 호후 6경주 쌍승 껍데기 배당 3조합 제외(값: [300.2])
[각질편성] 호후 6경주: 선행5·선입0·추입2 → ⚡ 빠른 페이스
[경륜전개] 호후 6경주: 보통 · 라인 5개 · 페어 [[5, 1], [4, 2]]
[placeholder 필터] 아오모리 7경주 쌍승 껍데기 배당 3조합 제외(값: [1703.0])
[각질편성] 아오모리 7경주: 선행5·선입0·추입2 → ⚡ 빠른 페이스
[경륜전개] 아오모리 7경주: 슬로우(단독 선행) · 라인 5개 · 페어 [[4, 5], [3, 7]]
[각질편성] 호후 7경주: 선행5·선입0·추입2 → ⚡ 빠른 페이스
[경륜전개] 호후 7경주: 하이(주도권 경합) · 라인 5개 · 페어 [[5, 2], [3, 7]]
[3종 수집] 오다와라 4경주: {'quinella': 36, 'exacta': 72, 'trio': 0, 'win': 0} (history 7)
[각질편성] 사세보 1경주: 선행2·선입0·추입5 → 보통 페이스
[경륜전개] 사세보 1경주: 보통 · 라인 2개 · 페어 [[1, 5], [6, 2]]
[각질편성] 오다와라 1경주: 선행5·선입0·추입4 → ⚡ 빠른 페이스
[경륜전개] 오다와라 1경주: 보통 · 라인 5개 · 페어 [[1, 5], [7, 3]]
[placeholder 필터] 오다와라 4경주 쌍승 껍데기 배당 3조합 제외(값: [679.5])
[각질편성] 오다와라 4경주: 선행3·선입0·추입6 → ⚡ 빠른 페이스
[경륜전개] 오다와라 4경주: 보통 · 라인 3개 · 페어 [[5, 3], [1, 7], [9, 2]]
[각질편성] 기후 1경주: 선행2·선입0·추입5 → 보통 페이스
[경륜전개] 기후 1경주: 보통 · 라인 2개 · 페어 [[7, 3], [1, 4]]
[복승불일치 축교정] 오다와라 4경주: 축 [1, 7]로 교정(자금이탈 강등 [5]·🔴🔴)
[각질편성] 사세보 4경주: 선행1·선입0·추입6 → 🐌 느린 페이스
[경륜전개] 사세보 4경주: 슬로우(단독 선행) · 라인 2개 · 페어 [[1, 4], [7, 3]]
[자동분석·배경] 오다와라 4경주: 마감 372초 전 재분석(rec_history 누적·cycle)
[각질편성] 사세보 4경주: 선행1·선입0·추입6 → 🐌 느린 페이스
[경륜전개] 사세보 4경주: 슬로우(단독 선행) · 라인 2개 · 페어 [[1, 4], [7, 3]]
서버 시작: http://127.0.0.1:8011 (debug=True, 로컬은 자동 리로드 ON)
  · Gemini 검수 호출 : ⏸️ 꺼짐 — 일시 중단 (GEMINI_REVIEW_ENABLED)
  · Gemini 카카오발송: ⏸️ 꺼짐 — 일시 중단 (GEMINI_KAKAO_ENABLED)
  · 결정론 검수(②④) : 🟢 항상 동작 (logs/det_review/) · 경주 추천 카카오: 🟢 정상
  · Gemini 독립예측  : ✅ 켜짐
  · 선택 모듈 로드          ✅ 전부 정상
  --- 환경 플래그(자동 수집) ---
  · GEMINI_FORECAST_ENABLED    🟢 켜짐
[주기백업] 6시간 주기 데이터 안전 백업 스레드 시작
[학습일지] 매일 22:00 학습 일지 자동 생성 스케줄러 시작
[체크리스트 카카오] 자동 발송 스케줄러 시작(매일 21:00 · 60초 폴링 · HEALTH_KAKAO_HOUR)
[다중경주] 하트비트 #1 · 스케줄 ymd=20260801 (-1초 전 갱신 · 트랙 12개)
[다중경주] 백그라운드 시작(스케줄 30분·수집 30초·실패격리·워치독 60초)
[날씨] 자동수집 데몬 시작(30분 캐시· 키 없음→더미)
[결과 백필] 데몬 시작(20분 주기·당일 미입력 자동수집 — 한국:KRA rcTime · 일본NAR:keiba RaceMarkTable·watch 무관)
[부팅] 백그라운드 작업 기동 완료(자동수집·백업·학습·날짜정리)
[3종 수집] 오다와라 4경주: {'quinella': 36, 'exacta': 72, 'trio': 0, 'win': 0} (history 8)
🔮 [예측] 오다와라 4경주: top3=[5, 3, 1] conf=4 · 이 경주에는 선행형이 두 명(5, 1번)이라 초반 내부 경쟁이 예상된다.
[각질편성] 사세보 4경주: 선행1·선입0·추입6 → 🐌 느린 페이스
[경륜전개] 사세보 4경주: 슬로우(단독 선행) · 라인 2개 · 페어 [[1, 4], [7, 3]]
[각질편성] 사세보 4경주: 선행1·선입0·추입6 → 🐌 느린 페이스
[경륜전개] 사세보 4경주: 슬로우(단독 선행) · 라인 2개 · 페어 [[1, 4], [7, 3]]
⏸ [폴링 저장 가드] 사세보 4경주: 마감 후 readonly → 로그 저장 생략(분석·표시는 정상)
[각질편성] 사세보 4경주: 선행1·선입0·추입6 → 🐌 느린 페이스
[각질편성] 사세보 4경주: 선행1·선입0·추입6 → 🐌 느린 페이스
[경륜전개] 사세보 4경주: 슬로우(단독 선행) · 라인 2개 · 페어 [[1, 4], [7, 3]]
[경륜전개] 사세보 4경주: 슬로우(단독 선행) · 라인 2개 · 페어 [[1, 4], [7, 3]]
[경륜 스케줄] 20260801: 경륜장 10곳 · 경주 94개(서버 직접수집·로그인 불필요)
[각질편성] 사세보 4경주: 선행1·선입0·추입6 → 🐌 느린 페이스
[경륜전개] 사세보 4경주: 슬로우(단독 선행) · 라인 2개 · 페어 [[1, 4], [7, 3]]
[각질편성] 사세보 4경주: 선행1·선입0·추입6 → 🐌 느린 페이스
[경륜전개] 사세보 4경주: 슬로우(단독 선행) · 라인 2개 · 페어 [[1, 4], [7, 3]]
[3종 수집] 오다와라 4경주: {'quinella': 36, 'exacta': 72, 'trio': 0, 'win': 0} (history 9)
[각질편성] 오다와라 4경주: 선행3·선입0·추입6 → ⚡ 빠른 페이스
[경륜전개] 오다와라 4경주: 보통 · 라인 3개 · 페어 [[5, 3], [1, 7], [9, 2]]
[복승불일치 축교정] 오다와라 4경주: 축 [1, 7]로 교정(자금이탈 강등 [5]·🔴🔴)
[경륜 B라인v2] 에러(무시·보류 항목): name 'key_horses' is not defined
[자동분석·배경] 오다와라 4경주: 마감 328초 전 재분석(rec_history 누적·cycle)
[각질편성] 오다와라 4경주: 선행3·선입0·추입6 → ⚡ 빠른 페이스
[경륜전개] 오다와라 4경주: 보통 · 라인 3개 · 페어 [[5, 3], [1, 7], [9, 2]]
[복승불일치 축교정] 오다와라 4경주: 축 [1, 7]로 교정(자금이탈 강등 [5]·🔴🔴)
[카카오알림] 오다와라 4경주 T-5 → 큐 적재
서버 시작: http://127.0.0.1:8011 (debug=True, 로컬은 자동 리로드 ON)
  · Gemini 검수 호출 : ⏸️ 꺼짐 — 일시 중단 (GEMINI_REVIEW_ENABLED)
  · Gemini 카카오발송: ⏸️ 꺼짐 — 일시 중단 (GEMINI_KAKAO_ENABLED)
  · 결정론 검수(②④) : 🟢 항상 동작 (logs/det_review/) · 경주 추천 카카오: 🟢 정상
  · Gemini 독립예측  : ✅ 켜짐
  · 선택 모듈 로드          ✅ 전부 정상
  --- 환경 플래그(자동 수집) ---
  · GEMINI_FORECAST_ENABLED    🟢 켜짐
[주기백업] 6시간 주기 데이터 안전 백업 스레드 시작
[학습일지] 매일 22:00 학습 일지 자동 생성 스케줄러 시작
[체크리스트 카카오] 자동 발송 스케줄러 시작(매일 21:00 · 60초 폴링 · HEALTH_KAKAO_HOUR)
[다중경주] 백그라운드 시작(스케줄 30분·수집 30초·실패격리·워치독 60초)
[JRA수집] 중앙경마 백그라운드 시작(60초 · 마감15분창 · type[4, 7] · 🔬관찰모드(추천 미반영))
[다중경주] 하트비트 #1 · 스케줄 ymd=20260801 (-1초 전 갱신 · 트랙 12개)
[날씨] 자동수집 데몬 시작(30분 캐시· 키 없음→더미)
[결과 백필] 데몬 시작(20분 주기·당일 미입력 자동수집 — 한국:KRA rcTime · 일본NAR:keiba RaceMarkTable·watch 무관)
[부팅] 백그라운드 작업 기동 완료(자동수집·백업·학습·날짜정리)
[각질편성] 사세보 4경주: 선행1·선입0·추입6 → 🐌 느린 페이스
[경륜전개] 사세보 4경주: 슬로우(단독 선행) · 라인 2개 · 페어 [[1, 4], [7, 3]]
[각질편성] 사세보 4경주: 선행1·선입0·추입6 → 🐌 느린 페이스
[경륜전개] 사세보 4경주: 슬로우(단독 선행) · 라인 2개 · 페어 [[1, 4], [7, 3]]
⏸ [폴링 저장 가드] 사세보 4경주: 마감 후 readonly → 로그 저장 생략(분석·표시는 정상)
[3종 수집] 오다와라 4경주: {'quinella': 36, 'exacta': 72, 'trio': 0, 'win': 0} (history 10)
🔮 [예측] 오다와라 4경주: top3=[5, 3, 1] conf=4 · 총평에서 5번 谷口 遼平와 1번 野中龍之介가 선행형으로 언급되었으나, 총
[각질편성] 오다와라 4경주: 선행3·선입0·추입6 → ⚡ 빠른 페이스
[경륜전개] 오다와라 4경주: 보통 · 라인 3개 · 페어 [[5, 3], [1, 7], [9, 2]]
[복승불일치 축교정] 오다와라 4경주: 축 [1, 7]로 교정(자금이탈 강등 [5]·🔴🔴)
[경륜 B라인v2] 에러(무시·보류 항목): name 'key_horses' is not defined
[각질편성] 오다와라 3경주: 선행3·선입0·추입6 → ⚡ 빠른 페이스
[경륜전개] 오다와라 3경주: 슬로우(단독 선행) · 라인 3개 · 페어 [[2, 8], [5, 1], [3, 9]]
[각질편성] 오다와라 3경주: 선행3·선입0·추입6 → ⚡ 빠른 페이스
[경륜전개] 오다와라 3경주: 슬로우(단독 선행) · 라인 3개 · 페어 [[2, 8], [5, 1], [3, 9]]
[각질편성] 사세보 4경주: 선행1·선입0·추입6 → 🐌 느린 페이스
[경륜전개] 사세보 4경주: 슬로우(단독 선행) · 라인 2개 · 페어 [[1, 4], [7, 3]]
[각질편성] 사세보 4경주: 선행1·선입0·추입6 → 🐌 느린 페이스
[각질편성] 아오모리 4경주: 선행2·선입0·추입5 → 보통 페이스
[경륜전개] 사세보 4경주: 슬로우(단독 선행) · 라인 2개 · 페어 [[1, 4], [7, 3]]
[경륜전개] 아오모리 4경주: 슬로우(단독 선행) · 라인 2개 · 페어 [[2, 7], [4, 1]]
[복승불일치 축교정] 아오모리 4경주: 축 [1, 4]로 교정(자금이탈 강등 [7]·🔴🔴)
[카카오알림] 오다와라 4경주 T-5 → 큐 적재
⏸ [폴링 저장 가드] 오다와라 3경주: 마감 후 readonly → 로그 저장 생략(분석·표시는 정상)
[결과기록] 캐시 갱신 — 재파싱 1669건 / 전체 1669건
[각질편성] 호후 4경주: 선행2·선입0·추입5 → 보통 페이스
[경륜전개] 호후 4경주: 보통 · 라인 2개 · 페어 [[2, 7], [3, 4]]
[각질편성] 아오모리 5경주: 선행2·선입0·추입5 → 보통 페이스
[경륜전개] 아오모리 5경주: 보통 · 라인 2개 · 페어 [[3, 4], [5, 1]]
[복승불일치 축교정] 아오모리 5경주: 축 [1, 3]로 교정(자금이탈 강등 [6]·🔴)
[각질편성] 호후 5경주: 선행3·선입0·추입4 → ⚡ 빠른 페이스
[경륜전개] 호후 5경주: 보통 · 라인 3개 · 페어 [[5, 1], [4, 2], [3, 7]]
[각질편성] 아오모리 6경주: 선행4·선입0·추입3 → ⚡ 빠른 페이스
[경륜전개] 아오모리 6경주: 하이(주도권 경합) · 라인 4개 · 페어 [[1, 3], [7, 4], [6, 2]]
[각질편성] 사세보 4경주: 선행1·선입0·추입6 → 🐌 느린 페이스
[경륜전개] 사세보 4경주: 슬로우(단독 선행) · 라인 2개 · 페어 [[1, 4], [7, 3]]
[placeholder 필터] 호후 6경주 쌍승 껍데기 배당 3조합 제외(값: [300.2])
[각질편성] 호후 6경주: 선행5·선입0·추입2 → ⚡ 빠른 페이스
[경륜전개] 호후 6경주: 보통 · 라인 5개 · 페어 [[5, 1], [4, 2]]
[placeholder 필터] 아오모리 7경주 쌍승 껍데기 배당 3조합 제외(값: [1703.0])
[각질편성] 아오모리 7경주: 선행5·선입0·추입2 → ⚡ 빠른 페이스
[경륜전개] 아오모리 7경주: 슬로우(단독 선행) · 라인 5개 · 페어 [[4, 5], [3, 7]]
[각질편성] 호후 7경주: 선행5·선입0·추입2 → ⚡ 빠른 페이스
[경륜전개] 호후 7경주: 하이(주도권 경합) · 라인 5개 · 페어 [[5, 2], [3, 7]]
[각질편성] 사세보 1경주: 선행2·선입0·추입5 → 보통 페이스
[경륜전개] 사세보 1경주: 보통 · 라인 2개 · 페어 [[1, 5], [6, 2]]
[각질편성] 오다와라 1경주: 선행5·선입0·추입4 → ⚡ 빠른 페이스
[경륜전개] 오다와라 1경주: 보통 · 라인 5개 · 페어 [[1, 5], [7, 3]]
[각질편성] 기후 1경주: 선행2·선입0·추입5 → 보통 페이스
[경륜전개] 기후 1경주: 보통 · 라인 2개 · 페어 [[7, 3], [1, 4]]
[각질편성] 사세보 2경주: 선행2·선입0·추입5 → 보통 페이스
[경륜전개] 사세보 2경주: 보통 · 라인 2개 · 페어 [[7, 2], [5, 1]]
[복승불일치 축교정] 사세보 2경주: 축 [2, 7]로 교정(자금이탈 강등 [1]·🔴🔴)
[각질편성] 오다와라 2경주: 선행4·선입0·추입5 → ⚡ 빠른 페이스
[경륜전개] 오다와라 2경주: 슬로우(단독 선행) · 라인 4개 · 페어 [[2, 7], [9, 1], [6, 4], [8, 3]]
[각질편성] 기후 2경주: 선행3·선입0·추입4 → ⚡ 빠른 페이스
[경륜전개] 기후 2경주: 하이(주도권 경합) · 라인 3개 · 페어 [[3, 4], [7, 2], [6, 1]]
[복승불일치 축교정] 기후 2경주: 축 [3, 4]로 교정(자금이탈 강등 [6]·🔴🔴)
[각질편성] 사세보 3경주: 선행4·선입0·추입3 → ⚡ 빠른 페이스
[경륜전개] 사세보 3경주: 하이(주도권 경합) · 라인 4개 · 페어 [[5, 1], [6, 2]]
[각질편성] 오다와라 3경주: 선행3·선입0·추입6 → ⚡ 빠른 페이스
[경륜전개] 오다와라 3경주: 슬로우(단독 선행) · 라인 3개 · 페어 [[2, 8], [5, 1], [3, 9]]
[각질편성] 기후 3경주: 선행3·선입0·추입4 → ⚡ 빠른 페이스
[경륜전개] 기후 3경주: 보통 · 라인 3개 · 페어 [[5, 7], [4, 3], [6, 1]]
[복승불일치 축교정] 기후 3경주: 축 [5, 7]로 교정(자금이탈 강등 [4]·🔴🔴)
[각질편성] 사세보 4경주: 선행1·선입0·추입6 → 🐌 느린 페이스
[경륜전개] 사세보 4경주: 슬로우(단독 선행) · 라인 2개 · 페어 [[1, 4], [7, 3]]
[각질편성] 오다와라 4경주: 선행3·선입0·추입6 → ⚡ 빠른 페이스
[경륜전개] 오다와라 4경주: 보통 · 라인 3개 · 페어 [[5, 3], [1, 7], [9, 2]]
[복승불일치 축교정] 오다와라 4경주: 축 [1, 7]로 교정(자금이탈 강등 [5]·🔴🔴)
[경륜 스케줄] 20260801: 경륜장 10곳 · 경주 94개(서버 직접수집·로그인 불필요)
[각질편성] 사세보 4경주: 선행1·선입0·추입6 → 🐌 느린 페이스