서버 시작: http://127.0.0.1:8011 (debug=True, 로컬은 자동 리로드 ON)
  · Gemini 검수 호출 : ⏸️ 꺼짐 — 일시 중단 (GEMINI_REVIEW_ENABLED)
  · Gemini 카카오발송: ⏸️ 꺼짐 — 일시 중단 (GEMINI_KAKAO_ENABLED)
  · 결정론 검수(②④) : 🟢 항상 동작 (logs/det_review/) · 경주 추천 카카오: 🟢 정상
  · Gemini 독립예측  : ✅ 켜짐
  · 선택 모듈 로드          ✅ 전부 정상
  --- 환경 플래그(자동 수집) ---
  · GEMINI_FORECAST_ENABLED    🟢 켜짐
 * Serving Flask app 'app'
 * Debug mode: on
서버 시작: http://127.0.0.1:8011 (debug=True, 로컬은 자동 리로드 ON)
  · Gemini 검수 호출 : ⏸️ 꺼짐 — 일시 중단 (GEMINI_REVIEW_ENABLED)
  · Gemini 카카오발송: ⏸️ 꺼짐 — 일시 중단 (GEMINI_KAKAO_ENABLED)
  · 결정론 검수(②④) : 🟢 항상 동작 (logs/det_review/) · 경주 추천 카카오: 🟢 정상
  · Gemini 독립예측  : ✅ 켜짐
  · 선택 모듈 로드          ✅ 전부 정상
  --- 환경 플래그(자동 수집) ---
  · GEMINI_FORECAST_ENABLED    🟢 켜짐
[주기백업] 6시간 주기 데이터 안전 백업 스레드 시작
[학습일지] 매일 22:00 학습 일지 자동 생성 스케줄러 시작
[체크리스트 카카오] 자동 발송 스케줄러 시작(매일 21:00 · 60초 폴링 · HEALTH_KAKAO_HOUR)
[다중경주] 하트비트 #1 · 스케줄 ymd=20260801 (-1초 전 갱신 · 트랙 12개)
[다중경주] 백그라운드 시작(스케줄 30분·수집 30초·실패격리·워치독 60초)
[날씨] 자동수집 데몬 시작(30분 캐시· 키 없음→더미)
[결과 백필] 데몬 시작(20분 주기·당일 미입력 자동수집 — 한국:KRA rcTime · 일본NAR:keiba RaceMarkTable·watch 무관)
[부팅] 백그라운드 작업 기동 완료(자동수집·백업·학습·날짜정리)
[경륜 스케줄] 20260801: 경륜장 10곳 · 경주 94개(서버 직접수집·로그인 불필요)
[한국경마 스케줄] 20260801: 경마장 0곳 · 경주 0개(KRA API 감지·발주시각 미제공)
[다중경주 스케줄] 20260801: 트랙 12곳(경륜 10·한국 0 포함) · 경주 118개
[다중경주] 하트비트 #11 · 스케줄 ymd=20260801 (-1초 전 갱신 · 트랙 12개)
[다중경주] 하트비트 #21 · 스케줄 ymd=20260801 (-1초 전 갱신 · 트랙 12개)
[다중경주] 하트비트 #31 · 스케줄 ymd=20260801 (-1초 전 갱신 · 트랙 12개)
[다중경주] 하트비트 #41 · 스케줄 ymd=20260801 (-1초 전 갱신 · 트랙 12개)
[다중경주] 하트비트 #51 · 스케줄 ymd=20260801 (-1초 전 갱신 · 트랙 12개)
[경륜 득점갭] 아오모리 1경주: 2번 득점 1위 갭 8.3 → +5 가점
[경륜 전적·자동] 아오모리 1경주: 7두 수집(競走得点·절대등급 A/B/C/D·라인[7, 2, 3, 1, 5, 6, 4]) → 통합등급 자동 반영
[3종 수집] 아오모리 1경주: {'quinella': 21, 'exacta': 42, 'trio': 0, 'win': 0} (history 1)
🔮 [예측] 아오모리 1경주: top3=[2, 7, 3] conf=4 · 이 경주는 7명 중 5명이 추입형, 2명이 선행형으로 구성되어 선행형 선
[각질편성] 아오모리 1경주: 선행2·선입0·추입5 → 보통 페이스
[경륜전개] 아오모리 1경주: 보통 · 라인 2개 · 페어 [[7, 2], [1, 5]]
[자동분석·배경] 아오모리 1경주: 마감 595초 전 재분석(rec_history 누적·cycle)
[각질편성] 아오모리 1경주: 선행2·선입0·추입5 → 보통 페이스
[경륜전개] 아오모리 1경주: 보통 · 라인 2개 · 페어 [[7, 2], [1, 5]]
[3종 수집] 아오모리 1경주: {'quinella': 21, 'exacta': 42, 'trio': 0, 'win': 0} (history 2)
[각질편성] 아오모리 1경주: 선행2·선입0·추입5 → 보통 페이스
[경륜전개] 아오모리 1경주: 보통 · 라인 2개 · 페어 [[7, 2], [1, 5]]
[복승불일치 축교정] 아오모리 1경주: 축 [2, 7]로 교정(자금이탈 강등 [5]·🔴🔴)
[자동분석·배경] 아오모리 1경주: 마감 559초 전 재분석(rec_history 누적·cycle)
[다중경주] 하트비트 #61 · 스케줄 ymd=20260801 (-1초 전 갱신 · 트랙 12개)
[3종 수집] 아오모리 1경주: {'quinella': 21, 'exacta': 42, 'trio': 0, 'win': 0} (history 3)
[각질편성] 아오모리 1경주: 선행2·선입0·추입5 → 보통 페이스
[경륜전개] 아오모리 1경주: 보통 · 라인 2개 · 페어 [[7, 2], [1, 5]]
[복승불일치 축교정] 아오모리 1경주: 축 [2, 7]로 교정(자금이탈 강등 [5]·🔴🔴)
[자동분석·배경] 아오모리 1경주: 마감 528초 전 재분석(rec_history 누적·cycle)
[다중경주 스케줄] 20260801: 트랙 12곳(경륜 10·한국 0 포함) · 경주 118개
[3종 수집] 아오모리 1경주: {'quinella': 21, 'exacta': 42, 'trio': 0, 'win': 0} (history 4)
[각질편성] 아오모리 1경주: 선행2·선입0·추입5 → 보통 페이스
[경륜전개] 아오모리 1경주: 보통 · 라인 2개 · 페어 [[7, 2], [1, 5]]
[복승불일치 축교정] 아오모리 1경주: 축 [2, 7]로 교정(자금이탈 강등 [5]·🔴🔴)
[자동분석·배경] 아오모리 1경주: 마감 497초 전 재분석(rec_history 누적·cycle)
[3종 수집] 아오모리 1경주: {'quinella': 21, 'exacta': 42, 'trio': 0, 'win': 0} (history 5)
[각질편성] 아오모리 1경주: 선행2·선입0·추입5 → 보통 페이스
[경륜전개] 아오모리 1경주: 보통 · 라인 2개 · 페어 [[7, 2], [1, 5]]
[복승불일치 축교정] 아오모리 1경주: 축 [2, 7]로 교정(자금이탈 강등 [5]·🔴🔴)
[자동분석·배경] 아오모리 1경주: 마감 466초 전 재분석(rec_history 누적·cycle)
[3종 수집] 아오모리 1경주: {'quinella': 21, 'exacta': 42, 'trio': 0, 'win': 0} (history 6)
[각질편성] 아오모리 1경주: 선행2·선입0·추입5 → 보통 페이스
[경륜전개] 아오모리 1경주: 보통 · 라인 2개 · 페어 [[7, 2], [1, 5]]
[복승불일치 축교정] 아오모리 1경주: 축 [2, 7]로 교정(자금이탈 강등 [5]·🔴🔴)
[자동분석·배경] 아오모리 1경주: 마감 434초 전 재분석(rec_history 누적·cycle)
[각질편성] 아오모리 1경주: 선행2·선입0·추입5 → 보통 페이스
[경륜전개] 아오모리 1경주: 보통 · 라인 2개 · 페어 [[7, 2], [1, 5]]
[복승불일치 축교정] 아오모리 1경주: 축 [2, 7]로 교정(자금이탈 강등 [5]·🔴🔴)
[카카오알림] 아오모리 1경주 T-7 → 큐 적재
[3종 수집] 아오모리 1경주: {'quinella': 21, 'exacta': 42, 'trio': 0, 'win': 0} (history 7)
[각질편성] 아오모리 1경주: 선행2·선입0·추입5 → 보통 페이스
[경륜전개] 아오모리 1경주: 보통 · 라인 2개 · 페어 [[7, 2], [1, 5]]
[복승불일치 축교정] 아오모리 1경주: 축 [2, 7]로 교정(자금이탈 강등 [5]·🔴🔴)
[자동분석·배경] 아오모리 1경주: 마감 403초 전 재분석(rec_history 누적·cycle)
[3종 수집] 아오모리 1경주: {'quinella': 21, 'exacta': 42, 'trio': 0, 'win': 0} (history 8)
[각질편성] 아오모리 1경주: 선행2·선입0·추입5 → 보통 페이스
[경륜전개] 아오모리 1경주: 보통 · 라인 2개 · 페어 [[7, 2], [1, 5]]
[복승불일치 축교정] 아오모리 1경주: 축 [2, 7]로 교정(자금이탈 강등 [5]·🔴🔴)
[자동분석·배경] 아오모리 1경주: 마감 371초 전 재분석(rec_history 누적·cycle)
[3종 수집] 아오모리 1경주: {'quinella': 21, 'exacta': 42, 'trio': 0, 'win': 0} (history 9)
[각질편성] 아오모리 1경주: 선행2·선입0·추입5 → 보통 페이스
[경륜전개] 아오모리 1경주: 보통 · 라인 2개 · 페어 [[7, 2], [1, 5]]
[복승불일치 축교정] 아오모리 1경주: 축 [2, 7]로 교정(자금이탈 강등 [5]·🔴🔴)
[자동분석·배경] 아오모리 1경주: 마감 340초 전 재분석(rec_history 누적·cycle)
[3종 수집] 아오모리 1경주: {'quinella': 21, 'exacta': 42, 'trio': 0, 'win': 0} (history 10)
[각질편성] 아오모리 1경주: 선행2·선입0·추입5 → 보통 페이스
[경륜전개] 아오모리 1경주: 보통 · 라인 2개 · 페어 [[7, 2], [1, 5]]
[복승불일치 축교정] 아오모리 1경주: 축 [2, 7]로 교정(자금이탈 강등 [5]·🔴🔴)
[자동분석·배경] 아오모리 1경주: 마감 309초 전 재분석(rec_history 누적·cycle)
[각질편성] 아오모리 1경주: 선행2·선입0·추입5 → 보통 페이스
[경륜전개] 아오모리 1경주: 보통 · 라인 2개 · 페어 [[7, 2], [1, 5]]
[복승불일치 축교정] 아오모리 1경주: 축 [2, 7]로 교정(자금이탈 강등 [5]·🔴🔴)
[카카오알림] 아오모리 1경주 T-5 → 큐 적재
[3종 수집] 아오모리 1경주: {'quinella': 21, 'exacta': 42, 'trio': 0, 'win': 0} (history 11)
[각질편성] 아오모리 1경주: 선행2·선입0·추입5 → 보통 페이스
[경륜전개] 아오모리 1경주: 보통 · 라인 2개 · 페어 [[7, 2], [1, 5]]
[복승불일치 축교정] 아오모리 1경주: 축 [2, 7]로 교정(자금이탈 강등 [5]·🔴🔴)
[자동예상] 아오모리 1경주 최종예상 저장(2026_08_01_아오모리_1경주.json)
[각질편성] 아오모리 1경주: 선행2·선입0·추입5 → 보통 페이스
[경륜전개] 아오모리 1경주: 보통 · 라인 2개 · 페어 [[7, 2], [1, 5]]
[복승불일치 축교정] 아오모리 1경주: 축 [2, 7]로 교정(자금이탈 강등 [5]·🔴🔴)
[자동분석·배경] 아오모리 1경주: 마감 278초 전 재분석(rec_history 누적·cycle)
[카톡 변경알림·즉시] 아오모리 1경주 (남은 278s): 삼복승 제외: 1+2+7 · 2+3+7
[3종 수집] 아오모리 1경주: {'quinella': 21, 'exacta': 42, 'trio': 0, 'win': 0} (history 12)
[각질편성] 아오모리 1경주: 선행2·선입0·추입5 → 보통 페이스
[경륜전개] 아오모리 1경주: 보통 · 라인 2개 · 페어 [[7, 2], [1, 5]]
[복승불일치 축교정] 아오모리 1경주: 축 [2, 7]로 교정(자금이탈 강등 [5]·🔴🔴)
[자동분석·배경] 아오모리 1경주: 마감 246초 전 재분석(rec_history 누적·cycle)
[다중경주] 하트비트 #71 · 스케줄 ymd=20260801 (-1초 전 갱신 · 트랙 12개)
[3종 수집] 아오모리 1경주: {'quinella': 21, 'exacta': 42, 'trio': 0, 'win': 0} (history 12)
[각질편성] 아오모리 1경주: 선행2·선입0·추입5 → 보통 페이스
[경륜전개] 아오모리 1경주: 보통 · 라인 2개 · 페어 [[7, 2], [1, 5]]
[복승불일치 축교정] 아오모리 1경주: 축 [2, 7]로 교정(자금이탈 강등 [5]·🔴🔴)
[자동분석·배경] 아오모리 1경주: 마감 215초 전 재분석(rec_history 누적·cycle)
[3종 수집] 아오모리 1경주: {'quinella': 21, 'exacta': 42, 'trio': 0, 'win': 0} (history 12)
[각질편성] 아오모리 1경주: 선행2·선입0·추입5 → 보통 페이스
[경륜전개] 아오모리 1경주: 보통 · 라인 2개 · 페어 [[7, 2], [1, 5]]
[복승불일치 축교정] 아오모리 1경주: 축 [2, 7]로 교정(자금이탈 강등 [5]·🔴🔴)
[자동분석·배경] 아오모리 1경주: 마감 184초 전 재분석(rec_history 누적·cycle)
[3종 수집] 아오모리 1경주: {'quinella': 21, 'exacta': 42, 'trio': 0, 'win': 0} (history 12)
[각질편성] 아오모리 1경주: 선행2·선입0·추입5 → 보통 페이스
[경륜전개] 아오모리 1경주: 보통 · 라인 2개 · 페어 [[7, 2], [1, 5]]
[복승불일치 축교정] 아오모리 1경주: 축 [2, 7]로 교정(자금이탈 강등 [5]·🔴🔴)
[T-2분 왕축 동결] 아오모리 1경주: [2, 7] → [2, 7] 유지(cur_mb=2)
[자동분석·배경] 아오모리 1경주: 마감 153초 전 재분석(rec_history 누적·cycle)
[3종 수집] 아오모리 1경주: {'quinella': 21, 'exacta': 42, 'trio': 0, 'win': 0} (history 12)
[각질편성] 아오모리 1경주: 선행2·선입0·추입5 → 보통 페이스
[경륜전개] 아오모리 1경주: 보통 · 라인 2개 · 페어 [[7, 2], [1, 5]]
[복승불일치 축교정] 아오모리 1경주: 축 [2, 7]로 교정(자금이탈 강등 [5]·🔴🔴)
[T-2분 왕축 동결] 아오모리 1경주: [2, 7] → [2, 7] 유지(cur_mb=2)
[자동분석·배경] 아오모리 1경주: 마감 122초 전 재분석(rec_history 누적·cycle)
[3종 수집] 아오모리 1경주: {'quinella': 21, 'exacta': 42, 'trio': 0, 'win': 0} (history 12)
[각질편성] 아오모리 1경주: 선행2·선입0·추입5 → 보통 페이스
[경륜전개] 아오모리 1경주: 보통 · 라인 2개 · 페어 [[7, 2], [1, 5]]
[복승불일치 축교정] 아오모리 1경주: 축 [2, 7]로 교정(자금이탈 강등 [5]·🔴🔴)
[T-2분 왕축 동결] 아오모리 1경주: [2, 7] → [2, 7] 유지(cur_mb=1)
[자동분석·배경] 아오모리 1경주: 마감 91초 전 재분석(rec_history 누적·cycle)
[3종 수집] 아오모리 1경주: {'quinella': 21, 'exacta': 42, 'trio': 0, 'win': 0} (history 12)
[각질편성] 아오모리 1경주: 선행2·선입0·추입5 → 보통 페이스
[경륜전개] 아오모리 1경주: 보통 · 라인 2개 · 페어 [[7, 2], [1, 5]]
[복승불일치 축교정] 아오모리 1경주: 축 [2, 7]로 교정(자금이탈 강등 [5]·🔴🔴)
[자동분석·배경] 아오모리 1경주: 마감 59초 전 재분석(rec_history 누적·cycle)
[3종 수집] 아오모리 1경주: {'quinella': 21, 'exacta': 42, 'trio': 0, 'win': 0} (history 12)
[경륜 결과 백필] 2026-08-01: 시도 1 · 성공 0 · 실패 1
  ↳ 실패: 아오모리 1경주 - 결과 미게시/파싱 실패
[3종 수집] 아오모리 1경주: {'quinella': 21, 'exacta': 42, 'trio': 0, 'win': 0} (history 12)
[경륜 전적·자동] 호후 1경주: 6두 수집(競走得点·절대등급 A/B/C/D·라인[5, 3, 6, 2, 1, 4]) → 통합등급 자동 반영
[3종 수집] 호후 1경주: {'quinella': 15, 'exacta': 30, 'trio': 0, 'win': 0} (history 1)
🔮 [예측] 호후 1경주: top3=[5, 4, 2] conf=4 · 코멘트에서 5번 '右近 陸人'의 움직임이 '상상'이라고 직접 언급하여 이
[각질편성] 호후 1경주: 선행3·선입0·추입3 → ⚡ 빠른 페이스
[경륜전개] 호후 1경주: 하이(주도권 경합) · 라인 3개 · 페어 [[5, 3], [1, 4]]
[경륜 추천 모순 수정] 고배당 강제조합 1건 메인→복병 이동(25배 상한)
[경륜 추천 개수] 6명 → 메인 2개(상한 2) · 복병 이동 1개
🔎 [결정론 검수] 호후 1경주: B라인누락
[자동분석·배경] 호후 1경주: 마감 597초 전 재분석(rec_history 누적·cycle)
[각질편성] 호후 1경주: 선행3·선입0·추입3 → ⚡ 빠른 페이스
[경륜전개] 호후 1경주: 하이(주도권 경합) · 라인 3개 · 페어 [[5, 3], [1, 4]]
[경륜 추천 모순 수정] 고배당 강제조합 1건 메인→복병 이동(25배 상한)
[경륜 추천 개수] 6명 → 메인 2개(상한 2) · 복병 이동 1개
[3종 수집] 호후 1경주: {'quinella': 15, 'exacta': 30, 'trio': 0, 'win': 0} (history 2)
[3종 수집] 아오모리 1경주: {'quinella': 21, 'exacta': 42, 'trio': 0, 'win': 0} (history 12)
[각질편성] 호후 1경주: 선행3·선입0·추입3 → ⚡ 빠른 페이스
[경륜전개] 호후 1경주: 하이(주도권 경합) · 라인 3개 · 페어 [[5, 3], [1, 4]]
[복승불일치 축교정] 호후 1경주: 축 [3, 5]로 교정(자금이탈 강등 [4]·🔴🔴)
[경륜 추천 모순 수정] 고배당 강제조합 1건 메인→복병 이동(25배 상한)
[경륜 추천 개수] 6명 → 메인 2개(상한 2) · 복병 이동 1개
[자동분석·배경] 호후 1경주: 마감 563초 전 재분석(rec_history 누적·cycle)
[각질편성] 아오모리 1경주: 선행2·선입0·추입5 → 보통 페이스
[경륜전개] 아오모리 1경주: 보통 · 라인 2개 · 페어 [[7, 2], [1, 5]]
[3종 수집] 호후 1경주: {'quinella': 15, 'exacta': 30, 'trio': 0, 'win': 0} (history 3)
[3종 수집] 아오모리 1경주: {'quinella': 21, 'exacta': 42, 'trio': 0, 'win': 0} (history 12)
[각질편성] 호후 1경주: 선행3·선입0·추입3 → ⚡ 빠른 페이스
[경륜전개] 호후 1경주: 하이(주도권 경합) · 라인 3개 · 페어 [[5, 3], [1, 4]]
[복승불일치 축교정] 호후 1경주: 축 [3, 5]로 교정(자금이탈 강등 [4]·🔴🔴)
[경륜 추천 모순 수정] 고배당 강제조합 1건 메인→복병 이동(25배 상한)
[경륜 추천 개수] 6명 → 메인 2개(상한 2) · 복병 이동 1개
[자동분석·배경] 호후 1경주: 마감 531초 전 재분석(rec_history 누적·cycle)
[다중경주] 하트비트 #81 · 스케줄 ymd=20260801 (-1초 전 갱신 · 트랙 12개)
[3종 수집] 아오모리 1경주: {'quinella': 21, 'exacta': 42, 'trio': 0, 'win': 0} (history 12)
[3종 수집] 호후 1경주: {'quinella': 15, 'exacta': 30, 'trio': 0, 'win': 0} (history 4)
[각질편성] 호후 1경주: 선행3·선입0·추입3 → ⚡ 빠른 페이스
[경륜전개] 호후 1경주: 하이(주도권 경합) · 라인 3개 · 페어 [[5, 3], [1, 4]]
[복승불일치 축교정] 호후 1경주: 축 [3, 5]로 교정(자금이탈 강등 [4]·🔴🔴)
[경륜 추천 모순 수정] 고배당 강제조합 1건 메인→복병 이동(25배 상한)
[경륜 추천 개수] 6명 → 메인 2개(상한 2) · 복병 이동 1개
[자동분석·배경] 호후 1경주: 마감 499초 전 재분석(rec_history 누적·cycle)
[3종 수집] 호후 1경주: {'quinella': 15, 'exacta': 30, 'trio': 0, 'win': 0} (history 5)
[각질편성] 호후 1경주: 선행3·선입0·추입3 → ⚡ 빠른 페이스
[경륜전개] 호후 1경주: 하이(주도권 경합) · 라인 3개 · 페어 [[5, 3], [1, 4]]
[복승불일치 축교정] 호후 1경주: 축 [3, 5]로 교정(자금이탈 강등 [4]·🔴🔴)
[경륜 추천 모순 수정] 고배당 강제조합 1건 메인→복병 이동(25배 상한)
[경륜 추천 개수] 6명 → 메인 2개(상한 2) · 복병 이동 1개
[자동분석·배경] 호후 1경주: 마감 467초 전 재분석(rec_history 누적·cycle)
[3종 수집] 호후 1경주: {'quinella': 15, 'exacta': 30, 'trio': 0, 'win': 0} (history 6)
[각질편성] 호후 1경주: 선행3·선입0·추입3 → ⚡ 빠른 페이스
[경륜전개] 호후 1경주: 하이(주도권 경합) · 라인 3개 · 페어 [[5, 3], [1, 4]]
[복승불일치 축교정] 호후 1경주: 축 [3, 5]로 교정(자금이탈 강등 [4]·🔴🔴)
[경륜 추천 모순 수정] 고배당 강제조합 1건 메인→복병 이동(25배 상한)
[단통 상한] 메인 2개 · 복병이동 0개
[자동분석·배경] 호후 1경주: 마감 436초 전 재분석(rec_history 누적·cycle)
[각질편성] 아오모리 1경주: 선행2·선입0·추입5 → 보통 페이스
[경륜전개] 아오모리 1경주: 보통 · 라인 2개 · 페어 [[7, 2], [1, 5]]
[각질편성] 호후 1경주: 선행3·선입0·추입3 → ⚡ 빠른 페이스
[경륜전개] 호후 1경주: 하이(주도권 경합) · 라인 3개 · 페어 [[5, 3], [1, 4]]
[복승불일치 축교정] 호후 1경주: 축 [3, 5]로 교정(자금이탈 강등 [4]·🔴🔴)
[경륜 추천 모순 수정] 고배당 강제조합 1건 메인→복병 이동(25배 상한)
[단통 상한] 메인 2개 · 복병이동 0개
[카카오알림] 호후 1경주 T-7 → 큐 적재
[3종 수집] 호후 1경주: {'quinella': 15, 'exacta': 30, 'trio': 0, 'win': 0} (history 7)
[각질편성] 호후 1경주: 선행3·선입0·추입3 → ⚡ 빠른 페이스
[경륜전개] 호후 1경주: 하이(주도권 경합) · 라인 3개 · 페어 [[5, 3], [1, 4]]
[복승불일치 축교정] 호후 1경주: 축 [3, 5]로 교정(자금이탈 강등 [4]·🔴🔴)
[경륜 추천 모순 수정] 고배당 강제조합 1건 메인→복병 이동(25배 상한)
[단통 상한] 메인 2개 · 복병이동 0개
[자동분석·배경] 호후 1경주: 마감 405초 전 재분석(rec_history 누적·cycle)
[3종 수집] 호후 1경주: {'quinella': 15, 'exacta': 30, 'trio': 0, 'win': 0} (history 8)
[각질편성] 호후 1경주: 선행3·선입0·추입3 → ⚡ 빠른 페이스
[경륜전개] 호후 1경주: 하이(주도권 경합) · 라인 3개 · 페어 [[5, 3], [1, 4]]
[복승불일치 축교정] 호후 1경주: 축 [3, 5]로 교정(자금이탈 강등 [1]·🔴🔴)
[복병 이동 상한] 1+3 54.6배 > 특별상한 50.0배 → 💎 노출 제외(참고)
[경륜 추천 모순 수정] 고배당 강제조합 1건 메인→복병 이동(25배 상한)
[경륜 추천 개수] 6명 → 메인 2개(상한 2) · 복병 이동 1개
[단통 상한] 메인 2개 · 복병이동 0개
[자동분석·배경] 호후 1경주: 마감 374초 전 재분석(rec_history 누적·cycle)
[3종 수집] 호후 1경주: {'quinella': 15, 'exacta': 30, 'trio': 0, 'win': 0} (history 9)
[각질편성] 호후 1경주: 선행3·선입0·추입3 → ⚡ 빠른 페이스
[경륜전개] 호후 1경주: 하이(주도권 경합) · 라인 3개 · 페어 [[5, 3], [1, 4]]
[복승불일치 축교정] 호후 1경주: 축 [3, 5]로 교정(자금이탈 강등 [4]·🔴🔴)
[경륜 추천 모순 수정] 고배당 강제조합 1건 메인→복병 이동(25배 상한)
[경륜 추천 개수] 6명 → 메인 2개(상한 2) · 복병 이동 1개
[단통 상한] 메인 2개 · 복병이동 0개
[자동분석·배경] 호후 1경주: 마감 342초 전 재분석(rec_history 누적·cycle)
[3종 수집] 호후 1경주: {'quinella': 15, 'exacta': 30, 'trio': 0, 'win': 0} (history 10)
[각질편성] 호후 1경주: 선행3·선입0·추입3 → ⚡ 빠른 페이스
[경륜전개] 호후 1경주: 하이(주도권 경합) · 라인 3개 · 페어 [[5, 3], [1, 4]]
[복승불일치 축교정] 호후 1경주: 축 [3, 5]로 교정(자금이탈 강등 [4]·🔴🔴)
[경륜 추천 모순 수정] 고배당 강제조합 1건 메인→복병 이동(25배 상한)
[경륜 추천 개수] 6명 → 메인 2개(상한 2) · 복병 이동 1개
[단통 상한] 메인 2개 · 복병이동 0개
[자동분석·배경] 호후 1경주: 마감 311초 전 재분석(rec_history 누적·cycle)
[각질편성] 호후 1경주: 선행3·선입0·추입3 → ⚡ 빠른 페이스
[경륜전개] 호후 1경주: 하이(주도권 경합) · 라인 3개 · 페어 [[5, 3], [1, 4]]
[복승불일치 축교정] 호후 1경주: 축 [3, 5]로 교정(자금이탈 강등 [4]·🔴🔴)
[경륜 추천 모순 수정] 고배당 강제조합 1건 메인→복병 이동(25배 상한)
[경륜 추천 개수] 6명 → 메인 2개(상한 2) · 복병 이동 1개
[단통 상한] 메인 2개 · 복병이동 0개
[카카오알림] 호후 1경주 T-5 → 큐 적재
[3종 수집] 호후 1경주: {'quinella': 15, 'exacta': 30, 'trio': 0, 'win': 0} (history 11)
[각질편성] 호후 1경주: 선행3·선입0·추입3 → ⚡ 빠른 페이스
[경륜전개] 호후 1경주: 하이(주도권 경합) · 라인 3개 · 페어 [[5, 3], [1, 4]]
[복승불일치 축교정] 호후 1경주: 축 [3, 5]로 교정(자금이탈 강등 [4]·🔴🔴)
[복병 이동 상한] 3+4 51.0배 > 특별상한 50.0배 → 💎 노출 제외(참고)
[경륜 추천 모순 수정] 고배당 강제조합 1건 메인→복병 이동(25배 상한)
[단통 상한] 메인 2개 · 복병이동 0개
[자동예상] 호후 1경주 최종예상 저장(2026_08_01_호후_1경주.json)
[각질편성] 호후 1경주: 선행3·선입0·추입3 → ⚡ 빠른 페이스
[경륜전개] 호후 1경주: 하이(주도권 경합) · 라인 3개 · 페어 [[5, 3], [1, 4]]
[복승불일치 축교정] 호후 1경주: 축 [3, 5]로 교정(자금이탈 강등 [4]·🔴🔴)
[복병 이동 상한] 3+4 51.0배 > 특별상한 50.0배 → 💎 노출 제외(참고)
[경륜 추천 모순 수정] 고배당 강제조합 1건 메인→복병 이동(25배 상한)
[단통 상한] 메인 2개 · 복병이동 0개
[자동분석·배경] 호후 1경주: 마감 279초 전 재분석(rec_history 누적·cycle)
[카톡 변경알림·즉시] 호후 1경주 (남은 279s): 삼복승 제외: 1+3+5 · 2+3+5
[3종 수집] 호후 1경주: {'quinella': 15, 'exacta': 30, 'trio': 0, 'win': 0} (history 12)
[각질편성] 호후 1경주: 선행3·선입0·추입3 → ⚡ 빠른 페이스
[경륜전개] 호후 1경주: 하이(주도권 경합) · 라인 3개 · 페어 [[5, 3], [1, 4]]
[복승불일치 축교정] 호후 1경주: 축 [3, 5]로 교정(자금이탈 강등 [4]·🔴🔴)
[복병 이동 상한] 3+4 51.0배 > 특별상한 50.0배 → 💎 노출 제외(참고)
[경륜 추천 모순 수정] 고배당 강제조합 1건 메인→복병 이동(25배 상한)
[단통 상한] 메인 2개 · 복병이동 0개
[자동분석·배경] 호후 1경주: 마감 248초 전 재분석(rec_history 누적·cycle)
[3종 수집] 호후 1경주: {'quinella': 15, 'exacta': 30, 'trio': 0, 'win': 0} (history 12)
[각질편성] 호후 1경주: 선행3·선입0·추입3 → ⚡ 빠른 페이스
[경륜전개] 호후 1경주: 하이(주도권 경합) · 라인 3개 · 페어 [[5, 3], [1, 4]]
[복승불일치 축교정] 호후 1경주: 축 [3, 5]로 교정(자금이탈 강등 [4]·🔴🔴)
[복병 이동 상한] 1+3 84.9배 > 특별상한 50.0배 → 💎 노출 제외(참고)
[경륜 추천 모순 수정] 고배당 강제조합 1건 메인→복병 이동(25배 상한)
[단통 상한] 메인 2개 · 복병이동 1개
[자동분석·배경] 호후 1경주: 마감 216초 전 재분석(rec_history 누적·cycle)
[다중경주] 하트비트 #91 · 스케줄 ymd=20260801 (-1초 전 갱신 · 트랙 12개)
[3종 수집] 호후 1경주: {'quinella': 15, 'exacta': 30, 'trio': 0, 'win': 0} (history 12)
[각질편성] 호후 1경주: 선행3·선입0·추입3 → ⚡ 빠른 페이스
[경륜전개] 호후 1경주: 하이(주도권 경합) · 라인 3개 · 페어 [[5, 3], [1, 4]]
[복승불일치 축교정] 호후 1경주: 축 [3, 5]로 교정(자금이탈 강등 [4]·🔴🔴)
[복병 이동 상한] 1+3 84.9배 > 특별상한 50.0배 → 💎 노출 제외(참고)
[경륜 추천 모순 수정] 고배당 강제조합 1건 메인→복병 이동(25배 상한)
[단통 상한] 메인 2개 · 복병이동 0개
[자동분석·배경] 호후 1경주: 마감 184초 전 재분석(rec_history 누적·cycle)
[3종 수집] 호후 1경주: {'quinella': 15, 'exacta': 30, 'trio': 0, 'win': 0} (history 12)
[각질편성] 호후 1경주: 선행3·선입0·추입3 → ⚡ 빠른 페이스
[경륜전개] 호후 1경주: 하이(주도권 경합) · 라인 3개 · 페어 [[5, 3], [1, 4]]
[복승불일치 축교정] 호후 1경주: 축 [3, 5]로 교정(자금이탈 강등 [4]·🔴🔴)
[T-2분 왕축 동결] 호후 1경주: [3, 5] → [3, 5] 유지(cur_mb=2)
[복병 이동 상한] 1+3 86.1배 > 특별상한 50.0배 → 💎 노출 제외(참고)
[경륜 추천 모순 수정] 고배당 강제조합 1건 메인→복병 이동(25배 상한)
[단통 상한] 메인 2개 · 복병이동 0개
[자동분석·배경] 호후 1경주: 마감 152초 전 재분석(rec_history 누적·cycle)
[3종 수집] 호후 1경주: {'quinella': 15, 'exacta': 30, 'trio': 0, 'win': 0} (history 12)
[각질편성] 호후 1경주: 선행3·선입0·추입3 → ⚡ 빠른 페이스
[경륜전개] 호후 1경주: 하이(주도권 경합) · 라인 3개 · 페어 [[5, 3], [1, 4]]
[복승불일치 축교정] 호후 1경주: 축 [3, 5]로 교정(자금이탈 강등 [4]·🔴🔴)
[T-2분 왕축 동결] 호후 1경주: [3, 5] → [3, 5] 유지(cur_mb=1)
[복병 이동 상한] 1+3 86.1배 > 특별상한 50.0배 → 💎 노출 제외(참고)
[경륜 추천 모순 수정] 고배당 강제조합 1건 메인→복병 이동(25배 상한)
[단통 상한] 메인 2개 · 복병이동 0개
[자동분석·배경] 호후 1경주: 마감 121초 전 재분석(rec_history 누적·cycle)
[3종 수집] 호후 1경주: {'quinella': 15, 'exacta': 30, 'trio': 0, 'win': 0} (history 12)
[각질편성] 호후 1경주: 선행3·선입0·추입3 → ⚡ 빠른 페이스
[경륜전개] 호후 1경주: 하이(주도권 경합) · 라인 3개 · 페어 [[5, 3], [1, 4]]
[복승불일치 축교정] 호후 1경주: 축 [3, 5]로 교정(자금이탈 강등 [4]·🔴🔴)
[T-2분 왕축 동결] 호후 1경주: [3, 5] → [3, 5] 유지(cur_mb=1)
[복병 이동 상한] 1+3 86.5배 > 특별상한 50.0배 → 💎 노출 제외(참고)
[경륜 추천 모순 수정] 고배당 강제조합 1건 메인→복병 이동(25배 상한)
[단통 상한] 메인 2개 · 복병이동 1개
[자동분석·배경] 호후 1경주: 마감 89초 전 재분석(rec_history 누적·cycle)
[3종 수집] 호후 1경주: {'quinella': 15, 'exacta': 30, 'trio': 0, 'win': 0} (history 12)
[각질편성] 호후 1경주: 선행3·선입0·추입3 → ⚡ 빠른 페이스
[경륜전개] 호후 1경주: 하이(주도권 경합) · 라인 3개 · 페어 [[5, 3], [1, 4]]
[복승불일치 축교정] 호후 1경주: 축 [3, 5]로 교정(자금이탈 강등 [4]·🔴🔴)
[복병 이동 상한] 1+3 86.5배 > 특별상한 50.0배 → 💎 노출 제외(참고)
[경륜 추천 모순 수정] 고배당 강제조합 1건 메인→복병 이동(25배 상한)
[단통 상한] 메인 2개 · 복병이동 0개
[자동분석·배경] 호후 1경주: 마감 57초 전 재분석(rec_history 누적·cycle)
[3종 수집] 호후 1경주: {'quinella': 15, 'exacta': 30, 'trio': 0, 'win': 0} (history 12)
[3종 수집] 호후 1경주: {'quinella': 15, 'exacta': 30, 'trio': 0, 'win': 0} (history 12)
[경륜 전적·자동] 아오모리 2경주: 7두 수집(競走得点·절대등급 A/B/C/D·라인[2, 3, 4, 7, 1, 5, 6]) → 통합등급 자동 반영
[3종 수집] 아오모리 2경주: {'quinella': 15, 'exacta': 30, 'trio': 0, 'win': 0} (history 1)
🔮 [예측] 아오모리 2경주: top3=[4, 7, 2] conf=4 · 선행형이 3명이나 되어 내부 경쟁이 심화될 것으로 예상된다. 특히 2번과
[잔존마 필터] 아오모리 2경주: 전적 7두 → 배당 출전마 6두 (배당 없는 마번 제외: [7])
[각질편성] 아오모리 2경주: 선행3·선입0·추입3 → ⚡ 빠른 페이스
[경륜전개] 아오모리 2경주: 하이(주도권 경합) · 라인 3개 · 페어 [[2, 3], [4, 1], [5, 6]]
[경륜 추천 개수] 6명 → 메인 2개(상한 2) · 복병 이동 1개
[단통 상한] 메인 3개 · 복병이동 0개
[자동분석·배경] 아오모리 2경주: 마감 593초 전 재분석(rec_history 누적·cycle)
[잔존마 필터] 아오모리 2경주: 전적 7두 → 배당 출전마 6두 (배당 없는 마번 제외: [7])
[각질편성] 아오모리 2경주: 선행3·선입0·추입3 → ⚡ 빠른 페이스
[경륜전개] 아오모리 2경주: 하이(주도권 경합) · 라인 3개 · 페어 [[2, 3], [4, 1], [5, 6]]
[경륜 추천 개수] 6명 → 메인 2개(상한 2) · 복병 이동 1개
[단통 상한] 메인 3개 · 복병이동 0개
[3종 수집] 아오모리 2경주: {'quinella': 15, 'exacta': 30, 'trio': 0, 'win': 0} (history 2)
[3종 수집] 호후 1경주: {'quinella': 15, 'exacta': 30, 'trio': 0, 'win': 0} (history 12)
[잔존마 필터] 아오모리 2경주: 전적 7두 → 배당 출전마 6두 (배당 없는 마번 제외: [7])
[각질편성] 아오모리 2경주: 선행3·선입0·추입3 → ⚡ 빠른 페이스
[경륜전개] 아오모리 2경주: 하이(주도권 경합) · 라인 3개 · 페어 [[2, 3], [4, 1], [5, 6]]
[경륜 추천 개수] 6명 → 메인 2개(상한 2) · 복병 이동 1개
[단통 상한] 메인 3개 · 복병이동 0개
🔎 [결정론 검수] 아오모리 2경주: B라인누락
[자동분석·배경] 아오모리 2경주: 마감 558초 전 재분석(rec_history 누적·cycle)
[각질편성] 호후 1경주: 선행3·선입0·추입3 → ⚡ 빠른 페이스
[경륜전개] 호후 1경주: 하이(주도권 경합) · 라인 3개 · 페어 [[5, 3], [1, 4]]
[3종 수집] 아오모리 2경주: {'quinella': 15, 'exacta': 30, 'trio': 0, 'win': 0} (history 3)
[3종 수집] 호후 1경주: {'quinella': 15, 'exacta': 30, 'trio': 0, 'win': 0} (history 12)
[잔존마 필터] 아오모리 2경주: 전적 7두 → 배당 출전마 6두 (배당 없는 마번 제외: [7])
[각질편성] 아오모리 2경주: 선행3·선입0·추입3 → ⚡ 빠른 페이스
[경륜전개] 아오모리 2경주: 하이(주도권 경합) · 라인 3개 · 페어 [[2, 3], [4, 1], [5, 6]]
[경륜 추천 개수] 6명 → 메인 2개(상한 2) · 복병 이동 1개
[단통 상한] 메인 2개 · 복병이동 0개
[자동분석·배경] 아오모리 2경주: 마감 526초 전 재분석(rec_history 누적·cycle)
[3종 수집] 아오모리 2경주: {'quinella': 15, 'exacta': 30, 'trio': 0, 'win': 0} (history 4)
[3종 수집] 호후 1경주: {'quinella': 15, 'exacta': 30, 'trio': 0, 'win': 0} (history 12)
[잔존마 필터] 아오모리 2경주: 전적 7두 → 배당 출전마 6두 (배당 없는 마번 제외: [7])
[각질편성] 아오모리 2경주: 선행3·선입0·추입3 → ⚡ 빠른 페이스
[경륜전개] 아오모리 2경주: 하이(주도권 경합) · 라인 3개 · 페어 [[2, 3], [4, 1], [5, 6]]
[경륜 추천 개수] 6명 → 메인 2개(상한 2) · 복병 이동 1개
[단통 상한] 메인 2개 · 복병이동 0개
[자동분석·배경] 아오모리 2경주: 마감 494초 전 재분석(rec_history 누적·cycle)
[다중경주] 하트비트 #101 · 스케줄 ymd=20260801 (-1초 전 갱신 · 트랙 12개)
[3종 수집] 아오모리 2경주: {'quinella': 15, 'exacta': 30, 'trio': 0, 'win': 0} (history 5)
[잔존마 필터] 아오모리 2경주: 전적 7두 → 배당 출전마 6두 (배당 없는 마번 제외: [7])
[각질편성] 아오모리 2경주: 선행3·선입0·추입3 → ⚡ 빠른 페이스
[경륜전개] 아오모리 2경주: 하이(주도권 경합) · 라인 3개 · 페어 [[2, 3], [4, 1], [5, 6]]
[경륜 추천 개수] 6명 → 메인 2개(상한 2) · 복병 이동 1개
[단통 상한] 메인 2개 · 복병이동 0개
[자동분석·배경] 아오모리 2경주: 마감 461초 전 재분석(rec_history 누적·cycle)
[3종 수집] 아오모리 2경주: {'quinella': 15, 'exacta': 30, 'trio': 0, 'win': 0} (history 6)
[잔존마 필터] 아오모리 2경주: 전적 7두 → 배당 출전마 6두 (배당 없는 마번 제외: [7])
[각질편성] 아오모리 2경주: 선행3·선입0·추입3 → ⚡ 빠른 페이스
[경륜전개] 아오모리 2경주: 하이(주도권 경합) · 라인 3개 · 페어 [[2, 3], [4, 1], [5, 6]]
[경륜 추천 개수] 6명 → 메인 2개(상한 2) · 복병 이동 1개
[단통 상한] 메인 2개 · 복병이동 0개
[자동분석·배경] 아오모리 2경주: 마감 429초 전 재분석(rec_history 누적·cycle)
[각질편성] 호후 1경주: 선행3·선입0·추입3 → ⚡ 빠른 페이스
[경륜전개] 호후 1경주: 하이(주도권 경합) · 라인 3개 · 페어 [[5, 3], [1, 4]]
[잔존마 필터] 아오모리 2경주: 전적 7두 → 배당 출전마 6두 (배당 없는 마번 제외: [7])
[각질편성] 아오모리 2경주: 선행3·선입0·추입3 → ⚡ 빠른 페이스
[경륜전개] 아오모리 2경주: 하이(주도권 경합) · 라인 3개 · 페어 [[2, 3], [4, 1], [5, 6]]
[경륜 추천 개수] 6명 → 메인 2개(상한 2) · 복병 이동 1개
[단통 상한] 메인 2개 · 복병이동 0개
[카카오알림] 아오모리 2경주 T-7 → 큐 적재
[3종 수집] 아오모리 2경주: {'quinella': 15, 'exacta': 30, 'trio': 0, 'win': 0} (history 7)
[잔존마 필터] 아오모리 2경주: 전적 7두 → 배당 출전마 6두 (배당 없는 마번 제외: [7])
[각질편성] 아오모리 2경주: 선행3·선입0·추입3 → ⚡ 빠른 페이스
[경륜전개] 아오모리 2경주: 하이(주도권 경합) · 라인 3개 · 페어 [[2, 3], [4, 1], [5, 6]]
[경륜 추천 개수] 6명 → 메인 2개(상한 2) · 복병 이동 1개
[단통 상한] 메인 2개 · 복병이동 0개
🔎 [결정론 검수] 아오모리 2경주: B라인누락
[자동분석·배경] 아오모리 2경주: 마감 397초 전 재분석(rec_history 누적·cycle)
[3종 수집] 아오모리 2경주: {'quinella': 15, 'exacta': 30, 'trio': 0, 'win': 0} (history 8)
[잔존마 필터] 아오모리 2경주: 전적 7두 → 배당 출전마 6두 (배당 없는 마번 제외: [7])
[각질편성] 아오모리 2경주: 선행3·선입0·추입3 → ⚡ 빠른 페이스
[경륜전개] 아오모리 2경주: 하이(주도권 경합) · 라인 3개 · 페어 [[2, 3], [4, 1], [5, 6]]
[경륜 추천 개수] 6명 → 메인 2개(상한 2) · 복병 이동 1개
[단통 상한] 메인 2개 · 복병이동 0개
[자동분석·배경] 아오모리 2경주: 마감 365초 전 재분석(rec_history 누적·cycle)
[3종 수집] 아오모리 2경주: {'quinella': 15, 'exacta': 30, 'trio': 0, 'win': 0} (history 9)
[잔존마 필터] 아오모리 2경주: 전적 7두 → 배당 출전마 6두 (배당 없는 마번 제외: [7])
[각질편성] 아오모리 2경주: 선행3·선입0·추입3 → ⚡ 빠른 페이스
[경륜전개] 아오모리 2경주: 하이(주도권 경합) · 라인 3개 · 페어 [[2, 3], [4, 1], [5, 6]]
[경륜 추천 개수] 6명 → 메인 2개(상한 2) · 복병 이동 1개
[단통 상한] 메인 2개 · 복병이동 1개
🔎 [결정론 검수] 아오모리 2경주: B라인누락
[자동분석·배경] 아오모리 2경주: 마감 332초 전 재분석(rec_history 누적·cycle)
[3종 수집] 아오모리 2경주: {'quinella': 15, 'exacta': 30, 'trio': 0, 'win': 0} (history 10)
[잔존마 필터] 아오모리 2경주: 전적 7두 → 배당 출전마 6두 (배당 없는 마번 제외: [7])
[각질편성] 아오모리 2경주: 선행3·선입0·추입3 → ⚡ 빠른 페이스
[경륜전개] 아오모리 2경주: 하이(주도권 경합) · 라인 3개 · 페어 [[2, 3], [4, 1], [5, 6]]
[경륜 추천 개수] 6명 → 메인 2개(상한 2) · 복병 이동 1개
[단통 상한] 메인 2개 · 복병이동 1개
[자동분석·배경] 아오모리 2경주: 마감 301초 전 재분석(rec_history 누적·cycle)
[잔존마 필터] 아오모리 2경주: 전적 7두 → 배당 출전마 6두 (배당 없는 마번 제외: [7])
[각질편성] 아오모리 2경주: 선행3·선입0·추입3 → ⚡ 빠른 페이스
[경륜전개] 아오모리 2경주: 하이(주도권 경합) · 라인 3개 · 페어 [[2, 3], [4, 1], [5, 6]]
[경륜 추천 개수] 6명 → 메인 2개(상한 2) · 복병 이동 1개
[단통 상한] 메인 2개 · 복병이동 1개
[카카오알림] 아오모리 2경주 T-5 → 큐 적재
[3종 수집] 아오모리 2경주: {'quinella': 15, 'exacta': 30, 'trio': 0, 'win': 0} (history 11)
[잔존마 필터] 아오모리 2경주: 전적 7두 → 배당 출전마 6두 (배당 없는 마번 제외: [7])
[각질편성] 아오모리 2경주: 선행3·선입0·추입3 → ⚡ 빠른 페이스
[경륜전개] 아오모리 2경주: 하이(주도권 경합) · 라인 3개 · 페어 [[2, 3], [4, 1], [5, 6]]
[경륜 추천 개수] 6명 → 메인 2개(상한 2) · 복병 이동 1개
[단통 상한] 메인 2개 · 복병이동 1개
[자동예상] 아오모리 2경주 최종예상 저장(2026_08_01_아오모리_2경주.json)
[잔존마 필터] 아오모리 2경주: 전적 7두 → 배당 출전마 6두 (배당 없는 마번 제외: [7])
[각질편성] 아오모리 2경주: 선행3·선입0·추입3 → ⚡ 빠른 페이스
[경륜전개] 아오모리 2경주: 하이(주도권 경합) · 라인 3개 · 페어 [[2, 3], [4, 1], [5, 6]]
[경륜 추천 개수] 6명 → 메인 2개(상한 2) · 복병 이동 1개
[단통 상한] 메인 2개 · 복병이동 1개
[자동분석·배경] 아오모리 2경주: 마감 268초 전 재분석(rec_history 누적·cycle)
[카톡 변경알림·즉시] 아오모리 2경주 (남은 268s): 삼복승 제외: 2+3+6 · 3+4+6
[3종 수집] 아오모리 2경주: {'quinella': 15, 'exacta': 30, 'trio': 0, 'win': 0} (history 12)
[잔존마 필터] 아오모리 2경주: 전적 7두 → 배당 출전마 6두 (배당 없는 마번 제외: [7])
[각질편성] 아오모리 2경주: 선행3·선입0·추입3 → ⚡ 빠른 페이스
[경륜전개] 아오모리 2경주: 하이(주도권 경합) · 라인 3개 · 페어 [[2, 3], [4, 1], [5, 6]]
[경륜 추천 개수] 6명 → 메인 2개(상한 2) · 복병 이동 2개
[단통 상한] 메인 2개 · 복병이동 0개
[자동분석·배경] 아오모리 2경주: 마감 236초 전 재분석(rec_history 누적·cycle)
[3종 수집] 아오모리 2경주: {'quinella': 15, 'exacta': 30, 'trio': 0, 'win': 0} (history 12)
[잔존마 필터] 아오모리 2경주: 전적 7두 → 배당 출전마 6두 (배당 없는 마번 제외: [7])
[각질편성] 아오모리 2경주: 선행3·선입0·추입3 → ⚡ 빠른 페이스
[경륜전개] 아오모리 2경주: 하이(주도권 경합) · 라인 3개 · 페어 [[2, 3], [4, 1], [5, 6]]
[경륜 추천 개수] 6명 → 메인 2개(상한 2) · 복병 이동 2개
[단통 상한] 메인 2개 · 복병이동 0개
[자동분석·배경] 아오모리 2경주: 마감 204초 전 재분석(rec_history 누적·cycle)
[3종 수집] 아오모리 2경주: {'quinella': 15, 'exacta': 30, 'trio': 0, 'win': 0} (history 12)
[잔존마 필터] 아오모리 2경주: 전적 7두 → 배당 출전마 6두 (배당 없는 마번 제외: [7])
[각질편성] 아오모리 2경주: 선행3·선입0·추입3 → ⚡ 빠른 페이스
[경륜전개] 아오모리 2경주: 하이(주도권 경합) · 라인 3개 · 페어 [[2, 3], [4, 1], [5, 6]]
[T-2분 왕축 동결] 아오모리 2경주: [3, 4] → [3, 4] 유지(cur_mb=2)
[경륜 추천 개수] 6명 → 메인 2개(상한 2) · 복병 이동 2개
[단통 상한] 메인 2개 · 복병이동 0개
[자동분석·배경] 아오모리 2경주: 마감 172초 전 재분석(rec_history 누적·cycle)
[다중경주] 하트비트 #111 · 스케줄 ymd=20260801 (-1초 전 갱신 · 트랙 12개)
[3종 수집] 아오모리 2경주: {'quinella': 15, 'exacta': 30, 'trio': 0, 'win': 0} (history 12)
[잔존마 필터] 아오모리 2경주: 전적 7두 → 배당 출전마 6두 (배당 없는 마번 제외: [7])
[각질편성] 아오모리 2경주: 선행3·선입0·추입3 → ⚡ 빠른 페이스
[경륜전개] 아오모리 2경주: 하이(주도권 경합) · 라인 3개 · 페어 [[2, 3], [4, 1], [5, 6]]
[T-2분 왕축 동결] 아오모리 2경주: [3, 4] → [3, 4] 유지(cur_mb=2)
[경륜 추천 개수] 6명 → 메인 2개(상한 2) · 복병 이동 2개
[단통 상한] 메인 2개 · 복병이동 0개
[자동분석·배경] 아오모리 2경주: 마감 140초 전 재분석(rec_history 누적·cycle)
[3종 수집] 아오모리 2경주: {'quinella': 15, 'exacta': 30, 'trio': 0, 'win': 0} (history 12)
[잔존마 필터] 아오모리 2경주: 전적 7두 → 배당 출전마 6두 (배당 없는 마번 제외: [7])
[각질편성] 아오모리 2경주: 선행3·선입0·추입3 → ⚡ 빠른 페이스
[경륜전개] 아오모리 2경주: 하이(주도권 경합) · 라인 3개 · 페어 [[2, 3], [4, 1], [5, 6]]
[T-2분 왕축 동결] 아오모리 2경주: [3, 4] → [3, 4] 유지(cur_mb=1)
[경륜 추천 개수] 6명 → 메인 2개(상한 2) · 복병 이동 2개
[단통 상한] 메인 2개 · 복병이동 0개
[자동분석·배경] 아오모리 2경주: 마감 108초 전 재분석(rec_history 누적·cycle)
[3종 수집] 아오모리 2경주: {'quinella': 15, 'exacta': 30, 'trio': 0, 'win': 0} (history 12)
[잔존마 필터] 아오모리 2경주: 전적 7두 → 배당 출전마 6두 (배당 없는 마번 제외: [7])
[각질편성] 아오모리 2경주: 선행3·선입0·추입3 → ⚡ 빠른 페이스
[경륜전개] 아오모리 2경주: 하이(주도권 경합) · 라인 3개 · 페어 [[2, 3], [4, 1], [5, 6]]
[T-2분 왕축 동결] 아오모리 2경주: [3, 1] → [3, 4] 유지(cur_mb=1)
[경륜 추천 개수] 6명 → 메인 2개(상한 2) · 복병 이동 2개
[단통 상한] 메인 2개 · 복병이동 0개
[자동분석·배경] 아오모리 2경주: 마감 76초 전 재분석(rec_history 누적·cycle)
[3종 수집] 아오모리 2경주: {'quinella': 15, 'exacta': 30, 'trio': 0, 'win': 0} (history 12)
[잔존마 필터] 아오모리 2경주: 전적 7두 → 배당 출전마 6두 (배당 없는 마번 제외: [7])
[각질편성] 아오모리 2경주: 선행3·선입0·추입3 → ⚡ 빠른 페이스
[경륜전개] 아오모리 2경주: 하이(주도권 경합) · 라인 3개 · 페어 [[2, 3], [4, 1], [5, 6]]
[경륜 추천 개수] 6명 → 메인 2개(상한 2) · 복병 이동 2개
[단통 상한] 메인 2개 · 복병이동 0개
[자동분석·배경] 아오모리 2경주: 마감 44초 전 재분석(rec_history 누적·cycle)
📊 [채점] 아오모리 1경주: Gemini 2/3 ↔ 시장 2/3 · 놓침 [5]
📝 [복기] 아오모리 1경주: 5번의 최근 착순(7/31 일반 2착)이 좋았으나, 3번과 같은 D등급 추입형으로 묶어 잠 → 규칙(3): D등급 추입형 선수라도 최근 착순에 1착이나 2착과 같은 상위권 기록이 있다면, 잠재력을 높게 평가하고 예측
[각질편성] 아오모리 1경주: 선행2·선입0·추입5 → 보통 페이스
[경륜전개] 아오모리 1경주: 보통 · 라인 2개 · 페어 [[7, 2], [1, 5]]
[보조조합 적중] 아오모리 1경주 · 2+5+7 (전적A 보완) — 승격 후보 표본 누적
[스냅샷 비교] 아오모리 1경주 · 최저배당 변화 None · 추천변경 None · 신호 T-6분
[신호별학습] 아오모리 1경주 · 활성신호 ['급락', '전적이중수렴'] · 유력마적중 복승=True 삼복승=False
[결과 수정] 아오모리 1경주: 기존 레코드 교체(재입력)
[복병케이스] 아오모리 1경주: 복병 4두 저장(입상 2)
[각질편성] 아오모리 1경주: 선행2·선입0·추입5 → 보통 페이스
[경륜전개] 아오모리 1경주: 보통 · 라인 2개 · 페어 [[7, 2], [1, 5]]
[readonly 잠금] 아오모리 1경주: 마감 확정 파일 — corePicks/시계열 보존, result/hit만 업데이트 허용
[마감 동결] 아오모리 1경주: 확정본 복원(출처 closed_row · 기준 08:29:01)
[패턴발견] 결과 1509경주 스캔 → 발견 패턴 10개(기준 적중률 35.1%)
[자동학습] 아오모리 1경주 결과 [2, 7, 5] → 추천적중 True, 급락적중 False, 전적유력마 1(실패), 제거적중 False
[경륜 결과 백필] 2026-08-01: 시도 3 · 성공 1 · 실패 2
  ↳ 실패: 아오모리 2경주 - 결과 미게시/파싱 실패
  ↳ 실패: 호후 1경주 - 결과 미게시/파싱 실패
[3종 수집] 아오모리 2경주: {'quinella': 15, 'exacta': 30, 'trio': 0, 'win': 0} (history 12)
[데이터백업] ✅ GitHub 반영: 결과 자동백업: 아오모리 1경주 2-7-5
[경륜 전적·자동] 호후 2경주: 7두 수집(競走得点·절대등급 A/B/C/D·라인[1, 5, 2, 6, 3, 7, 4]) → 통합등급 자동 반영
[3종 수집] 호후 2경주: {'quinella': 21, 'exacta': 42, 'trio': 0, 'win': 0} (history 1)
[3종 수집] 아오모리 2경주: {'quinella': 15, 'exacta': 30, 'trio': 0, 'win': 0} (history 12)
🔮 [예측] 호후 2경주: top3=[2, 6, 4] conf=4 · 선행형 선수가 2명(2, 3번)뿐인데 비해 추입형 선수가 5명(1, 4,
[각질편성] 호후 2경주: 선행2·선입0·추입5 → 보통 페이스
[경륜전개] 호후 2경주: 보통 · 라인 3개 · 페어 [[2, 6], [1, 5], [3, 7]]
[복승불일치 축교정] 호후 2경주: 축 [2, 6]로 교정(자금이탈 강등 [7]·🔴🔴)
[경륜 추천 개수] 7명 → 메인 3개(상한 3) · 복병 이동 1개
[자동분석·배경] 호후 2경주: 마감 580초 전 재분석(rec_history 누적·cycle)
[각질편성] 호후 2경주: 선행2·선입0·추입5 → 보통 페이스
[경륜전개] 호후 2경주: 보통 · 라인 3개 · 페어 [[2, 6], [1, 5], [3, 7]]
[복승불일치 축교정] 호후 2경주: 축 [2, 6]로 교정(자금이탈 강등 [7]·🔴🔴)
[경륜 추천 개수] 7명 → 메인 3개(상한 3) · 복병 이동 1개
[3종 수집] 아오모리 2경주: {'quinella': 15, 'exacta': 30, 'trio': 0, 'win': 0} (history 12)
[3종 수집] 호후 2경주: {'quinella': 21, 'exacta': 42, 'trio': 0, 'win': 0} (history 2)
[각질편성] 호후 2경주: 선행2·선입0·추입5 → 보통 페이스
[경륜전개] 호후 2경주: 보통 · 라인 3개 · 페어 [[2, 6], [1, 5], [3, 7]]
[복승불일치 축교정] 호후 2경주: 축 [2, 6]로 교정(자금이탈 강등 [7]·🔴🔴)
🔎 [결정론 검수] 호후 2경주: B라인누락
[자동분석·배경] 호후 2경주: 마감 544초 전 재분석(rec_history 누적·cycle)
[잔존마 필터] 아오모리 2경주: 전적 7두 → 배당 출전마 6두 (배당 없는 마번 제외: [7])
[각질편성] 아오모리 2경주: 선행3·선입0·추입3 → ⚡ 빠른 페이스
[경륜전개] 아오모리 2경주: 하이(주도권 경합) · 라인 3개 · 페어 [[2, 3], [4, 1], [5, 6]]
[3종 수집] 호후 2경주: {'quinella': 21, 'exacta': 42, 'trio': 0, 'win': 0} (history 3)
[3종 수집] 아오모리 2경주: {'quinella': 15, 'exacta': 30, 'trio': 0, 'win': 0} (history 12)
[각질편성] 호후 2경주: 선행2·선입0·추입5 → 보통 페이스
[경륜전개] 호후 2경주: 보통 · 라인 3개 · 페어 [[2, 6], [1, 5], [3, 7]]
[복승불일치 축교정] 호후 2경주: 축 [2, 6]로 교정(자금이탈 강등 [7]·🔴🔴)
[자동분석·배경] 호후 2경주: 마감 512초 전 재분석(rec_history 누적·cycle)
[한국경마 스케줄] 20260801: 경마장 0곳 · 경주 0개(KRA API 감지·발주시각 미제공)
[다중경주 스케줄] 20260801: 트랙 12곳(경륜 10·한국 0 포함) · 경주 118개
[3종 수집] 아오모리 2경주: {'quinella': 15, 'exacta': 30, 'trio': 0, 'win': 0} (history 12)
[3종 수집] 호후 2경주: {'quinella': 21, 'exacta': 42, 'trio': 0, 'win': 0} (history 4)
[각질편성] 호후 2경주: 선행2·선입0·추입5 → 보통 페이스
[경륜전개] 호후 2경주: 보통 · 라인 3개 · 페어 [[2, 6], [1, 5], [3, 7]]
[복승불일치 축교정] 호후 2경주: 축 [2, 6]로 교정(자금이탈 강등 [7]·🔴🔴)
[자동분석·배경] 호후 2경주: 마감 480초 전 재분석(rec_history 누적·cycle)
[3종 수집] 호후 2경주: {'quinella': 21, 'exacta': 42, 'trio': 0, 'win': 0} (history 5)
[각질편성] 호후 2경주: 선행2·선입0·추입5 → 보통 페이스
[경륜전개] 호후 2경주: 보통 · 라인 3개 · 페어 [[2, 6], [1, 5], [3, 7]]
[복승불일치 축교정] 호후 2경주: 축 [2, 6]로 교정(자금이탈 강등 [7]·🔴🔴)
[자동분석·배경] 호후 2경주: 마감 447초 전 재분석(rec_history 누적·cycle)
[잔존마 필터] 아오모리 2경주: 전적 7두 → 배당 출전마 6두 (배당 없는 마번 제외: [7])
[각질편성] 아오모리 2경주: 선행3·선입0·추입3 → ⚡ 빠른 페이스
[경륜전개] 아오모리 2경주: 하이(주도권 경합) · 라인 3개 · 페어 [[2, 3], [4, 1], [5, 6]]
[각질편성] 호후 2경주: 선행2·선입0·추입5 → 보통 페이스
[경륜전개] 호후 2경주: 보통 · 라인 3개 · 페어 [[2, 6], [1, 5], [3, 7]]
[복승불일치 축교정] 호후 2경주: 축 [2, 6]로 교정(자금이탈 강등 [7]·🔴🔴)
[카카오알림] 호후 2경주 T-7 → 큐 적재
[다중경주] 하트비트 #121 · 스케줄 ymd=20260801 (-1초 전 갱신 · 트랙 12개)
[3종 수집] 호후 2경주: {'quinella': 21, 'exacta': 42, 'trio': 0, 'win': 0} (history 6)
[placeholder 필터] 호후 2경주 쌍승 껍데기 배당 3조합 제외(값: [112.4])
[각질편성] 호후 2경주: 선행2·선입0·추입5 → 보통 페이스
[경륜전개] 호후 2경주: 보통 · 라인 3개 · 페어 [[2, 6], [1, 5], [3, 7]]
[경륜 추천 개수] 7명 → 메인 3개(상한 3) · 복병 이동 1개
[자동분석·배경] 호후 2경주: 마감 414초 전 재분석(rec_history 누적·cycle)
[3종 수집] 호후 2경주: {'quinella': 21, 'exacta': 42, 'trio': 0, 'win': 0} (history 7)
[placeholder 필터] 호후 2경주 쌍승 껍데기 배당 3조합 제외(값: [112.4])
[각질편성] 호후 2경주: 선행2·선입0·추입5 → 보통 페이스
[경륜전개] 호후 2경주: 보통 · 라인 3개 · 페어 [[2, 6], [1, 5], [3, 7]]
[경륜 추천 개수] 7명 → 메인 3개(상한 3) · 복병 이동 1개
[자동분석·배경] 호후 2경주: 마감 383초 전 재분석(rec_history 누적·cycle)
[3종 수집] 호후 2경주: {'quinella': 21, 'exacta': 42, 'trio': 0, 'win': 0} (history 8)
[placeholder 필터] 호후 2경주 쌍승 껍데기 배당 3조합 제외(값: [112.4])
[각질편성] 호후 2경주: 선행2·선입0·추입5 → 보통 페이스
[경륜전개] 호후 2경주: 보통 · 라인 3개 · 페어 [[2, 6], [1, 5], [3, 7]]
[경륜 추천 개수] 7명 → 메인 3개(상한 3) · 복병 이동 1개
[자동분석·배경] 호후 2경주: 마감 350초 전 재분석(rec_history 누적·cycle)
[3종 수집] 호후 2경주: {'quinella': 21, 'exacta': 42, 'trio': 0, 'win': 0} (history 9)
[각질편성] 호후 2경주: 선행2·선입0·추입5 → 보통 페이스
[경륜전개] 호후 2경주: 보통 · 라인 3개 · 페어 [[2, 6], [1, 5], [3, 7]]
[복승불일치 축교정] 호후 2경주: 축 [2, 6]로 교정(자금이탈 강등 [7]·🔴🔴)
[자동분석·배경] 호후 2경주: 마감 318초 전 재분석(rec_history 누적·cycle)
[각질편성] 호후 2경주: 선행2·선입0·추입5 → 보통 페이스
[경륜전개] 호후 2경주: 보통 · 라인 3개 · 페어 [[2, 6], [1, 5], [3, 7]]
[복승불일치 축교정] 호후 2경주: 축 [2, 6]로 교정(자금이탈 강등 [7]·🔴🔴)
[카카오알림] 호후 2경주 T-5 → 큐 적재
[3종 수집] 호후 2경주: {'quinella': 21, 'exacta': 42, 'trio': 0, 'win': 0} (history 10)
[각질편성] 호후 2경주: 선행2·선입0·추입5 → 보통 페이스
[경륜전개] 호후 2경주: 보통 · 라인 3개 · 페어 [[2, 6], [1, 5], [3, 7]]
[복승불일치 축교정] 호후 2경주: 축 [2, 6]로 교정(자금이탈 강등 [7]·🔴🔴)
[자동예상] 호후 2경주 최종예상 저장(2026_08_01_호후_2경주.json)
[각질편성] 호후 2경주: 선행2·선입0·추입5 → 보통 페이스
[경륜전개] 호후 2경주: 보통 · 라인 3개 · 페어 [[2, 6], [1, 5], [3, 7]]
[복승불일치 축교정] 호후 2경주: 축 [2, 6]로 교정(자금이탈 강등 [7]·🔴🔴)
[자동분석·배경] 호후 2경주: 마감 286초 전 재분석(rec_history 누적·cycle)
[3종 수집] 호후 2경주: {'quinella': 21, 'exacta': 42, 'trio': 0, 'win': 0} (history 11)
[각질편성] 호후 2경주: 선행2·선입0·추입5 → 보통 페이스
[경륜전개] 호후 2경주: 보통 · 라인 3개 · 페어 [[2, 6], [1, 5], [3, 7]]
[복승불일치 축교정] 호후 2경주: 축 [2, 6]로 교정(자금이탈 강등 [7]·🔴🔴)
[자동분석·배경] 호후 2경주: 마감 254초 전 재분석(rec_history 누적·cycle)
[카톡 변경알림·즉시] 호후 2경주 (남은 254s): 삼복승 제외: 2+3+6 · 2+5+6
[3종 수집] 호후 2경주: {'quinella': 21, 'exacta': 42, 'trio': 0, 'win': 0} (history 12)
[각질편성] 호후 2경주: 선행2·선입0·추입5 → 보통 페이스
[경륜전개] 호후 2경주: 보통 · 라인 3개 · 페어 [[2, 6], [1, 5], [3, 7]]
[복승불일치 축교정] 호후 2경주: 축 [2, 6]로 교정(자금이탈 강등 [7]·🔴🔴)
[자동분석·배경] 호후 2경주: 마감 223초 전 재분석(rec_history 누적·cycle)
[3종 수집] 호후 2경주: {'quinella': 21, 'exacta': 42, 'trio': 0, 'win': 0} (history 12)
[각질편성] 호후 2경주: 선행2·선입0·추입5 → 보통 페이스
[경륜전개] 호후 2경주: 보통 · 라인 3개 · 페어 [[2, 6], [1, 5], [3, 7]]
[복승불일치 축교정] 호후 2경주: 축 [2, 6]로 교정(자금이탈 강등 [7]·🔴🔴)
[자동분석·배경] 호후 2경주: 마감 191초 전 재분석(rec_history 누적·cycle)
[3종 수집] 호후 2경주: {'quinella': 21, 'exacta': 42, 'trio': 0, 'win': 0} (history 12)
[각질편성] 호후 2경주: 선행2·선입0·추입5 → 보통 페이스
[경륜전개] 호후 2경주: 보통 · 라인 3개 · 페어 [[2, 6], [1, 5], [3, 7]]
[복승불일치 축교정] 호후 2경주: 축 [2, 6]로 교정(자금이탈 강등 [7]·🔴🔴)
[T-2분 왕축 동결] 호후 2경주: [2, 6] → [2, 6] 유지(cur_mb=2)
[자동분석·배경] 호후 2경주: 마감 159초 전 재분석(rec_history 누적·cycle)
[3종 수집] 호후 2경주: {'quinella': 21, 'exacta': 42, 'trio': 0, 'win': 0} (history 12)
[각질편성] 호후 2경주: 선행2·선입0·추입5 → 보통 페이스
[경륜전개] 호후 2경주: 보통 · 라인 3개 · 페어 [[2, 6], [1, 5], [3, 7]]
[복승불일치 축교정] 호후 2경주: 축 [2, 6]로 교정(자금이탈 강등 [7]·🔴🔴)
[T-2분 왕축 동결] 호후 2경주: [2, 6] → [2, 6] 유지(cur_mb=2)
[자동분석·배경] 호후 2경주: 마감 127초 전 재분석(rec_history 누적·cycle)
[다중경주] 하트비트 #131 · 스케줄 ymd=20260801 (-1초 전 갱신 · 트랙 12개)
[3종 수집] 호후 2경주: {'quinella': 21, 'exacta': 42, 'trio': 0, 'win': 0} (history 12)
[각질편성] 호후 2경주: 선행2·선입0·추입5 → 보통 페이스
[경륜전개] 호후 2경주: 보통 · 라인 3개 · 페어 [[2, 6], [1, 5], [3, 7]]
[복승불일치 축교정] 호후 2경주: 축 [2, 6]로 교정(자금이탈 강등 [7]·🔴🔴)
[T-2분 왕축 동결] 호후 2경주: [2, 6] → [2, 6] 유지(cur_mb=1)
[경륜 추천 모순 수정] 고배당 강제조합 1건 메인→복병 이동(25배 상한)
[자동분석·배경] 호후 2경주: 마감 95초 전 재분석(rec_history 누적·cycle)
[3종 수집] 호후 2경주: {'quinella': 21, 'exacta': 42, 'trio': 0, 'win': 0} (history 12)
[각질편성] 호후 2경주: 선행2·선입0·추입5 → 보통 페이스
[경륜전개] 호후 2경주: 보통 · 라인 3개 · 페어 [[2, 6], [1, 5], [3, 7]]
[복승불일치 축교정] 호후 2경주: 축 [2, 6]로 교정(자금이탈 강등 [7]·🔴🔴)
[T-2분 왕축 동결] 호후 2경주: [2, 6] → [2, 6] 유지(cur_mb=1)
[경륜 추천 모순 수정] 고배당 강제조합 1건 메인→복병 이동(25배 상한)
[자동분석·배경] 호후 2경주: 마감 63초 전 재분석(rec_history 누적·cycle)
[3종 수집] 호후 2경주: {'quinella': 21, 'exacta': 42, 'trio': 0, 'win': 0} (history 12)
[각질편성] 호후 2경주: 선행2·선입0·추입5 → 보통 페이스
[경륜전개] 호후 2경주: 보통 · 라인 3개 · 페어 [[2, 6], [1, 5], [3, 7]]
[복승불일치 축교정] 호후 2경주: 축 [2, 6]로 교정(자금이탈 강등 [7]·🔴🔴)
[경륜 추천 모순 수정] 고배당 강제조합 1건 메인→복병 이동(25배 상한)
[자동분석·배경] 호후 2경주: 마감 31초 전 재분석(rec_history 누적·cycle)
[경륜 전적·자동] 아오모리 3경주: 7두 수집(競走得点·절대등급 A/B/C/D·라인[4, 1, 2, 5, 6, 7, 3]) → 통합등급 자동 반영
[3종 수집] 아오모리 3경주: {'quinella': 21, 'exacta': 42, 'trio': 0, 'win': 0} (history 1)
[3종 수집] 호후 2경주: {'quinella': 21, 'exacta': 42, 'trio': 0, 'win': 0} (history 12)
🔮 [예측] 아오모리 3경주: top3=[2, 7, 3] conf=4 · 이 경주는 단 하나의 선행형(2번)과 하나의 젖히기형(7번)을 제외하고 
[각질편성] 아오모리 3경주: 선행2·선입0·추입5 → 보통 페이스
[경륜전개] 아오모리 3경주: 슬로우(단독 선행) · 라인 3개 · 페어 [[2, 5], [7, 3], [4, 1]]
[복승불일치 축교정] 아오모리 3경주: 축 [2, 5]로 교정(자금이탈 강등 [1]·🔴🔴)
[단통 상한] 메인 3개 · 복병이동 1개
🔎 [결정론 검수] 아오모리 3경주: B라인누락
[자동분석·배경] 아오모리 3경주: 마감 598초 전 재분석(rec_history 누적·cycle)
[각질편성] 아오모리 3경주: 선행2·선입0·추입5 → 보통 페이스
[경륜전개] 아오모리 3경주: 슬로우(단독 선행) · 라인 3개 · 페어 [[2, 5], [7, 3], [4, 1]]
[복승불일치 축교정] 아오모리 3경주: 축 [2, 5]로 교정(자금이탈 강등 [1]·🔴🔴)
[단통 상한] 메인 3개 · 복병이동 1개
[3종 수집] 아오모리 3경주: {'quinella': 21, 'exacta': 42, 'trio': 0, 'win': 0} (history 2)
[3종 수집] 호후 2경주: {'quinella': 21, 'exacta': 42, 'trio': 0, 'win': 0} (history 12)
[각질편성] 아오모리 3경주: 선행2·선입0·추입5 → 보통 페이스
[경륜전개] 아오모리 3경주: 슬로우(단독 선행) · 라인 3개 · 페어 [[2, 5], [7, 3], [4, 1]]
[복승불일치 축교정] 아오모리 3경주: 축 [2, 5]로 교정(자금이탈 강등 [1]·🔴🔴)
[단통 상한] 메인 3개 · 복병이동 0개
[자동분석·배경] 아오모리 3경주: 마감 563초 전 재분석(rec_history 누적·cycle)
[각질편성] 호후 2경주: 선행2·선입0·추입5 → 보통 페이스
[경륜전개] 호후 2경주: 보통 · 라인 3개 · 페어 [[2, 6], [1, 5], [3, 7]]
[카톡 변경알림] 호후 2경주 발송: 복승 추가: 1+5 / 복승 제외: 1+2
[3종 수집] 호후 2경주: {'quinella': 21, 'exacta': 42, 'trio': 0, 'win': 0} (history 12)
[3종 수집] 아오모리 3경주: {'quinella': 21, 'exacta': 42, 'trio': 0, 'win': 0} (history 3)
[각질편성] 아오모리 3경주: 선행2·선입0·추입5 → 보통 페이스
[경륜전개] 아오모리 3경주: 슬로우(단독 선행) · 라인 3개 · 페어 [[2, 5], [7, 3], [4, 1]]
[복승불일치 축교정] 아오모리 3경주: 축 [2, 5]로 교정(자금이탈 강등 [1]·🔴🔴)
[단통 상한] 메인 3개 · 복병이동 0개
[자동분석·배경] 아오모리 3경주: 마감 530초 전 재분석(rec_history 누적·cycle)
[활성정리] 끝난 경주 1건 제거(히스토리 보존): 아오모리 1경주
[3종 수집] 아오모리 3경주: {'quinella': 21, 'exacta': 42, 'trio': 0, 'win': 0} (history 4)
[3종 수집] 호후 2경주: {'quinella': 21, 'exacta': 42, 'trio': 0, 'win': 0} (history 12)
[각질편성] 아오모리 3경주: 선행2·선입0·추입5 → 보통 페이스
[경륜전개] 아오모리 3경주: 슬로우(단독 선행) · 라인 3개 · 페어 [[2, 5], [7, 3], [4, 1]]
[복승불일치 축교정] 아오모리 3경주: 축 [2, 5]로 교정(자금이탈 강등 [1]·🔴🔴)
[단통 상한] 메인 2개 · 복병이동 2개
[자동분석·배경] 아오모리 3경주: 마감 498초 전 재분석(rec_history 누적·cycle)
[3종 수집] 아오모리 3경주: {'quinella': 21, 'exacta': 42, 'trio': 0, 'win': 0} (history 5)
[각질편성] 아오모리 3경주: 선행2·선입0·추입5 → 보통 페이스
[경륜전개] 아오모리 3경주: 슬로우(단독 선행) · 라인 3개 · 페어 [[2, 5], [7, 3], [4, 1]]
[복승불일치 축교정] 아오모리 3경주: 축 [2, 5]로 교정(자금이탈 강등 [1]·🔴🔴)
[단통 상한] 메인 2개 · 복병이동 2개
[자동분석·배경] 아오모리 3경주: 마감 466초 전 재분석(rec_history 누적·cycle)
[3종 수집] 아오모리 3경주: {'quinella': 21, 'exacta': 42, 'trio': 0, 'win': 0} (history 6)
[각질편성] 아오모리 3경주: 선행2·선입0·추입5 → 보통 페이스
[경륜전개] 아오모리 3경주: 슬로우(단독 선행) · 라인 3개 · 페어 [[2, 5], [7, 3], [4, 1]]
[복승불일치 축교정] 아오모리 3경주: 축 [2, 5]로 교정(자금이탈 강등 [1]·🔴🔴)
[단통 상한] 메인 2개 · 복병이동 1개
[자동분석·배경] 아오모리 3경주: 마감 434초 전 재분석(rec_history 누적·cycle)
[각질편성] 호후 2경주: 선행2·선입0·추입5 → 보통 페이스
[경륜전개] 호후 2경주: 보통 · 라인 3개 · 페어 [[2, 6], [1, 5], [3, 7]]
[각질편성] 아오모리 3경주: 선행2·선입0·추입5 → 보통 페이스
[경륜전개] 아오모리 3경주: 슬로우(단독 선행) · 라인 3개 · 페어 [[2, 5], [7, 3], [4, 1]]
[복승불일치 축교정] 아오모리 3경주: 축 [2, 5]로 교정(자금이탈 강등 [1]·🔴🔴)
[단통 상한] 메인 2개 · 복병이동 1개
[카카오알림] 아오모리 3경주 T-7 → 큐 적재
[3종 수집] 아오모리 3경주: {'quinella': 21, 'exacta': 42, 'trio': 0, 'win': 0} (history 7)
[각질편성] 아오모리 3경주: 선행2·선입0·추입5 → 보통 페이스
[경륜전개] 아오모리 3경주: 슬로우(단독 선행) · 라인 3개 · 페어 [[2, 5], [7, 3], [4, 1]]
[복승불일치 축교정] 아오모리 3경주: 축 [2, 5]로 교정(자금이탈 강등 [1]·🔴🔴)
[단통 상한] 메인 2개 · 복병이동 1개
[자동분석·배경] 아오모리 3경주: 마감 401초 전 재분석(rec_history 누적·cycle)
[다중경주] 하트비트 #141 · 스케줄 ymd=20260801 (-1초 전 갱신 · 트랙 12개)
[3종 수집] 아오모리 3경주: {'quinella': 21, 'exacta': 42, 'trio': 0, 'win': 0} (history 8)
[각질편성] 아오모리 3경주: 선행2·선입0·추입5 → 보통 페이스
[경륜전개] 아오모리 3경주: 슬로우(단독 선행) · 라인 3개 · 페어 [[2, 5], [7, 3], [4, 1]]
[복승불일치 축교정] 아오모리 3경주: 축 [2, 5]로 교정(자금이탈 강등 [1]·🔴🔴)
[단통 상한] 메인 2개 · 복병이동 1개
[자동분석·배경] 아오모리 3경주: 마감 368초 전 재분석(rec_history 누적·cycle)
[3종 수집] 아오모리 3경주: {'quinella': 21, 'exacta': 42, 'trio': 0, 'win': 0} (history 9)
[각질편성] 아오모리 3경주: 선행2·선입0·추입5 → 보통 페이스
[경륜전개] 아오모리 3경주: 슬로우(단독 선행) · 라인 3개 · 페어 [[2, 5], [7, 3], [4, 1]]
[복승불일치 축교정] 아오모리 3경주: 축 [2, 5]로 교정(자금이탈 강등 [1]·🔴🔴)
[단통 상한] 메인 2개 · 복병이동 1개
[자동분석·배경] 아오모리 3경주: 마감 336초 전 재분석(rec_history 누적·cycle)
[3종 수집] 아오모리 3경주: {'quinella': 21, 'exacta': 42, 'trio': 0, 'win': 0} (history 10)
[각질편성] 아오모리 3경주: 선행2·선입0·추입5 → 보통 페이스
[경륜전개] 아오모리 3경주: 슬로우(단독 선행) · 라인 3개 · 페어 [[2, 5], [7, 3], [4, 1]]
[복승불일치 축교정] 아오모리 3경주: 축 [2, 5]로 교정(자금이탈 강등 [1]·🔴🔴)
[단통 상한] 메인 2개 · 복병이동 1개
[자동분석·배경] 아오모리 3경주: 마감 304초 전 재분석(rec_history 누적·cycle)
[각질편성] 아오모리 3경주: 선행2·선입0·추입5 → 보통 페이스
[경륜전개] 아오모리 3경주: 슬로우(단독 선행) · 라인 3개 · 페어 [[2, 5], [7, 3], [4, 1]]
[복승불일치 축교정] 아오모리 3경주: 축 [2, 5]로 교정(자금이탈 강등 [1]·🔴🔴)
[단통 상한] 메인 2개 · 복병이동 1개
[카카오알림] 아오모리 3경주 T-5 → 큐 적재
[3종 수집] 아오모리 3경주: {'quinella': 21, 'exacta': 42, 'trio': 0, 'win': 0} (history 11)
[각질편성] 아오모리 3경주: 선행2·선입0·추입5 → 보통 페이스
[경륜전개] 아오모리 3경주: 슬로우(단독 선행) · 라인 3개 · 페어 [[2, 5], [7, 3], [4, 1]]
[복승불일치 축교정] 아오모리 3경주: 축 [2, 5]로 교정(자금이탈 강등 [1]·🔴🔴)
[단통 상한] 메인 2개 · 복병이동 1개
[자동예상] 아오모리 3경주 최종예상 저장(2026_08_01_아오모리_3경주.json)
[각질편성] 아오모리 3경주: 선행2·선입0·추입5 → 보통 페이스
[경륜전개] 아오모리 3경주: 슬로우(단독 선행) · 라인 3개 · 페어 [[2, 5], [7, 3], [4, 1]]
[복승불일치 축교정] 아오모리 3경주: 축 [2, 5]로 교정(자금이탈 강등 [1]·🔴🔴)
[단통 상한] 메인 2개 · 복병이동 1개
[자동분석·배경] 아오모리 3경주: 마감 272초 전 재분석(rec_history 누적·cycle)
[자동예상] 아오모리 2경주 결과대조 → 복승False·삼복승False
[카톡 변경알림·즉시] 아오모리 3경주 (남은 272s): 삼복승 제외: 2+3+5 · 2+5+6
[3종 수집] 아오모리 3경주: {'quinella': 21, 'exacta': 42, 'trio': 0, 'win': 0} (history 12)
[각질편성] 아오모리 3경주: 선행2·선입0·추입5 → 보통 페이스
[경륜전개] 아오모리 3경주: 슬로우(단독 선행) · 라인 3개 · 페어 [[2, 5], [7, 3], [4, 1]]
[복승불일치 축교정] 아오모리 3경주: 축 [2, 5]로 교정(자금이탈 강등 [1]·🔴🔴)
[단통 상한] 메인 2개 · 복병이동 1개
[자동분석·배경] 아오모리 3경주: 마감 240초 전 재분석(rec_history 누적·cycle)
[3종 수집] 아오모리 3경주: {'quinella': 21, 'exacta': 42, 'trio': 0, 'win': 0} (history 12)
[각질편성] 아오모리 3경주: 선행2·선입0·추입5 → 보통 페이스
[경륜전개] 아오모리 3경주: 슬로우(단독 선행) · 라인 3개 · 페어 [[2, 5], [7, 3], [4, 1]]
[복승불일치 축교정] 아오모리 3경주: 축 [2, 5]로 교정(자금이탈 강등 [1]·🔴🔴)
[단통 상한] 메인 2개 · 복병이동 1개
[자동분석·배경] 아오모리 3경주: 마감 208초 전 재분석(rec_history 누적·cycle)
[3종 수집] 아오모리 3경주: {'quinella': 21, 'exacta': 42, 'trio': 0, 'win': 0} (history 12)
[각질편성] 아오모리 3경주: 선행2·선입0·추입5 → 보통 페이스
[경륜전개] 아오모리 3경주: 슬로우(단독 선행) · 라인 3개 · 페어 [[2, 5], [7, 3], [4, 1]]
[복승불일치 축교정] 아오모리 3경주: 축 [2, 5]로 교정(자금이탈 강등 [1]·🔴🔴)
[T-2분 왕축 동결] 아오모리 3경주: [2, 5] → [2, 5] 유지(cur_mb=2)
[단통 상한] 메인 2개 · 복병이동 1개
[자동분석·배경] 아오모리 3경주: 마감 175초 전 재분석(rec_history 누적·cycle)
[3종 수집] 아오모리 3경주: {'quinella': 21, 'exacta': 42, 'trio': 0, 'win': 0} (history 12)
[각질편성] 아오모리 3경주: 선행2·선입0·추입5 → 보통 페이스
[경륜전개] 아오모리 3경주: 슬로우(단독 선행) · 라인 3개 · 페어 [[2, 5], [7, 3], [4, 1]]
[복승불일치 축교정] 아오모리 3경주: 축 [2, 5]로 교정(자금이탈 강등 [1]·🔴🔴)
[T-2분 왕축 동결] 아오모리 3경주: [2, 5] → [2, 5] 유지(cur_mb=2)
[단통 상한] 메인 2개 · 복병이동 1개
[자동분석·배경] 아오모리 3경주: 마감 143초 전 재분석(rec_history 누적·cycle)
[각질편성] 아오모리 3경주: 선행2·선입0·추입5 → 보통 페이스
[경륜전개] 아오모리 3경주: 슬로우(단독 선행) · 라인 3개 · 페어 [[2, 5], [7, 3], [4, 1]]
[각질편성] 아오모리 3경주: 선행2·선입0·추입5 → 보통 페이스
[각질편성] 아오모리 3경주: 선행2·선입0·추입5 → 보통 페이스
[경륜전개] 아오모리 3경주: 슬로우(단독 선행) · 라인 3개 · 페어 [[2, 5], [7, 3], [4, 1]]
[경륜전개] 아오모리 3경주: 슬로우(단독 선행) · 라인 3개 · 페어 [[2, 5], [7, 3], [4, 1]]
[복승불일치 축교정] 아오모리 3경주: 축 [2, 5]로 교정(자금이탈 강등 [1]·🔴🔴)
[복승불일치 축교정] 아오모리 3경주: 축 [2, 5]로 교정(자금이탈 강등 [1]·🔴🔴)
[복승불일치 축교정] 아오모리 3경주: 축 [2, 5]로 교정(자금이탈 강등 [1]·🔴🔴)
[각질편성] 아오모리 3경주: 선행2·선입0·추입5 → 보통 페이스
[경륜전개] 아오모리 3경주: 슬로우(단독 선행) · 라인 3개 · 페어 [[2, 5], [7, 3], [4, 1]]
[T-2분 왕축 동결] 아오모리 3경주: [2, 5] → [2, 5] 유지(cur_mb=1)
[단통 상한] 메인 2개 · 복병이동 1개
[복승불일치 축교정] 아오모리 3경주: 축 [2, 5]로 교정(자금이탈 강등 [1]·🔴🔴)
[T-2분 왕축 동결] 아오모리 3경주: [2, 5] → [2, 5] 유지(cur_mb=1)
[단통 상한] 메인 2개 · 복병이동 1개
[T-2분 왕축 동결] 아오모리 3경주: [2, 5] → [2, 5] 유지(cur_mb=1)
[단통 상한] 메인 2개 · 복병이동 1개
[분석로그] 저장 실패: [WinError 5] 액세스가 거부되었습니다: 'C:\\Users\\Administrator\\Desktop\\경마분석서버\\data\\analysis_log\\2026_08_01_아오모리_3경주.json.tmp' -> 'C:\\Users\\Administrator\\Desktop\\경마분석서버\\data\\analysis_log\\2026_08_01_아오모리_3경주.json'
[T-2분 왕축 동결] 아오모리 3경주: [2, 5] → [2, 5] 유지(cur_mb=1)
[단통 상한] 메인 2개 · 복병이동 1개
[각질편성] 아오모리 3경주: 선행2·선입0·추입5 → 보통 페이스
[경륜전개] 아오모리 3경주: 슬로우(단독 선행) · 라인 3개 · 페어 [[2, 5], [7, 3], [4, 1]]
[복승불일치 축교정] 아오모리 3경주: 축 [2, 5]로 교정(자금이탈 강등 [1]·🔴🔴)
[T-2분 왕축 동결] 아오모리 3경주: [2, 5] → [2, 5] 유지(cur_mb=1)
[단통 상한] 메인 2개 · 복병이동 1개
[3종 수집] 아오모리 3경주: {'quinella': 21, 'exacta': 42, 'trio': 0, 'win': 0} (history 12)
[각질편성] 아오모리 3경주: 선행2·선입0·추입5 → 보통 페이스
[경륜전개] 아오모리 3경주: 슬로우(단독 선행) · 라인 3개 · 페어 [[2, 5], [7, 3], [4, 1]]
[복승불일치 축교정] 아오모리 3경주: 축 [2, 5]로 교정(자금이탈 강등 [1]·🔴🔴)
[T-2분 왕축 동결] 아오모리 3경주: [2, 5] → [2, 5] 유지(cur_mb=1)
[단통 상한] 메인 2개 · 복병이동 1개
[각질편성] 아오모리 3경주: 선행2·선입0·추입5 → 보통 페이스
[경륜전개] 아오모리 3경주: 슬로우(단독 선행) · 라인 3개 · 페어 [[2, 5], [7, 3], [4, 1]]
[각질편성] 아오모리 3경주: 선행2·선입0·추입5 → 보통 페이스
[경륜전개] 아오모리 3경주: 슬로우(단독 선행) · 라인 3개 · 페어 [[2, 5], [7, 3], [4, 1]]
[복승불일치 축교정] 아오모리 3경주: 축 [2, 5]로 교정(자금이탈 강등 [1]·🔴🔴)
[복승불일치 축교정] 아오모리 3경주: 축 [2, 5]로 교정(자금이탈 강등 [1]·🔴🔴)
[T-2분 왕축 동결] 아오모리 3경주: [2, 5] → [2, 5] 유지(cur_mb=1)
[단통 상한] 메인 2개 · 복병이동 1개
[T-2분 왕축 동결] 아오모리 3경주: [2, 5] → [2, 5] 유지(cur_mb=1)
[단통 상한] 메인 2개 · 복병이동 1개
[각질편성] 아오모리 3경주: 선행2·선입0·추입5 → 보통 페이스
[경륜전개] 아오모리 3경주: 슬로우(단독 선행) · 라인 3개 · 페어 [[2, 5], [7, 3], [4, 1]]
[복승불일치 축교정] 아오모리 3경주: 축 [2, 5]로 교정(자금이탈 강등 [1]·🔴🔴)
[T-2분 왕축 동결] 아오모리 3경주: [2, 5] → [2, 5] 유지(cur_mb=1)
[단통 상한] 메인 2개 · 복병이동 1개
[각질편성] 아오모리 3경주: 선행2·선입0·추입5 → 보통 페이스
[경륜전개] 아오모리 3경주: 슬로우(단독 선행) · 라인 3개 · 페어 [[2, 5], [7, 3], [4, 1]]
[복승불일치 축교정] 아오모리 3경주: 축 [2, 5]로 교정(자금이탈 강등 [1]·🔴🔴)
[T-2분 왕축 동결] 아오모리 3경주: [2, 5] → [2, 5] 유지(cur_mb=1)
[단통 상한] 메인 2개 · 복병이동 1개
[스냅샷] 저장: 2026_08_01_아오모리_3경주_T-2.png (661 KB · T-2)
[각질편성] 아오모리 3경주: 선행2·선입0·추입5 → 보통 페이스
[경륜전개] 아오모리 3경주: 슬로우(단독 선행) · 라인 3개 · 페어 [[2, 5], [7, 3], [4, 1]]
[복승불일치 축교정] 아오모리 3경주: 축 [2, 5]로 교정(자금이탈 강등 [1]·🔴🔴)
[T-2분 왕축 동결] 아오모리 3경주: [2, 5] → [2, 5] 유지(cur_mb=1)
[단통 상한] 메인 2개 · 복병이동 1개
[각질편성] 아오모리 3경주: 선행2·선입0·추입5 → 보통 페이스
[경륜전개] 아오모리 3경주: 슬로우(단독 선행) · 라인 3개 · 페어 [[2, 5], [7, 3], [4, 1]]
[복승불일치 축교정] 아오모리 3경주: 축 [2, 5]로 교정(자금이탈 강등 [1]·🔴🔴)
[T-2분 왕축 동결] 아오모리 3경주: [2, 5] → [2, 5] 유지(cur_mb=1)
[단통 상한] 메인 2개 · 복병이동 1개
[각질편성] 아오모리 3경주: 선행2·선입0·추입5 → 보통 페이스
[경륜전개] 아오모리 3경주: 슬로우(단독 선행) · 라인 3개 · 페어 [[2, 5], [7, 3], [4, 1]]
[복승불일치 축교정] 아오모리 3경주: 축 [2, 5]로 교정(자금이탈 강등 [1]·🔴🔴)
[T-2분 왕축 동결] 아오모리 3경주: [2, 5] → [2, 5] 유지(cur_mb=1)
[단통 상한] 메인 2개 · 복병이동 1개
[각질편성] 아오모리 3경주: 선행2·선입0·추입5 → 보통 페이스
[경륜전개] 아오모리 3경주: 슬로우(단독 선행) · 라인 3개 · 페어 [[2, 5], [7, 3], [4, 1]]
[복승불일치 축교정] 아오모리 3경주: 축 [2, 5]로 교정(자금이탈 강등 [1]·🔴🔴)
[T-2분 왕축 동결] 아오모리 3경주: [2, 5] → [2, 5] 유지(cur_mb=1)
[단통 상한] 메인 2개 · 복병이동 1개
[각질편성] 아오모리 3경주: 선행2·선입0·추입5 → 보통 페이스
[경륜전개] 아오모리 3경주: 슬로우(단독 선행) · 라인 3개 · 페어 [[2, 5], [7, 3], [4, 1]]
[복승불일치 축교정] 아오모리 3경주: 축 [2, 5]로 교정(자금이탈 강등 [1]·🔴🔴)
[T-2분 왕축 동결] 아오모리 3경주: [2, 5] → [2, 5] 유지(cur_mb=1)
[단통 상한] 메인 2개 · 복병이동 1개
[3종 수집] 아오모리 3경주: {'quinella': 21, 'exacta': 42, 'trio': 0, 'win': 0} (history 12)
[스냅샷] 저장: 2026_08_01_아오모리_3경주_T-2.png (676 KB · T-2)
[각질편성] 아오모리 3경주: 선행2·선입0·추입5 → 보통 페이스
[경륜전개] 아오모리 3경주: 슬로우(단독 선행) · 라인 3개 · 페어 [[2, 5], [7, 3], [4, 1]]
[복승불일치 축교정] 아오모리 3경주: 축 [2, 5]로 교정(자금이탈 강등 [1]·🔴🔴)
[KRA] 30초 자동수집 데몬 시작(watch 등록 경주만 대상)
[T-2분 왕축 동결] 아오모리 3경주: [2, 5] → [2, 5] 유지(cur_mb=1)
[단통 상한] 메인 2개 · 복병이동 1개
[각질편성] 아오모리 3경주: 선행2·선입0·추입5 → 보통 페이스
[경륜전개] 아오모리 3경주: 슬로우(단독 선행) · 라인 3개 · 페어 [[2, 5], [7, 3], [4, 1]]
[복승불일치 축교정] 아오모리 3경주: 축 [2, 5]로 교정(자금이탈 강등 [1]·🔴🔴)
[T-2분 왕축 동결] 아오모리 3경주: [2, 5] → [2, 5] 유지(cur_mb=1)
[단통 상한] 메인 2개 · 복병이동 1개
[각질편성] 아오모리 3경주: 선행2·선입0·추입5 → 보통 페이스
[경륜전개] 아오모리 3경주: 슬로우(단독 선행) · 라인 3개 · 페어 [[2, 5], [7, 3], [4, 1]]
[복승불일치 축교정] 아오모리 3경주: 축 [2, 5]로 교정(자금이탈 강등 [1]·🔴🔴)
[T-2분 왕축 동결] 아오모리 3경주: [2, 5] → [2, 5] 유지(cur_mb=1)
[단통 상한] 메인 2개 · 복병이동 1개
[각질편성] 아오모리 1경주: 선행2·선입0·추입5 → 보통 페이스
[경륜전개] 아오모리 1경주: 보통 · 라인 2개 · 페어 [[7, 2], [1, 5]]
[각질편성] 아오모리 3경주: 선행2·선입0·추입5 → 보통 페이스
[경륜전개] 아오모리 3경주: 슬로우(단독 선행) · 라인 3개 · 페어 [[2, 5], [7, 3], [4, 1]]
[복승불일치 축교정] 아오모리 3경주: 축 [2, 5]로 교정(자금이탈 강등 [1]·🔴🔴)
[T-2분 왕축 동결] 아오모리 3경주: [2, 5] → [2, 5] 유지(cur_mb=1)
[단통 상한] 메인 2개 · 복병이동 1개
[각질편성] 아오모리 3경주: 선행2·선입0·추입5 → 보통 페이스
[경륜전개] 아오모리 3경주: 슬로우(단독 선행) · 라인 3개 · 페어 [[2, 5], [7, 3], [4, 1]]
[복승불일치 축교정] 아오모리 3경주: 축 [2, 5]로 교정(자금이탈 강등 [1]·🔴🔴)
[T-2분 왕축 동결] 아오모리 3경주: [2, 5] → [2, 5] 유지(cur_mb=1)
[단통 상한] 메인 2개 · 복병이동 1개
[각질편성] 아오모리 3경주: 선행2·선입0·추입5 → 보통 페이스
[경륜전개] 아오모리 3경주: 슬로우(단독 선행) · 라인 3개 · 페어 [[2, 5], [7, 3], [4, 1]]
[복승불일치 축교정] 아오모리 3경주: 축 [2, 5]로 교정(자금이탈 강등 [1]·🔴🔴)
[T-2분 왕축 동결] 아오모리 3경주: [2, 5] → [2, 5] 유지(cur_mb=1)
[단통 상한] 메인 2개 · 복병이동 1개
[각질편성] 아오모리 3경주: 선행2·선입0·추입5 → 보통 페이스
[경륜전개] 아오모리 3경주: 슬로우(단독 선행) · 라인 3개 · 페어 [[2, 5], [7, 3], [4, 1]]
[복승불일치 축교정] 아오모리 3경주: 축 [2, 5]로 교정(자금이탈 강등 [1]·🔴🔴)
[T-2분 왕축 동결] 아오모리 3경주: [2, 5] → [2, 5] 유지(cur_mb=1)
[단통 상한] 메인 2개 · 복병이동 1개
[결과기록] 캐시 갱신 — 재파싱 1647건 / 전체 1647건
[각질편성] 호후 1경주: 선행3·선입0·추입3 → ⚡ 빠른 페이스
[경륜전개] 호후 1경주: 하이(주도권 경합) · 라인 3개 · 페어 [[5, 3], [1, 4]]
[잔존마 필터] 아오모리 2경주: 전적 7두 → 배당 출전마 6두 (배당 없는 마번 제외: [7])
[각질편성] 아오모리 2경주: 선행3·선입0·추입3 → ⚡ 빠른 페이스
[경륜전개] 아오모리 2경주: 하이(주도권 경합) · 라인 3개 · 페어 [[2, 3], [4, 1], [5, 6]]
[각질편성] 호후 2경주: 선행2·선입0·추입5 → 보통 페이스
[경륜전개] 호후 2경주: 보통 · 라인 3개 · 페어 [[2, 6], [1, 5], [3, 7]]
[각질편성] 아오모리 3경주: 선행2·선입0·추입5 → 보통 페이스
[경륜전개] 아오모리 3경주: 슬로우(단독 선행) · 라인 3개 · 페어 [[2, 5], [7, 3], [4, 1]]
[복승불일치 축교정] 아오모리 3경주: 축 [2, 5]로 교정(자금이탈 강등 [1]·🔴🔴)
[단통 상한] 메인 2개 · 복병이동 1개
[각질편성] 아오모리 3경주: 선행2·선입0·추입5 → 보통 페이스
[경륜전개] 아오모리 3경주: 슬로우(단독 선행) · 라인 3개 · 페어 [[2, 5], [7, 3], [4, 1]]
[복승불일치 축교정] 아오모리 3경주: 축 [2, 5]로 교정(자금이탈 강등 [1]·🔴🔴)
[단통 상한] 메인 2개 · 복병이동 1개
[각질편성] 아오모리 3경주: 선행2·선입0·추입5 → 보통 페이스
[경륜전개] 아오모리 3경주: 슬로우(단독 선행) · 라인 3개 · 페어 [[2, 5], [7, 3], [4, 1]]
[복승불일치 축교정] 아오모리 3경주: 축 [2, 5]로 교정(자금이탈 강등 [1]·🔴🔴)
[단통 상한] 메인 2개 · 복병이동 1개
[각질편성] 아오모리 3경주: 선행2·선입0·추입5 → 보통 페이스
[경륜전개] 아오모리 3경주: 슬로우(단독 선행) · 라인 3개 · 페어 [[2, 5], [7, 3], [4, 1]]
[복승불일치 축교정] 아오모리 3경주: 축 [2, 5]로 교정(자금이탈 강등 [1]·🔴🔴)
[단통 상한] 메인 2개 · 복병이동 1개
[각질편성] 아오모리 3경주: 선행2·선입0·추입5 → 보통 페이스
[경륜전개] 아오모리 3경주: 슬로우(단독 선행) · 라인 3개 · 페어 [[2, 5], [7, 3], [4, 1]]
[복승불일치 축교정] 아오모리 3경주: 축 [2, 5]로 교정(자금이탈 강등 [1]·🔴🔴)
[단통 상한] 메인 2개 · 복병이동 1개
[스냅샷] 저장: 2026_08_01_아오모리_3경주_T-2.png (703 KB · T-2)
[다중경주] 하트비트 #151 · 스케줄 ymd=20260801 (-1초 전 갱신 · 트랙 12개)
[3종 수집] 아오모리 3경주: {'quinella': 21, 'exacta': 42, 'trio': 0, 'win': 0} (history 12)
[각질편성] 아오모리 3경주: 선행2·선입0·추입5 → 보통 페이스
[각질편성] 아오모리 3경주: 선행2·선입0·추입5 → 보통 페이스
[경륜전개] 아오모리 3경주: 슬로우(단독 선행) · 라인 3개 · 페어 [[2, 5], [7, 3], [4, 1]]
[경륜전개] 아오모리 3경주: 슬로우(단독 선행) · 라인 3개 · 페어 [[2, 5], [7, 3], [4, 1]]
[복승불일치 축교정] 아오모리 3경주: 축 [2, 5]로 교정(자금이탈 강등 [1]·🔴🔴)
[복승불일치 축교정] 아오모리 3경주: 축 [2, 5]로 교정(자금이탈 강등 [1]·🔴🔴)
[단통 상한] 메인 2개 · 복병이동 1개
[단통 상한] 메인 2개 · 복병이동 1개
[분석로그] 저장 실패: [WinError 32] 다른 프로세스가 파일을 사용 중이기 때문에 프로세스가 액세스 할 수 없습니다: 'C:\\Users\\Administrator\\Desktop\\경마분석서버\\data\\analysis_log\\2026_08_01_아오모리_3경주.json.tmp' -> 'C:\\Users\\Administrator\\Desktop\\경마분석서버\\data\\analysis_log\\2026_08_01_아오모리_3경주.json'
[각질편성] 아오모리 1경주: 선행2·선입0·추입5 → 보통 페이스
[경륜전개] 아오모리 1경주: 보통 · 라인 2개 · 페어 [[7, 2], [1, 5]]
[각질편성] 호후 1경주: 선행3·선입0·추입3 → ⚡ 빠른 페이스
[경륜전개] 호후 1경주: 하이(주도권 경합) · 라인 3개 · 페어 [[5, 3], [1, 4]]
[잔존마 필터] 아오모리 2경주: 전적 7두 → 배당 출전마 6두 (배당 없는 마번 제외: [7])
[각질편성] 아오모리 2경주: 선행3·선입0·추입3 → ⚡ 빠른 페이스
[경륜전개] 아오모리 2경주: 하이(주도권 경합) · 라인 3개 · 페어 [[2, 3], [4, 1], [5, 6]]
[각질편성] 아오모리 3경주: 선행2·선입0·추입5 → 보통 페이스
[경륜전개] 아오모리 3경주: 슬로우(단독 선행) · 라인 3개 · 페어 [[2, 5], [7, 3], [4, 1]]
[복승불일치 축교정] 아오모리 3경주: 축 [2, 5]로 교정(자금이탈 강등 [1]·🔴🔴)
[단통 상한] 메인 2개 · 복병이동 1개
[각질편성] 호후 2경주: 선행2·선입0·추입5 → 보통 페이스
[경륜전개] 호후 2경주: 보통 · 라인 3개 · 페어 [[2, 6], [1, 5], [3, 7]]
[각질편성] 아오모리 3경주: 선행2·선입0·추입5 → 보통 페이스
[경륜전개] 아오모리 3경주: 슬로우(단독 선행) · 라인 3개 · 페어 [[2, 5], [7, 3], [4, 1]]
[복승불일치 축교정] 아오모리 3경주: 축 [2, 5]로 교정(자금이탈 강등 [1]·🔴🔴)
[각질편성] 아오모리 3경주: 선행2·선입0·추입5 → 보통 페이스
[경륜전개] 아오모리 3경주: 슬로우(단독 선행) · 라인 3개 · 페어 [[2, 5], [7, 3], [4, 1]]
[단통 상한] 메인 2개 · 복병이동 1개
[복승불일치 축교정] 아오모리 3경주: 축 [2, 5]로 교정(자금이탈 강등 [1]·🔴🔴)
[단통 상한] 메인 2개 · 복병이동 1개
[각질편성] 아오모리 3경주: 선행2·선입0·추입5 → 보통 페이스
[경륜전개] 아오모리 3경주: 슬로우(단독 선행) · 라인 3개 · 페어 [[2, 5], [7, 3], [4, 1]]
[복승불일치 축교정] 아오모리 3경주: 축 [2, 5]로 교정(자금이탈 강등 [1]·🔴🔴)
[단통 상한] 메인 2개 · 복병이동 1개
[각질편성] 아오모리 3경주: 선행2·선입0·추입5 → 보통 페이스
[경륜전개] 아오모리 3경주: 슬로우(단독 선행) · 라인 3개 · 페어 [[2, 5], [7, 3], [4, 1]]
[복승불일치 축교정] 아오모리 3경주: 축 [2, 5]로 교정(자금이탈 강등 [1]·🔴🔴)
[단통 상한] 메인 2개 · 복병이동 1개
[각질편성] 아오모리 3경주: 선행2·선입0·추입5 → 보통 페이스
[경륜전개] 아오모리 3경주: 슬로우(단독 선행) · 라인 3개 · 페어 [[2, 5], [7, 3], [4, 1]]
[복승불일치 축교정] 아오모리 3경주: 축 [2, 5]로 교정(자금이탈 강등 [1]·🔴🔴)
[단통 상한] 메인 2개 · 복병이동 1개
[스냅샷] 저장: 2026_08_01_아오모리_3경주_마감후.png (676 KB · close)
[스냅샷 비교] 아오모리 3경주 · 최저배당 변화 None · 추천변경 None · 신호 T-8분
[스냅샷] 저장: 2026_08_01_아오모리_3경주_마감후.png (676 KB · close)
[스냅샷 비교] 아오모리 3경주 · 최저배당 변화 None · 추천변경 None · 신호 T-8분
[스냅샷] 저장: 2026_08_01_아오모리_3경주_마감후.png (665 KB · close)
[스냅샷 비교] 아오모리 3경주 · 최저배당 변화 None · 추천변경 None · 신호 T-8분
[경주전환 감지] 아오모리 3경주: 비정상 변동폭(95%+ 다수) → 기준값 재설정(이전 배당 초기화)
[3종 수집] 아오모리 3경주: {'quinella': 21, 'exacta': 0, 'trio': 0, 'win': 0} (history 1 · 기준재설정)
[placeholder 필터] 아오모리 3경주 복승 껍데기 배당 5조합 제외(값: [100])
[각질편성] 아오모리 3경주: 선행2·선입0·추입5 → 보통 페이스
[경륜전개] 아오모리 3경주: 슬로우(단독 선행) · 라인 3개 · 페어 [[2, 5], [7, 3], [4, 1]]
[readonly 잠금] 아오모리 3경주: 마감 확정 파일 — corePicks/시계열 보존, result/hit만 업데이트 허용
[마감 동결] 아오모리 3경주: 확정본 복원(출처 closed_row · 기준 09:09:29)
[스냅샷] 저장: 2026_08_01_아오모리_3경주_마감후.png (653 KB · close)
[스냅샷 비교] 아오모리 3경주 · 최저배당 변화 None · 추천변경 None · 신호 T-8분
[placeholder 필터] 아오모리 3경주 복승 껍데기 배당 5조합 제외(값: [100])
[각질편성] 아오모리 3경주: 선행2·선입0·추입5 → 보통 페이스
[경륜전개] 아오모리 3경주: 슬로우(단독 선행) · 라인 3개 · 페어 [[2, 5], [7, 3], [4, 1]]
⏸ [폴링 저장 가드] 아오모리 3경주: 마감 후 readonly → 로그 저장 생략(분석·표시는 정상)
📊 [채점] 아오모리 2경주: Gemini 2/3 ↔ 시장 3/3 · 놓침 [3]
📝 [복기] 아오모리 2경주: 3번마의 최근 경기력(착순분포 0,2,1)과 선행 경쟁 심화 시 유리해지는 추입형 각질의  → 규칙(4): 선행형 경쟁 구도에서 추입형을 볼 때, 단순히 추입력이 아닌 최근 착순 분포의 안정성을 우선적으로 고려한다.
[잔존마 필터] 아오모리 2경주: 전적 7두 → 배당 출전마 6두 (배당 없는 마번 제외: [7])
[각질편성] 아오모리 2경주: 선행3·선입0·추입3 → ⚡ 빠른 페이스
[경륜전개] 아오모리 2경주: 하이(주도권 경합) · 라인 3개 · 페어 [[2, 3], [4, 1], [5, 6]]
[보조조합 적중] 아오모리 2경주 · 2+3+4 (시장유력 보완) — 승격 후보 표본 누적
[placeholder 필터] 아오모리 3경주 복승 껍데기 배당 5조합 제외(값: [100])
[placeholder 필터] 아오모리 3경주 복승 껍데기 배당 5조합 제외(값: [100])
[각질편성] 아오모리 3경주: 선행2·선입0·추입5 → 보통 페이스
[각질편성] 아오모리 3경주: 선행2·선입0·추입5 → 보통 페이스
[경륜전개] 아오모리 3경주: 슬로우(단독 선행) · 라인 3개 · 페어 [[2, 5], [7, 3], [4, 1]]
[경륜전개] 아오모리 3경주: 슬로우(단독 선행) · 라인 3개 · 페어 [[2, 5], [7, 3], [4, 1]]
[신호별학습] 아오모리 2경주 · 활성신호 ['급락', '전적이중수렴'] · 유력마적중 복승=True 삼복승=True
[결과 수정] 아오모리 2경주: 기존 레코드 교체(재입력)
[복병케이스] 아오모리 2경주: 복병 4두 저장(입상 2)
[잔존마 필터] 아오모리 2경주: 전적 7두 → 배당 출전마 6두 (배당 없는 마번 제외: [7])
[각질편성] 아오모리 2경주: 선행3·선입0·추입3 → ⚡ 빠른 페이스
[경륜전개] 아오모리 2경주: 하이(주도권 경합) · 라인 3개 · 페어 [[2, 3], [4, 1], [5, 6]]
[readonly 잠금] 아오모리 2경주: 마감 확정 파일 — corePicks/시계열 보존, result/hit만 업데이트 허용
[마감 동결] 아오모리 2경주: 확정본 복원(출처 closed_row · 기준 08:49:17)
[패턴발견] 결과 1510경주 스캔 → 발견 패턴 10개(기준 적중률 35.1%)
[자동학습] 아오모리 2경주 결과 [2, 4, 3] → 추천적중 True, 급락적중 False, 전적유력마 1(실패), 제거적중 False
📊 [채점] 호후 1경주: Gemini 1/3 ↔ 시장 1/3 · 놓침 [6, 1]
[다중경주] 아오모리 3경주: 사설(확장) 수집 활성(11초 전) → 복승은 사설 유지·서버 쌍승42/삼복승0 보완
[placeholder 필터] 아오모리 3경주 복승 껍데기 배당 5조합 제외(값: [100])
[각질편성] 아오모리 3경주: 선행2·선입0·추입5 → 보통 페이스
[경륜전개] 아오모리 3경주: 슬로우(단독 선행) · 라인 3개 · 페어 [[2, 5], [7, 3], [4, 1]]
📝 [복기] 호후 1경주: 6번과 1번의 최근 착순 정보 부재로 인한 상대적 저평가가 있었다. 특히 6두 경주에서 선 → 규칙(3): 6두 경주에서 추입형 기회 창출 가능성이 높은 경우, 낮은 등급의 말이라도 최근 착순 정보가 불충분할 때 잠
[각질편성] 호후 1경주: 선행3·선입0·추입3 → ⚡ 빠른 페이스
[경륜전개] 호후 1경주: 하이(주도권 경합) · 라인 3개 · 페어 [[5, 3], [1, 4]]
[신호별학습] 호후 1경주 · 활성신호 ['급락', '전적이중수렴'] · 유력마적중 복승=False 삼복승=False
[결과 수정] 호후 1경주: 기존 레코드 교체(재입력)
[복병케이스] 호후 1경주: 복병 1두 저장(입상 0)
[placeholder 필터] 아오모리 3경주 복승 껍데기 배당 5조합 제외(값: [100])
[각질편성] 아오모리 3경주: 선행2·선입0·추입5 → 보통 페이스
[경륜전개] 아오모리 3경주: 슬로우(단독 선행) · 라인 3개 · 페어 [[2, 5], [7, 3], [4, 1]]
[placeholder 필터] 아오모리 3경주 복승 껍데기 배당 5조합 제외(값: [100])
[placeholder 필터] 아오모리 3경주 복승 껍데기 배당 5조합 제외(값: [100])
[각질편성] 아오모리 3경주: 선행2·선입0·추입5 → 보통 페이스
[각질편성] 아오모리 3경주: 선행2·선입0·추입5 → 보통 페이스
[경륜전개] 아오모리 3경주: 슬로우(단독 선행) · 라인 3개 · 페어 [[2, 5], [7, 3], [4, 1]]
[경륜전개] 아오모리 3경주: 슬로우(단독 선행) · 라인 3개 · 페어 [[2, 5], [7, 3], [4, 1]]
[각질편성] 호후 1경주: 선행3·선입0·추입3 → ⚡ 빠른 페이스
[경륜전개] 호후 1경주: 하이(주도권 경합) · 라인 3개 · 페어 [[5, 3], [1, 4]]
[readonly 잠금] 호후 1경주: 마감 확정 파일 — corePicks/시계열 보존, result/hit만 업데이트 허용
[마감 동결] 호후 1경주: 확정본 복원(출처 closed_row · 기준 08:39:04)
[각질편성] 아오모리 1경주: 선행2·선입0·추입5 → 보통 페이스
[경륜전개] 아오모리 1경주: 보통 · 라인 2개 · 페어 [[7, 2], [1, 5]]
[각질편성] 호후 1경주: 선행3·선입0·추입3 → ⚡ 빠른 페이스
[경륜전개] 호후 1경주: 하이(주도권 경합) · 라인 3개 · 페어 [[5, 3], [1, 4]]
[placeholder 필터] 아오모리 3경주 복승 껍데기 배당 5조합 제외(값: [100])
[잔존마 필터] 아오모리 2경주: 전적 7두 → 배당 출전마 6두 (배당 없는 마번 제외: [7])
[각질편성] 아오모리 2경주: 선행3·선입0·추입3 → ⚡ 빠른 페이스
[각질편성] 아오모리 3경주: 선행2·선입0·추입5 → 보통 페이스
[경륜전개] 아오모리 3경주: 슬로우(단독 선행) · 라인 3개 · 페어 [[2, 5], [7, 3], [4, 1]]
[경륜전개] 아오모리 2경주: 하이(주도권 경합) · 라인 3개 · 페어 [[2, 3], [4, 1], [5, 6]]
[각질편성] 호후 2경주: 선행2·선입0·추입5 → 보통 페이스
[경륜전개] 호후 2경주: 보통 · 라인 3개 · 페어 [[2, 6], [1, 5], [3, 7]]
[각질편성] 아오모리 3경주: 선행2·선입0·추입5 → 보통 페이스
[경륜전개] 아오모리 3경주: 슬로우(단독 선행) · 라인 3개 · 페어 [[2, 5], [7, 3], [4, 1]]
[복승불일치 축교정] 아오모리 3경주: 축 [2, 5]로 교정(자금이탈 강등 [1]·🔴🔴)
[데이터백업] ✅ GitHub 반영: 결과 자동백업: 아오모리 2경주 2-4-3
[패턴발견] 결과 1511경주 스캔 → 발견 패턴 10개(기준 적중률 35.1%)
[자동학습] 호후 1경주 결과 [4, 6, 1] → 추천적중 False, 급락적중 False, 전적유력마 1(적중), 제거적중 False
[경륜 결과 백필] 2026-08-01: 시도 4 · 성공 2 · 실패 2
  ↳ 실패: 아오모리 3경주 - 결과 미게시/파싱 실패
  ↳ 실패: 호후 2경주 - 결과 미게시/파싱 실패
[placeholder 필터] 아오모리 3경주 복승 껍데기 배당 5조합 제외(값: [100])
[각질편성] 아오모리 3경주: 선행2·선입0·추입5 → 보통 페이스
[경륜전개] 아오모리 3경주: 슬로우(단독 선행) · 라인 3개 · 페어 [[2, 5], [7, 3], [4, 1]]
[placeholder 필터] 아오모리 3경주 복승 껍데기 배당 5조합 제외(값: [100])
[각질편성] 아오모리 3경주: 선행2·선입0·추입5 → 보통 페이스
[경륜전개] 아오모리 3경주: 슬로우(단독 선행) · 라인 3개 · 페어 [[2, 5], [7, 3], [4, 1]]
[데이터백업] ✅ GitHub 반영: 결과 자동백업: 호후 1경주 4-6-1
[placeholder 필터] 아오모리 3경주 복승 껍데기 배당 5조합 제외(값: [100])
[각질편성] 아오모리 3경주: 선행2·선입0·추입5 → 보통 페이스
[경륜전개] 아오모리 3경주: 슬로우(단독 선행) · 라인 3개 · 페어 [[2, 5], [7, 3], [4, 1]]
[3종 수집] 아오모리 3경주: {'quinella': 21, 'exacta': 0, 'trio': 0, 'win': 0} (history 2)
[placeholder 필터] 아오모리 3경주 복승 껍데기 배당 5조합 제외(값: [100])
[각질편성] 아오모리 3경주: 선행2·선입0·추입5 → 보통 페이스
[경륜전개] 아오모리 3경주: 슬로우(단독 선행) · 라인 3개 · 페어 [[2, 5], [7, 3], [4, 1]]
[placeholder 필터] 아오모리 3경주 복승 껍데기 배당 5조합 제외(값: [100])
[각질편성] 아오모리 3경주: 선행2·선입0·추입5 → 보통 페이스
[경륜전개] 아오모리 3경주: 슬로우(단독 선행) · 라인 3개 · 페어 [[2, 5], [7, 3], [4, 1]]
[placeholder 필터] 아오모리 3경주 복승 껍데기 배당 5조합 제외(값: [100])
[각질편성] 아오모리 3경주: 선행2·선입0·추입5 → 보통 페이스
[경륜전개] 아오모리 3경주: 슬로우(단독 선행) · 라인 3개 · 페어 [[2, 5], [7, 3], [4, 1]]
[placeholder 필터] 아오모리 3경주 복승 껍데기 배당 5조합 제외(값: [100])
[각질편성] 아오모리 3경주: 선행2·선입0·추입5 → 보통 페이스
[경륜전개] 아오모리 3경주: 슬로우(단독 선행) · 라인 3개 · 페어 [[2, 5], [7, 3], [4, 1]]
[다중경주] 아오모리 3경주: 사설(확장) 수집 활성(13초 전) → 복승은 사설 유지·서버 쌍승42/삼복승0 보완
[placeholder 필터] 아오모리 3경주 복승 껍데기 배당 5조합 제외(값: [100])
[각질편성] 아오모리 3경주: 선행2·선입0·추입5 → 보통 페이스
[경륜전개] 아오모리 3경주: 슬로우(단독 선행) · 라인 3개 · 페어 [[2, 5], [7, 3], [4, 1]]
[경륜 전적·자동] 호후 3경주: 7두 수집(競走得点·절대등급 A/B/C/D·라인[4, 3, 2, 5, 1, 7, 6]) → 통합등급 자동 반영
[3종 수집] 호후 3경주: {'quinella': 21, 'exacta': 42, 'trio': 0, 'win': 0} (history 1)
[placeholder 필터] 아오모리 3경주 복승 껍데기 배당 5조합 제외(값: [100])
[placeholder 필터] 아오모리 3경주 복승 껍데기 배당 5조합 제외(값: [100])
[각질편성] 아오모리 3경주: 선행2·선입0·추입5 → 보통 페이스
[각질편성] 아오모리 3경주: 선행2·선입0·추입5 → 보통 페이스
[경륜전개] 아오모리 3경주: 슬로우(단독 선행) · 라인 3개 · 페어 [[2, 5], [7, 3], [4, 1]]
[경륜전개] 아오모리 3경주: 슬로우(단독 선행) · 라인 3개 · 페어 [[2, 5], [7, 3], [4, 1]]
[각질편성] 아오모리 1경주: 선행2·선입0·추입5 → 보통 페이스
[경륜전개] 아오모리 1경주: 보통 · 라인 2개 · 페어 [[7, 2], [1, 5]]
[결과기록] 캐시 갱신 — 재파싱 3건 / 전체 1647건
[각질편성] 호후 1경주: 선행3·선입0·추입3 → ⚡ 빠른 페이스
[경륜전개] 호후 1경주: 하이(주도권 경합) · 라인 3개 · 페어 [[5, 3], [1, 4]]
[잔존마 필터] 아오모리 2경주: 전적 7두 → 배당 출전마 6두 (배당 없는 마번 제외: [7])
[각질편성] 아오모리 2경주: 선행3·선입0·추입3 → ⚡ 빠른 페이스
[경륜전개] 아오모리 2경주: 하이(주도권 경합) · 라인 3개 · 페어 [[2, 3], [4, 1], [5, 6]]
[placeholder 필터] 아오모리 3경주 복승 껍데기 배당 5조합 제외(값: [100])
[각질편성] 아오모리 3경주: 선행2·선입0·추입5 → 보통 페이스
[경륜전개] 아오모리 3경주: 슬로우(단독 선행) · 라인 3개 · 페어 [[2, 5], [7, 3], [4, 1]]
[각질편성] 호후 2경주: 선행2·선입0·추입5 → 보통 페이스
[경륜전개] 호후 2경주: 보통 · 라인 3개 · 페어 [[2, 6], [1, 5], [3, 7]]
[각질편성] 아오모리 3경주: 선행2·선입0·추입5 → 보통 페이스
[경륜전개] 아오모리 3경주: 슬로우(단독 선행) · 라인 3개 · 페어 [[2, 5], [7, 3], [4, 1]]
[복승불일치 축교정] 아오모리 3경주: 축 [2, 5]로 교정(자금이탈 강등 [1]·🔴🔴)
🔮 [예측] 호후 3경주: top3=[4, 3, 1] conf=4 · 이 경주는 7명의 출전자 중 2번을 제외한 6명이 추입형(마크/자재 포함
[각질편성] 호후 3경주: 선행1·선입0·추입6 → 🐌 느린 페이스
[경륜전개] 호후 3경주: 슬로우(단독 선행) · 라인 2개 · 페어 [[4, 3], [2, 5]]
[경륜 추천 개수] 7명 → 메인 3개(상한 3) · 복병 이동 1개
[경륜 B라인v2] 에러(무시·보류 항목): name 'key_horses' is not defined
[B라인 그물망] 호후 3경주: B라인[2, 5] 삼복승보험 [[1, 2, 5]] 추가
[각질편성] 호후 3경주: 선행1·선입0·추입6 → 🐌 느린 페이스
[경륜전개] 호후 3경주: 슬로우(단독 선행) · 라인 2개 · 페어 [[4, 3], [2, 5]]
[경륜 추천 개수] 7명 → 메인 3개(상한 3) · 복병 이동 1개
[B라인 그물망] 호후 3경주: B라인[2, 5] 삼복승보험 [[1, 2, 5]] 추가
[자동분석·배경] 호후 3경주: 마감 585초 전 재분석(rec_history 누적·cycle)
[각질편성] 호후 3경주: 선행1·선입0·추입6 → 🐌 느린 페이스
[경륜전개] 호후 3경주: 슬로우(단독 선행) · 라인 2개 · 페어 [[4, 3], [2, 5]]
[경륜 추천 개수] 7명 → 메인 3개(상한 3) · 복병 이동 1개
[B라인 그물망] 호후 3경주: B라인[2, 5] 삼복승보험 [[1, 2, 5]] 추가
[placeholder 필터] 아오모리 3경주 복승 껍데기 배당 5조합 제외(값: [100])
[각질편성] 아오모리 3경주: 선행2·선입0·추입5 → 보통 페이스
[경륜전개] 아오모리 3경주: 슬로우(단독 선행) · 라인 3개 · 페어 [[2, 5], [7, 3], [4, 1]]
[placeholder 필터] 아오모리 3경주 복승 껍데기 배당 5조합 제외(값: [100])
[각질편성] 아오모리 3경주: 선행2·선입0·추입5 → 보통 페이스
[경륜전개] 아오모리 3경주: 슬로우(단독 선행) · 라인 3개 · 페어 [[2, 5], [7, 3], [4, 1]]
[placeholder 필터] 아오모리 3경주 복승 껍데기 배당 5조합 제외(값: [100])
[각질편성] 아오모리 3경주: 선행2·선입0·추입5 → 보통 페이스
[경륜전개] 아오모리 3경주: 슬로우(단독 선행) · 라인 3개 · 페어 [[2, 5], [7, 3], [4, 1]]
[3종 수집] 아오모리 3경주: {'quinella': 21, 'exacta': 0, 'trio': 0, 'win': 0} (history 3)
[placeholder 필터] 아오모리 3경주 복승 껍데기 배당 5조합 제외(값: [100])
[각질편성] 아오모리 3경주: 선행2·선입0·추입5 → 보통 페이스
[경륜전개] 아오모리 3경주: 슬로우(단독 선행) · 라인 3개 · 페어 [[2, 5], [7, 3], [4, 1]]
[placeholder 필터] 아오모리 3경주 복승 껍데기 배당 5조합 제외(값: [100])
[각질편성] 아오모리 3경주: 선행2·선입0·추입5 → 보통 페이스
[경륜전개] 아오모리 3경주: 슬로우(단독 선행) · 라인 3개 · 페어 [[2, 5], [7, 3], [4, 1]]
[placeholder 필터] 아오모리 3경주 복승 껍데기 배당 5조합 제외(값: [100])
[각질편성] 아오모리 3경주: 선행2·선입0·추입5 → 보통 페이스
[경륜전개] 아오모리 3경주: 슬로우(단독 선행) · 라인 3개 · 페어 [[2, 5], [7, 3], [4, 1]]
[placeholder 필터] 아오모리 3경주 복승 껍데기 배당 5조합 제외(값: [100])
[각질편성] 아오모리 3경주: 선행2·선입0·추입5 → 보통 페이스
[경륜전개] 아오모리 3경주: 슬로우(단독 선행) · 라인 3개 · 페어 [[2, 5], [7, 3], [4, 1]]
[placeholder 필터] 아오모리 3경주 복승 껍데기 배당 5조합 제외(값: [100])
[placeholder 필터] 아오모리 3경주 복승 껍데기 배당 5조합 제외(값: [100])
[각질편성] 아오모리 3경주: 선행2·선입0·추입5 → 보통 페이스
[각질편성] 아오모리 3경주: 선행2·선입0·추입5 → 보통 페이스
[경륜전개] 아오모리 3경주: 슬로우(단독 선행) · 라인 3개 · 페어 [[2, 5], [7, 3], [4, 1]]
[경륜전개] 아오모리 3경주: 슬로우(단독 선행) · 라인 3개 · 페어 [[2, 5], [7, 3], [4, 1]]
[placeholder 필터] 아오모리 3경주 복승 껍데기 배당 5조합 제외(값: [100])
[각질편성] 아오모리 3경주: 선행2·선입0·추입5 → 보통 페이스
[경륜전개] 아오모리 3경주: 슬로우(단독 선행) · 라인 3개 · 페어 [[2, 5], [7, 3], [4, 1]]
[placeholder 필터] 아오모리 3경주 복승 껍데기 배당 5조합 제외(값: [100])
[각질편성] 아오모리 1경주: 선행2·선입0·추입5 → 보통 페이스
[경륜전개] 아오모리 1경주: 보통 · 라인 2개 · 페어 [[7, 2], [1, 5]]
[각질편성] 아오모리 3경주: 선행2·선입0·추입5 → 보통 페이스
[경륜전개] 아오모리 3경주: 슬로우(단독 선행) · 라인 3개 · 페어 [[2, 5], [7, 3], [4, 1]]
[각질편성] 호후 1경주: 선행3·선입0·추입3 → ⚡ 빠른 페이스
[경륜전개] 호후 1경주: 하이(주도권 경합) · 라인 3개 · 페어 [[5, 3], [1, 4]]
[잔존마 필터] 아오모리 2경주: 전적 7두 → 배당 출전마 6두 (배당 없는 마번 제외: [7])
[각질편성] 아오모리 2경주: 선행3·선입0·추입3 → ⚡ 빠른 페이스
[경륜전개] 아오모리 2경주: 하이(주도권 경합) · 라인 3개 · 페어 [[2, 3], [4, 1], [5, 6]]
[각질편성] 호후 2경주: 선행2·선입0·추입5 → 보통 페이스
[경륜전개] 호후 2경주: 보통 · 라인 3개 · 페어 [[2, 6], [1, 5], [3, 7]]
[각질편성] 아오모리 3경주: 선행2·선입0·추입5 → 보통 페이스
[경륜전개] 아오모리 3경주: 슬로우(단독 선행) · 라인 3개 · 페어 [[2, 5], [7, 3], [4, 1]]
[복승불일치 축교정] 아오모리 3경주: 축 [2, 5]로 교정(자금이탈 강등 [1]·🔴🔴)
[각질편성] 호후 3경주: 선행1·선입0·추입6 → 🐌 느린 페이스
[경륜전개] 호후 3경주: 슬로우(단독 선행) · 라인 2개 · 페어 [[4, 3], [2, 5]]
[경륜 추천 개수] 7명 → 메인 3개(상한 3) · 복병 이동 1개
[B라인 그물망] 호후 3경주: B라인[2, 5] 삼복승보험 [[1, 2, 5]] 추가
[다중경주] 아오모리 3경주: 사설(확장) 수집 활성(20초 전) → 복승은 사설 유지·서버 쌍승42/삼복승0 보완
[3종 수집] 호후 3경주: {'quinella': 21, 'exacta': 42, 'trio': 0, 'win': 0} (history 2)
[각질편성] 호후 3경주: 선행1·선입0·추입6 → 🐌 느린 페이스
[경륜전개] 호후 3경주: 슬로우(단독 선행) · 라인 2개 · 페어 [[4, 3], [2, 5]]
[복병 이동 상한] 3+7 64.7배 > 특별상한 50.0배 → 💎 노출 제외(참고)
[경륜 추천 모순 수정] 고배당 강제조합 2건 메인→복병 이동(25배 상한)
[B라인 그물망] 호후 3경주: B라인[2, 5] 삼복승보험 [[2, 5, 7]] 추가
[자동분석·배경] 호후 3경주: 마감 548초 전 재분석(rec_history 누적·cycle)
[placeholder 필터] 아오모리 3경주 복승 껍데기 배당 5조합 제외(값: [100])
[각질편성] 아오모리 3경주: 선행2·선입0·추입5 → 보통 페이스
[경륜전개] 아오모리 3경주: 슬로우(단독 선행) · 라인 3개 · 페어 [[2, 5], [7, 3], [4, 1]]
[placeholder 필터] 아오모리 3경주 복승 껍데기 배당 5조합 제외(값: [100])
[placeholder 필터] 아오모리 3경주 복승 껍데기 배당 5조합 제외(값: [100])
[각질편성] 아오모리 3경주: 선행2·선입0·추입5 → 보통 페이스
[경륜전개] 아오모리 3경주: 슬로우(단독 선행) · 라인 3개 · 페어 [[2, 5], [7, 3], [4, 1]]
[각질편성] 아오모리 3경주: 선행2·선입0·추입5 → 보통 페이스
[경륜전개] 아오모리 3경주: 슬로우(단독 선행) · 라인 3개 · 페어 [[2, 5], [7, 3], [4, 1]]
서버 시작: http://127.0.0.1:8011 (debug=True, 로컬은 자동 리로드 ON)
  · Gemini 검수 호출 : ⏸️ 꺼짐 — 일시 중단 (GEMINI_REVIEW_ENABLED)
  · Gemini 카카오발송: ⏸️ 꺼짐 — 일시 중단 (GEMINI_KAKAO_ENABLED)
  · 결정론 검수(②④) : 🟢 항상 동작 (logs/det_review/) · 경주 추천 카카오: 🟢 정상
  · Gemini 독립예측  : ✅ 켜짐
  · 선택 모듈 로드          ✅ 전부 정상
  --- 환경 플래그(자동 수집) ---
  · GEMINI_FORECAST_ENABLED    🟢 켜짐
[주기백업] 6시간 주기 데이터 안전 백업 스레드 시작
[학습일지] 매일 22:00 학습 일지 자동 생성 스케줄러 시작
[체크리스트 카카오] 자동 발송 스케줄러 시작(매일 21:00 · 60초 폴링 · HEALTH_KAKAO_HOUR)
[다중경주] 백그라운드 시작(스케줄 30분·수집 30초·실패격리·워치독 60초)
[다중경주] 하트비트 #1 · 스케줄 ymd=20260801 (-1초 전 갱신 · 트랙 12개)
[날씨] 자동수집 데몬 시작(30분 캐시· 키 없음→더미)
[결과 백필] 데몬 시작(20분 주기·당일 미입력 자동수집 — 한국:KRA rcTime · 일본NAR:keiba RaceMarkTable·watch 무관)
[부팅] 백그라운드 작업 기동 완료(자동수집·백업·학습·날짜정리)
[placeholder 필터] 아오모리 3경주 복승 껍데기 배당 5조합 제외(값: [100])
[각질편성] 아오모리 3경주: 선행2·선입0·추입5 → 보통 페이스
[경륜전개] 아오모리 3경주: 슬로우(단독 선행) · 라인 3개 · 페어 [[2, 5], [7, 3], [4, 1]]
⏸ [폴링 저장 가드] 아오모리 3경주: 마감 후 readonly → 로그 저장 생략(분석·표시는 정상)
[3종 수집] 호후 3경주: {'quinella': 21, 'exacta': 42, 'trio': 0, 'win': 0} (history 3)
[다중경주] 아오모리 3경주: 사설(확장) 수집 활성(28초 전) → 복승은 사설 유지·서버 쌍승42/삼복승0 보완
🔮 [예측] 아오모리 3경주: top3=[2, 7, 3] conf=4 · 이 경주에는 선행형이 2번 하나뿐이며, 젖히기형 7번이 이를 추격할 가능
🔮 [예측] 호후 3경주: top3=[4, 1, 5] conf=4 · 이 경주는 7명의 출전자 중 단 1명(2번)만이 선행형이고, 나머지 6명
[placeholder 필터] 아오모리 3경주 복승 껍데기 배당 5조합 제외(값: [100])
[각질편성] 아오모리 3경주: 선행2·선입0·추입5 → 보통 페이스
[경륜전개] 아오모리 3경주: 슬로우(단독 선행) · 라인 3개 · 페어 [[2, 5], [7, 3], [4, 1]]
서버 시작: http://127.0.0.1:8011 (debug=True, 로컬은 자동 리로드 ON)
  · Gemini 검수 호출 : ⏸️ 꺼짐 — 일시 중단 (GEMINI_REVIEW_ENABLED)
  · Gemini 카카오발송: ⏸️ 꺼짐 — 일시 중단 (GEMINI_KAKAO_ENABLED)
  · 결정론 검수(②④) : 🟢 항상 동작 (logs/det_review/) · 경주 추천 카카오: 🟢 정상
  · Gemini 독립예측  : ✅ 켜짐
  · 선택 모듈 로드          ✅ 전부 정상
  --- 환경 플래그(자동 수집) ---
  · GEMINI_FORECAST_ENABLED    🟢 켜짐
[주기백업] 6시간 주기 데이터 안전 백업 스레드 시작
[학습일지] 매일 22:00 학습 일지 자동 생성 스케줄러 시작
[체크리스트 카카오] 자동 발송 스케줄러 시작(매일 21:00 · 60초 폴링 · HEALTH_KAKAO_HOUR)
[다중경주] 백그라운드 시작(스케줄 30분·수집 30초·실패격리·워치독 60초)
[다중경주] 하트비트 #1 · 스케줄 ymd=20260801 (-1초 전 갱신 · 트랙 12개)
[날씨] 자동수집 데몬 시작(30분 캐시· 키 없음→더미)
[결과 백필] 데몬 시작(20분 주기·당일 미입력 자동수집 — 한국:KRA rcTime · 일본NAR:keiba RaceMarkTable·watch 무관)
[부팅] 백그라운드 작업 기동 완료(자동수집·백업·학습·날짜정리)
[placeholder 필터] 아오모리 3경주 복승 껍데기 배당 5조합 제외(값: [100])
[각질편성] 아오모리 3경주: 선행2·선입0·추입5 → 보통 페이스
[경륜전개] 아오모리 3경주: 슬로우(단독 선행) · 라인 3개 · 페어 [[2, 5], [7, 3], [4, 1]]
⏸ [폴링 저장 가드] 아오모리 3경주: 마감 후 readonly → 로그 저장 생략(분석·표시는 정상)
[3종 수집] 호후 3경주: {'quinella': 21, 'exacta': 42, 'trio': 0, 'win': 0} (history 4)
[placeholder 필터] 아오모리 3경주 복승 껍데기 배당 5조합 제외(값: [100])
[각질편성] 아오모리 3경주: 선행2·선입0·추입5 → 보통 페이스
[경륜전개] 아오모리 3경주: 슬로우(단독 선행) · 라인 3개 · 페어 [[2, 5], [7, 3], [4, 1]]
[다중경주] 아오모리 3경주: 사설(확장) 수집 활성(36초 전) → 복승은 사설 유지·서버 쌍승42/삼복승0 보완
🔮 [예측] 아오모리 3경주: top3=[2, 7, 3] conf=4 · 이 경주는 7두 편성으로 단독 선행마 2번(石田 宏樹)이 존재하며, 이는
🔮 [예측] 호후 3경주: top3=[4, 1, 5] conf=4 · 이 경주는 7두 중 1두만이 선행형이고 6두가 추입형으로 구성된 극단적인
[placeholder 필터] 아오모리 3경주 복승 껍데기 배당 5조합 제외(값: [100])
[각질편성] 아오모리 3경주: 선행2·선입0·추입5 → 보통 페이스
[경륜전개] 아오모리 3경주: 슬로우(단독 선행) · 라인 3개 · 페어 [[2, 5], [7, 3], [4, 1]]
[3종 수집] 아오모리 3경주: {'quinella': 21, 'exacta': 0, 'trio': 0, 'win': 0} (history 4)
[placeholder 필터] 아오모리 3경주 복승 껍데기 배당 4조합 제외(값: [100])
[각질편성] 아오모리 3경주: 선행2·선입0·추입5 → 보통 페이스
[경륜전개] 아오모리 3경주: 슬로우(단독 선행) · 라인 3개 · 페어 [[2, 5], [7, 3], [4, 1]]
서버 시작: http://127.0.0.1:8011 (debug=True, 로컬은 자동 리로드 ON)
  · Gemini 검수 호출 : ⏸️ 꺼짐 — 일시 중단 (GEMINI_REVIEW_ENABLED)
  · Gemini 카카오발송: ⏸️ 꺼짐 — 일시 중단 (GEMINI_KAKAO_ENABLED)
  · 결정론 검수(②④) : 🟢 항상 동작 (logs/det_review/) · 경주 추천 카카오: 🟢 정상
  · Gemini 독립예측  : ✅ 켜짐
  · 선택 모듈 로드          ✅ 전부 정상
  --- 환경 플래그(자동 수집) ---
  · GEMINI_FORECAST_ENABLED    🟢 켜짐
[주기백업] 6시간 주기 데이터 안전 백업 스레드 시작
[학습일지] 매일 22:00 학습 일지 자동 생성 스케줄러 시작
[체크리스트 카카오] 자동 발송 스케줄러 시작(매일 21:00 · 60초 폴링 · HEALTH_KAKAO_HOUR)
[다중경주] 백그라운드 시작(스케줄 30분·수집 30초·실패격리·워치독 60초)
[다중경주] 하트비트 #1 · 스케줄 ymd=20260801 (-1초 전 갱신 · 트랙 12개)
[날씨] 자동수집 데몬 시작(30분 캐시· 키 없음→더미)
[결과 백필] 데몬 시작(20분 주기·당일 미입력 자동수집 — 한국:KRA rcTime · 일본NAR:keiba RaceMarkTable·watch 무관)
[부팅] 백그라운드 작업 기동 완료(자동수집·백업·학습·날짜정리)
[다중경주] 아오모리 3경주: 사설(확장) 수집 활성(5초 전) → 복승은 사설 유지·서버 쌍승42/삼복승0 보완
[3종 수집] 호후 3경주: {'quinella': 21, 'exacta': 42, 'trio': 0, 'win': 0} (history 5)
[placeholder 필터] 아오모리 3경주 복승 껍데기 배당 4조합 제외(값: [100])
[placeholder 필터] 아오모리 3경주 복승 껍데기 배당 4조합 제외(값: [100])
[각질편성] 아오모리 3경주: 선행2·선입0·추입5 → 보통 페이스
[각질편성] 아오모리 3경주: 선행2·선입0·추입5 → 보통 페이스
[각질편성] 아오모리 1경주: 선행2·선입0·추입5 → 보통 페이스
[경륜전개] 아오모리 3경주: 슬로우(단독 선행) · 라인 3개 · 페어 [[2, 5], [7, 3], [4, 1]]
[경륜전개] 아오모리 3경주: 슬로우(단독 선행) · 라인 3개 · 페어 [[2, 5], [7, 3], [4, 1]]
[경륜전개] 아오모리 1경주: 보통 · 라인 2개 · 페어 [[7, 2], [1, 5]]
⏸ [폴링 저장 가드] 아오모리 3경주: 마감 후 readonly → 로그 저장 생략(분석·표시는 정상)
[결과기록] 캐시 갱신 — 재파싱 1648건 / 전체 1648건
[각질편성] 호후 1경주: 선행3·선입0·추입3 → ⚡ 빠른 페이스
[경륜전개] 호후 1경주: 하이(주도권 경합) · 라인 3개 · 페어 [[5, 3], [1, 4]]
[잔존마 필터] 아오모리 2경주: 전적 7두 → 배당 출전마 6두 (배당 없는 마번 제외: [7])
[각질편성] 아오모리 2경주: 선행3·선입0·추입3 → ⚡ 빠른 페이스
[경륜전개] 아오모리 2경주: 하이(주도권 경합) · 라인 3개 · 페어 [[2, 3], [4, 1], [5, 6]]
[각질편성] 호후 2경주: 선행2·선입0·추입5 → 보통 페이스
[경륜전개] 호후 2경주: 보통 · 라인 3개 · 페어 [[2, 6], [1, 5], [3, 7]]
[각질편성] 아오모리 3경주: 선행2·선입0·추입5 → 보통 페이스
[경륜전개] 아오모리 3경주: 슬로우(단독 선행) · 라인 3개 · 페어 [[2, 5], [7, 3], [4, 1]]
[각질편성] 호후 3경주: 선행1·선입0·추입6 → 🐌 느린 페이스
[경륜전개] 호후 3경주: 슬로우(단독 선행) · 라인 2개 · 페어 [[4, 3], [2, 5]]
🔮 [예측] 아오모리 3경주: top3=[2, 7, 3] conf=4 · 이 경주는 7두 편성으로 선행형이 1명(2번) 밖에 없어, 2번이 독주할
[복병 이동 상한] 3+7 64.7배 > 특별상한 50.0배 → 💎 노출 제외(참고)
[경륜 추천 모순 수정] 고배당 강제조합 2건 메인→복병 이동(25배 상한)
[경륜 B라인v2] 에러(무시·보류 항목): name 'key_horses' is not defined
[B라인 그물망] 호후 3경주: B라인[2, 5] 삼복승보험 [[2, 5, 7]] 추가
🔮 [예측] 호후 3경주: top3=[4, 1, 5] conf=4 · 출전 선수 7명 중 선행형은 2번 미키 쇼타 단 한 명뿐이다. 이는 경주
[placeholder 필터] 아오모리 3경주 복승 껍데기 배당 4조합 제외(값: [100])
[각질편성] 아오모리 3경주: 선행2·선입0·추입5 → 보통 페이스
[경륜전개] 아오모리 3경주: 슬로우(단독 선행) · 라인 3개 · 페어 [[2, 5], [7, 3], [4, 1]]
[placeholder 필터] 아오모리 3경주 복승 껍데기 배당 4조합 제외(값: [100])
[placeholder 필터] 아오모리 3경주 복승 껍데기 배당 4조합 제외(값: [100])
[각질편성] 아오모리 3경주: 선행2·선입0·추입5 → 보통 페이스
[경륜전개] 아오모리 3경주: 슬로우(단독 선행) · 라인 3개 · 페어 [[2, 5], [7, 3], [4, 1]]
[각질편성] 아오모리 3경주: 선행2·선입0·추입5 → 보통 페이스
[경륜전개] 아오모리 3경주: 슬로우(단독 선행) · 라인 3개 · 페어 [[2, 5], [7, 3], [4, 1]]
[placeholder 필터] 아오모리 3경주 복승 껍데기 배당 4조합 제외(값: [100])
[각질편성] 아오모리 3경주: 선행2·선입0·추입5 → 보통 페이스
[경륜전개] 아오모리 3경주: 슬로우(단독 선행) · 라인 3개 · 페어 [[2, 5], [7, 3], [4, 1]]
[경륜 스케줄] 20260801: 경륜장 10곳 · 경주 94개(서버 직접수집·로그인 불필요)
[placeholder 필터] 아오모리 3경주 복승 껍데기 배당 4조합 제외(값: [100])
[각질편성] 아오모리 3경주: 선행2·선입0·추입5 → 보통 페이스
[경륜전개] 아오모리 3경주: 슬로우(단독 선행) · 라인 3개 · 페어 [[2, 5], [7, 3], [4, 1]]
[3종 수집] 아오모리 3경주: {'quinella': 21, 'exacta': 0, 'trio': 0, 'win': 0} (history 5)
[placeholder 필터] 아오모리 3경주 복승 껍데기 배당 4조합 제외(값: [100])
[각질편성] 아오모리 3경주: 선행2·선입0·추입5 → 보통 페이스
[경륜전개] 아오모리 3경주: 슬로우(단독 선행) · 라인 3개 · 페어 [[2, 5], [7, 3], [4, 1]]
[placeholder 필터] 아오모리 3경주 복승 껍데기 배당 4조합 제외(값: [100])
[각질편성] 아오모리 3경주: 선행2·선입0·추입5 → 보통 페이스
[경륜전개] 아오모리 3경주: 슬로우(단독 선행) · 라인 3개 · 페어 [[2, 5], [7, 3], [4, 1]]
[placeholder 필터] 아오모리 3경주 복승 껍데기 배당 4조합 제외(값: [100])
[placeholder 필터] 아오모리 3경주 복승 껍데기 배당 4조합 제외(값: [100])
[각질편성] 아오모리 3경주: 선행2·선입0·추입5 → 보통 페이스
[각질편성] 아오모리 3경주: 선행2·선입0·추입5 → 보통 페이스
[경륜전개] 아오모리 3경주: 슬로우(단독 선행) · 라인 3개 · 페어 [[2, 5], [7, 3], [4, 1]]
[경륜전개] 아오모리 3경주: 슬로우(단독 선행) · 라인 3개 · 페어 [[2, 5], [7, 3], [4, 1]]
[placeholder 필터] 아오모리 3경주 복승 껍데기 배당 4조합 제외(값: [100])
[각질편성] 아오모리 3경주: 선행2·선입0·추입5 → 보통 페이스
[경륜전개] 아오모리 3경주: 슬로우(단독 선행) · 라인 3개 · 페어 [[2, 5], [7, 3], [4, 1]]
[한국경마 스케줄] 20260801: 경마장 0곳 · 경주 0개(KRA API 감지·발주시각 미제공)
[다중경주 스케줄] 20260801: 트랙 12곳(경륜 10·한국 0 포함) · 경주 118개
[각질편성] 아오모리 1경주: 선행2·선입0·추입5 → 보통 페이스
[경륜전개] 아오모리 1경주: 보통 · 라인 2개 · 페어 [[7, 2], [1, 5]]
[각질편성] 호후 1경주: 선행3·선입0·추입3 → ⚡ 빠른 페이스
[경륜전개] 호후 1경주: 하이(주도권 경합) · 라인 3개 · 페어 [[5, 3], [1, 4]]
[잔존마 필터] 아오모리 2경주: 전적 7두 → 배당 출전마 6두 (배당 없는 마번 제외: [7])
[각질편성] 아오모리 2경주: 선행3·선입0·추입3 → ⚡ 빠른 페이스
[경륜전개] 아오모리 2경주: 하이(주도권 경합) · 라인 3개 · 페어 [[2, 3], [4, 1], [5, 6]]
[각질편성] 호후 2경주: 선행2·선입0·추입5 → 보통 페이스
[경륜전개] 호후 2경주: 보통 · 라인 3개 · 페어 [[2, 6], [1, 5], [3, 7]]
[각질편성] 아오모리 3경주: 선행2·선입0·추입5 → 보통 페이스
[경륜전개] 아오모리 3경주: 슬로우(단독 선행) · 라인 3개 · 페어 [[2, 5], [7, 3], [4, 1]]
[각질편성] 호후 3경주: 선행1·선입0·추입6 → 🐌 느린 페이스
[경륜전개] 호후 3경주: 슬로우(단독 선행) · 라인 2개 · 페어 [[4, 3], [2, 5]]
[복병 이동 상한] 3+7 64.7배 > 특별상한 50.0배 → 💎 노출 제외(참고)
[경륜 추천 모순 수정] 고배당 강제조합 2건 메인→복병 이동(25배 상한)
[B라인 그물망] 호후 3경주: B라인[2, 5] 삼복승보험 [[2, 5, 7]] 추가
[다중경주] 아오모리 3경주: 사설(확장) 수집 활성(11초 전) → 복승은 사설 유지·서버 쌍승42/삼복승0 보완
[활성정리] 끝난 경주 1건 제거(히스토리 보존): 호후 1경주
[3종 수집] 호후 3경주: {'quinella': 21, 'exacta': 42, 'trio': 0, 'win': 0} (history 6)
서버 시작: http://127.0.0.1:8011 (debug=True, 로컬은 자동 리로드 ON)
  · Gemini 검수 호출 : ⏸️ 꺼짐 — 일시 중단 (GEMINI_REVIEW_ENABLED)
  · Gemini 카카오발송: ⏸️ 꺼짐 — 일시 중단 (GEMINI_KAKAO_ENABLED)
  · 결정론 검수(②④) : 🟢 항상 동작 (logs/det_review/) · 경주 추천 카카오: 🟢 정상
  · Gemini 독립예측  : ✅ 켜짐
  · 선택 모듈 로드          ✅ 전부 정상
  --- 환경 플래그(자동 수집) ---
  · GEMINI_FORECAST_ENABLED    🟢 켜짐
[주기백업] 6시간 주기 데이터 안전 백업 스레드 시작
[학습일지] 매일 22:00 학습 일지 자동 생성 스케줄러 시작
[체크리스트 카카오] 자동 발송 스케줄러 시작(매일 21:00 · 60초 폴링 · HEALTH_KAKAO_HOUR)
[다중경주] 하트비트 #1 · 스케줄 ymd=20260801 (-1초 전 갱신 · 트랙 12개)
[다중경주] 백그라운드 시작(스케줄 30분·수집 30초·실패격리·워치독 60초)
[날씨] 자동수집 데몬 시작(30분 캐시· 키 없음→더미)
[결과 백필] 데몬 시작(20분 주기·당일 미입력 자동수집 — 한국:KRA rcTime · 일본NAR:keiba RaceMarkTable·watch 무관)
[부팅] 백그라운드 작업 기동 완료(자동수집·백업·학습·날짜정리)
[placeholder 필터] 아오모리 3경주 복승 껍데기 배당 4조합 제외(값: [100])
[placeholder 필터] 아오모리 3경주 복승 껍데기 배당 4조합 제외(값: [100])
[각질편성] 아오모리 3경주: 선행2·선입0·추입5 → 보통 페이스
[경륜전개] 아오모리 3경주: 슬로우(단독 선행) · 라인 3개 · 페어 [[2, 5], [7, 3], [4, 1]]
[각질편성] 아오모리 3경주: 선행2·선입0·추입5 → 보통 페이스
[경륜전개] 아오모리 3경주: 슬로우(단독 선행) · 라인 3개 · 페어 [[2, 5], [7, 3], [4, 1]]
⏸ [폴링 저장 가드] 아오모리 3경주: 마감 후 readonly → 로그 저장 생략(분석·표시는 정상)
[다중경주] 아오모리 3경주: 사설(확장) 수집 활성(15초 전) → 복승은 사설 유지·서버 쌍승42/삼복승0 보완
[3종 수집] 호후 3경주: {'quinella': 21, 'exacta': 42, 'trio': 0, 'win': 0} (history 7)
🔮 [예측] 호후 3경주: top3=[4, 1, 5] conf=4 · 이 경주는 7두 중 선행형이 1두(2번 三木)에 불과하고, 나머지 6두가
🔮 [예측] 아오모리 3경주: top3=[2, 7, 3] conf=4 · 전체 7두 중 선행형은 2번('石田 宏樹') 단 한 명이고, 나머지 5두
서버 시작: http://127.0.0.1:8011 (debug=True, 로컬은 자동 리로드 ON)
  · Gemini 검수 호출 : ⏸️ 꺼짐 — 일시 중단 (GEMINI_REVIEW_ENABLED)
  · Gemini 카카오발송: ⏸️ 꺼짐 — 일시 중단 (GEMINI_KAKAO_ENABLED)
  · 결정론 검수(②④) : 🟢 항상 동작 (logs/det_review/) · 경주 추천 카카오: 🟢 정상
  · Gemini 독립예측  : ✅ 켜짐
  · 선택 모듈 로드          ✅ 전부 정상
  --- 환경 플래그(자동 수집) ---
  · GEMINI_FORECAST_ENABLED    🟢 켜짐
[주기백업] 6시간 주기 데이터 안전 백업 스레드 시작
[학습일지] 매일 22:00 학습 일지 자동 생성 스케줄러 시작
[체크리스트 카카오] 자동 발송 스케줄러 시작(매일 21:00 · 60초 폴링 · HEALTH_KAKAO_HOUR)
[다중경주] 백그라운드 시작(스케줄 30분·수집 30초·실패격리·워치독 60초)
[다중경주] 하트비트 #1 · 스케줄 ymd=20260801 (-1초 전 갱신 · 트랙 12개)
[날씨] 자동수집 데몬 시작(30분 캐시· 키 없음→더미)
[결과 백필] 데몬 시작(20분 주기·당일 미입력 자동수집 — 한국:KRA rcTime · 일본NAR:keiba RaceMarkTable·watch 무관)
[부팅] 백그라운드 작업 기동 완료(자동수집·백업·학습·날짜정리)
[placeholder 필터] 아오모리 3경주 복승 껍데기 배당 4조합 제외(값: [100])
[각질편성] 아오모리 3경주: 선행2·선입0·추입5 → 보통 페이스
[경륜전개] 아오모리 3경주: 슬로우(단독 선행) · 라인 3개 · 페어 [[2, 5], [7, 3], [4, 1]]
⏸ [폴링 저장 가드] 아오모리 3경주: 마감 후 readonly → 로그 저장 생략(분석·표시는 정상)
[3종 수집] 호후 3경주: {'quinella': 21, 'exacta': 42, 'trio': 0, 'win': 0} (history 8)
[placeholder 필터] 아오모리 3경주 복승 껍데기 배당 4조합 제외(값: [100])
[placeholder 필터] 아오모리 3경주 복승 껍데기 배당 4조합 제외(값: [100])
[각질편성] 아오모리 3경주: 선행2·선입0·추입5 → 보통 페이스
[각질편성] 아오모리 3경주: 선행2·선입0·추입5 → 보통 페이스
[경륜전개] 아오모리 3경주: 슬로우(단독 선행) · 라인 3개 · 페어 [[2, 5], [7, 3], [4, 1]]
[경륜전개] 아오모리 3경주: 슬로우(단독 선행) · 라인 3개 · 페어 [[2, 5], [7, 3], [4, 1]]
🔮 [예측] 호후 3경주: top3=[4, 1, 5] conf=4 · 출주마 7마리 중 2번을 제외한 6마리가 추입 또는 자재 각질로 구성되어
[각질편성] 호후 3경주: 선행1·선입0·추입6 → 🐌 느린 페이스
[경륜전개] 호후 3경주: 슬로우(단독 선행) · 라인 2개 · 페어 [[4, 3], [2, 5]]
[복병 이동 상한] 3+7 64.7배 > 특별상한 50.0배 → 💎 노출 제외(참고)
[경륜 추천 모순 수정] 고배당 강제조합 2건 메인→복병 이동(25배 상한)
[경륜 B라인v2] 에러(무시·보류 항목): name 'key_horses' is not defined
[B라인 그물망] 호후 3경주: B라인[2, 5] 삼복승보험 [[2, 5, 7]] 추가
[자동분석·배경] 호후 3경주: 마감 476초 전 재분석(rec_history 누적·cycle)
서버 시작: http://127.0.0.1:8011 (debug=True, 로컬은 자동 리로드 ON)
  · Gemini 검수 호출 : ⏸️ 꺼짐 — 일시 중단 (GEMINI_REVIEW_ENABLED)
  · Gemini 카카오발송: ⏸️ 꺼짐 — 일시 중단 (GEMINI_KAKAO_ENABLED)
  · 결정론 검수(②④) : 🟢 항상 동작 (logs/det_review/) · 경주 추천 카카오: 🟢 정상
  · Gemini 독립예측  : ✅ 켜짐
  · 선택 모듈 로드          ✅ 전부 정상
  --- 환경 플래그(자동 수집) ---
  · GEMINI_FORECAST_ENABLED    🟢 켜짐
[주기백업] 6시간 주기 데이터 안전 백업 스레드 시작
[학습일지] 매일 22:00 학습 일지 자동 생성 스케줄러 시작
[체크리스트 카카오] 자동 발송 스케줄러 시작(매일 21:00 · 60초 폴링 · HEALTH_KAKAO_HOUR)
[다중경주] 백그라운드 시작(스케줄 30분·수집 30초·실패격리·워치독 60초)
[다중경주] 하트비트 #1 · 스케줄 ymd=20260801 (-1초 전 갱신 · 트랙 12개)
[날씨] 자동수집 데몬 시작(30분 캐시· 키 없음→더미)
[결과 백필] 데몬 시작(20분 주기·당일 미입력 자동수집 — 한국:KRA rcTime · 일본NAR:keiba RaceMarkTable·watch 무관)
[부팅] 백그라운드 작업 기동 완료(자동수집·백업·학습·날짜정리)
[3종 수집] 호후 3경주: {'quinella': 21, 'exacta': 42, 'trio': 0, 'win': 0} (history 9)
[placeholder 필터] 아오모리 3경주 복승 껍데기 배당 4조합 제외(값: [100])
[각질편성] 아오모리 3경주: 선행2·선입0·추입5 → 보통 페이스
[경륜전개] 아오모리 3경주: 슬로우(단독 선행) · 라인 3개 · 페어 [[2, 5], [7, 3], [4, 1]]
⏸ [폴링 저장 가드] 아오모리 3경주: 마감 후 readonly → 로그 저장 생략(분석·표시는 정상)
🔮 [예측] 호후 3경주: top3=[4, 1, 5] conf=4 · 전체 7두 중 선행형은 2번 한 명뿐이고, 나머지 6두가 모두 추입형 또
[placeholder 필터] 아오모리 3경주 복승 껍데기 배당 4조합 제외(값: [100])
[각질편성] 아오모리 3경주: 선행2·선입0·추입5 → 보통 페이스
[경륜전개] 아오모리 3경주: 슬로우(단독 선행) · 라인 3개 · 페어 [[2, 5], [7, 3], [4, 1]]
[3종 수집] 아오모리 3경주: {'quinella': 21, 'exacta': 0, 'trio': 0, 'win': 0} (history 6)
[placeholder 필터] 아오모리 3경주 복승 껍데기 배당 4조합 제외(값: [100])
[각질편성] 아오모리 3경주: 선행2·선입0·추입5 → 보통 페이스
[경륜전개] 아오모리 3경주: 슬로우(단독 선행) · 라인 3개 · 페어 [[2, 5], [7, 3], [4, 1]]
[placeholder 필터] 아오모리 3경주 복승 껍데기 배당 4조합 제외(값: [100])
[각질편성] 아오모리 3경주: 선행2·선입0·추입5 → 보통 페이스
[경륜전개] 아오모리 3경주: 슬로우(단독 선행) · 라인 3개 · 페어 [[2, 5], [7, 3], [4, 1]]
[경륜 스케줄] 20260801: 경륜장 10곳 · 경주 94개(서버 직접수집·로그인 불필요)
[placeholder 필터] 아오모리 3경주 복승 껍데기 배당 4조합 제외(값: [100])
[각질편성] 아오모리 3경주: 선행2·선입0·추입5 → 보통 페이스
[경륜전개] 아오모리 3경주: 슬로우(단독 선행) · 라인 3개 · 페어 [[2, 5], [7, 3], [4, 1]]
[placeholder 필터] 아오모리 3경주 복승 껍데기 배당 4조합 제외(값: [100])
[각질편성] 아오모리 3경주: 선행2·선입0·추입5 → 보통 페이스
[경륜전개] 아오모리 3경주: 슬로우(단독 선행) · 라인 3개 · 페어 [[2, 5], [7, 3], [4, 1]]
[placeholder 필터] 아오모리 3경주 복승 껍데기 배당 4조합 제외(값: [100])
[각질편성] 아오모리 3경주: 선행2·선입0·추입5 → 보통 페이스
[경륜전개] 아오모리 3경주: 슬로우(단독 선행) · 라인 3개 · 페어 [[2, 5], [7, 3], [4, 1]]
[placeholder 필터] 아오모리 3경주 복승 껍데기 배당 4조합 제외(값: [100])
[각질편성] 아오모리 3경주: 선행2·선입0·추입5 → 보통 페이스
[경륜전개] 아오모리 3경주: 슬로우(단독 선행) · 라인 3개 · 페어 [[2, 5], [7, 3], [4, 1]]
[placeholder 필터] 아오모리 3경주 복승 껍데기 배당 4조합 제외(값: [100])
[placeholder 필터] 아오모리 3경주 복승 껍데기 배당 4조합 제외(값: [100])
[각질편성] 아오모리 3경주: 선행2·선입0·추입5 → 보통 페이스
[경륜전개] 아오모리 3경주: 슬로우(단독 선행) · 라인 3개 · 페어 [[2, 5], [7, 3], [4, 1]]
[각질편성] 아오모리 3경주: 선행2·선입0·추입5 → 보통 페이스
[각질편성] 아오모리 1경주: 선행2·선입0·추입5 → 보통 페이스
[경륜전개] 아오모리 3경주: 슬로우(단독 선행) · 라인 3개 · 페어 [[2, 5], [7, 3], [4, 1]]
[경륜전개] 아오모리 1경주: 보통 · 라인 2개 · 페어 [[7, 2], [1, 5]]
[placeholder 필터] 아오모리 3경주 복승 껍데기 배당 4조합 제외(값: [100])
[placeholder 필터] 아오모리 3경주 복승 껍데기 배당 4조합 제외(값: [100])
[각질편성] 아오모리 3경주: 선행2·선입0·추입5 → 보통 페이스
[각질편성] 아오모리 3경주: 선행2·선입0·추입5 → 보통 페이스
[경륜전개] 아오모리 3경주: 슬로우(단독 선행) · 라인 3개 · 페어 [[2, 5], [7, 3], [4, 1]]
[경륜전개] 아오모리 3경주: 슬로우(단독 선행) · 라인 3개 · 페어 [[2, 5], [7, 3], [4, 1]]
[3종 수집] 호후 3경주: {'quinella': 21, 'exacta': 42, 'trio': 0, 'win': 0} (history 10)
[각질편성] 호후 3경주: 선행1·선입0·추입6 → 🐌 느린 페이스
[경륜전개] 호후 3경주: 슬로우(단독 선행) · 라인 2개 · 페어 [[4, 3], [2, 5]]
[복병 이동 상한] 3+7 67.8배 > 특별상한 50.0배 → 💎 노출 제외(참고)
[경륜 추천 모순 수정] 고배당 강제조합 2건 메인→복병 이동(25배 상한)
[경륜 B라인v2] 에러(무시·보류 항목): name 'key_horses' is not defined
[B라인 그물망] 호후 3경주: B라인[2, 5] 삼복승보험 [[2, 5, 7]] 추가
[자동분석·배경] 호후 3경주: 마감 434초 전 재분석(rec_history 누적·cycle)
[placeholder 필터] 아오모리 3경주 복승 껍데기 배당 4조합 제외(값: [100])
[각질편성] 아오모리 3경주: 선행2·선입0·추입5 → 보통 페이스
[경륜전개] 아오모리 3경주: 슬로우(단독 선행) · 라인 3개 · 페어 [[2, 5], [7, 3], [4, 1]]
[각질편성] 호후 3경주: 선행1·선입0·추입6 → 🐌 느린 페이스
[경륜전개] 호후 3경주: 슬로우(단독 선행) · 라인 2개 · 페어 [[4, 3], [2, 5]]
[복병 이동 상한] 3+7 67.8배 > 특별상한 50.0배 → 💎 노출 제외(참고)
[경륜 추천 모순 수정] 고배당 강제조합 2건 메인→복병 이동(25배 상한)
[B라인 그물망] 호후 3경주: B라인[2, 5] 삼복승보험 [[2, 5, 7]] 추가
[카카오알림] 호후 3경주 T-7 → 큐 적재
[한국경마 스케줄] 20260801: 경마장 0곳 · 경주 0개(KRA API 감지·발주시각 미제공)
[다중경주 스케줄] 20260801: 트랙 12곳(경륜 10·한국 0 포함) · 경주 118개
[결과기록] 캐시 갱신 — 재파싱 1648건 / 전체 1648건
[각질편성] 호후 1경주: 선행3·선입0·추입3 → ⚡ 빠른 페이스
[경륜전개] 호후 1경주: 하이(주도권 경합) · 라인 3개 · 페어 [[5, 3], [1, 4]]
[잔존마 필터] 아오모리 2경주: 전적 7두 → 배당 출전마 6두 (배당 없는 마번 제외: [7])
[각질편성] 아오모리 2경주: 선행3·선입0·추입3 → ⚡ 빠른 페이스
[경륜전개] 아오모리 2경주: 하이(주도권 경합) · 라인 3개 · 페어 [[2, 3], [4, 1], [5, 6]]
[각질편성] 호후 2경주: 선행2·선입0·추입5 → 보통 페이스
[경륜전개] 호후 2경주: 보통 · 라인 3개 · 페어 [[2, 6], [1, 5], [3, 7]]
[각질편성] 아오모리 3경주: 선행2·선입0·추입5 → 보통 페이스
[경륜전개] 아오모리 3경주: 슬로우(단독 선행) · 라인 3개 · 페어 [[2, 5], [7, 3], [4, 1]]
[각질편성] 호후 3경주: 선행1·선입0·추입6 → 🐌 느린 페이스
[경륜전개] 호후 3경주: 슬로우(단독 선행) · 라인 2개 · 페어 [[4, 3], [2, 5]]
[복병 이동 상한] 3+7 62.9배 > 특별상한 50.0배 → 💎 노출 제외(참고)
[경륜 추천 모순 수정] 고배당 강제조합 2건 메인→복병 이동(25배 상한)
[B라인 그물망] 호후 3경주: B라인[2, 5] 삼복승보험 [[2, 5, 7]] 추가
[placeholder 필터] 아오모리 3경주 복승 껍데기 배당 4조합 제외(값: [100])
[각질편성] 아오모리 3경주: 선행2·선입0·추입5 → 보통 페이스
[경륜전개] 아오모리 3경주: 슬로우(단독 선행) · 라인 3개 · 페어 [[2, 5], [7, 3], [4, 1]]
[3종 수집] 아오모리 3경주: {'quinella': 21, 'exacta': 0, 'trio': 0, 'win': 0} (history 7)
[placeholder 필터] 아오모리 3경주 복승 껍데기 배당 4조합 제외(값: [100])
[각질편성] 아오모리 3경주: 선행2·선입0·추입5 → 보통 페이스
[경륜전개] 아오모리 3경주: 슬로우(단독 선행) · 라인 3개 · 페어 [[2, 5], [7, 3], [4, 1]]
[placeholder 필터] 아오모리 3경주 복승 껍데기 배당 4조합 제외(값: [100])
[각질편성] 아오모리 3경주: 선행2·선입0·추입5 → 보통 페이스
[경륜전개] 아오모리 3경주: 슬로우(단독 선행) · 라인 3개 · 페어 [[2, 5], [7, 3], [4, 1]]
[placeholder 필터] 아오모리 3경주 복승 껍데기 배당 4조합 제외(값: [100])
[각질편성] 아오모리 3경주: 선행2·선입0·추입5 → 보통 페이스
[경륜전개] 아오모리 3경주: 슬로우(단독 선행) · 라인 3개 · 페어 [[2, 5], [7, 3], [4, 1]]
[placeholder 필터] 아오모리 3경주 복승 껍데기 배당 4조합 제외(값: [100])
[각질편성] 아오모리 3경주: 선행2·선입0·추입5 → 보통 페이스
[경륜전개] 아오모리 3경주: 슬로우(단독 선행) · 라인 3개 · 페어 [[2, 5], [7, 3], [4, 1]]
[placeholder 필터] 아오모리 3경주 복승 껍데기 배당 4조합 제외(값: [100])
[각질편성] 아오모리 3경주: 선행2·선입0·추입5 → 보통 페이스
[경륜전개] 아오모리 3경주: 슬로우(단독 선행) · 라인 3개 · 페어 [[2, 5], [7, 3], [4, 1]]
[3종 수집] 호후 3경주: {'quinella': 21, 'exacta': 42, 'trio': 0, 'win': 0} (history 11)
[각질편성] 호후 3경주: 선행1·선입0·추입6 → 🐌 느린 페이스
[경륜전개] 호후 3경주: 슬로우(단독 선행) · 라인 2개 · 페어 [[4, 3], [2, 5]]
[경륜 추천 개수] 7명 → 메인 4개(상한 4·혼전+1) · 복병 이동 1개
[B라인 그물망] 호후 3경주: B라인[2, 5] 삼복승보험 [[2, 5, 7]] 추가
[자동분석·배경] 호후 3경주: 마감 400초 전 재분석(rec_history 누적·cycle)
[placeholder 필터] 아오모리 3경주 복승 껍데기 배당 4조합 제외(값: [100])
[각질편성] 아오모리 3경주: 선행2·선입0·추입5 → 보통 페이스
[경륜전개] 아오모리 3경주: 슬로우(단독 선행) · 라인 3개 · 페어 [[2, 5], [7, 3], [4, 1]]
[placeholder 필터] 아오모리 3경주 복승 껍데기 배당 4조합 제외(값: [100])
[placeholder 필터] 아오모리 3경주 복승 껍데기 배당 4조합 제외(값: [100])
[각질편성] 아오모리 3경주: 선행2·선입0·추입5 → 보통 페이스
[각질편성] 아오모리 3경주: 선행2·선입0·추입5 → 보통 페이스
[경륜전개] 아오모리 3경주: 슬로우(단독 선행) · 라인 3개 · 페어 [[2, 5], [7, 3], [4, 1]]
[경륜전개] 아오모리 3경주: 슬로우(단독 선행) · 라인 3개 · 페어 [[2, 5], [7, 3], [4, 1]]
[placeholder 필터] 아오모리 3경주 복승 껍데기 배당 4조합 제외(값: [100])
[각질편성] 아오모리 1경주: 선행2·선입0·추입5 → 보통 페이스
[경륜전개] 아오모리 1경주: 보통 · 라인 2개 · 페어 [[7, 2], [1, 5]]
[각질편성] 아오모리 3경주: 선행2·선입0·추입5 → 보통 페이스
[경륜전개] 아오모리 3경주: 슬로우(단독 선행) · 라인 3개 · 페어 [[2, 5], [7, 3], [4, 1]]
[각질편성] 호후 1경주: 선행3·선입0·추입3 → ⚡ 빠른 페이스
[경륜전개] 호후 1경주: 하이(주도권 경합) · 라인 3개 · 페어 [[5, 3], [1, 4]]
[잔존마 필터] 아오모리 2경주: 전적 7두 → 배당 출전마 6두 (배당 없는 마번 제외: [7])
[각질편성] 아오모리 2경주: 선행3·선입0·추입3 → ⚡ 빠른 페이스
[경륜전개] 아오모리 2경주: 하이(주도권 경합) · 라인 3개 · 페어 [[2, 3], [4, 1], [5, 6]]
[각질편성] 호후 2경주: 선행2·선입0·추입5 → 보통 페이스
[경륜전개] 호후 2경주: 보통 · 라인 3개 · 페어 [[2, 6], [1, 5], [3, 7]]
[각질편성] 아오모리 3경주: 선행2·선입0·추입5 → 보통 페이스
[경륜전개] 아오모리 3경주: 슬로우(단독 선행) · 라인 3개 · 페어 [[2, 5], [7, 3], [4, 1]]
[각질편성] 호후 3경주: 선행1·선입0·추입6 → 🐌 느린 페이스
[경륜전개] 호후 3경주: 슬로우(단독 선행) · 라인 2개 · 페어 [[4, 3], [2, 5]]
[경륜 추천 개수] 7명 → 메인 4개(상한 4·혼전+1) · 복병 이동 1개
[B라인 그물망] 호후 3경주: B라인[2, 5] 삼복승보험 [[2, 5, 7]] 추가
[placeholder 필터] 아오모리 3경주 복승 껍데기 배당 4조합 제외(값: [100])
[각질편성] 아오모리 3경주: 선행2·선입0·추입5 → 보통 페이스
[경륜전개] 아오모리 3경주: 슬로우(단독 선행) · 라인 3개 · 페어 [[2, 5], [7, 3], [4, 1]]
[placeholder 필터] 아오모리 3경주 복승 껍데기 배당 4조합 제외(값: [100])
[각질편성] 아오모리 3경주: 선행2·선입0·추입5 → 보통 페이스
[경륜전개] 아오모리 3경주: 슬로우(단독 선행) · 라인 3개 · 페어 [[2, 5], [7, 3], [4, 1]]
[placeholder 필터] 아오모리 3경주 복승 껍데기 배당 4조합 제외(값: [100])
[각질편성] 아오모리 3경주: 선행2·선입0·추입5 → 보통 페이스
[경륜전개] 아오모리 3경주: 슬로우(단독 선행) · 라인 3개 · 페어 [[2, 5], [7, 3], [4, 1]]
[3종 수집] 아오모리 3경주: {'quinella': 21, 'exacta': 0, 'trio': 0, 'win': 0} (history 8)
[placeholder 필터] 아오모리 3경주 복승 껍데기 배당 4조합 제외(값: [100])
[각질편성] 아오모리 3경주: 선행2·선입0·추입5 → 보통 페이스
[경륜전개] 아오모리 3경주: 슬로우(단독 선행) · 라인 3개 · 페어 [[2, 5], [7, 3], [4, 1]]
[placeholder 필터] 아오모리 3경주 복승 껍데기 배당 4조합 제외(값: [100])
[placeholder 필터] 아오모리 3경주 복승 껍데기 배당 4조합 제외(값: [100])
[각질편성] 아오모리 3경주: 선행2·선입0·추입5 → 보통 페이스
[각질편성] 아오모리 3경주: 선행2·선입0·추입5 → 보통 페이스
[경륜전개] 아오모리 3경주: 슬로우(단독 선행) · 라인 3개 · 페어 [[2, 5], [7, 3], [4, 1]]
[경륜전개] 아오모리 3경주: 슬로우(단독 선행) · 라인 3개 · 페어 [[2, 5], [7, 3], [4, 1]]
[placeholder 필터] 아오모리 3경주 복승 껍데기 배당 4조합 제외(값: [100])
[각질편성] 아오모리 3경주: 선행2·선입0·추입5 → 보통 페이스
[경륜전개] 아오모리 3경주: 슬로우(단독 선행) · 라인 3개 · 페어 [[2, 5], [7, 3], [4, 1]]
[placeholder 필터] 아오모리 3경주 복승 껍데기 배당 4조합 제외(값: [100])
[각질편성] 아오모리 3경주: 선행2·선입0·추입5 → 보통 페이스
[경륜전개] 아오모리 3경주: 슬로우(단독 선행) · 라인 3개 · 페어 [[2, 5], [7, 3], [4, 1]]
[3종 수집] 호후 3경주: {'quinella': 21, 'exacta': 42, 'trio': 0, 'win': 0} (history 12)
[각질편성] 호후 3경주: 선행1·선입0·추입6 → 🐌 느린 페이스
[경륜전개] 호후 3경주: 슬로우(단독 선행) · 라인 2개 · 페어 [[4, 3], [2, 5]]
[복병 이동 상한] 3+7 68.5배 > 특별상한 50.0배 → 💎 노출 제외(참고)
[경륜 추천 모순 수정] 고배당 강제조합 2건 메인→복병 이동(25배 상한)
[B라인 그물망] 호후 3경주: B라인[2, 5] 삼복승보험 [[2, 5, 7]] 추가
[자동분석·배경] 호후 3경주: 마감 368초 전 재분석(rec_history 누적·cycle)
[placeholder 필터] 아오모리 3경주 복승 껍데기 배당 4조합 제외(값: [100])
[각질편성] 아오모리 3경주: 선행2·선입0·추입5 → 보통 페이스
[경륜전개] 아오모리 3경주: 슬로우(단독 선행) · 라인 3개 · 페어 [[2, 5], [7, 3], [4, 1]]
[placeholder 필터] 아오모리 3경주 복승 껍데기 배당 4조합 제외(값: [100])
[placeholder 필터] 아오모리 3경주 복승 껍데기 배당 4조합 제외(값: [100])
[각질편성] 아오모리 3경주: 선행2·선입0·추입5 → 보통 페이스
[각질편성] 아오모리 3경주: 선행2·선입0·추입5 → 보통 페이스
[경륜전개] 아오모리 3경주: 슬로우(단독 선행) · 라인 3개 · 페어 [[2, 5], [7, 3], [4, 1]]
[경륜전개] 아오모리 3경주: 슬로우(단독 선행) · 라인 3개 · 페어 [[2, 5], [7, 3], [4, 1]]
[placeholder 필터] 아오모리 3경주 복승 껍데기 배당 4조합 제외(값: [100])
[각질편성] 아오모리 3경주: 선행2·선입0·추입5 → 보통 페이스
[경륜전개] 아오모리 3경주: 슬로우(단독 선행) · 라인 3개 · 페어 [[2, 5], [7, 3], [4, 1]]
[3종 수집] 아오모리 3경주: {'quinella': 21, 'exacta': 0, 'trio': 0, 'win': 0} (history 9)
[placeholder 필터] 아오모리 3경주 복승 껍데기 배당 4조합 제외(값: [100])
[각질편성] 아오모리 3경주: 선행2·선입0·추입5 → 보통 페이스
[경륜전개] 아오모리 3경주: 슬로우(단독 선행) · 라인 3개 · 페어 [[2, 5], [7, 3], [4, 1]]
[placeholder 필터] 아오모리 3경주 복승 껍데기 배당 4조합 제외(값: [100])
[각질편성] 아오모리 3경주: 선행2·선입0·추입5 → 보통 페이스
[경륜전개] 아오모리 3경주: 슬로우(단독 선행) · 라인 3개 · 페어 [[2, 5], [7, 3], [4, 1]]
[placeholder 필터] 아오모리 3경주 복승 껍데기 배당 4조합 제외(값: [100])
[각질편성] 아오모리 3경주: 선행2·선입0·추입5 → 보통 페이스
[경륜전개] 아오모리 3경주: 슬로우(단독 선행) · 라인 3개 · 페어 [[2, 5], [7, 3], [4, 1]]
[각질편성] 아오모리 1경주: 선행2·선입0·추입5 → 보통 페이스
[경륜전개] 아오모리 1경주: 보통 · 라인 2개 · 페어 [[7, 2], [1, 5]]
[placeholder 필터] 아오모리 3경주 복승 껍데기 배당 4조합 제외(값: [100])
[각질편성] 아오모리 3경주: 선행2·선입0·추입5 → 보통 페이스
[경륜전개] 아오모리 3경주: 슬로우(단독 선행) · 라인 3개 · 페어 [[2, 5], [7, 3], [4, 1]]
[결과기록] 캐시 갱신 — 재파싱 1건 / 전체 1648건
[각질편성] 호후 1경주: 선행3·선입0·추입3 → ⚡ 빠른 페이스
[경륜전개] 호후 1경주: 하이(주도권 경합) · 라인 3개 · 페어 [[5, 3], [1, 4]]
[잔존마 필터] 아오모리 2경주: 전적 7두 → 배당 출전마 6두 (배당 없는 마번 제외: [7])
[각질편성] 아오모리 2경주: 선행3·선입0·추입3 → ⚡ 빠른 페이스
[경륜전개] 아오모리 2경주: 하이(주도권 경합) · 라인 3개 · 페어 [[2, 3], [4, 1], [5, 6]]
[각질편성] 호후 2경주: 선행2·선입0·추입5 → 보통 페이스
[경륜전개] 호후 2경주: 보통 · 라인 3개 · 페어 [[2, 6], [1, 5], [3, 7]]
[각질편성] 아오모리 3경주: 선행2·선입0·추입5 → 보통 페이스
[경륜전개] 아오모리 3경주: 슬로우(단독 선행) · 라인 3개 · 페어 [[2, 5], [7, 3], [4, 1]]
[각질편성] 호후 3경주: 선행1·선입0·추입6 → 🐌 느린 페이스
[경륜전개] 호후 3경주: 슬로우(단독 선행) · 라인 2개 · 페어 [[4, 3], [2, 5]]
[복병 이동 상한] 3+7 68.5배 > 특별상한 50.0배 → 💎 노출 제외(참고)
[경륜 추천 모순 수정] 고배당 강제조합 2건 메인→복병 이동(25배 상한)
[B라인 그물망] 호후 3경주: B라인[2, 5] 삼복승보험 [[2, 5, 7]] 추가
서버 시작: http://127.0.0.1:8011 (debug=True, 로컬은 자동 리로드 ON)
  · Gemini 검수 호출 : ⏸️ 꺼짐 — 일시 중단 (GEMINI_REVIEW_ENABLED)
  · Gemini 카카오발송: ⏸️ 꺼짐 — 일시 중단 (GEMINI_KAKAO_ENABLED)
  · 결정론 검수(②④) : 🟢 항상 동작 (logs/det_review/) · 경주 추천 카카오: 🟢 정상
  · Gemini 독립예측  : ✅ 켜짐
  · 선택 모듈 로드          ✅ 전부 정상
  --- 환경 플래그(자동 수집) ---
  · GEMINI_FORECAST_ENABLED    🟢 켜짐
[주기백업] 6시간 주기 데이터 안전 백업 스레드 시작
[학습일지] 매일 22:00 학습 일지 자동 생성 스케줄러 시작
[체크리스트 카카오] 자동 발송 스케줄러 시작(매일 21:00 · 60초 폴링 · HEALTH_KAKAO_HOUR)
[다중경주] 하트비트 #1 · 스케줄 ymd=20260801 (-1초 전 갱신 · 트랙 12개)
[다중경주] 백그라운드 시작(스케줄 30분·수집 30초·실패격리·워치독 60초)
[날씨] 자동수집 데몬 시작(30분 캐시· 키 없음→더미)
[결과 백필] 데몬 시작(20분 주기·당일 미입력 자동수집 — 한국:KRA rcTime · 일본NAR:keiba RaceMarkTable·watch 무관)
[부팅] 백그라운드 작업 기동 완료(자동수집·백업·학습·날짜정리)
[3종 수집] 호후 3경주: {'quinella': 21, 'exacta': 42, 'trio': 0, 'win': 0} (history 12)
[placeholder 필터] 아오모리 3경주 복승 껍데기 배당 4조합 제외(값: [100])
[각질편성] 아오모리 3경주: 선행2·선입0·추입5 → 보통 페이스
[경륜전개] 아오모리 3경주: 슬로우(단독 선행) · 라인 3개 · 페어 [[2, 5], [7, 3], [4, 1]]
⏸ [폴링 저장 가드] 아오모리 3경주: 마감 후 readonly → 로그 저장 생략(분석·표시는 정상)
[placeholder 필터] 아오모리 3경주 복승 껍데기 배당 4조합 제외(값: [100])
[각질편성] 아오모리 3경주: 선행2·선입0·추입5 → 보통 페이스
[경륜전개] 아오모리 3경주: 슬로우(단독 선행) · 라인 3개 · 페어 [[2, 5], [7, 3], [4, 1]]
🔮 [예측] 호후 3경주: top3=[4, 1, 5] conf=4 · 7두 중 선행형은 2번(삼목), 나머지 6두는 모두 추입각질이다. 특히 
[placeholder 필터] 아오모리 3경주 복승 껍데기 배당 4조합 제외(값: [100])
[각질편성] 아오모리 3경주: 선행2·선입0·추입5 → 보통 페이스
[경륜전개] 아오모리 3경주: 슬로우(단독 선행) · 라인 3개 · 페어 [[2, 5], [7, 3], [4, 1]]
[placeholder 필터] 아오모리 3경주 복승 껍데기 배당 4조합 제외(값: [100])
[각질편성] 아오모리 3경주: 선행2·선입0·추입5 → 보통 페이스
[경륜전개] 아오모리 3경주: 슬로우(단독 선행) · 라인 3개 · 페어 [[2, 5], [7, 3], [4, 1]]
[경륜 스케줄] 20260801: 경륜장 10곳 · 경주 94개(서버 직접수집·로그인 불필요)
[각질편성] 아오모리 1경주: 선행2·선입0·추입5 → 보통 페이스
[경륜전개] 아오모리 1경주: 보통 · 라인 2개 · 페어 [[7, 2], [1, 5]]
[placeholder 필터] 아오모리 3경주 복승 껍데기 배당 4조합 제외(값: [100])
[각질편성] 아오모리 3경주: 선행2·선입0·추입5 → 보통 페이스
[경륜전개] 아오모리 3경주: 슬로우(단독 선행) · 라인 3개 · 페어 [[2, 5], [7, 3], [4, 1]]
[결과기록] 캐시 갱신 — 재파싱 1648건 / 전체 1648건
[각질편성] 호후 1경주: 선행3·선입0·추입3 → ⚡ 빠른 페이스
[경륜전개] 호후 1경주: 하이(주도권 경합) · 라인 3개 · 페어 [[5, 3], [1, 4]]
[잔존마 필터] 아오모리 2경주: 전적 7두 → 배당 출전마 6두 (배당 없는 마번 제외: [7])
[각질편성] 아오모리 2경주: 선행3·선입0·추입3 → ⚡ 빠른 페이스
[경륜전개] 아오모리 2경주: 하이(주도권 경합) · 라인 3개 · 페어 [[2, 3], [4, 1], [5, 6]]
[각질편성] 호후 2경주: 선행2·선입0·추입5 → 보통 페이스
[경륜전개] 호후 2경주: 보통 · 라인 3개 · 페어 [[2, 6], [1, 5], [3, 7]]
[각질편성] 아오모리 3경주: 선행2·선입0·추입5 → 보통 페이스
[경륜전개] 아오모리 3경주: 슬로우(단독 선행) · 라인 3개 · 페어 [[2, 5], [7, 3], [4, 1]]
[각질편성] 호후 3경주: 선행1·선입0·추입6 → 🐌 느린 페이스
[경륜전개] 호후 3경주: 슬로우(단독 선행) · 라인 2개 · 페어 [[4, 3], [2, 5]]
[복병 이동 상한] 3+7 68.5배 > 특별상한 50.0배 → 💎 노출 제외(참고)
[경륜 추천 모순 수정] 고배당 강제조합 2건 메인→복병 이동(25배 상한)
[경륜 B라인v2] 에러(무시·보류 항목): name 'key_horses' is not defined
[B라인 그물망] 호후 3경주: B라인[2, 5] 삼복승보험 [[2, 5, 7]] 추가
[placeholder 필터] 아오모리 3경주 복승 껍데기 배당 4조합 제외(값: [100])
[각질편성] 아오모리 3경주: 선행2·선입0·추입5 → 보통 페이스
[placeholder 필터] 아오모리 3경주 복승 껍데기 배당 4조합 제외(값: [100])
[경륜전개] 아오모리 3경주: 슬로우(단독 선행) · 라인 3개 · 페어 [[2, 5], [7, 3], [4, 1]]
[placeholder 필터] 아오모리 3경주 복승 껍데기 배당 4조합 제외(값: [100])
[각질편성] 아오모리 3경주: 선행2·선입0·추입5 → 보통 페이스
[경륜전개] 아오모리 3경주: 슬로우(단독 선행) · 라인 3개 · 페어 [[2, 5], [7, 3], [4, 1]]
[각질편성] 아오모리 3경주: 선행2·선입0·추입5 → 보통 페이스
[경륜전개] 아오모리 3경주: 슬로우(단독 선행) · 라인 3개 · 페어 [[2, 5], [7, 3], [4, 1]]
[placeholder 필터] 아오모리 3경주 복승 껍데기 배당 4조합 제외(값: [100])
[각질편성] 아오모리 3경주: 선행2·선입0·추입5 → 보통 페이스
[경륜전개] 아오모리 3경주: 슬로우(단독 선행) · 라인 3개 · 페어 [[2, 5], [7, 3], [4, 1]]
[3종 수집] 아오모리 3경주: {'quinella': 21, 'exacta': 0, 'trio': 0, 'win': 0} (history 10)
[placeholder 필터] 아오모리 3경주 복승 껍데기 배당 4조합 제외(값: [100])
[각질편성] 아오모리 3경주: 선행2·선입0·추입5 → 보통 페이스
[경륜전개] 아오모리 3경주: 슬로우(단독 선행) · 라인 3개 · 페어 [[2, 5], [7, 3], [4, 1]]
[3종 수집] 호후 3경주: {'quinella': 21, 'exacta': 42, 'trio': 0, 'win': 0} (history 12)
[각질편성] 호후 3경주: 선행1·선입0·추입6 → 🐌 느린 페이스
[경륜전개] 호후 3경주: 슬로우(단독 선행) · 라인 2개 · 페어 [[4, 3], [2, 5]]
[복병 이동 상한] 3+7 68.5배 > 특별상한 50.0배 → 💎 노출 제외(참고)
[경륜 추천 모순 수정] 고배당 강제조합 2건 메인→복병 이동(25배 상한)
[B라인 그물망] 호후 3경주: B라인[2, 5] 삼복승보험 [[2, 5, 7]] 추가
[자동분석·배경] 호후 3경주: 마감 309초 전 재분석(rec_history 누적·cycle)
[각질편성] 호후 3경주: 선행1·선입0·추입6 → 🐌 느린 페이스
[경륜전개] 호후 3경주: 슬로우(단독 선행) · 라인 2개 · 페어 [[4, 3], [2, 5]]
[복병 이동 상한] 3+7 68.5배 > 특별상한 50.0배 → 💎 노출 제외(참고)
[경륜 추천 모순 수정] 고배당 강제조합 2건 메인→복병 이동(25배 상한)
[B라인 그물망] 호후 3경주: B라인[2, 5] 삼복승보험 [[2, 5, 7]] 추가
[카카오알림] 호후 3경주 T-5 → 큐 적재
[한국경마 스케줄] 20260801: 경마장 0곳 · 경주 0개(KRA API 감지·발주시각 미제공)
[다중경주 스케줄] 20260801: 트랙 12곳(경륜 10·한국 0 포함) · 경주 118개
[placeholder 필터] 아오모리 3경주 복승 껍데기 배당 4조합 제외(값: [100])
[각질편성] 아오모리 3경주: 선행2·선입0·추입5 → 보통 페이스
[경륜전개] 아오모리 3경주: 슬로우(단독 선행) · 라인 3개 · 페어 [[2, 5], [7, 3], [4, 1]]
[placeholder 필터] 아오모리 3경주 복승 껍데기 배당 4조합 제외(값: [100])
[각질편성] 아오모리 3경주: 선행2·선입0·추입5 → 보통 페이스
[경륜전개] 아오모리 3경주: 슬로우(단독 선행) · 라인 3개 · 페어 [[2, 5], [7, 3], [4, 1]]
[placeholder 필터] 아오모리 3경주 복승 껍데기 배당 4조합 제외(값: [100])
[각질편성] 호후 3경주: 선행1·선입0·추입6 → 🐌 느린 페이스
[경륜전개] 호후 3경주: 슬로우(단독 선행) · 라인 2개 · 페어 [[4, 3], [2, 5]]
[각질편성] 아오모리 3경주: 선행2·선입0·추입5 → 보통 페이스
[경륜전개] 아오모리 3경주: 슬로우(단독 선행) · 라인 3개 · 페어 [[2, 5], [7, 3], [4, 1]]
[각질편성] 호후 3경주: 선행1·선입0·추입6 → 🐌 느린 페이스
[경륜전개] 호후 3경주: 슬로우(단독 선행) · 라인 2개 · 페어 [[4, 3], [2, 5]]
[복병 이동 상한] 3+7 68.5배 > 특별상한 50.0배 → 💎 노출 제외(참고)
[경륜 추천 모순 수정] 고배당 강제조합 2건 메인→복병 이동(25배 상한)
[B라인 그물망] 호후 3경주: B라인[2, 5] 삼복승보험 [[2, 5, 7]] 추가
[복병 이동 상한] 3+7 68.5배 > 특별상한 50.0배 → 💎 노출 제외(참고)
[경륜 추천 모순 수정] 고배당 강제조합 2건 메인→복병 이동(25배 상한)
[B라인 그물망] 호후 3경주: B라인[2, 5] 삼복승보험 [[2, 5, 7]] 추가
[스냅샷] 저장: 2026_08_01_호후_3경주_T-10.png (624 KB · T-10)
[각질편성] 아오모리 1경주: 선행2·선입0·추입5 → 보통 페이스
[경륜전개] 아오모리 1경주: 보통 · 라인 2개 · 페어 [[7, 2], [1, 5]]
[placeholder 필터] 아오모리 3경주 복승 껍데기 배당 4조합 제외(값: [100])
[각질편성] 아오모리 3경주: 선행2·선입0·추입5 → 보통 페이스
[경륜전개] 아오모리 3경주: 슬로우(단독 선행) · 라인 3개 · 페어 [[2, 5], [7, 3], [4, 1]]
[각질편성] 호후 1경주: 선행3·선입0·추입3 → ⚡ 빠른 페이스
[경륜전개] 호후 1경주: 하이(주도권 경합) · 라인 3개 · 페어 [[5, 3], [1, 4]]
[잔존마 필터] 아오모리 2경주: 전적 7두 → 배당 출전마 6두 (배당 없는 마번 제외: [7])
[각질편성] 아오모리 2경주: 선행3·선입0·추입3 → ⚡ 빠른 페이스
[경륜전개] 아오모리 2경주: 하이(주도권 경합) · 라인 3개 · 페어 [[2, 3], [4, 1], [5, 6]]
[각질편성] 호후 2경주: 선행2·선입0·추입5 → 보통 페이스
[경륜전개] 호후 2경주: 보통 · 라인 3개 · 페어 [[2, 6], [1, 5], [3, 7]]
[각질편성] 아오모리 3경주: 선행2·선입0·추입5 → 보통 페이스
[경륜전개] 아오모리 3경주: 슬로우(단독 선행) · 라인 3개 · 페어 [[2, 5], [7, 3], [4, 1]]
[각질편성] 호후 3경주: 선행1·선입0·추입6 → 🐌 느린 페이스
[경륜전개] 호후 3경주: 슬로우(단독 선행) · 라인 2개 · 페어 [[4, 3], [2, 5]]
[각질편성] 호후 3경주: 선행1·선입0·추입6 → 🐌 느린 페이스
[경륜전개] 호후 3경주: 슬로우(단독 선행) · 라인 2개 · 페어 [[4, 3], [2, 5]]
[복병 이동 상한] 3+7 68.5배 > 특별상한 50.0배 → 💎 노출 제외(참고)
[경륜 추천 모순 수정] 고배당 강제조합 2건 메인→복병 이동(25배 상한)
[B라인 그물망] 호후 3경주: B라인[2, 5] 삼복승보험 [[2, 5, 7]] 추가
[placeholder 필터] 아오모리 3경주 복승 껍데기 배당 4조합 제외(값: [100])
[각질편성] 아오모리 3경주: 선행2·선입0·추입5 → 보통 페이스
[경륜전개] 아오모리 3경주: 슬로우(단독 선행) · 라인 3개 · 페어 [[2, 5], [7, 3], [4, 1]]
[복병 이동 상한] 3+7 68.5배 > 특별상한 50.0배 → 💎 노출 제외(참고)
[경륜 추천 모순 수정] 고배당 강제조합 2건 메인→복병 이동(25배 상한)
[B라인 그물망] 호후 3경주: B라인[2, 5] 삼복승보험 [[2, 5, 7]] 추가
[각질편성] 호후 3경주: 선행1·선입0·추입6 → 🐌 느린 페이스
[경륜전개] 호후 3경주: 슬로우(단독 선행) · 라인 2개 · 페어 [[4, 3], [2, 5]]
[복병 이동 상한] 3+7 68.5배 > 특별상한 50.0배 → 💎 노출 제외(참고)
[경륜 추천 모순 수정] 고배당 강제조합 2건 메인→복병 이동(25배 상한)
[B라인 그물망] 호후 3경주: B라인[2, 5] 삼복승보험 [[2, 5, 7]] 추가
[각질편성] 호후 3경주: 선행1·선입0·추입6 → 🐌 느린 페이스
[경륜전개] 호후 3경주: 슬로우(단독 선행) · 라인 2개 · 페어 [[4, 3], [2, 5]]
[복병 이동 상한] 3+7 68.5배 > 특별상한 50.0배 → 💎 노출 제외(참고)
[경륜 추천 모순 수정] 고배당 강제조합 2건 메인→복병 이동(25배 상한)
[B라인 그물망] 호후 3경주: B라인[2, 5] 삼복승보험 [[2, 5, 7]] 추가
[placeholder 필터] 아오모리 3경주 복승 껍데기 배당 4조합 제외(값: [100])
[각질편성] 아오모리 3경주: 선행2·선입0·추입5 → 보통 페이스
[경륜전개] 아오모리 3경주: 슬로우(단독 선행) · 라인 3개 · 페어 [[2, 5], [7, 3], [4, 1]]
[3종 수집] 호후 3경주: {'quinella': 21, 'exacta': 42, 'trio': 0, 'win': 0} (history 12)
[각질편성] 호후 3경주: 선행1·선입0·추입6 → 🐌 느린 페이스
[경륜전개] 호후 3경주: 슬로우(단독 선행) · 라인 2개 · 페어 [[4, 3], [2, 5]]
[복병 이동 상한] 3+7 74.9배 > 특별상한 50.0배 → 💎 노출 제외(참고)
[경륜 추천 모순 수정] 고배당 강제조합 2건 메인→복병 이동(25배 상한)
🔎 [결정론 검수] 호후 3경주: B라인누락
[자동예상] 호후 3경주 최종예상 저장(2026_08_01_호후_3경주.json)
[카톡 변경알림·즉시] 호후 3경주 (남은 277s): 삼복승 제외: 1+2+4 · 1+3+4
[각질편성] 호후 3경주: 선행1·선입0·추입6 → 🐌 느린 페이스
[경륜전개] 호후 3경주: 슬로우(단독 선행) · 라인 2개 · 페어 [[4, 3], [2, 5]]
[복병 이동 상한] 3+7 74.9배 > 특별상한 50.0배 → 💎 노출 제외(참고)
[경륜 추천 모순 수정] 고배당 강제조합 2건 메인→복병 이동(25배 상한)
[placeholder 필터] 아오모리 3경주 복승 껍데기 배당 4조합 제외(값: [100])
[각질편성] 아오모리 3경주: 선행2·선입0·추입5 → 보통 페이스
[경륜전개] 아오모리 3경주: 슬로우(단독 선행) · 라인 3개 · 페어 [[2, 5], [7, 3], [4, 1]]
[각질편성] 호후 3경주: 선행1·선입0·추입6 → 🐌 느린 페이스
[경륜전개] 호후 3경주: 슬로우(단독 선행) · 라인 2개 · 페어 [[4, 3], [2, 5]]
[각질편성] 호후 3경주: 선행1·선입0·추입6 → 🐌 느린 페이스
[경륜전개] 호후 3경주: 슬로우(단독 선행) · 라인 2개 · 페어 [[4, 3], [2, 5]]
[복병 이동 상한] 3+7 74.9배 > 특별상한 50.0배 → 💎 노출 제외(참고)
[경륜 추천 모순 수정] 고배당 강제조합 2건 메인→복병 이동(25배 상한)
[각질편성] 아오모리 1경주: 선행2·선입0·추입5 → 보통 페이스
[복병 이동 상한] 3+7 74.9배 > 특별상한 50.0배 → 💎 노출 제외(참고)
[경륜 추천 모순 수정] 고배당 강제조합 2건 메인→복병 이동(25배 상한)
[경륜전개] 아오모리 1경주: 보통 · 라인 2개 · 페어 [[7, 2], [1, 5]]
[placeholder 필터] 아오모리 3경주 복승 껍데기 배당 4조합 제외(값: [100])
[각질편성] 아오모리 3경주: 선행2·선입0·추입5 → 보통 페이스
[경륜전개] 아오모리 3경주: 슬로우(단독 선행) · 라인 3개 · 페어 [[2, 5], [7, 3], [4, 1]]
[결과기록] 캐시 갱신 — 재파싱 1건 / 전체 1648건
[각질편성] 호후 1경주: 선행3·선입0·추입3 → ⚡ 빠른 페이스
[경륜전개] 호후 1경주: 하이(주도권 경합) · 라인 3개 · 페어 [[5, 3], [1, 4]]
[잔존마 필터] 아오모리 2경주: 전적 7두 → 배당 출전마 6두 (배당 없는 마번 제외: [7])
[각질편성] 아오모리 2경주: 선행3·선입0·추입3 → ⚡ 빠른 페이스
[경륜전개] 아오모리 2경주: 하이(주도권 경합) · 라인 3개 · 페어 [[2, 3], [4, 1], [5, 6]]
[각질편성] 호후 2경주: 선행2·선입0·추입5 → 보통 페이스
[경륜전개] 호후 2경주: 보통 · 라인 3개 · 페어 [[2, 6], [1, 5], [3, 7]]
[각질편성] 아오모리 3경주: 선행2·선입0·추입5 → 보통 페이스
[경륜전개] 아오모리 3경주: 슬로우(단독 선행) · 라인 3개 · 페어 [[2, 5], [7, 3], [4, 1]]
[각질편성] 호후 3경주: 선행1·선입0·추입6 → 🐌 느린 페이스
[경륜전개] 호후 3경주: 슬로우(단독 선행) · 라인 2개 · 페어 [[4, 3], [2, 5]]
[복병 이동 상한] 3+7 74.9배 > 특별상한 50.0배 → 💎 노출 제외(참고)
[경륜 추천 모순 수정] 고배당 강제조합 2건 메인→복병 이동(25배 상한)
[각질편성] 호후 3경주: 선행1·선입0·추입6 → 🐌 느린 페이스
[경륜전개] 호후 3경주: 슬로우(단독 선행) · 라인 2개 · 페어 [[4, 3], [2, 5]]
[복병 이동 상한] 3+7 74.9배 > 특별상한 50.0배 → 💎 노출 제외(참고)
[경륜 추천 모순 수정] 고배당 강제조합 2건 메인→복병 이동(25배 상한)
[placeholder 필터] 아오모리 3경주 복승 껍데기 배당 4조합 제외(값: [100])
[각질편성] 아오모리 3경주: 선행2·선입0·추입5 → 보통 페이스
[경륜전개] 아오모리 3경주: 슬로우(단독 선행) · 라인 3개 · 페어 [[2, 5], [7, 3], [4, 1]]
[각질편성] 호후 3경주: 선행1·선입0·추입6 → 🐌 느린 페이스
[경륜전개] 호후 3경주: 슬로우(단독 선행) · 라인 2개 · 페어 [[4, 3], [2, 5]]
[복병 이동 상한] 3+7 74.9배 > 특별상한 50.0배 → 💎 노출 제외(참고)
[경륜 추천 모순 수정] 고배당 강제조합 2건 메인→복병 이동(25배 상한)
[placeholder 필터] 아오모리 3경주 복승 껍데기 배당 4조합 제외(값: [100])
[각질편성] 아오모리 3경주: 선행2·선입0·추입5 → 보통 페이스
[경륜전개] 아오모리 3경주: 슬로우(단독 선행) · 라인 3개 · 페어 [[2, 5], [7, 3], [4, 1]]
[3종 수집] 호후 3경주: {'quinella': 21, 'exacta': 42, 'trio': 0, 'win': 0} (history 12)
[각질편성] 호후 3경주: 선행1·선입0·추입6 → 🐌 느린 페이스
[경륜전개] 호후 3경주: 슬로우(단독 선행) · 라인 2개 · 페어 [[4, 3], [2, 5]]
[복병 이동 상한] 3+7 74.9배 > 특별상한 50.0배 → 💎 노출 제외(참고)
[경륜 추천 모순 수정] 고배당 강제조합 2건 메인→복병 이동(25배 상한)
[placeholder 필터] 아오모리 3경주 복승 껍데기 배당 4조합 제외(값: [100])
[각질편성] 아오모리 3경주: 선행2·선입0·추입5 → 보통 페이스
[경륜전개] 아오모리 3경주: 슬로우(단독 선행) · 라인 3개 · 페어 [[2, 5], [7, 3], [4, 1]]
[각질편성] 호후 3경주: 선행1·선입0·추입6 → 🐌 느린 페이스
[경륜전개] 호후 3경주: 슬로우(단독 선행) · 라인 2개 · 페어 [[4, 3], [2, 5]]
[각질편성] 호후 3경주: 선행1·선입0·추입6 → 🐌 느린 페이스
[경륜전개] 호후 3경주: 슬로우(단독 선행) · 라인 2개 · 페어 [[4, 3], [2, 5]]
[복병 이동 상한] 3+7 74.9배 > 특별상한 50.0배 → 💎 노출 제외(참고)
[경륜 추천 모순 수정] 고배당 강제조합 2건 메인→복병 이동(25배 상한)
[각질편성] 아오모리 1경주: 선행2·선입0·추입5 → 보통 페이스
[경륜전개] 아오모리 1경주: 보통 · 라인 2개 · 페어 [[7, 2], [1, 5]]
[복병 이동 상한] 3+7 74.9배 > 특별상한 50.0배 → 💎 노출 제외(참고)
[경륜 추천 모순 수정] 고배당 강제조합 2건 메인→복병 이동(25배 상한)
[분석로그] 저장 실패: [WinError 5] 액세스가 거부되었습니다: 'C:\\Users\\Administrator\\Desktop\\경마분석서버\\data\\analysis_log\\2026_08_01_호후_3경주.json.tmp' -> 'C:\\Users\\Administrator\\Desktop\\경마분석서버\\data\\analysis_log\\2026_08_01_호후_3경주.json'
[각질편성] 호후 1경주: 선행3·선입0·추입3 → ⚡ 빠른 페이스
[경륜전개] 호후 1경주: 하이(주도권 경합) · 라인 3개 · 페어 [[5, 3], [1, 4]]
[placeholder 필터] 아오모리 3경주 복승 껍데기 배당 4조합 제외(값: [100])
[각질편성] 아오모리 3경주: 선행2·선입0·추입5 → 보통 페이스
[경륜전개] 아오모리 3경주: 슬로우(단독 선행) · 라인 3개 · 페어 [[2, 5], [7, 3], [4, 1]]
[잔존마 필터] 아오모리 2경주: 전적 7두 → 배당 출전마 6두 (배당 없는 마번 제외: [7])
[각질편성] 아오모리 2경주: 선행3·선입0·추입3 → ⚡ 빠른 페이스
[경륜전개] 아오모리 2경주: 하이(주도권 경합) · 라인 3개 · 페어 [[2, 3], [4, 1], [5, 6]]
[각질편성] 호후 2경주: 선행2·선입0·추입5 → 보통 페이스
[경륜전개] 호후 2경주: 보통 · 라인 3개 · 페어 [[2, 6], [1, 5], [3, 7]]
[각질편성] 아오모리 3경주: 선행2·선입0·추입5 → 보통 페이스
[경륜전개] 아오모리 3경주: 슬로우(단독 선행) · 라인 3개 · 페어 [[2, 5], [7, 3], [4, 1]]
[각질편성] 호후 3경주: 선행1·선입0·추입6 → 🐌 느린 페이스
[경륜전개] 호후 3경주: 슬로우(단독 선행) · 라인 2개 · 페어 [[4, 3], [2, 5]]
[복병 이동 상한] 3+7 74.9배 > 특별상한 50.0배 → 💎 노출 제외(참고)
[경륜 추천 모순 수정] 고배당 강제조합 2건 메인→복병 이동(25배 상한)
[각질편성] 호후 3경주: 선행1·선입0·추입6 → 🐌 느린 페이스
[경륜전개] 호후 3경주: 슬로우(단독 선행) · 라인 2개 · 페어 [[4, 3], [2, 5]]
[복병 이동 상한] 3+7 74.9배 > 특별상한 50.0배 → 💎 노출 제외(참고)
[경륜 추천 모순 수정] 고배당 강제조합 2건 메인→복병 이동(25배 상한)
[각질편성] 호후 3경주: 선행1·선입0·추입6 → 🐌 느린 페이스
[경륜전개] 호후 3경주: 슬로우(단독 선행) · 라인 2개 · 페어 [[4, 3], [2, 5]]
[복병 이동 상한] 3+7 74.9배 > 특별상한 50.0배 → 💎 노출 제외(참고)
[경륜 추천 모순 수정] 고배당 강제조합 2건 메인→복병 이동(25배 상한)
[placeholder 필터] 아오모리 3경주 복승 껍데기 배당 4조합 제외(값: [100])
[각질편성] 아오모리 3경주: 선행2·선입0·추입5 → 보통 페이스
[경륜전개] 아오모리 3경주: 슬로우(단독 선행) · 라인 3개 · 페어 [[2, 5], [7, 3], [4, 1]]
[각질편성] 호후 3경주: 선행1·선입0·추입6 → 🐌 느린 페이스
[경륜전개] 호후 3경주: 슬로우(단독 선행) · 라인 2개 · 페어 [[4, 3], [2, 5]]
[복병 이동 상한] 3+7 74.9배 > 특별상한 50.0배 → 💎 노출 제외(참고)
[경륜 추천 모순 수정] 고배당 강제조합 2건 메인→복병 이동(25배 상한)
[각질편성] 호후 3경주: 선행1·선입0·추입6 → 🐌 느린 페이스
[경륜전개] 호후 3경주: 슬로우(단독 선행) · 라인 2개 · 페어 [[4, 3], [2, 5]]
[복병 이동 상한] 3+7 74.9배 > 특별상한 50.0배 → 💎 노출 제외(참고)
[경륜 추천 모순 수정] 고배당 강제조합 2건 메인→복병 이동(25배 상한)
[3종 수집] 호후 3경주: {'quinella': 21, 'exacta': 42, 'trio': 0, 'win': 0} (history 12)
[placeholder 필터] 아오모리 3경주 복승 껍데기 배당 4조합 제외(값: [100])
[각질편성] 아오모리 3경주: 선행2·선입0·추입5 → 보통 페이스
[경륜전개] 아오모리 3경주: 슬로우(단독 선행) · 라인 3개 · 페어 [[2, 5], [7, 3], [4, 1]]
[각질편성] 호후 3경주: 선행1·선입0·추입6 → 🐌 느린 페이스
[경륜전개] 호후 3경주: 슬로우(단독 선행) · 라인 2개 · 페어 [[4, 3], [2, 5]]
[복병 이동 상한] 3+7 90.3배 > 특별상한 50.0배 → 💎 노출 제외(참고)
[복병 이동 상한] 3+5 51.4배 > 특별상한 50.0배 → 💎 노출 제외(참고)
[경륜 추천 모순 수정] 고배당 강제조합 2건 메인→복병 이동(25배 상한)
[B라인 그물망] 호후 3경주: B라인[2, 5] 삼복승보험 [[2, 5, 7]] 추가
[각질편성] 호후 3경주: 선행1·선입0·추입6 → 🐌 느린 페이스
[경륜전개] 호후 3경주: 슬로우(단독 선행) · 라인 2개 · 페어 [[4, 3], [2, 5]]
[복병 이동 상한] 3+7 90.3배 > 특별상한 50.0배 → 💎 노출 제외(참고)
[복병 이동 상한] 3+5 51.4배 > 특별상한 50.0배 → 💎 노출 제외(참고)
[경륜 추천 모순 수정] 고배당 강제조합 2건 메인→복병 이동(25배 상한)
[B라인 그물망] 호후 3경주: B라인[2, 5] 삼복승보험 [[2, 5, 7]] 추가
[각질편성] 아오모리 1경주: 선행2·선입0·추입5 → 보통 페이스
[경륜전개] 아오모리 1경주: 보통 · 라인 2개 · 페어 [[7, 2], [1, 5]]
[각질편성] 호후 1경주: 선행3·선입0·추입3 → ⚡ 빠른 페이스
[경륜전개] 호후 1경주: 하이(주도권 경합) · 라인 3개 · 페어 [[5, 3], [1, 4]]
[placeholder 필터] 아오모리 3경주 복승 껍데기 배당 4조합 제외(값: [100])
[각질편성] 아오모리 3경주: 선행2·선입0·추입5 → 보통 페이스
[경륜전개] 아오모리 3경주: 슬로우(단독 선행) · 라인 3개 · 페어 [[2, 5], [7, 3], [4, 1]]
[결과기록] 캐시 갱신 — 재파싱 1건 / 전체 1648건
[잔존마 필터] 아오모리 2경주: 전적 7두 → 배당 출전마 6두 (배당 없는 마번 제외: [7])
[각질편성] 아오모리 2경주: 선행3·선입0·추입3 → ⚡ 빠른 페이스
[경륜전개] 아오모리 2경주: 하이(주도권 경합) · 라인 3개 · 페어 [[2, 3], [4, 1], [5, 6]]
[각질편성] 호후 2경주: 선행2·선입0·추입5 → 보통 페이스
[경륜전개] 호후 2경주: 보통 · 라인 3개 · 페어 [[2, 6], [1, 5], [3, 7]]
[각질편성] 아오모리 3경주: 선행2·선입0·추입5 → 보통 페이스
[경륜전개] 아오모리 3경주: 슬로우(단독 선행) · 라인 3개 · 페어 [[2, 5], [7, 3], [4, 1]]
[각질편성] 호후 3경주: 선행1·선입0·추입6 → 🐌 느린 페이스
[경륜전개] 호후 3경주: 슬로우(단독 선행) · 라인 2개 · 페어 [[4, 3], [2, 5]]
[복병 이동 상한] 3+7 90.3배 > 특별상한 50.0배 → 💎 노출 제외(참고)
[복병 이동 상한] 3+5 51.4배 > 특별상한 50.0배 → 💎 노출 제외(참고)
[경륜 추천 모순 수정] 고배당 강제조합 2건 메인→복병 이동(25배 상한)
[B라인 그물망] 호후 3경주: B라인[2, 5] 삼복승보험 [[2, 5, 7]] 추가
[각질편성] 호후 3경주: 선행1·선입0·추입6 → 🐌 느린 페이스
[경륜전개] 호후 3경주: 슬로우(단독 선행) · 라인 2개 · 페어 [[4, 3], [2, 5]]
[복병 이동 상한] 3+7 90.3배 > 특별상한 50.0배 → 💎 노출 제외(참고)
[복병 이동 상한] 3+5 51.4배 > 특별상한 50.0배 → 💎 노출 제외(참고)
[경륜 추천 모순 수정] 고배당 강제조합 2건 메인→복병 이동(25배 상한)
[B라인 그물망] 호후 3경주: B라인[2, 5] 삼복승보험 [[2, 5, 7]] 추가
[각질편성] 호후 3경주: 선행1·선입0·추입6 → 🐌 느린 페이스
[경륜전개] 호후 3경주: 슬로우(단독 선행) · 라인 2개 · 페어 [[4, 3], [2, 5]]
[복병 이동 상한] 3+7 90.3배 > 특별상한 50.0배 → 💎 노출 제외(참고)
[복병 이동 상한] 3+5 51.4배 > 특별상한 50.0배 → 💎 노출 제외(참고)
[경륜 추천 모순 수정] 고배당 강제조합 2건 메인→복병 이동(25배 상한)
[B라인 그물망] 호후 3경주: B라인[2, 5] 삼복승보험 [[2, 5, 7]] 추가
[placeholder 필터] 아오모리 3경주 복승 껍데기 배당 4조합 제외(값: [100])
[각질편성] 아오모리 3경주: 선행2·선입0·추입5 → 보통 페이스
[경륜전개] 아오모리 3경주: 슬로우(단독 선행) · 라인 3개 · 페어 [[2, 5], [7, 3], [4, 1]]
[각질편성] 호후 3경주: 선행1·선입0·추입6 → 🐌 느린 페이스
[각질편성] 호후 3경주: 선행1·선입0·추입6 → 🐌 느린 페이스
[경륜전개] 호후 3경주: 슬로우(단독 선행) · 라인 2개 · 페어 [[4, 3], [2, 5]]
[경륜전개] 호후 3경주: 슬로우(단독 선행) · 라인 2개 · 페어 [[4, 3], [2, 5]]
[복병 이동 상한] 3+7 90.3배 > 특별상한 50.0배 → 💎 노출 제외(참고)
[복병 이동 상한] 3+5 51.4배 > 특별상한 50.0배 → 💎 노출 제외(참고)
[경륜 추천 모순 수정] 고배당 강제조합 2건 메인→복병 이동(25배 상한)
[B라인 그물망] 호후 3경주: B라인[2, 5] 삼복승보험 [[2, 5, 7]] 추가
[복병 이동 상한] 3+7 90.3배 > 특별상한 50.0배 → 💎 노출 제외(참고)
[복병 이동 상한] 3+5 51.4배 > 특별상한 50.0배 → 💎 노출 제외(참고)
[경륜 추천 모순 수정] 고배당 강제조합 2건 메인→복병 이동(25배 상한)
[B라인 그물망] 호후 3경주: B라인[2, 5] 삼복승보험 [[2, 5, 7]] 추가
[placeholder 필터] 아오모리 3경주 복승 껍데기 배당 4조합 제외(값: [100])
[각질편성] 아오모리 3경주: 선행2·선입0·추입5 → 보통 페이스
[경륜전개] 아오모리 3경주: 슬로우(단독 선행) · 라인 3개 · 페어 [[2, 5], [7, 3], [4, 1]]
[각질편성] 호후 3경주: 선행1·선입0·추입6 → 🐌 느린 페이스
[경륜전개] 호후 3경주: 슬로우(단독 선행) · 라인 2개 · 페어 [[4, 3], [2, 5]]
[복병 이동 상한] 3+7 90.3배 > 특별상한 50.0배 → 💎 노출 제외(참고)
[복병 이동 상한] 3+5 51.4배 > 특별상한 50.0배 → 💎 노출 제외(참고)
[경륜 추천 모순 수정] 고배당 강제조합 2건 메인→복병 이동(25배 상한)
[B라인 그물망] 호후 3경주: B라인[2, 5] 삼복승보험 [[2, 5, 7]] 추가
[각질편성] 호후 3경주: 선행1·선입0·추입6 → 🐌 느린 페이스
[경륜전개] 호후 3경주: 슬로우(단독 선행) · 라인 2개 · 페어 [[4, 3], [2, 5]]
[복병 이동 상한] 3+7 90.3배 > 특별상한 50.0배 → 💎 노출 제외(참고)
[복병 이동 상한] 3+5 51.4배 > 특별상한 50.0배 → 💎 노출 제외(참고)
[경륜 추천 모순 수정] 고배당 강제조합 2건 메인→복병 이동(25배 상한)
[B라인 그물망] 호후 3경주: B라인[2, 5] 삼복승보험 [[2, 5, 7]] 추가
[3종 수집] 호후 3경주: {'quinella': 21, 'exacta': 42, 'trio': 0, 'win': 0} (history 12)
[placeholder 필터] 아오모리 3경주 복승 껍데기 배당 4조합 제외(값: [100])
[각질편성] 아오모리 3경주: 선행2·선입0·추입5 → 보통 페이스
[경륜전개] 아오모리 3경주: 슬로우(단독 선행) · 라인 3개 · 페어 [[2, 5], [7, 3], [4, 1]]
[각질편성] 호후 3경주: 선행1·선입0·추입6 → 🐌 느린 페이스
[경륜전개] 호후 3경주: 슬로우(단독 선행) · 라인 2개 · 페어 [[4, 3], [2, 5]]
[T-2분 왕축 동결] 호후 3경주: [7, 5] → [7, 5] 유지(cur_mb=2)
[복병 이동 상한] 3+7 90.3배 > 특별상한 50.0배 → 💎 노출 제외(참고)
[복병 이동 상한] 3+5 51.4배 > 특별상한 50.0배 → 💎 노출 제외(참고)
[경륜 추천 모순 수정] 고배당 강제조합 2건 메인→복병 이동(25배 상한)
[B라인 그물망] 호후 3경주: B라인[2, 5] 삼복승보험 [[2, 5, 7]] 추가
[각질편성] 호후 3경주: 선행1·선입0·추입6 → 🐌 느린 페이스
[경륜전개] 호후 3경주: 슬로우(단독 선행) · 라인 2개 · 페어 [[4, 3], [2, 5]]
[T-2분 왕축 동결] 호후 3경주: [7, 5] → [7, 5] 유지(cur_mb=2)
[복병 이동 상한] 3+7 90.3배 > 특별상한 50.0배 → 💎 노출 제외(참고)
[복병 이동 상한] 3+5 51.4배 > 특별상한 50.0배 → 💎 노출 제외(참고)
[경륜 추천 모순 수정] 고배당 강제조합 2건 메인→복병 이동(25배 상한)
[B라인 그물망] 호후 3경주: B라인[2, 5] 삼복승보험 [[2, 5, 7]] 추가
[각질편성] 아오모리 1경주: 선행2·선입0·추입5 → 보통 페이스
[경륜전개] 아오모리 1경주: 보통 · 라인 2개 · 페어 [[7, 2], [1, 5]]
[각질편성] 호후 1경주: 선행3·선입0·추입3 → ⚡ 빠른 페이스
[경륜전개] 호후 1경주: 하이(주도권 경합) · 라인 3개 · 페어 [[5, 3], [1, 4]]
[잔존마 필터] 아오모리 2경주: 전적 7두 → 배당 출전마 6두 (배당 없는 마번 제외: [7])
[각질편성] 아오모리 2경주: 선행3·선입0·추입3 → ⚡ 빠른 페이스
[경륜전개] 아오모리 2경주: 하이(주도권 경합) · 라인 3개 · 페어 [[2, 3], [4, 1], [5, 6]]
[placeholder 필터] 아오모리 3경주 복승 껍데기 배당 4조합 제외(값: [100])
[각질편성] 아오모리 3경주: 선행2·선입0·추입5 → 보통 페이스
[경륜전개] 아오모리 3경주: 슬로우(단독 선행) · 라인 3개 · 페어 [[2, 5], [7, 3], [4, 1]]
[각질편성] 호후 2경주: 선행2·선입0·추입5 → 보통 페이스
[경륜전개] 호후 2경주: 보통 · 라인 3개 · 페어 [[2, 6], [1, 5], [3, 7]]
[각질편성] 아오모리 3경주: 선행2·선입0·추입5 → 보통 페이스
[경륜전개] 아오모리 3경주: 슬로우(단독 선행) · 라인 3개 · 페어 [[2, 5], [7, 3], [4, 1]]
[각질편성] 호후 3경주: 선행1·선입0·추입6 → 🐌 느린 페이스
[경륜전개] 호후 3경주: 슬로우(단독 선행) · 라인 2개 · 페어 [[4, 3], [2, 5]]
[T-2분 왕축 동결] 호후 3경주: [7, 5] → [7, 5] 유지(cur_mb=2)
[복병 이동 상한] 3+7 90.3배 > 특별상한 50.0배 → 💎 노출 제외(참고)
[복병 이동 상한] 3+5 51.4배 > 특별상한 50.0배 → 💎 노출 제외(참고)
[경륜 추천 모순 수정] 고배당 강제조합 2건 메인→복병 이동(25배 상한)
[B라인 그물망] 호후 3경주: B라인[2, 5] 삼복승보험 [[2, 5, 7]] 추가
[각질편성] 호후 3경주: 선행1·선입0·추입6 → 🐌 느린 페이스
[경륜전개] 호후 3경주: 슬로우(단독 선행) · 라인 2개 · 페어 [[4, 3], [2, 5]]
[T-2분 왕축 동결] 호후 3경주: [7, 5] → [7, 5] 유지(cur_mb=2)
[복병 이동 상한] 3+7 90.3배 > 특별상한 50.0배 → 💎 노출 제외(참고)
[복병 이동 상한] 3+5 51.4배 > 특별상한 50.0배 → 💎 노출 제외(참고)
[경륜 추천 모순 수정] 고배당 강제조합 2건 메인→복병 이동(25배 상한)
[B라인 그물망] 호후 3경주: B라인[2, 5] 삼복승보험 [[2, 5, 7]] 추가
[각질편성] 호후 3경주: 선행1·선입0·추입6 → 🐌 느린 페이스
[경륜전개] 호후 3경주: 슬로우(단독 선행) · 라인 2개 · 페어 [[4, 3], [2, 5]]
[T-2분 왕축 동결] 호후 3경주: [7, 5] → [7, 5] 유지(cur_mb=2)
[복병 이동 상한] 3+7 90.3배 > 특별상한 50.0배 → 💎 노출 제외(참고)
[복병 이동 상한] 3+5 51.4배 > 특별상한 50.0배 → 💎 노출 제외(참고)
[경륜 추천 모순 수정] 고배당 강제조합 2건 메인→복병 이동(25배 상한)
[B라인 그물망] 호후 3경주: B라인[2, 5] 삼복승보험 [[2, 5, 7]] 추가
[placeholder 필터] 아오모리 3경주 복승 껍데기 배당 4조합 제외(값: [100])
[각질편성] 아오모리 3경주: 선행2·선입0·추입5 → 보통 페이스
[경륜전개] 아오모리 3경주: 슬로우(단독 선행) · 라인 3개 · 페어 [[2, 5], [7, 3], [4, 1]]
[각질편성] 호후 3경주: 선행1·선입0·추입6 → 🐌 느린 페이스
[경륜전개] 호후 3경주: 슬로우(단독 선행) · 라인 2개 · 페어 [[4, 3], [2, 5]]
[T-2분 왕축 동결] 호후 3경주: [7, 5] → [7, 5] 유지(cur_mb=2)
[복병 이동 상한] 3+7 90.3배 > 특별상한 50.0배 → 💎 노출 제외(참고)
[복병 이동 상한] 3+5 51.4배 > 특별상한 50.0배 → 💎 노출 제외(참고)
[경륜 추천 모순 수정] 고배당 강제조합 2건 메인→복병 이동(25배 상한)
[B라인 그물망] 호후 3경주: B라인[2, 5] 삼복승보험 [[2, 5, 7]] 추가
[각질편성] 호후 3경주: 선행1·선입0·추입6 → 🐌 느린 페이스
[경륜전개] 호후 3경주: 슬로우(단독 선행) · 라인 2개 · 페어 [[4, 3], [2, 5]]
[T-2분 왕축 동결] 호후 3경주: [7, 5] → [7, 5] 유지(cur_mb=2)
[복병 이동 상한] 3+7 90.3배 > 특별상한 50.0배 → 💎 노출 제외(참고)
[복병 이동 상한] 3+5 51.4배 > 특별상한 50.0배 → 💎 노출 제외(참고)
[경륜 추천 모순 수정] 고배당 강제조합 2건 메인→복병 이동(25배 상한)
[B라인 그물망] 호후 3경주: B라인[2, 5] 삼복승보험 [[2, 5, 7]] 추가
[placeholder 필터] 아오모리 3경주 복승 껍데기 배당 4조합 제외(값: [100])
[각질편성] 아오모리 3경주: 선행2·선입0·추입5 → 보통 페이스
[경륜전개] 아오모리 3경주: 슬로우(단독 선행) · 라인 3개 · 페어 [[2, 5], [7, 3], [4, 1]]
[3종 수집] 호후 3경주: {'quinella': 21, 'exacta': 42, 'trio': 0, 'win': 0} (history 12)
[각질편성] 호후 3경주: 선행1·선입0·추입6 → 🐌 느린 페이스
[경륜전개] 호후 3경주: 슬로우(단독 선행) · 라인 2개 · 페어 [[4, 3], [2, 5]]
[T-2분 왕축 동결] 호후 3경주: [7, 5] → [7, 5] 유지(cur_mb=2)
[복병 이동 상한] 3+7 90.3배 > 특별상한 50.0배 → 💎 노출 제외(참고)
[복병 이동 상한] 3+5 51.4배 > 특별상한 50.0배 → 💎 노출 제외(참고)
[경륜 추천 모순 수정] 고배당 강제조합 2건 메인→복병 이동(25배 상한)
[B라인 그물망] 호후 3경주: B라인[2, 5] 삼복승보험 [[2, 5, 7]] 추가
[각질편성] 호후 3경주: 선행1·선입0·추입6 → 🐌 느린 페이스
[경륜전개] 호후 3경주: 슬로우(단독 선행) · 라인 2개 · 페어 [[4, 3], [2, 5]]
[T-2분 왕축 동결] 호후 3경주: [7, 5] → [7, 5] 유지(cur_mb=2)
[복병 이동 상한] 3+7 90.3배 > 특별상한 50.0배 → 💎 노출 제외(참고)
[복병 이동 상한] 3+5 51.4배 > 특별상한 50.0배 → 💎 노출 제외(참고)
[경륜 추천 모순 수정] 고배당 강제조합 2건 메인→복병 이동(25배 상한)
[B라인 그물망] 호후 3경주: B라인[2, 5] 삼복승보험 [[2, 5, 7]] 추가
[각질편성] 아오모리 1경주: 선행2·선입0·추입5 → 보통 페이스
[경륜전개] 아오모리 1경주: 보통 · 라인 2개 · 페어 [[7, 2], [1, 5]]
[각질편성] 호후 1경주: 선행3·선입0·추입3 → ⚡ 빠른 페이스
[경륜전개] 호후 1경주: 하이(주도권 경합) · 라인 3개 · 페어 [[5, 3], [1, 4]]
[잔존마 필터] 아오모리 2경주: 전적 7두 → 배당 출전마 6두 (배당 없는 마번 제외: [7])
[각질편성] 아오모리 2경주: 선행3·선입0·추입3 → ⚡ 빠른 페이스
[경륜전개] 아오모리 2경주: 하이(주도권 경합) · 라인 3개 · 페어 [[2, 3], [4, 1], [5, 6]]
[placeholder 필터] 아오모리 3경주 복승 껍데기 배당 4조합 제외(값: [100])
[각질편성] 아오모리 3경주: 선행2·선입0·추입5 → 보통 페이스
[경륜전개] 아오모리 3경주: 슬로우(단독 선행) · 라인 3개 · 페어 [[2, 5], [7, 3], [4, 1]]
[결과기록] 캐시 갱신 — 재파싱 1건 / 전체 1648건
[각질편성] 호후 2경주: 선행2·선입0·추입5 → 보통 페이스
[경륜전개] 호후 2경주: 보통 · 라인 3개 · 페어 [[2, 6], [1, 5], [3, 7]]
[각질편성] 아오모리 3경주: 선행2·선입0·추입5 → 보통 페이스
[경륜전개] 아오모리 3경주: 슬로우(단독 선행) · 라인 3개 · 페어 [[2, 5], [7, 3], [4, 1]]
[각질편성] 호후 3경주: 선행1·선입0·추입6 → 🐌 느린 페이스
[경륜전개] 호후 3경주: 슬로우(단독 선행) · 라인 2개 · 페어 [[4, 3], [2, 5]]
[T-2분 왕축 동결] 호후 3경주: [7, 5] → [7, 5] 유지(cur_mb=2)
[복병 이동 상한] 3+7 90.3배 > 특별상한 50.0배 → 💎 노출 제외(참고)
[복병 이동 상한] 3+5 51.4배 > 특별상한 50.0배 → 💎 노출 제외(참고)
[경륜 추천 모순 수정] 고배당 강제조합 2건 메인→복병 이동(25배 상한)
[B라인 그물망] 호후 3경주: B라인[2, 5] 삼복승보험 [[2, 5, 7]] 추가
[각질편성] 호후 3경주: 선행1·선입0·추입6 → 🐌 느린 페이스
[경륜전개] 호후 3경주: 슬로우(단독 선행) · 라인 2개 · 페어 [[4, 3], [2, 5]]
[T-2분 왕축 동결] 호후 3경주: [7, 5] → [7, 5] 유지(cur_mb=2)
[복병 이동 상한] 3+7 90.3배 > 특별상한 50.0배 → 💎 노출 제외(참고)
[복병 이동 상한] 3+5 51.4배 > 특별상한 50.0배 → 💎 노출 제외(참고)
[경륜 추천 모순 수정] 고배당 강제조합 2건 메인→복병 이동(25배 상한)
[B라인 그물망] 호후 3경주: B라인[2, 5] 삼복승보험 [[2, 5, 7]] 추가
[각질편성] 호후 3경주: 선행1·선입0·추입6 → 🐌 느린 페이스
[경륜전개] 호후 3경주: 슬로우(단독 선행) · 라인 2개 · 페어 [[4, 3], [2, 5]]
[T-2분 왕축 동결] 호후 3경주: [7, 5] → [7, 5] 유지(cur_mb=2)
[복병 이동 상한] 3+7 90.3배 > 특별상한 50.0배 → 💎 노출 제외(참고)
[복병 이동 상한] 3+5 51.4배 > 특별상한 50.0배 → 💎 노출 제외(참고)
[경륜 추천 모순 수정] 고배당 강제조합 2건 메인→복병 이동(25배 상한)
[B라인 그물망] 호후 3경주: B라인[2, 5] 삼복승보험 [[2, 5, 7]] 추가
[placeholder 필터] 아오모리 3경주 복승 껍데기 배당 4조합 제외(값: [100])
[각질편성] 아오모리 3경주: 선행2·선입0·추입5 → 보통 페이스
[경륜전개] 아오모리 3경주: 슬로우(단독 선행) · 라인 3개 · 페어 [[2, 5], [7, 3], [4, 1]]
[각질편성] 호후 3경주: 선행1·선입0·추입6 → 🐌 느린 페이스
[각질편성] 호후 3경주: 선행1·선입0·추입6 → 🐌 느린 페이스
[경륜전개] 호후 3경주: 슬로우(단독 선행) · 라인 2개 · 페어 [[4, 3], [2, 5]]
[경륜전개] 호후 3경주: 슬로우(단독 선행) · 라인 2개 · 페어 [[4, 3], [2, 5]]
[T-2분 왕축 동결] 호후 3경주: [7, 5] → [7, 5] 유지(cur_mb=2)
[복병 이동 상한] 3+7 90.3배 > 특별상한 50.0배 → 💎 노출 제외(참고)
[복병 이동 상한] 3+5 51.4배 > 특별상한 50.0배 → 💎 노출 제외(참고)
[경륜 추천 모순 수정] 고배당 강제조합 2건 메인→복병 이동(25배 상한)
[B라인 그물망] 호후 3경주: B라인[2, 5] 삼복승보험 [[2, 5, 7]] 추가
[T-2분 왕축 동결] 호후 3경주: [7, 5] → [7, 5] 유지(cur_mb=2)
[복병 이동 상한] 3+7 90.3배 > 특별상한 50.0배 → 💎 노출 제외(참고)
[복병 이동 상한] 3+5 51.4배 > 특별상한 50.0배 → 💎 노출 제외(참고)
[경륜 추천 모순 수정] 고배당 강제조합 2건 메인→복병 이동(25배 상한)
[B라인 그물망] 호후 3경주: B라인[2, 5] 삼복승보험 [[2, 5, 7]] 추가
[분석로그] 저장 실패: [WinError 32] 다른 프로세스가 파일을 사용 중이기 때문에 프로세스가 액세스 할 수 없습니다: 'C:\\Users\\Administrator\\Desktop\\경마분석서버\\data\\analysis_log\\2026_08_01_호후_3경주.json.tmp' -> 'C:\\Users\\Administrator\\Desktop\\경마분석서버\\data\\analysis_log\\2026_08_01_호후_3경주.json'
[placeholder 필터] 아오모리 3경주 복승 껍데기 배당 4조합 제외(값: [100])
[각질편성] 아오모리 3경주: 선행2·선입0·추입5 → 보통 페이스
[경륜전개] 아오모리 3경주: 슬로우(단독 선행) · 라인 3개 · 페어 [[2, 5], [7, 3], [4, 1]]
[각질편성] 호후 3경주: 선행1·선입0·추입6 → 🐌 느린 페이스
[경륜전개] 호후 3경주: 슬로우(단독 선행) · 라인 2개 · 페어 [[4, 3], [2, 5]]
[T-2분 왕축 동결] 호후 3경주: [7, 5] → [7, 5] 유지(cur_mb=2)
[복병 이동 상한] 3+7 90.3배 > 특별상한 50.0배 → 💎 노출 제외(참고)
[복병 이동 상한] 3+5 51.4배 > 특별상한 50.0배 → 💎 노출 제외(참고)
[경륜 추천 모순 수정] 고배당 강제조합 2건 메인→복병 이동(25배 상한)
[B라인 그물망] 호후 3경주: B라인[2, 5] 삼복승보험 [[2, 5, 7]] 추가
[각질편성] 호후 3경주: 선행1·선입0·추입6 → 🐌 느린 페이스
[경륜전개] 호후 3경주: 슬로우(단독 선행) · 라인 2개 · 페어 [[4, 3], [2, 5]]
[T-2분 왕축 동결] 호후 3경주: [7, 5] → [7, 5] 유지(cur_mb=2)
[복병 이동 상한] 3+7 90.3배 > 특별상한 50.0배 → 💎 노출 제외(참고)
[복병 이동 상한] 3+5 51.4배 > 특별상한 50.0배 → 💎 노출 제외(참고)
[경륜 추천 모순 수정] 고배당 강제조합 2건 메인→복병 이동(25배 상한)
[B라인 그물망] 호후 3경주: B라인[2, 5] 삼복승보험 [[2, 5, 7]] 추가
[placeholder 필터] 아오모리 3경주 복승 껍데기 배당 4조합 제외(값: [100])
[각질편성] 아오모리 3경주: 선행2·선입0·추입5 → 보통 페이스
[경륜전개] 아오모리 3경주: 슬로우(단독 선행) · 라인 3개 · 페어 [[2, 5], [7, 3], [4, 1]]
[3종 수집] 호후 3경주: {'quinella': 21, 'exacta': 42, 'trio': 0, 'win': 0} (history 12)
[각질편성] 호후 3경주: 선행1·선입0·추입6 → 🐌 느린 페이스
[경륜전개] 호후 3경주: 슬로우(단독 선행) · 라인 2개 · 페어 [[4, 3], [2, 5]]
[T-2분 왕축 동결] 호후 3경주: [7, 5] → [7, 5] 유지(cur_mb=1)
[복병 이동 상한] 3+7 90.1배 > 특별상한 50.0배 → 💎 노출 제외(참고)
[복병 이동 상한] 3+5 51.6배 > 특별상한 50.0배 → 💎 노출 제외(참고)
[경륜 추천 모순 수정] 고배당 강제조합 2건 메인→복병 이동(25배 상한)
🔎 [결정론 검수] 호후 3경주: B라인누락
[각질편성] 호후 3경주: 선행1·선입0·추입6 → 🐌 느린 페이스
[경륜전개] 호후 3경주: 슬로우(단독 선행) · 라인 2개 · 페어 [[4, 3], [2, 5]]
[T-2분 왕축 동결] 호후 3경주: [7, 5] → [7, 5] 유지(cur_mb=1)
[복병 이동 상한] 3+7 90.1배 > 특별상한 50.0배 → 💎 노출 제외(참고)
[복병 이동 상한] 3+5 51.6배 > 특별상한 50.0배 → 💎 노출 제외(참고)
[경륜 추천 모순 수정] 고배당 강제조합 2건 메인→복병 이동(25배 상한)
[각질편성] 아오모리 1경주: 선행2·선입0·추입5 → 보통 페이스
[경륜전개] 아오모리 1경주: 보통 · 라인 2개 · 페어 [[7, 2], [1, 5]]
[각질편성] 호후 1경주: 선행3·선입0·추입3 → ⚡ 빠른 페이스
[경륜전개] 호후 1경주: 하이(주도권 경합) · 라인 3개 · 페어 [[5, 3], [1, 4]]
[잔존마 필터] 아오모리 2경주: 전적 7두 → 배당 출전마 6두 (배당 없는 마번 제외: [7])
[각질편성] 아오모리 2경주: 선행3·선입0·추입3 → ⚡ 빠른 페이스
[경륜전개] 아오모리 2경주: 하이(주도권 경합) · 라인 3개 · 페어 [[2, 3], [4, 1], [5, 6]]
[placeholder 필터] 아오모리 3경주 복승 껍데기 배당 4조합 제외(값: [100])
[각질편성] 아오모리 3경주: 선행2·선입0·추입5 → 보통 페이스
[경륜전개] 아오모리 3경주: 슬로우(단독 선행) · 라인 3개 · 페어 [[2, 5], [7, 3], [4, 1]]
[각질편성] 호후 2경주: 선행2·선입0·추입5 → 보통 페이스
[경륜전개] 호후 2경주: 보통 · 라인 3개 · 페어 [[2, 6], [1, 5], [3, 7]]
[각질편성] 아오모리 3경주: 선행2·선입0·추입5 → 보통 페이스
[경륜전개] 아오모리 3경주: 슬로우(단독 선행) · 라인 3개 · 페어 [[2, 5], [7, 3], [4, 1]]
[각질편성] 호후 3경주: 선행1·선입0·추입6 → 🐌 느린 페이스
[경륜전개] 호후 3경주: 슬로우(단독 선행) · 라인 2개 · 페어 [[4, 3], [2, 5]]
[T-2분 왕축 동결] 호후 3경주: [7, 5] → [7, 5] 유지(cur_mb=1)
[복병 이동 상한] 3+7 90.1배 > 특별상한 50.0배 → 💎 노출 제외(참고)
[복병 이동 상한] 3+5 51.6배 > 특별상한 50.0배 → 💎 노출 제외(참고)
[경륜 추천 모순 수정] 고배당 강제조합 2건 메인→복병 이동(25배 상한)
[각질편성] 호후 3경주: 선행1·선입0·추입6 → 🐌 느린 페이스
[경륜전개] 호후 3경주: 슬로우(단독 선행) · 라인 2개 · 페어 [[4, 3], [2, 5]]
[T-2분 왕축 동결] 호후 3경주: [7, 5] → [7, 5] 유지(cur_mb=1)
[복병 이동 상한] 3+7 90.1배 > 특별상한 50.0배 → 💎 노출 제외(참고)
[복병 이동 상한] 3+5 51.6배 > 특별상한 50.0배 → 💎 노출 제외(참고)
[경륜 추천 모순 수정] 고배당 강제조합 2건 메인→복병 이동(25배 상한)
[각질편성] 호후 3경주: 선행1·선입0·추입6 → 🐌 느린 페이스
[경륜전개] 호후 3경주: 슬로우(단독 선행) · 라인 2개 · 페어 [[4, 3], [2, 5]]
[T-2분 왕축 동결] 호후 3경주: [7, 5] → [7, 5] 유지(cur_mb=1)
[복병 이동 상한] 3+7 90.1배 > 특별상한 50.0배 → 💎 노출 제외(참고)
[복병 이동 상한] 3+5 51.6배 > 특별상한 50.0배 → 💎 노출 제외(참고)
[경륜 추천 모순 수정] 고배당 강제조합 2건 메인→복병 이동(25배 상한)
[각질편성] 호후 3경주: 선행1·선입0·추입6 → 🐌 느린 페이스
[경륜전개] 호후 3경주: 슬로우(단독 선행) · 라인 2개 · 페어 [[4, 3], [2, 5]]
[T-2분 왕축 동결] 호후 3경주: [7, 5] → [7, 5] 유지(cur_mb=1)
[복병 이동 상한] 3+7 90.1배 > 특별상한 50.0배 → 💎 노출 제외(참고)
[복병 이동 상한] 3+5 51.6배 > 특별상한 50.0배 → 💎 노출 제외(참고)
[경륜 추천 모순 수정] 고배당 강제조합 2건 메인→복병 이동(25배 상한)
[각질편성] 호후 3경주: 선행1·선입0·추입6 → 🐌 느린 페이스
[경륜전개] 호후 3경주: 슬로우(단독 선행) · 라인 2개 · 페어 [[4, 3], [2, 5]]
[T-2분 왕축 동결] 호후 3경주: [7, 5] → [7, 5] 유지(cur_mb=1)
[복병 이동 상한] 3+7 90.1배 > 특별상한 50.0배 → 💎 노출 제외(참고)
[복병 이동 상한] 3+5 51.6배 > 특별상한 50.0배 → 💎 노출 제외(참고)
[경륜 추천 모순 수정] 고배당 강제조합 2건 메인→복병 이동(25배 상한)
[placeholder 필터] 아오모리 3경주 복승 껍데기 배당 4조합 제외(값: [100])
[각질편성] 아오모리 3경주: 선행2·선입0·추입5 → 보통 페이스
[경륜전개] 아오모리 3경주: 슬로우(단독 선행) · 라인 3개 · 페어 [[2, 5], [7, 3], [4, 1]]
[각질편성] 호후 3경주: 선행1·선입0·추입6 → 🐌 느린 페이스
[경륜전개] 호후 3경주: 슬로우(단독 선행) · 라인 2개 · 페어 [[4, 3], [2, 5]]
[T-2분 왕축 동결] 호후 3경주: [7, 5] → [7, 5] 유지(cur_mb=1)
[복병 이동 상한] 3+7 90.1배 > 특별상한 50.0배 → 💎 노출 제외(참고)
[복병 이동 상한] 3+5 51.6배 > 특별상한 50.0배 → 💎 노출 제외(참고)
[경륜 추천 모순 수정] 고배당 강제조합 2건 메인→복병 이동(25배 상한)
[각질편성] 호후 3경주: 선행1·선입0·추입6 → 🐌 느린 페이스
[경륜전개] 호후 3경주: 슬로우(단독 선행) · 라인 2개 · 페어 [[4, 3], [2, 5]]
[T-2분 왕축 동결] 호후 3경주: [7, 5] → [7, 5] 유지(cur_mb=1)
[복병 이동 상한] 3+7 90.1배 > 특별상한 50.0배 → 💎 노출 제외(참고)
[복병 이동 상한] 3+5 51.6배 > 특별상한 50.0배 → 💎 노출 제외(참고)
[경륜 추천 모순 수정] 고배당 강제조합 2건 메인→복병 이동(25배 상한)
[각질편성] 호후 3경주: 선행1·선입0·추입6 → 🐌 느린 페이스
[경륜전개] 호후 3경주: 슬로우(단독 선행) · 라인 2개 · 페어 [[4, 3], [2, 5]]
[T-2분 왕축 동결] 호후 3경주: [7, 5] → [7, 5] 유지(cur_mb=1)
[복병 이동 상한] 3+7 90.1배 > 특별상한 50.0배 → 💎 노출 제외(참고)
[복병 이동 상한] 3+5 51.6배 > 특별상한 50.0배 → 💎 노출 제외(참고)
[경륜 추천 모순 수정] 고배당 강제조합 2건 메인→복병 이동(25배 상한)
[각질편성] 호후 3경주: 선행1·선입0·추입6 → 🐌 느린 페이스
[경륜전개] 호후 3경주: 슬로우(단독 선행) · 라인 2개 · 페어 [[4, 3], [2, 5]]
[T-2분 왕축 동결] 호후 3경주: [7, 5] → [7, 5] 유지(cur_mb=1)
[복병 이동 상한] 3+7 90.1배 > 특별상한 50.0배 → 💎 노출 제외(참고)
[복병 이동 상한] 3+5 51.6배 > 특별상한 50.0배 → 💎 노출 제외(참고)
[경륜 추천 모순 수정] 고배당 강제조합 2건 메인→복병 이동(25배 상한)
[placeholder 필터] 아오모리 3경주 복승 껍데기 배당 4조합 제외(값: [100])
[각질편성] 아오모리 3경주: 선행2·선입0·추입5 → 보통 페이스
[경륜전개] 아오모리 3경주: 슬로우(단독 선행) · 라인 3개 · 페어 [[2, 5], [7, 3], [4, 1]]
[3종 수집] 호후 3경주: {'quinella': 21, 'exacta': 42, 'trio': 0, 'win': 0} (history 12)
[각질편성] 호후 3경주: 선행1·선입0·추입6 → 🐌 느린 페이스
[경륜전개] 호후 3경주: 슬로우(단독 선행) · 라인 2개 · 페어 [[4, 3], [2, 5]]
[T-2분 왕축 동결] 호후 3경주: [7, 5] → [7, 5] 유지(cur_mb=1)
[복병 이동 상한] 3+7 82.1배 > 특별상한 50.0배 → 💎 노출 제외(참고)
[복병 이동 상한] 3+5 51.2배 > 특별상한 50.0배 → 💎 노출 제외(참고)
[경륜 추천 모순 수정] 고배당 강제조합 2건 메인→복병 이동(25배 상한)
[B라인 그물망] 호후 3경주: B라인[2, 5] 삼복승보험 [[2, 5, 7]] 추가
[각질편성] 호후 3경주: 선행1·선입0·추입6 → 🐌 느린 페이스
[경륜전개] 호후 3경주: 슬로우(단독 선행) · 라인 2개 · 페어 [[4, 3], [2, 5]]
[T-2분 왕축 동결] 호후 3경주: [7, 5] → [7, 5] 유지(cur_mb=1)
[복병 이동 상한] 3+7 82.1배 > 특별상한 50.0배 → 💎 노출 제외(참고)
[복병 이동 상한] 3+5 51.2배 > 특별상한 50.0배 → 💎 노출 제외(참고)
[경륜 추천 모순 수정] 고배당 강제조합 2건 메인→복병 이동(25배 상한)
[B라인 그물망] 호후 3경주: B라인[2, 5] 삼복승보험 [[2, 5, 7]] 추가
[각질편성] 아오모리 1경주: 선행2·선입0·추입5 → 보통 페이스
[경륜전개] 아오모리 1경주: 보통 · 라인 2개 · 페어 [[7, 2], [1, 5]]
[각질편성] 호후 1경주: 선행3·선입0·추입3 → ⚡ 빠른 페이스
[경륜전개] 호후 1경주: 하이(주도권 경합) · 라인 3개 · 페어 [[5, 3], [1, 4]]
[잔존마 필터] 아오모리 2경주: 전적 7두 → 배당 출전마 6두 (배당 없는 마번 제외: [7])
[각질편성] 아오모리 2경주: 선행3·선입0·추입3 → ⚡ 빠른 페이스
[경륜전개] 아오모리 2경주: 하이(주도권 경합) · 라인 3개 · 페어 [[2, 3], [4, 1], [5, 6]]
[placeholder 필터] 아오모리 3경주 복승 껍데기 배당 4조합 제외(값: [100])
[각질편성] 호후 3경주: 선행1·선입0·추입6 → 🐌 느린 페이스
[경륜전개] 호후 3경주: 슬로우(단독 선행) · 라인 2개 · 페어 [[4, 3], [2, 5]]
[각질편성] 아오모리 3경주: 선행2·선입0·추입5 → 보통 페이스
[경륜전개] 아오모리 3경주: 슬로우(단독 선행) · 라인 3개 · 페어 [[2, 5], [7, 3], [4, 1]]
[T-2분 왕축 동결] 호후 3경주: [7, 5] → [7, 5] 유지(cur_mb=1)
[복병 이동 상한] 3+7 82.1배 > 특별상한 50.0배 → 💎 노출 제외(참고)
[복병 이동 상한] 3+5 51.2배 > 특별상한 50.0배 → 💎 노출 제외(참고)
[경륜 추천 모순 수정] 고배당 강제조합 2건 메인→복병 이동(25배 상한)
[B라인 그물망] 호후 3경주: B라인[2, 5] 삼복승보험 [[2, 5, 7]] 추가
[각질편성] 호후 3경주: 선행1·선입0·추입6 → 🐌 느린 페이스
[경륜전개] 호후 3경주: 슬로우(단독 선행) · 라인 2개 · 페어 [[4, 3], [2, 5]]
[T-2분 왕축 동결] 호후 3경주: [7, 5] → [7, 5] 유지(cur_mb=1)
[복병 이동 상한] 3+7 82.1배 > 특별상한 50.0배 → 💎 노출 제외(참고)
[복병 이동 상한] 3+5 51.2배 > 특별상한 50.0배 → 💎 노출 제외(참고)
[경륜 추천 모순 수정] 고배당 강제조합 2건 메인→복병 이동(25배 상한)
[B라인 그물망] 호후 3경주: B라인[2, 5] 삼복승보험 [[2, 5, 7]] 추가
[결과기록] 캐시 갱신 — 재파싱 1건 / 전체 1648건
[각질편성] 호후 2경주: 선행2·선입0·추입5 → 보통 페이스
[경륜전개] 호후 2경주: 보통 · 라인 3개 · 페어 [[2, 6], [1, 5], [3, 7]]
[각질편성] 아오모리 3경주: 선행2·선입0·추입5 → 보통 페이스
[경륜전개] 아오모리 3경주: 슬로우(단독 선행) · 라인 3개 · 페어 [[2, 5], [7, 3], [4, 1]]
[각질편성] 호후 3경주: 선행1·선입0·추입6 → 🐌 느린 페이스
[경륜전개] 호후 3경주: 슬로우(단독 선행) · 라인 2개 · 페어 [[4, 3], [2, 5]]
[T-2분 왕축 동결] 호후 3경주: [7, 5] → [7, 5] 유지(cur_mb=1)
[복병 이동 상한] 3+7 82.1배 > 특별상한 50.0배 → 💎 노출 제외(참고)
[복병 이동 상한] 3+5 51.2배 > 특별상한 50.0배 → 💎 노출 제외(참고)
[경륜 추천 모순 수정] 고배당 강제조합 2건 메인→복병 이동(25배 상한)
[B라인 그물망] 호후 3경주: B라인[2, 5] 삼복승보험 [[2, 5, 7]] 추가
[각질편성] 호후 3경주: 선행1·선입0·추입6 → 🐌 느린 페이스
[경륜전개] 호후 3경주: 슬로우(단독 선행) · 라인 2개 · 페어 [[4, 3], [2, 5]]
[T-2분 왕축 동결] 호후 3경주: [7, 5] → [7, 5] 유지(cur_mb=1)
[복병 이동 상한] 3+7 82.1배 > 특별상한 50.0배 → 💎 노출 제외(참고)
[복병 이동 상한] 3+5 51.2배 > 특별상한 50.0배 → 💎 노출 제외(참고)
[경륜 추천 모순 수정] 고배당 강제조합 2건 메인→복병 이동(25배 상한)
[B라인 그물망] 호후 3경주: B라인[2, 5] 삼복승보험 [[2, 5, 7]] 추가
[각질편성] 호후 3경주: 선행1·선입0·추입6 → 🐌 느린 페이스
[경륜전개] 호후 3경주: 슬로우(단독 선행) · 라인 2개 · 페어 [[4, 3], [2, 5]]
[T-2분 왕축 동결] 호후 3경주: [7, 5] → [7, 5] 유지(cur_mb=1)
[복병 이동 상한] 3+7 82.1배 > 특별상한 50.0배 → 💎 노출 제외(참고)
[복병 이동 상한] 3+5 51.2배 > 특별상한 50.0배 → 💎 노출 제외(참고)
[경륜 추천 모순 수정] 고배당 강제조합 2건 메인→복병 이동(25배 상한)
[B라인 그물망] 호후 3경주: B라인[2, 5] 삼복승보험 [[2, 5, 7]] 추가
[placeholder 필터] 아오모리 3경주 복승 껍데기 배당 4조합 제외(값: [100])
[각질편성] 아오모리 3경주: 선행2·선입0·추입5 → 보통 페이스
[경륜전개] 아오모리 3경주: 슬로우(단독 선행) · 라인 3개 · 페어 [[2, 5], [7, 3], [4, 1]]
[각질편성] 호후 3경주: 선행1·선입0·추입6 → 🐌 느린 페이스
[경륜전개] 호후 3경주: 슬로우(단독 선행) · 라인 2개 · 페어 [[4, 3], [2, 5]]
[각질편성] 호후 3경주: 선행1·선입0·추입6 → 🐌 느린 페이스
[경륜전개] 호후 3경주: 슬로우(단독 선행) · 라인 2개 · 페어 [[4, 3], [2, 5]]
[T-2분 왕축 동결] 호후 3경주: [7, 5] → [7, 5] 유지(cur_mb=1)
[복병 이동 상한] 3+7 82.1배 > 특별상한 50.0배 → 💎 노출 제외(참고)
[복병 이동 상한] 3+5 51.2배 > 특별상한 50.0배 → 💎 노출 제외(참고)
[경륜 추천 모순 수정] 고배당 강제조합 2건 메인→복병 이동(25배 상한)
[B라인 그물망] 호후 3경주: B라인[2, 5] 삼복승보험 [[2, 5, 7]] 추가
[T-2분 왕축 동결] 호후 3경주: [7, 5] → [7, 5] 유지(cur_mb=1)
[복병 이동 상한] 3+7 82.1배 > 특별상한 50.0배 → 💎 노출 제외(참고)
[복병 이동 상한] 3+5 51.2배 > 특별상한 50.0배 → 💎 노출 제외(참고)
[경륜 추천 모순 수정] 고배당 강제조합 2건 메인→복병 이동(25배 상한)
[B라인 그물망] 호후 3경주: B라인[2, 5] 삼복승보험 [[2, 5, 7]] 추가
[placeholder 필터] 아오모리 3경주 복승 껍데기 배당 4조합 제외(값: [100])
[각질편성] 아오모리 3경주: 선행2·선입0·추입5 → 보통 페이스
[경륜전개] 아오모리 3경주: 슬로우(단독 선행) · 라인 3개 · 페어 [[2, 5], [7, 3], [4, 1]]
[각질편성] 호후 3경주: 선행1·선입0·추입6 → 🐌 느린 페이스
[경륜전개] 호후 3경주: 슬로우(단독 선행) · 라인 2개 · 페어 [[4, 3], [2, 5]]
[T-2분 왕축 동결] 호후 3경주: [7, 5] → [7, 5] 유지(cur_mb=1)
[복병 이동 상한] 3+7 82.1배 > 특별상한 50.0배 → 💎 노출 제외(참고)
[복병 이동 상한] 3+5 51.2배 > 특별상한 50.0배 → 💎 노출 제외(참고)
[경륜 추천 모순 수정] 고배당 강제조합 2건 메인→복병 이동(25배 상한)
[B라인 그물망] 호후 3경주: B라인[2, 5] 삼복승보험 [[2, 5, 7]] 추가
[각질편성] 호후 3경주: 선행1·선입0·추입6 → 🐌 느린 페이스
[경륜전개] 호후 3경주: 슬로우(단독 선행) · 라인 2개 · 페어 [[4, 3], [2, 5]]
[T-2분 왕축 동결] 호후 3경주: [7, 5] → [7, 5] 유지(cur_mb=1)
[복병 이동 상한] 3+7 82.1배 > 특별상한 50.0배 → 💎 노출 제외(참고)
[복병 이동 상한] 3+5 51.2배 > 특별상한 50.0배 → 💎 노출 제외(참고)
[경륜 추천 모순 수정] 고배당 강제조합 2건 메인→복병 이동(25배 상한)
[B라인 그물망] 호후 3경주: B라인[2, 5] 삼복승보험 [[2, 5, 7]] 추가
[각질편성] 호후 3경주: 선행1·선입0·추입6 → 🐌 느린 페이스
[경륜전개] 호후 3경주: 슬로우(단독 선행) · 라인 2개 · 페어 [[4, 3], [2, 5]]
[T-2분 왕축 동결] 호후 3경주: [7, 5] → [7, 5] 유지(cur_mb=1)
[복병 이동 상한] 3+7 82.1배 > 특별상한 50.0배 → 💎 노출 제외(참고)
[복병 이동 상한] 3+5 51.2배 > 특별상한 50.0배 → 💎 노출 제외(참고)
[경륜 추천 모순 수정] 고배당 강제조합 2건 메인→복병 이동(25배 상한)
[B라인 그물망] 호후 3경주: B라인[2, 5] 삼복승보험 [[2, 5, 7]] 추가
[각질편성] 호후 3경주: 선행1·선입0·추입6 → 🐌 느린 페이스
[경륜전개] 호후 3경주: 슬로우(단독 선행) · 라인 2개 · 페어 [[4, 3], [2, 5]]
[T-2분 왕축 동결] 호후 3경주: [7, 5] → [7, 5] 유지(cur_mb=1)
[복병 이동 상한] 3+7 82.1배 > 특별상한 50.0배 → 💎 노출 제외(참고)
[복병 이동 상한] 3+5 51.2배 > 특별상한 50.0배 → 💎 노출 제외(참고)
[경륜 추천 모순 수정] 고배당 강제조합 2건 메인→복병 이동(25배 상한)
[B라인 그물망] 호후 3경주: B라인[2, 5] 삼복승보험 [[2, 5, 7]] 추가
[placeholder 필터] 아오모리 3경주 복승 껍데기 배당 4조합 제외(값: [100])
[각질편성] 아오모리 3경주: 선행2·선입0·추입5 → 보통 페이스
[경륜전개] 아오모리 3경주: 슬로우(단독 선행) · 라인 3개 · 페어 [[2, 5], [7, 3], [4, 1]]
[각질편성] 호후 3경주: 선행1·선입0·추입6 → 🐌 느린 페이스
[경륜전개] 호후 3경주: 슬로우(단독 선행) · 라인 2개 · 페어 [[4, 3], [2, 5]]
[복병 이동 상한] 3+7 82.1배 > 특별상한 50.0배 → 💎 노출 제외(참고)
[복병 이동 상한] 3+5 51.2배 > 특별상한 50.0배 → 💎 노출 제외(참고)
[경륜 추천 모순 수정] 고배당 강제조합 2건 메인→복병 이동(25배 상한)
[B라인 그물망] 호후 3경주: B라인[2, 5] 삼복승보험 [[2, 5, 7]] 추가
[각질편성] 호후 3경주: 선행1·선입0·추입6 → 🐌 느린 페이스
[경륜전개] 호후 3경주: 슬로우(단독 선행) · 라인 2개 · 페어 [[4, 3], [2, 5]]
[복병 이동 상한] 3+7 82.1배 > 특별상한 50.0배 → 💎 노출 제외(참고)
[복병 이동 상한] 3+5 51.2배 > 특별상한 50.0배 → 💎 노출 제외(참고)
[경륜 추천 모순 수정] 고배당 강제조합 2건 메인→복병 이동(25배 상한)
[B라인 그물망] 호후 3경주: B라인[2, 5] 삼복승보험 [[2, 5, 7]] 추가
[3종 수집] 호후 3경주: {'quinella': 21, 'exacta': 42, 'trio': 0, 'win': 0} (history 12)
[각질편성] 호후 3경주: 선행1·선입0·추입6 → 🐌 느린 페이스
[경륜전개] 호후 3경주: 슬로우(단독 선행) · 라인 2개 · 페어 [[4, 3], [2, 5]]
[복병 이동 상한] 3+7 82.1배 > 특별상한 50.0배 → 💎 노출 제외(참고)
[복병 이동 상한] 3+5 51.2배 > 특별상한 50.0배 → 💎 노출 제외(참고)
[경륜 추천 모순 수정] 고배당 강제조합 2건 메인→복병 이동(25배 상한)
[B라인 그물망] 호후 3경주: B라인[2, 5] 삼복승보험 [[2, 5, 7]] 추가
[각질편성] 호후 3경주: 선행1·선입0·추입6 → 🐌 느린 페이스
[경륜전개] 호후 3경주: 슬로우(단독 선행) · 라인 2개 · 페어 [[4, 3], [2, 5]]
[복병 이동 상한] 3+7 82.1배 > 특별상한 50.0배 → 💎 노출 제외(참고)
[복병 이동 상한] 3+5 51.2배 > 특별상한 50.0배 → 💎 노출 제외(참고)
[경륜 추천 모순 수정] 고배당 강제조합 2건 메인→복병 이동(25배 상한)
[B라인 그물망] 호후 3경주: B라인[2, 5] 삼복승보험 [[2, 5, 7]] 추가
[각질편성] 호후 3경주: 선행1·선입0·추입6 → 🐌 느린 페이스
[경륜전개] 호후 3경주: 슬로우(단독 선행) · 라인 2개 · 페어 [[4, 3], [2, 5]]
[복병 이동 상한] 3+7 82.1배 > 특별상한 50.0배 → 💎 노출 제외(참고)
[복병 이동 상한] 3+5 51.2배 > 특별상한 50.0배 → 💎 노출 제외(참고)
[경륜 추천 모순 수정] 고배당 강제조합 2건 메인→복병 이동(25배 상한)
[B라인 그물망] 호후 3경주: B라인[2, 5] 삼복승보험 [[2, 5, 7]] 추가
[각질편성] 아오모리 1경주: 선행2·선입0·추입5 → 보통 페이스
[경륜전개] 아오모리 1경주: 보통 · 라인 2개 · 페어 [[7, 2], [1, 5]]
[각질편성] 호후 1경주: 선행3·선입0·추입3 → ⚡ 빠른 페이스
[경륜전개] 호후 1경주: 하이(주도권 경합) · 라인 3개 · 페어 [[5, 3], [1, 4]]
[잔존마 필터] 아오모리 2경주: 전적 7두 → 배당 출전마 6두 (배당 없는 마번 제외: [7])
[각질편성] 아오모리 2경주: 선행3·선입0·추입3 → ⚡ 빠른 페이스
[경륜전개] 아오모리 2경주: 하이(주도권 경합) · 라인 3개 · 페어 [[2, 3], [4, 1], [5, 6]]
[각질편성] 호후 2경주: 선행2·선입0·추입5 → 보통 페이스
[경륜전개] 호후 2경주: 보통 · 라인 3개 · 페어 [[2, 6], [1, 5], [3, 7]]
[placeholder 필터] 아오모리 3경주 복승 껍데기 배당 4조합 제외(값: [100])
[각질편성] 아오모리 3경주: 선행2·선입0·추입5 → 보통 페이스
[각질편성] 아오모리 3경주: 선행2·선입0·추입5 → 보통 페이스
[경륜전개] 아오모리 3경주: 슬로우(단독 선행) · 라인 3개 · 페어 [[2, 5], [7, 3], [4, 1]]
[경륜전개] 아오모리 3경주: 슬로우(단독 선행) · 라인 3개 · 페어 [[2, 5], [7, 3], [4, 1]]
[각질편성] 호후 3경주: 선행1·선입0·추입6 → 🐌 느린 페이스
[경륜전개] 호후 3경주: 슬로우(단독 선행) · 라인 2개 · 페어 [[4, 3], [2, 5]]
[복병 이동 상한] 3+7 82.1배 > 특별상한 50.0배 → 💎 노출 제외(참고)
[복병 이동 상한] 3+5 51.2배 > 특별상한 50.0배 → 💎 노출 제외(참고)
[경륜 추천 모순 수정] 고배당 강제조합 2건 메인→복병 이동(25배 상한)
[B라인 그물망] 호후 3경주: B라인[2, 5] 삼복승보험 [[2, 5, 7]] 추가
[각질편성] 호후 3경주: 선행1·선입0·추입6 → 🐌 느린 페이스
[경륜전개] 호후 3경주: 슬로우(단독 선행) · 라인 2개 · 페어 [[4, 3], [2, 5]]
[복병 이동 상한] 3+7 82.1배 > 특별상한 50.0배 → 💎 노출 제외(참고)
[복병 이동 상한] 3+5 51.2배 > 특별상한 50.0배 → 💎 노출 제외(참고)
[경륜 추천 모순 수정] 고배당 강제조합 2건 메인→복병 이동(25배 상한)
[B라인 그물망] 호후 3경주: B라인[2, 5] 삼복승보험 [[2, 5, 7]] 추가
[각질편성] 호후 3경주: 선행1·선입0·추입6 → 🐌 느린 페이스
[경륜전개] 호후 3경주: 슬로우(단독 선행) · 라인 2개 · 페어 [[4, 3], [2, 5]]
[복병 이동 상한] 3+7 82.1배 > 특별상한 50.0배 → 💎 노출 제외(참고)
[복병 이동 상한] 3+5 51.2배 > 특별상한 50.0배 → 💎 노출 제외(참고)
[경륜 추천 모순 수정] 고배당 강제조합 2건 메인→복병 이동(25배 상한)
[B라인 그물망] 호후 3경주: B라인[2, 5] 삼복승보험 [[2, 5, 7]] 추가
[각질편성] 호후 3경주: 선행1·선입0·추입6 → 🐌 느린 페이스
[경륜전개] 호후 3경주: 슬로우(단독 선행) · 라인 2개 · 페어 [[4, 3], [2, 5]]
[각질편성] 호후 3경주: 선행1·선입0·추입6 → 🐌 느린 페이스
[경륜전개] 호후 3경주: 슬로우(단독 선행) · 라인 2개 · 페어 [[4, 3], [2, 5]]
[복병 이동 상한] 3+7 82.1배 > 특별상한 50.0배 → 💎 노출 제외(참고)
[복병 이동 상한] 3+5 51.2배 > 특별상한 50.0배 → 💎 노출 제외(참고)
[경륜 추천 모순 수정] 고배당 강제조합 2건 메인→복병 이동(25배 상한)
[B라인 그물망] 호후 3경주: B라인[2, 5] 삼복승보험 [[2, 5, 7]] 추가
[복병 이동 상한] 3+7 82.1배 > 특별상한 50.0배 → 💎 노출 제외(참고)
[복병 이동 상한] 3+5 51.2배 > 특별상한 50.0배 → 💎 노출 제외(참고)
[경륜 추천 모순 수정] 고배당 강제조합 2건 메인→복병 이동(25배 상한)
[B라인 그물망] 호후 3경주: B라인[2, 5] 삼복승보험 [[2, 5, 7]] 추가
[분석로그] 저장 실패: [WinError 32] 다른 프로세스가 파일을 사용 중이기 때문에 프로세스가 액세스 할 수 없습니다: 'C:\\Users\\Administrator\\Desktop\\경마분석서버\\data\\analysis_log\\2026_08_01_호후_3경주.json.tmp' -> 'C:\\Users\\Administrator\\Desktop\\경마분석서버\\data\\analysis_log\\2026_08_01_호후_3경주.json'
[각질편성] 호후 3경주: 선행1·선입0·추입6 → 🐌 느린 페이스
[경륜전개] 호후 3경주: 슬로우(단독 선행) · 라인 2개 · 페어 [[4, 3], [2, 5]]
[복병 이동 상한] 3+7 82.1배 > 특별상한 50.0배 → 💎 노출 제외(참고)
[복병 이동 상한] 3+5 51.2배 > 특별상한 50.0배 → 💎 노출 제외(참고)
[경륜 추천 모순 수정] 고배당 강제조합 2건 메인→복병 이동(25배 상한)
[B라인 그물망] 호후 3경주: B라인[2, 5] 삼복승보험 [[2, 5, 7]] 추가
[각질편성] 호후 3경주: 선행1·선입0·추입6 → 🐌 느린 페이스
[경륜전개] 호후 3경주: 슬로우(단독 선행) · 라인 2개 · 페어 [[4, 3], [2, 5]]
[복병 이동 상한] 3+7 82.1배 > 특별상한 50.0배 → 💎 노출 제외(참고)
[복병 이동 상한] 3+5 51.2배 > 특별상한 50.0배 → 💎 노출 제외(참고)
[경륜 추천 모순 수정] 고배당 강제조합 2건 메인→복병 이동(25배 상한)
[B라인 그물망] 호후 3경주: B라인[2, 5] 삼복승보험 [[2, 5, 7]] 추가
[placeholder 필터] 아오모리 3경주 복승 껍데기 배당 4조합 제외(값: [100])
[각질편성] 아오모리 3경주: 선행2·선입0·추입5 → 보통 페이스
[경륜전개] 아오모리 3경주: 슬로우(단독 선행) · 라인 3개 · 페어 [[2, 5], [7, 3], [4, 1]]
[각질편성] 호후 3경주: 선행1·선입0·추입6 → 🐌 느린 페이스
[경륜전개] 호후 3경주: 슬로우(단독 선행) · 라인 2개 · 페어 [[4, 3], [2, 5]]
[복병 이동 상한] 3+7 82.1배 > 특별상한 50.0배 → 💎 노출 제외(참고)
[복병 이동 상한] 3+5 51.2배 > 특별상한 50.0배 → 💎 노출 제외(참고)
[경륜 추천 모순 수정] 고배당 강제조합 2건 메인→복병 이동(25배 상한)
[B라인 그물망] 호후 3경주: B라인[2, 5] 삼복승보험 [[2, 5, 7]] 추가
[각질편성] 호후 3경주: 선행1·선입0·추입6 → 🐌 느린 페이스
[경륜전개] 호후 3경주: 슬로우(단독 선행) · 라인 2개 · 페어 [[4, 3], [2, 5]]
[복병 이동 상한] 3+7 82.1배 > 특별상한 50.0배 → 💎 노출 제외(참고)
[복병 이동 상한] 3+5 51.2배 > 특별상한 50.0배 → 💎 노출 제외(참고)
[경륜 추천 모순 수정] 고배당 강제조합 2건 메인→복병 이동(25배 상한)
[B라인 그물망] 호후 3경주: B라인[2, 5] 삼복승보험 [[2, 5, 7]] 추가
[각질편성] 호후 3경주: 선행1·선입0·추입6 → 🐌 느린 페이스
[경륜전개] 호후 3경주: 슬로우(단독 선행) · 라인 2개 · 페어 [[4, 3], [2, 5]]
[복병 이동 상한] 3+7 82.1배 > 특별상한 50.0배 → 💎 노출 제외(참고)
[복병 이동 상한] 3+5 51.2배 > 특별상한 50.0배 → 💎 노출 제외(참고)
[경륜 추천 모순 수정] 고배당 강제조합 2건 메인→복병 이동(25배 상한)
[B라인 그물망] 호후 3경주: B라인[2, 5] 삼복승보험 [[2, 5, 7]] 추가
[placeholder 필터] 아오모리 3경주 복승 껍데기 배당 4조합 제외(값: [100])
[각질편성] 아오모리 3경주: 선행2·선입0·추입5 → 보통 페이스
[경륜전개] 아오모리 3경주: 슬로우(단독 선행) · 라인 3개 · 페어 [[2, 5], [7, 3], [4, 1]]
[각질편성] 호후 3경주: 선행1·선입0·추입6 → 🐌 느린 페이스
[경륜전개] 호후 3경주: 슬로우(단독 선행) · 라인 2개 · 페어 [[4, 3], [2, 5]]
[복병 이동 상한] 3+7 82.1배 > 특별상한 50.0배 → 💎 노출 제외(참고)
[복병 이동 상한] 3+5 51.2배 > 특별상한 50.0배 → 💎 노출 제외(참고)
[경륜 추천 모순 수정] 고배당 강제조합 2건 메인→복병 이동(25배 상한)
[B라인 그물망] 호후 3경주: B라인[2, 5] 삼복승보험 [[2, 5, 7]] 추가
[각질편성] 호후 3경주: 선행1·선입0·추입6 → 🐌 느린 페이스
[경륜전개] 호후 3경주: 슬로우(단독 선행) · 라인 2개 · 페어 [[4, 3], [2, 5]]
[복병 이동 상한] 3+7 82.1배 > 특별상한 50.0배 → 💎 노출 제외(참고)
[복병 이동 상한] 3+5 51.2배 > 특별상한 50.0배 → 💎 노출 제외(참고)
[경륜 추천 모순 수정] 고배당 강제조합 2건 메인→복병 이동(25배 상한)
[B라인 그물망] 호후 3경주: B라인[2, 5] 삼복승보험 [[2, 5, 7]] 추가
[스냅샷] 저장: 2026_08_01_호후_3경주_마감후.png (559 KB · close)
[다중경주] 하트비트 #11 · 스케줄 ymd=20260801 (-1초 전 갱신 · 트랙 12개)
[3종 수집] 호후 3경주: {'quinella': 21, 'exacta': 42, 'trio': 0, 'win': 0} (history 12)
[각질편성] 호후 3경주: 선행1·선입0·추입6 → 🐌 느린 페이스
[경륜전개] 호후 3경주: 슬로우(단독 선행) · 라인 2개 · 페어 [[4, 3], [2, 5]]
[복병 이동 상한] 3+7 82.1배 > 특별상한 50.0배 → 💎 노출 제외(참고)
[복병 이동 상한] 3+5 51.2배 > 특별상한 50.0배 → 💎 노출 제외(참고)
[경륜 추천 모순 수정] 고배당 강제조합 2건 메인→복병 이동(25배 상한)
[B라인 그물망] 호후 3경주: B라인[2, 5] 삼복승보험 [[2, 5, 7]] 추가
[각질편성] 호후 3경주: 선행1·선입0·추입6 → 🐌 느린 페이스
[경륜전개] 호후 3경주: 슬로우(단독 선행) · 라인 2개 · 페어 [[4, 3], [2, 5]]
[복병 이동 상한] 3+7 82.1배 > 특별상한 50.0배 → 💎 노출 제외(참고)
[복병 이동 상한] 3+5 51.2배 > 특별상한 50.0배 → 💎 노출 제외(참고)
[경륜 추천 모순 수정] 고배당 강제조합 2건 메인→복병 이동(25배 상한)
[B라인 그물망] 호후 3경주: B라인[2, 5] 삼복승보험 [[2, 5, 7]] 추가
[각질편성] 호후 3경주: 선행1·선입0·추입6 → 🐌 느린 페이스
[경륜전개] 호후 3경주: 슬로우(단독 선행) · 라인 2개 · 페어 [[4, 3], [2, 5]]
[복병 이동 상한] 3+7 82.1배 > 특별상한 50.0배 → 💎 노출 제외(참고)
[복병 이동 상한] 3+5 51.2배 > 특별상한 50.0배 → 💎 노출 제외(참고)
[경륜 추천 모순 수정] 고배당 강제조합 2건 메인→복병 이동(25배 상한)
[B라인 그물망] 호후 3경주: B라인[2, 5] 삼복승보험 [[2, 5, 7]] 추가
[경주전환 감지] 호후 3경주: 비정상 변동폭(95%+ 다수) → 기준값 재설정(이전 배당 초기화)
[3종 수집] 호후 3경주: {'quinella': 21, 'exacta': 0, 'trio': 0, 'win': 0} (history 1 · 기준재설정)
[placeholder 필터] 호후 3경주 복승 껍데기 배당 3조합 제외(값: [100])
[각질편성] 호후 3경주: 선행1·선입0·추입6 → 🐌 느린 페이스
[경륜전개] 호후 3경주: 슬로우(단독 선행) · 라인 2개 · 페어 [[4, 3], [2, 5]]
[readonly 잠금] 호후 3경주: 마감 확정 파일 — corePicks/시계열 보존, result/hit만 업데이트 허용
[마감 동결] 호후 3경주: 확정본 복원(출처 closed_row · 기준 09:19:37)
[각질편성] 아오모리 1경주: 선행2·선입0·추입5 → 보통 페이스
[경륜전개] 아오모리 1경주: 보통 · 라인 2개 · 페어 [[7, 2], [1, 5]]
[각질편성] 호후 1경주: 선행3·선입0·추입3 → ⚡ 빠른 페이스
[경륜전개] 호후 1경주: 하이(주도권 경합) · 라인 3개 · 페어 [[5, 3], [1, 4]]
[잔존마 필터] 아오모리 2경주: 전적 7두 → 배당 출전마 6두 (배당 없는 마번 제외: [7])
[각질편성] 아오모리 2경주: 선행3·선입0·추입3 → ⚡ 빠른 페이스
[경륜전개] 아오모리 2경주: 하이(주도권 경합) · 라인 3개 · 페어 [[2, 3], [4, 1], [5, 6]]
[placeholder 필터] 아오모리 3경주 복승 껍데기 배당 4조합 제외(값: [100])
[각질편성] 아오모리 3경주: 선행2·선입0·추입5 → 보통 페이스
[경륜전개] 아오모리 3경주: 슬로우(단독 선행) · 라인 3개 · 페어 [[2, 5], [7, 3], [4, 1]]
[결과기록] 캐시 갱신 — 재파싱 1건 / 전체 1648건
[각질편성] 호후 2경주: 선행2·선입0·추입5 → 보통 페이스
[경륜전개] 호후 2경주: 보통 · 라인 3개 · 페어 [[2, 6], [1, 5], [3, 7]]
[각질편성] 아오모리 3경주: 선행2·선입0·추입5 → 보통 페이스
[경륜전개] 아오모리 3경주: 슬로우(단독 선행) · 라인 3개 · 페어 [[2, 5], [7, 3], [4, 1]]
[각질편성] 호후 3경주: 선행1·선입0·추입6 → 🐌 느린 페이스
[경륜전개] 호후 3경주: 슬로우(단독 선행) · 라인 2개 · 페어 [[4, 3], [2, 5]]
[각질편성] 호후 3경주: 선행1·선입0·추입6 → 🐌 느린 페이스
[경륜전개] 호후 3경주: 슬로우(단독 선행) · 라인 2개 · 페어 [[4, 3], [2, 5]]
[placeholder 필터] 아오모리 3경주 복승 껍데기 배당 4조합 제외(값: [100])
[각질편성] 아오모리 3경주: 선행2·선입0·추입5 → 보통 페이스
[경륜전개] 아오모리 3경주: 슬로우(단독 선행) · 라인 3개 · 페어 [[2, 5], [7, 3], [4, 1]]
[placeholder 필터] 호후 3경주 복승 껍데기 배당 3조합 제외(값: [100])
[각질편성] 호후 3경주: 선행1·선입0·추입6 → 🐌 느린 페이스
[경륜전개] 호후 3경주: 슬로우(단독 선행) · 라인 2개 · 페어 [[4, 3], [2, 5]]
⏸ [폴링 저장 가드] 호후 3경주: 마감 후 readonly → 로그 저장 생략(분석·표시는 정상)
[placeholder 필터] 아오모리 3경주 복승 껍데기 배당 4조합 제외(값: [100])
[각질편성] 아오모리 3경주: 선행2·선입0·추입5 → 보통 페이스
[경륜전개] 아오모리 3경주: 슬로우(단독 선행) · 라인 3개 · 페어 [[2, 5], [7, 3], [4, 1]]
[placeholder 필터] 호후 3경주 복승 껍데기 배당 3조합 제외(값: [100])
[placeholder 필터] 호후 3경주 복승 껍데기 배당 3조합 제외(값: [100])
[각질편성] 호후 3경주: 선행1·선입0·추입6 → 🐌 느린 페이스
[각질편성] 호후 3경주: 선행1·선입0·추입6 → 🐌 느린 페이스
[경륜전개] 호후 3경주: 슬로우(단독 선행) · 라인 2개 · 페어 [[4, 3], [2, 5]]
[경륜전개] 호후 3경주: 슬로우(단독 선행) · 라인 2개 · 페어 [[4, 3], [2, 5]]
[placeholder 필터] 아오모리 3경주 복승 껍데기 배당 4조합 제외(값: [100])
[각질편성] 아오모리 3경주: 선행2·선입0·추입5 → 보통 페이스
[경륜전개] 아오모리 3경주: 슬로우(단독 선행) · 라인 3개 · 페어 [[2, 5], [7, 3], [4, 1]]
[placeholder 필터] 호후 3경주 복승 껍데기 배당 3조합 제외(값: [100])
[각질편성] 호후 3경주: 선행1·선입0·추입6 → 🐌 느린 페이스
[경륜전개] 호후 3경주: 슬로우(단독 선행) · 라인 2개 · 페어 [[4, 3], [2, 5]]
[다중경주] 호후 3경주: 사설(확장) 수집 활성(32초 전) → 복승은 사설 유지·서버 쌍승42/삼복승0 보완
[경륜 전적·자동] 아오모리 4경주: 7두 수집(競走得点·절대등급 A/B/C/D·라인[4, 1, 3, 6, 2, 7, 5]) → 통합등급 자동 반영
[3종 수집] 아오모리 4경주: {'quinella': 21, 'exacta': 42, 'trio': 0, 'win': 0} (history 1)
[각질편성] 호후 3경주: 선행1·선입0·추입6 → 🐌 느린 페이스
[3종 수집] 호후 3경주: {'quinella': 21, 'exacta': 0, 'trio': 0, 'win': 0} (history 2)
[경륜전개] 호후 3경주: 슬로우(단독 선행) · 라인 2개 · 페어 [[4, 3], [2, 5]]
[placeholder 필터] 호후 3경주 복승 껍데기 배당 3조합 제외(값: [100])
[각질편성] 호후 3경주: 선행1·선입0·추입6 → 🐌 느린 페이스
[경륜전개] 호후 3경주: 슬로우(단독 선행) · 라인 2개 · 페어 [[4, 3], [2, 5]]
[placeholder 필터] 호후 3경주 복승 껍데기 배당 3조합 제외(값: [100])
[각질편성] 호후 3경주: 선행1·선입0·추입6 → 🐌 느린 페이스
[경륜전개] 호후 3경주: 슬로우(단독 선행) · 라인 2개 · 페어 [[4, 3], [2, 5]]
🔮 [예측] 아오모리 4경주: top3=[4, 2, 5] conf=4 · 전체 7두 중 선행 및 젖히기형이 2두(2, 4번)뿐이고 나머지가 모두 
[각질편성] 아오모리 4경주: 선행2·선입0·추입5 → 보통 페이스
[경륜전개] 아오모리 4경주: 슬로우(단독 선행) · 라인 2개 · 페어 [[2, 7], [4, 1]]
[복승불일치 축교정] 아오모리 4경주: 축 [1, 4]로 교정(자금이탈 강등 [7]·🔴🔴)
[경륜 추천 모순 수정] 고배당 강제조합 1건 메인→복병 이동(25배 상한)
[자동분석·배경] 아오모리 4경주: 마감 594초 전 재분석(rec_history 누적·cycle)
[각질편성] 아오모리 4경주: 선행2·선입0·추입5 → 보통 페이스
[경륜전개] 아오모리 4경주: 슬로우(단독 선행) · 라인 2개 · 페어 [[2, 7], [4, 1]]
[복승불일치 축교정] 아오모리 4경주: 축 [1, 4]로 교정(자금이탈 강등 [7]·🔴🔴)
[경륜 추천 모순 수정] 고배당 강제조합 1건 메인→복병 이동(25배 상한)
[placeholder 필터] 호후 3경주 복승 껍데기 배당 3조합 제외(값: [100])
[각질편성] 호후 3경주: 선행1·선입0·추입6 → 🐌 느린 페이스
[경륜전개] 호후 3경주: 슬로우(단독 선행) · 라인 2개 · 페어 [[4, 3], [2, 5]]
[placeholder 필터] 호후 3경주 복승 껍데기 배당 3조합 제외(값: [100])
[placeholder 필터] 호후 3경주 복승 껍데기 배당 3조합 제외(값: [100])
[각질편성] 호후 3경주: 선행1·선입0·추입6 → 🐌 느린 페이스
[각질편성] 호후 3경주: 선행1·선입0·추입6 → 🐌 느린 페이스
[경륜전개] 호후 3경주: 슬로우(단독 선행) · 라인 2개 · 페어 [[4, 3], [2, 5]]
[경륜전개] 호후 3경주: 슬로우(단독 선행) · 라인 2개 · 페어 [[4, 3], [2, 5]]
[각질편성] 호후 3경주: 선행1·선입0·추입6 → 🐌 느린 페이스
[경륜전개] 호후 3경주: 슬로우(단독 선행) · 라인 2개 · 페어 [[4, 3], [2, 5]]
[각질편성] 아오모리 1경주: 선행2·선입0·추입5 → 보통 페이스
[경륜전개] 아오모리 1경주: 보통 · 라인 2개 · 페어 [[7, 2], [1, 5]]
[placeholder 필터] 아오모리 3경주 복승 껍데기 배당 4조합 제외(값: [100])
[placeholder 필터] 아오모리 3경주 복승 껍데기 배당 4조합 제외(값: [100])
[각질편성] 아오모리 3경주: 선행2·선입0·추입5 → 보통 페이스
[각질편성] 아오모리 3경주: 선행2·선입0·추입5 → 보통 페이스
[경륜전개] 아오모리 3경주: 슬로우(단독 선행) · 라인 3개 · 페어 [[2, 5], [7, 3], [4, 1]]
[경륜전개] 아오모리 3경주: 슬로우(단독 선행) · 라인 3개 · 페어 [[2, 5], [7, 3], [4, 1]]
[placeholder 필터] 호후 3경주 복승 껍데기 배당 3조합 제외(값: [100])
[각질편성] 호후 3경주: 선행1·선입0·추입6 → 🐌 느린 페이스
[경륜전개] 호후 3경주: 슬로우(단독 선행) · 라인 2개 · 페어 [[4, 3], [2, 5]]
[결과기록] 캐시 갱신 — 재파싱 1건 / 전체 1649건
[각질편성] 호후 1경주: 선행3·선입0·추입3 → ⚡ 빠른 페이스
[경륜전개] 호후 1경주: 하이(주도권 경합) · 라인 3개 · 페어 [[5, 3], [1, 4]]
[잔존마 필터] 아오모리 2경주: 전적 7두 → 배당 출전마 6두 (배당 없는 마번 제외: [7])
[각질편성] 아오모리 2경주: 선행3·선입0·추입3 → ⚡ 빠른 페이스
[경륜전개] 아오모리 2경주: 하이(주도권 경합) · 라인 3개 · 페어 [[2, 3], [4, 1], [5, 6]]
[각질편성] 호후 2경주: 선행2·선입0·추입5 → 보통 페이스
[경륜전개] 호후 2경주: 보통 · 라인 3개 · 페어 [[2, 6], [1, 5], [3, 7]]
[각질편성] 아오모리 3경주: 선행2·선입0·추입5 → 보통 페이스
[경륜전개] 아오모리 3경주: 슬로우(단독 선행) · 라인 3개 · 페어 [[2, 5], [7, 3], [4, 1]]
[각질편성] 호후 3경주: 선행1·선입0·추입6 → 🐌 느린 페이스
[경륜전개] 호후 3경주: 슬로우(단독 선행) · 라인 2개 · 페어 [[4, 3], [2, 5]]
[각질편성] 아오모리 4경주: 선행2·선입0·추입5 → 보통 페이스
[경륜전개] 아오모리 4경주: 슬로우(단독 선행) · 라인 2개 · 페어 [[2, 7], [4, 1]]
[복승불일치 축교정] 아오모리 4경주: 축 [1, 4]로 교정(자금이탈 강등 [7]·🔴🔴)
[경륜 추천 모순 수정] 고배당 강제조합 1건 메인→복병 이동(25배 상한)
[다중경주] 호후 3경주: 사설(확장) 수집 활성(36초 전) → 복승은 사설 유지·서버 쌍승42/삼복승0 보완
[3종 수집] 아오모리 4경주: {'quinella': 21, 'exacta': 42, 'trio': 0, 'win': 0} (history 2)
[각질편성] 아오모리 4경주: 선행2·선입0·추입5 → 보통 페이스
[경륜전개] 아오모리 4경주: 슬로우(단독 선행) · 라인 2개 · 페어 [[2, 7], [4, 1]]
[복승불일치 축교정] 아오모리 4경주: 축 [1, 4]로 교정(자금이탈 강등 [7]·🔴🔴)
[자동분석·배경] 아오모리 4경주: 마감 551초 전 재분석(rec_history 누적·cycle)
[placeholder 필터] 호후 3경주 복승 껍데기 배당 3조합 제외(값: [100])
[각질편성] 호후 3경주: 선행1·선입0·추입6 → 🐌 느린 페이스
[경륜전개] 호후 3경주: 슬로우(단독 선행) · 라인 2개 · 페어 [[4, 3], [2, 5]]
[3종 수집] 호후 3경주: {'quinella': 21, 'exacta': 0, 'trio': 0, 'win': 0} (history 3)
[placeholder 필터] 호후 3경주 복승 껍데기 배당 3조합 제외(값: [100])
[각질편성] 호후 3경주: 선행1·선입0·추입6 → 🐌 느린 페이스
[경륜전개] 호후 3경주: 슬로우(단독 선행) · 라인 2개 · 페어 [[4, 3], [2, 5]]
[placeholder 필터] 호후 3경주 복승 껍데기 배당 3조합 제외(값: [100])
[각질편성] 호후 3경주: 선행1·선입0·추입6 → 🐌 느린 페이스
[경륜전개] 호후 3경주: 슬로우(단독 선행) · 라인 2개 · 페어 [[4, 3], [2, 5]]
[placeholder 필터] 호후 3경주 복승 껍데기 배당 3조합 제외(값: [100])
[placeholder 필터] 호후 3경주 복승 껍데기 배당 3조합 제외(값: [100])
[각질편성] 호후 3경주: 선행1·선입0·추입6 → 🐌 느린 페이스
[각질편성] 호후 3경주: 선행1·선입0·추입6 → 🐌 느린 페이스
[경륜전개] 호후 3경주: 슬로우(단독 선행) · 라인 2개 · 페어 [[4, 3], [2, 5]]
[경륜전개] 호후 3경주: 슬로우(단독 선행) · 라인 2개 · 페어 [[4, 3], [2, 5]]
[각질편성] 호후 3경주: 선행1·선입0·추입6 → 🐌 느린 페이스
[경륜전개] 호후 3경주: 슬로우(단독 선행) · 라인 2개 · 페어 [[4, 3], [2, 5]]
[placeholder 필터] 호후 3경주 복승 껍데기 배당 3조합 제외(값: [100])
[각질편성] 호후 3경주: 선행1·선입0·추입6 → 🐌 느린 페이스
[경륜전개] 호후 3경주: 슬로우(단독 선행) · 라인 2개 · 페어 [[4, 3], [2, 5]]
[3종 수집] 아오모리 4경주: {'quinella': 21, 'exacta': 42, 'trio': 0, 'win': 0} (history 3)
[다중경주] 호후 3경주: 사설(확장) 수집 활성(29초 전) → 복승은 사설 유지·서버 쌍승42/삼복승0 보완
[각질편성] 아오모리 4경주: 선행2·선입0·추입5 → 보통 페이스
[경륜전개] 아오모리 4경주: 슬로우(단독 선행) · 라인 2개 · 페어 [[2, 7], [4, 1]]
[복승불일치 축교정] 아오모리 4경주: 축 [1, 4]로 교정(자금이탈 강등 [7]·🔴🔴)
[3종 수집] 호후 3경주: {'quinella': 21, 'exacta': 0, 'trio': 0, 'win': 0} (history 4)
[placeholder 필터] 호후 3경주 복승 껍데기 배당 3조합 제외(값: [100])
[각질편성] 호후 3경주: 선행1·선입0·추입6 → 🐌 느린 페이스
[자동분석·배경] 아오모리 4경주: 마감 519초 전 재분석(rec_history 누적·cycle)
[경륜전개] 호후 3경주: 슬로우(단독 선행) · 라인 2개 · 페어 [[4, 3], [2, 5]]
[placeholder 필터] 호후 3경주 복승 껍데기 배당 3조합 제외(값: [100])
[각질편성] 호후 3경주: 선행1·선입0·추입6 → 🐌 느린 페이스
[경륜전개] 호후 3경주: 슬로우(단독 선행) · 라인 2개 · 페어 [[4, 3], [2, 5]]
[placeholder 필터] 호후 3경주 복승 껍데기 배당 3조합 제외(값: [100])
[각질편성] 호후 3경주: 선행1·선입0·추입6 → 🐌 느린 페이스
[경륜전개] 호후 3경주: 슬로우(단독 선행) · 라인 2개 · 페어 [[4, 3], [2, 5]]
[placeholder 필터] 아오모리 3경주 복승 껍데기 배당 4조합 제외(값: [100])
[각질편성] 아오모리 3경주: 선행2·선입0·추입5 → 보통 페이스
[경륜전개] 아오모리 3경주: 슬로우(단독 선행) · 라인 3개 · 페어 [[2, 5], [7, 3], [4, 1]]
[placeholder 필터] 아오모리 3경주 복승 껍데기 배당 4조합 제외(값: [100])
[각질편성] 아오모리 1경주: 선행2·선입0·추입5 → 보통 페이스
[각질편성] 아오모리 3경주: 선행2·선입0·추입5 → 보통 페이스
[경륜전개] 아오모리 1경주: 보통 · 라인 2개 · 페어 [[7, 2], [1, 5]]
[경륜전개] 아오모리 3경주: 슬로우(단독 선행) · 라인 3개 · 페어 [[2, 5], [7, 3], [4, 1]]
[placeholder 필터] 호후 3경주 복승 껍데기 배당 3조합 제외(값: [100])
[placeholder 필터] 호후 3경주 복승 껍데기 배당 3조합 제외(값: [100])
[각질편성] 호후 3경주: 선행1·선입0·추입6 → 🐌 느린 페이스
[각질편성] 호후 3경주: 선행1·선입0·추입6 → 🐌 느린 페이스
[경륜전개] 호후 3경주: 슬로우(단독 선행) · 라인 2개 · 페어 [[4, 3], [2, 5]]
[경륜전개] 호후 3경주: 슬로우(단독 선행) · 라인 2개 · 페어 [[4, 3], [2, 5]]
[각질편성] 호후 3경주: 선행1·선입0·추입6 → 🐌 느린 페이스
[경륜전개] 호후 3경주: 슬로우(단독 선행) · 라인 2개 · 페어 [[4, 3], [2, 5]]
[결과기록] 캐시 갱신 — 재파싱 1건 / 전체 1649건
[각질편성] 호후 1경주: 선행3·선입0·추입3 → ⚡ 빠른 페이스
[경륜전개] 호후 1경주: 하이(주도권 경합) · 라인 3개 · 페어 [[5, 3], [1, 4]]
[잔존마 필터] 아오모리 2경주: 전적 7두 → 배당 출전마 6두 (배당 없는 마번 제외: [7])
[각질편성] 아오모리 2경주: 선행3·선입0·추입3 → ⚡ 빠른 페이스
[경륜전개] 아오모리 2경주: 하이(주도권 경합) · 라인 3개 · 페어 [[2, 3], [4, 1], [5, 6]]
[각질편성] 호후 2경주: 선행2·선입0·추입5 → 보통 페이스
[경륜전개] 호후 2경주: 보통 · 라인 3개 · 페어 [[2, 6], [1, 5], [3, 7]]
[각질편성] 아오모리 3경주: 선행2·선입0·추입5 → 보통 페이스
[경륜전개] 아오모리 3경주: 슬로우(단독 선행) · 라인 3개 · 페어 [[2, 5], [7, 3], [4, 1]]
[각질편성] 호후 3경주: 선행1·선입0·추입6 → 🐌 느린 페이스
[경륜전개] 호후 3경주: 슬로우(단독 선행) · 라인 2개 · 페어 [[4, 3], [2, 5]]
[각질편성] 아오모리 4경주: 선행2·선입0·추입5 → 보통 페이스
[경륜전개] 아오모리 4경주: 슬로우(단독 선행) · 라인 2개 · 페어 [[2, 7], [4, 1]]
[복승불일치 축교정] 아오모리 4경주: 축 [1, 4]로 교정(자금이탈 강등 [7]·🔴🔴)
[다중경주] 호후 3경주: 사설(확장) 수집 활성(31초 전) → 복승은 사설 유지·서버 쌍승42/삼복승0 보완
[3종 수집] 아오모리 4경주: {'quinella': 21, 'exacta': 42, 'trio': 0, 'win': 0} (history 4)
[각질편성] 아오모리 4경주: 선행2·선입0·추입5 → 보통 페이스
[경륜전개] 아오모리 4경주: 슬로우(단독 선행) · 라인 2개 · 페어 [[2, 7], [4, 1]]
[복승불일치 축교정] 아오모리 4경주: 축 [1, 4]로 교정(자금이탈 강등 [7]·🔴🔴)
[자동분석·배경] 아오모리 4경주: 마감 487초 전 재분석(rec_history 누적·cycle)
[placeholder 필터] 호후 3경주 복승 껍데기 배당 3조합 제외(값: [100])
[각질편성] 호후 3경주: 선행1·선입0·추입6 → 🐌 느린 페이스
[경륜전개] 호후 3경주: 슬로우(단독 선행) · 라인 2개 · 페어 [[4, 3], [2, 5]]
[활성정리] 끝난 경주 1건 제거(히스토리 보존): 아오모리 2경주
[3종 수집] 호후 3경주: {'quinella': 21, 'exacta': 0, 'trio': 0, 'win': 0} (history 5)
[placeholder 필터] 호후 3경주 복승 껍데기 배당 3조합 제외(값: [100])
[각질편성] 호후 3경주: 선행1·선입0·추입6 → 🐌 느린 페이스
[경륜전개] 호후 3경주: 슬로우(단독 선행) · 라인 2개 · 페어 [[4, 3], [2, 5]]
[placeholder 필터] 호후 3경주 복승 껍데기 배당 3조합 제외(값: [100])
[각질편성] 호후 3경주: 선행1·선입0·추입6 → 🐌 느린 페이스
[경륜전개] 호후 3경주: 슬로우(단독 선행) · 라인 2개 · 페어 [[4, 3], [2, 5]]
[placeholder 필터] 호후 3경주 복승 껍데기 배당 3조합 제외(값: [100])
[각질편성] 호후 3경주: 선행1·선입0·추입6 → 🐌 느린 페이스
[경륜전개] 호후 3경주: 슬로우(단독 선행) · 라인 2개 · 페어 [[4, 3], [2, 5]]
[각질편성] 호후 3경주: 선행1·선입0·추입6 → 🐌 느린 페이스
[경륜전개] 호후 3경주: 슬로우(단독 선행) · 라인 2개 · 페어 [[4, 3], [2, 5]]
[3종 수집] 아오모리 4경주: {'quinella': 21, 'exacta': 42, 'trio': 0, 'win': 0} (history 5)
[각질편성] 아오모리 4경주: 선행2·선입0·추입5 → 보통 페이스
[경륜전개] 아오모리 4경주: 슬로우(단독 선행) · 라인 2개 · 페어 [[2, 7], [4, 1]]
[복승불일치 축교정] 아오모리 4경주: 축 [1, 4]로 교정(자금이탈 강등 [7]·🔴🔴)
[placeholder 필터] 호후 3경주 복승 껍데기 배당 3조합 제외(값: [100])
[placeholder 필터] 호후 3경주 복승 껍데기 배당 3조합 제외(값: [100])
[각질편성] 호후 3경주: 선행1·선입0·추입6 → 🐌 느린 페이스
[각질편성] 호후 3경주: 선행1·선입0·추입6 → 🐌 느린 페이스
[경륜전개] 호후 3경주: 슬로우(단독 선행) · 라인 2개 · 페어 [[4, 3], [2, 5]]
[경륜전개] 호후 3경주: 슬로우(단독 선행) · 라인 2개 · 페어 [[4, 3], [2, 5]]
[자동분석·배경] 아오모리 4경주: 마감 455초 전 재분석(rec_history 누적·cycle)
[placeholder 필터] 호후 3경주 복승 껍데기 배당 3조합 제외(값: [100])
[각질편성] 호후 3경주: 선행1·선입0·추입6 → 🐌 느린 페이스
[경륜전개] 호후 3경주: 슬로우(단독 선행) · 라인 2개 · 페어 [[4, 3], [2, 5]]
[3종 수집] 호후 3경주: {'quinella': 21, 'exacta': 0, 'trio': 0, 'win': 0} (history 6)
[placeholder 필터] 호후 3경주 복승 껍데기 배당 3조합 제외(값: [100])
[각질편성] 호후 3경주: 선행1·선입0·추입6 → 🐌 느린 페이스
[경륜전개] 호후 3경주: 슬로우(단독 선행) · 라인 2개 · 페어 [[4, 3], [2, 5]]
[placeholder 필터] 아오모리 3경주 복승 껍데기 배당 4조합 제외(값: [100])
[각질편성] 아오모리 3경주: 선행2·선입0·추입5 → 보통 페이스
[경륜전개] 아오모리 3경주: 슬로우(단독 선행) · 라인 3개 · 페어 [[2, 5], [7, 3], [4, 1]]
[placeholder 필터] 아오모리 3경주 복승 껍데기 배당 4조합 제외(값: [100])
[각질편성] 아오모리 3경주: 선행2·선입0·추입5 → 보통 페이스
[경륜전개] 아오모리 3경주: 슬로우(단독 선행) · 라인 3개 · 페어 [[2, 5], [7, 3], [4, 1]]
[각질편성] 아오모리 1경주: 선행2·선입0·추입5 → 보통 페이스
[경륜전개] 아오모리 1경주: 보통 · 라인 2개 · 페어 [[7, 2], [1, 5]]
[placeholder 필터] 호후 3경주 복승 껍데기 배당 3조합 제외(값: [100])
[각질편성] 호후 3경주: 선행1·선입0·추입6 → 🐌 느린 페이스
[경륜전개] 호후 3경주: 슬로우(단독 선행) · 라인 2개 · 페어 [[4, 3], [2, 5]]
[각질편성] 호후 1경주: 선행3·선입0·추입3 → ⚡ 빠른 페이스
[경륜전개] 호후 1경주: 하이(주도권 경합) · 라인 3개 · 페어 [[5, 3], [1, 4]]
[잔존마 필터] 아오모리 2경주: 전적 7두 → 배당 출전마 6두 (배당 없는 마번 제외: [7])
[각질편성] 아오모리 2경주: 선행3·선입0·추입3 → ⚡ 빠른 페이스
[경륜전개] 아오모리 2경주: 하이(주도권 경합) · 라인 3개 · 페어 [[2, 3], [4, 1], [5, 6]]
[각질편성] 호후 2경주: 선행2·선입0·추입5 → 보통 페이스
[경륜전개] 호후 2경주: 보통 · 라인 3개 · 페어 [[2, 6], [1, 5], [3, 7]]
[결과기록] 캐시 갱신 — 재파싱 1건 / 전체 1649건
[각질편성] 아오모리 3경주: 선행2·선입0·추입5 → 보통 페이스
[경륜전개] 아오모리 3경주: 슬로우(단독 선행) · 라인 3개 · 페어 [[2, 5], [7, 3], [4, 1]]
[각질편성] 호후 3경주: 선행1·선입0·추입6 → 🐌 느린 페이스
[경륜전개] 호후 3경주: 슬로우(단독 선행) · 라인 2개 · 페어 [[4, 3], [2, 5]]
[각질편성] 호후 3경주: 선행1·선입0·추입6 → 🐌 느린 페이스
[경륜전개] 호후 3경주: 슬로우(단독 선행) · 라인 2개 · 페어 [[4, 3], [2, 5]]
[각질편성] 아오모리 4경주: 선행2·선입0·추입5 → 보통 페이스
[경륜전개] 아오모리 4경주: 슬로우(단독 선행) · 라인 2개 · 페어 [[2, 7], [4, 1]]
[복승불일치 축교정] 아오모리 4경주: 축 [1, 4]로 교정(자금이탈 강등 [7]·🔴🔴)
[placeholder 필터] 호후 3경주 복승 껍데기 배당 3조합 제외(값: [100])
[placeholder 필터] 호후 3경주 복승 껍데기 배당 3조합 제외(값: [100])
[각질편성] 호후 3경주: 선행1·선입0·추입6 → 🐌 느린 페이스
[경륜전개] 호후 3경주: 슬로우(단독 선행) · 라인 2개 · 페어 [[4, 3], [2, 5]]
[각질편성] 호후 3경주: 선행1·선입0·추입6 → 🐌 느린 페이스
[경륜전개] 호후 3경주: 슬로우(단독 선행) · 라인 2개 · 페어 [[4, 3], [2, 5]]
[3종 수집] 아오모리 4경주: {'quinella': 21, 'exacta': 42, 'trio': 0, 'win': 0} (history 6)
[각질편성] 아오모리 4경주: 선행2·선입0·추입5 → 보통 페이스
[경륜전개] 아오모리 4경주: 슬로우(단독 선행) · 라인 2개 · 페어 [[2, 7], [4, 1]]
[복승불일치 축교정] 아오모리 4경주: 축 [1, 4]로 교정(자금이탈 강등 [7]·🔴🔴)
[자동분석·배경] 아오모리 4경주: 마감 422초 전 재분석(rec_history 누적·cycle)
[placeholder 필터] 호후 3경주 복승 껍데기 배당 3조합 제외(값: [100])
[각질편성] 호후 3경주: 선행1·선입0·추입6 → 🐌 느린 페이스
[경륜전개] 호후 3경주: 슬로우(단독 선행) · 라인 2개 · 페어 [[4, 3], [2, 5]]
[각질편성] 아오모리 4경주: 선행2·선입0·추입5 → 보통 페이스
[경륜전개] 아오모리 4경주: 슬로우(단독 선행) · 라인 2개 · 페어 [[2, 7], [4, 1]]
[복승불일치 축교정] 아오모리 4경주: 축 [1, 4]로 교정(자금이탈 강등 [7]·🔴🔴)
[카카오알림] 아오모리 4경주 T-7 → 큐 적재
[placeholder 필터] 호후 3경주 복승 껍데기 배당 3조합 제외(값: [100])
[각질편성] 호후 3경주: 선행1·선입0·추입6 → 🐌 느린 페이스
[경륜전개] 호후 3경주: 슬로우(단독 선행) · 라인 2개 · 페어 [[4, 3], [2, 5]]
[3종 수집] 호후 3경주: {'quinella': 21, 'exacta': 0, 'trio': 0, 'win': 0} (history 7)
[placeholder 필터] 호후 3경주 복승 껍데기 배당 3조합 제외(값: [100])
[각질편성] 호후 3경주: 선행1·선입0·추입6 → 🐌 느린 페이스
[경륜전개] 호후 3경주: 슬로우(단독 선행) · 라인 2개 · 페어 [[4, 3], [2, 5]]
[placeholder 필터] 호후 3경주 복승 껍데기 배당 3조합 제외(값: [100])
[각질편성] 호후 3경주: 선행1·선입0·추입6 → 🐌 느린 페이스
[경륜전개] 호후 3경주: 슬로우(단독 선행) · 라인 2개 · 페어 [[4, 3], [2, 5]]
[각질편성] 호후 3경주: 선행1·선입0·추입6 → 🐌 느린 페이스
[경륜전개] 호후 3경주: 슬로우(단독 선행) · 라인 2개 · 페어 [[4, 3], [2, 5]]
[placeholder 필터] 호후 3경주 복승 껍데기 배당 3조합 제외(값: [100])
[각질편성] 호후 3경주: 선행1·선입0·추입6 → 🐌 느린 페이스
[경륜전개] 호후 3경주: 슬로우(단독 선행) · 라인 2개 · 페어 [[4, 3], [2, 5]]
[3종 수집] 아오모리 4경주: {'quinella': 21, 'exacta': 42, 'trio': 0, 'win': 0} (history 7)
[각질편성] 아오모리 4경주: 선행2·선입0·추입5 → 보통 페이스
[경륜전개] 아오모리 4경주: 슬로우(단독 선행) · 라인 2개 · 페어 [[2, 7], [4, 1]]
[복승불일치 축교정] 아오모리 4경주: 축 [1, 4]로 교정(자금이탈 강등 [7]·🔴🔴)
[자동분석·배경] 아오모리 4경주: 마감 390초 전 재분석(rec_history 누적·cycle)
[placeholder 필터] 호후 3경주 복승 껍데기 배당 3조합 제외(값: [100])
[각질편성] 호후 3경주: 선행1·선입0·추입6 → 🐌 느린 페이스
[placeholder 필터] 호후 3경주 복승 껍데기 배당 3조합 제외(값: [100])
[경륜전개] 호후 3경주: 슬로우(단독 선행) · 라인 2개 · 페어 [[4, 3], [2, 5]]
[각질편성] 호후 3경주: 선행1·선입0·추입6 → 🐌 느린 페이스
[경륜전개] 호후 3경주: 슬로우(단독 선행) · 라인 2개 · 페어 [[4, 3], [2, 5]]
[placeholder 필터] 아오모리 3경주 복승 껍데기 배당 4조합 제외(값: [100])
[각질편성] 아오모리 3경주: 선행2·선입0·추입5 → 보통 페이스
[경륜전개] 아오모리 3경주: 슬로우(단독 선행) · 라인 3개 · 페어 [[2, 5], [7, 3], [4, 1]]
[placeholder 필터] 아오모리 3경주 복승 껍데기 배당 4조합 제외(값: [100])
[각질편성] 아오모리 1경주: 선행2·선입0·추입5 → 보통 페이스
[각질편성] 아오모리 3경주: 선행2·선입0·추입5 → 보통 페이스
[경륜전개] 아오모리 1경주: 보통 · 라인 2개 · 페어 [[7, 2], [1, 5]]
[경륜전개] 아오모리 3경주: 슬로우(단독 선행) · 라인 3개 · 페어 [[2, 5], [7, 3], [4, 1]]
[placeholder 필터] 호후 3경주 복승 껍데기 배당 3조합 제외(값: [100])
[각질편성] 호후 3경주: 선행1·선입0·추입6 → 🐌 느린 페이스
[경륜전개] 호후 3경주: 슬로우(단독 선행) · 라인 2개 · 페어 [[4, 3], [2, 5]]
[각질편성] 호후 1경주: 선행3·선입0·추입3 → ⚡ 빠른 페이스
[경륜전개] 호후 1경주: 하이(주도권 경합) · 라인 3개 · 페어 [[5, 3], [1, 4]]
[잔존마 필터] 아오모리 2경주: 전적 7두 → 배당 출전마 6두 (배당 없는 마번 제외: [7])
[각질편성] 아오모리 2경주: 선행3·선입0·추입3 → ⚡ 빠른 페이스
[경륜전개] 아오모리 2경주: 하이(주도권 경합) · 라인 3개 · 페어 [[2, 3], [4, 1], [5, 6]]
[각질편성] 호후 2경주: 선행2·선입0·추입5 → 보통 페이스
[경륜전개] 호후 2경주: 보통 · 라인 3개 · 페어 [[2, 6], [1, 5], [3, 7]]
[결과기록] 캐시 갱신 — 재파싱 1건 / 전체 1649건
[각질편성] 아오모리 3경주: 선행2·선입0·추입5 → 보통 페이스
[경륜전개] 아오모리 3경주: 슬로우(단독 선행) · 라인 3개 · 페어 [[2, 5], [7, 3], [4, 1]]
[각질편성] 호후 3경주: 선행1·선입0·추입6 → 🐌 느린 페이스
[경륜전개] 호후 3경주: 슬로우(단독 선행) · 라인 2개 · 페어 [[4, 3], [2, 5]]
[각질편성] 아오모리 4경주: 선행2·선입0·추입5 → 보통 페이스
[경륜전개] 아오모리 4경주: 슬로우(단독 선행) · 라인 2개 · 페어 [[2, 7], [4, 1]]
[복승불일치 축교정] 아오모리 4경주: 축 [1, 4]로 교정(자금이탈 강등 [7]·🔴🔴)
[각질편성] 호후 3경주: 선행1·선입0·추입6 → 🐌 느린 페이스
[경륜전개] 호후 3경주: 슬로우(단독 선행) · 라인 2개 · 페어 [[4, 3], [2, 5]]
[3종 수집] 호후 3경주: {'quinella': 21, 'exacta': 0, 'trio': 0, 'win': 0} (history 8)
[placeholder 필터] 호후 3경주 복승 껍데기 배당 3조합 제외(값: [100])
[각질편성] 호후 3경주: 선행1·선입0·추입6 → 🐌 느린 페이스
[경륜전개] 호후 3경주: 슬로우(단독 선행) · 라인 2개 · 페어 [[4, 3], [2, 5]]
[각질편성] 아오모리 4경주: 선행2·선입0·추입5 → 보통 페이스
[경륜전개] 아오모리 4경주: 슬로우(단독 선행) · 라인 2개 · 페어 [[2, 7], [4, 1]]
[복승불일치 축교정] 아오모리 4경주: 축 [1, 4]로 교정(자금이탈 강등 [7]·🔴🔴)
[각질편성] 아오모리 4경주: 선행2·선입0·추입5 → 보통 페이스
[경륜전개] 아오모리 4경주: 슬로우(단독 선행) · 라인 2개 · 페어 [[2, 7], [4, 1]]
[복승불일치 축교정] 아오모리 4경주: 축 [1, 4]로 교정(자금이탈 강등 [7]·🔴🔴)
[스냅샷] 저장: 2026_08_01_아오모리_4경주_T-10.png (726 KB · T-10)
[3종 수집] 아오모리 4경주: {'quinella': 21, 'exacta': 42, 'trio': 0, 'win': 0} (history 8)
[각질편성] 아오모리 4경주: 선행2·선입0·추입5 → 보통 페이스
[경륜전개] 아오모리 4경주: 슬로우(단독 선행) · 라인 2개 · 페어 [[2, 7], [4, 1]]
[복승불일치 축교정] 아오모리 4경주: 축 [1, 4]로 교정(자금이탈 강등 [7]·🔴🔴)
[각질편성] 아오모리 4경주: 선행2·선입0·추입5 → 보통 페이스
[경륜전개] 아오모리 4경주: 슬로우(단독 선행) · 라인 2개 · 페어 [[2, 7], [4, 1]]
[복승불일치 축교정] 아오모리 4경주: 축 [1, 4]로 교정(자금이탈 강등 [7]·🔴🔴)
[각질편성] 호후 3경주: 선행1·선입0·추입6 → 🐌 느린 페이스
[경륜전개] 호후 3경주: 슬로우(단독 선행) · 라인 2개 · 페어 [[4, 3], [2, 5]]
[각질편성] 아오모리 4경주: 선행2·선입0·추입5 → 보통 페이스
[경륜전개] 아오모리 4경주: 슬로우(단독 선행) · 라인 2개 · 페어 [[2, 7], [4, 1]]
[복승불일치 축교정] 아오모리 4경주: 축 [1, 4]로 교정(자금이탈 강등 [7]·🔴🔴)
[3종 수집] 아오모리 4경주: {'quinella': 21, 'exacta': 42, 'trio': 0, 'win': 0} (history 9)
[각질편성] 아오모리 4경주: 선행2·선입0·추입5 → 보통 페이스
[경륜전개] 아오모리 4경주: 슬로우(단독 선행) · 라인 2개 · 페어 [[2, 7], [4, 1]]
[복승불일치 축교정] 아오모리 4경주: 축 [1, 4]로 교정(자금이탈 강등 [7]·🔴🔴)
[카카오알림] 아오모리 4경주 T-5 → 큐 적재
[각질편성] 아오모리 4경주: 선행2·선입0·추입5 → 보통 페이스
[경륜전개] 아오모리 4경주: 슬로우(단독 선행) · 라인 2개 · 페어 [[2, 7], [4, 1]]
[각질편성] 아오모리 4경주: 선행2·선입0·추입5 → 보통 페이스
[경륜전개] 아오모리 4경주: 슬로우(단독 선행) · 라인 2개 · 페어 [[2, 7], [4, 1]]
[복승불일치 축교정] 아오모리 4경주: 축 [1, 4]로 교정(자금이탈 강등 [7]·🔴🔴)
[복승불일치 축교정] 아오모리 4경주: 축 [1, 4]로 교정(자금이탈 강등 [7]·🔴🔴)
[placeholder 필터] 아오모리 3경주 복승 껍데기 배당 4조합 제외(값: [100])
[placeholder 필터] 아오모리 3경주 복승 껍데기 배당 4조합 제외(값: [100])
[각질편성] 아오모리 1경주: 선행2·선입0·추입5 → 보통 페이스
[각질편성] 아오모리 3경주: 선행2·선입0·추입5 → 보통 페이스
[경륜전개] 아오모리 3경주: 슬로우(단독 선행) · 라인 3개 · 페어 [[2, 5], [7, 3], [4, 1]]
[경륜전개] 아오모리 1경주: 보통 · 라인 2개 · 페어 [[7, 2], [1, 5]]
[placeholder 필터] 호후 3경주 복승 껍데기 배당 3조합 제외(값: [100])
[각질편성] 아오모리 3경주: 선행2·선입0·추입5 → 보통 페이스
[경륜전개] 아오모리 3경주: 슬로우(단독 선행) · 라인 3개 · 페어 [[2, 5], [7, 3], [4, 1]]
[각질편성] 호후 3경주: 선행1·선입0·추입6 → 🐌 느린 페이스
[경륜전개] 호후 3경주: 슬로우(단독 선행) · 라인 2개 · 페어 [[4, 3], [2, 5]]
[각질편성] 아오모리 4경주: 선행2·선입0·추입5 → 보통 페이스
[경륜전개] 아오모리 4경주: 슬로우(단독 선행) · 라인 2개 · 페어 [[2, 7], [4, 1]]
[복승불일치 축교정] 아오모리 4경주: 축 [1, 4]로 교정(자금이탈 강등 [7]·🔴🔴)
[각질편성] 호후 1경주: 선행3·선입0·추입3 → ⚡ 빠른 페이스
[경륜전개] 호후 1경주: 하이(주도권 경합) · 라인 3개 · 페어 [[5, 3], [1, 4]]
[KRA] 30초 자동수집 데몬 시작(watch 등록 경주만 대상)
[잔존마 필터] 아오모리 2경주: 전적 7두 → 배당 출전마 6두 (배당 없는 마번 제외: [7])
[각질편성] 아오모리 2경주: 선행3·선입0·추입3 → ⚡ 빠른 페이스
[경륜전개] 아오모리 2경주: 하이(주도권 경합) · 라인 3개 · 페어 [[2, 3], [4, 1], [5, 6]]
[결과기록] 캐시 갱신 — 재파싱 1건 / 전체 1649건
[각질편성] 호후 2경주: 선행2·선입0·추입5 → 보통 페이스
[경륜전개] 호후 2경주: 보통 · 라인 3개 · 페어 [[2, 6], [1, 5], [3, 7]]
[각질편성] 아오모리 3경주: 선행2·선입0·추입5 → 보통 페이스
[경륜전개] 아오모리 3경주: 슬로우(단독 선행) · 라인 3개 · 페어 [[2, 5], [7, 3], [4, 1]]
[각질편성] 호후 3경주: 선행1·선입0·추입6 → 🐌 느린 페이스
[경륜전개] 호후 3경주: 슬로우(단독 선행) · 라인 2개 · 페어 [[4, 3], [2, 5]]
[각질편성] 아오모리 4경주: 선행2·선입0·추입5 → 보통 페이스
[경륜전개] 아오모리 4경주: 슬로우(단독 선행) · 라인 2개 · 페어 [[2, 7], [4, 1]]
[복승불일치 축교정] 아오모리 4경주: 축 [1, 4]로 교정(자금이탈 강등 [7]·🔴🔴)
[각질편성] 호후 3경주: 선행1·선입0·추입6 → 🐌 느린 페이스
[경륜전개] 호후 3경주: 슬로우(단독 선행) · 라인 2개 · 페어 [[4, 3], [2, 5]]
[각질편성] 아오모리 4경주: 선행2·선입0·추입5 → 보통 페이스
[경륜전개] 아오모리 4경주: 슬로우(단독 선행) · 라인 2개 · 페어 [[2, 7], [4, 1]]
[복승불일치 축교정] 아오모리 4경주: 축 [1, 4]로 교정(자금이탈 강등 [7]·🔴🔴)
[다중경주] 하트비트 #21 · 스케줄 ymd=20260801 (-1초 전 갱신 · 트랙 12개)
[각질편성] 아오모리 4경주: 선행2·선입0·추입5 → 보통 페이스
[경륜전개] 아오모리 4경주: 슬로우(단독 선행) · 라인 2개 · 페어 [[2, 7], [4, 1]]
[복승불일치 축교정] 아오모리 4경주: 축 [1, 4]로 교정(자금이탈 강등 [7]·🔴🔴)
[3종 수집] 아오모리 4경주: {'quinella': 21, 'exacta': 42, 'trio': 0, 'win': 0} (history 10)
[각질편성] 아오모리 4경주: 선행2·선입0·추입5 → 보통 페이스
[경륜전개] 아오모리 4경주: 슬로우(단독 선행) · 라인 2개 · 페어 [[2, 7], [4, 1]]
[복승불일치 축교정] 아오모리 4경주: 축 [1, 4]로 교정(자금이탈 강등 [7]·🔴🔴)
[자동예상] 아오모리 4경주 최종예상 저장(2026_08_01_아오모리_4경주.json)
[각질편성] 아오모리 4경주: 선행2·선입0·추입5 → 보통 페이스
[각질편성] 아오모리 4경주: 선행2·선입0·추입5 → 보통 페이스
[경륜전개] 아오모리 4경주: 슬로우(단독 선행) · 라인 2개 · 페어 [[2, 7], [4, 1]]
[경륜전개] 아오모리 4경주: 슬로우(단독 선행) · 라인 2개 · 페어 [[2, 7], [4, 1]]
[복승불일치 축교정] 아오모리 4경주: 축 [1, 4]로 교정(자금이탈 강등 [7]·🔴🔴)
[복승불일치 축교정] 아오모리 4경주: 축 [1, 4]로 교정(자금이탈 강등 [7]·🔴🔴)
[각질편성] 호후 3경주: 선행1·선입0·추입6 → 🐌 느린 페이스
[경륜전개] 호후 3경주: 슬로우(단독 선행) · 라인 2개 · 페어 [[4, 3], [2, 5]]
[각질편성] 아오모리 4경주: 선행2·선입0·추입5 → 보통 페이스
[경륜전개] 아오모리 4경주: 슬로우(단독 선행) · 라인 2개 · 페어 [[2, 7], [4, 1]]
[복승불일치 축교정] 아오모리 4경주: 축 [1, 4]로 교정(자금이탈 강등 [7]·🔴🔴)
[각질편성] 아오모리 4경주: 선행2·선입0·추입5 → 보통 페이스
[경륜전개] 아오모리 4경주: 슬로우(단독 선행) · 라인 2개 · 페어 [[2, 7], [4, 1]]
[복승불일치 축교정] 아오모리 4경주: 축 [1, 4]로 교정(자금이탈 강등 [7]·🔴🔴)
[3종 수집] 아오모리 4경주: {'quinella': 21, 'exacta': 42, 'trio': 0, 'win': 0} (history 11)
[카톡 변경알림·즉시] 아오모리 4경주 (남은 262s): 복승 추가: 2+7 / 삼복승 제외: 1+3+4 · 1+4+5
[placeholder 필터] 아오모리 3경주 복승 껍데기 배당 4조합 제외(값: [100])
[placeholder 필터] 아오모리 3경주 복승 껍데기 배당 4조합 제외(값: [100])
[각질편성] 아오모리 3경주: 선행2·선입0·추입5 → 보통 페이스
[경륜전개] 아오모리 3경주: 슬로우(단독 선행) · 라인 3개 · 페어 [[2, 5], [7, 3], [4, 1]]
[각질편성] 아오모리 3경주: 선행2·선입0·추입5 → 보통 페이스
[경륜전개] 아오모리 3경주: 슬로우(단독 선행) · 라인 3개 · 페어 [[2, 5], [7, 3], [4, 1]]
[각질편성] 아오모리 1경주: 선행2·선입0·추입5 → 보통 페이스
[경륜전개] 아오모리 1경주: 보통 · 라인 2개 · 페어 [[7, 2], [1, 5]]
[각질편성] 아오모리 4경주: 선행2·선입0·추입5 → 보통 페이스
[각질편성] 아오모리 4경주: 선행2·선입0·추입5 → 보통 페이스
[경륜전개] 아오모리 4경주: 슬로우(단독 선행) · 라인 2개 · 페어 [[2, 7], [4, 1]]
[경륜전개] 아오모리 4경주: 슬로우(단독 선행) · 라인 2개 · 페어 [[2, 7], [4, 1]]
[복승불일치 축교정] 아오모리 4경주: 축 [1, 4]로 교정(자금이탈 강등 [7]·🔴🔴)
[복승불일치 축교정] 아오모리 4경주: 축 [1, 4]로 교정(자금이탈 강등 [7]·🔴🔴)
[각질편성] 호후 1경주: 선행3·선입0·추입3 → ⚡ 빠른 페이스
[경륜전개] 호후 1경주: 하이(주도권 경합) · 라인 3개 · 페어 [[5, 3], [1, 4]]
[분석로그] 저장 실패: [WinError 32] 다른 프로세스가 파일을 사용 중이기 때문에 프로세스가 액세스 할 수 없습니다: 'C:\\Users\\Administrator\\Desktop\\경마분석서버\\data\\analysis_log\\2026_08_01_아오모리_4경주.json.tmp' -> 'C:\\Users\\Administrator\\Desktop\\경마분석서버\\data\\analysis_log\\2026_08_01_아오모리_4경주.json'
[잔존마 필터] 아오모리 2경주: 전적 7두 → 배당 출전마 6두 (배당 없는 마번 제외: [7])
[각질편성] 아오모리 2경주: 선행3·선입0·추입3 → ⚡ 빠른 페이스
[경륜전개] 아오모리 2경주: 하이(주도권 경합) · 라인 3개 · 페어 [[2, 3], [4, 1], [5, 6]]
[결과기록] 캐시 갱신 — 재파싱 1건 / 전체 1649건
[각질편성] 호후 2경주: 선행2·선입0·추입5 → 보통 페이스
[경륜전개] 호후 2경주: 보통 · 라인 3개 · 페어 [[2, 6], [1, 5], [3, 7]]
[각질편성] 아오모리 3경주: 선행2·선입0·추입5 → 보통 페이스
[경륜전개] 아오모리 3경주: 슬로우(단독 선행) · 라인 3개 · 페어 [[2, 5], [7, 3], [4, 1]]
[각질편성] 호후 3경주: 선행1·선입0·추입6 → 🐌 느린 페이스
[경륜전개] 호후 3경주: 슬로우(단독 선행) · 라인 2개 · 페어 [[4, 3], [2, 5]]
[각질편성] 아오모리 4경주: 선행2·선입0·추입5 → 보통 페이스
[경륜전개] 아오모리 4경주: 슬로우(단독 선행) · 라인 2개 · 페어 [[2, 7], [4, 1]]
[복승불일치 축교정] 아오모리 4경주: 축 [1, 4]로 교정(자금이탈 강등 [7]·🔴🔴)
[경륜 B라인v2] 같은 에러 100회 반복됨(무시·보류 항목): name 'key_horses' is not defined
[각질편성] 호후 3경주: 선행1·선입0·추입6 → 🐌 느린 페이스
[경륜전개] 호후 3경주: 슬로우(단독 선행) · 라인 2개 · 페어 [[4, 3], [2, 5]]
[각질편성] 아오모리 4경주: 선행2·선입0·추입5 → 보통 페이스
[경륜전개] 아오모리 4경주: 슬로우(단독 선행) · 라인 2개 · 페어 [[2, 7], [4, 1]]
[복승불일치 축교정] 아오모리 4경주: 축 [1, 4]로 교정(자금이탈 강등 [7]·🔴🔴)
[각질편성] 아오모리 4경주: 선행2·선입0·추입5 → 보통 페이스
[경륜전개] 아오모리 4경주: 슬로우(단독 선행) · 라인 2개 · 페어 [[2, 7], [4, 1]]
[복승불일치 축교정] 아오모리 4경주: 축 [1, 4]로 교정(자금이탈 강등 [7]·🔴🔴)
[3종 수집] 아오모리 4경주: {'quinella': 21, 'exacta': 42, 'trio': 0, 'win': 0} (history 12)
[각질편성] 아오모리 4경주: 선행2·선입0·추입5 → 보통 페이스
[각질편성] 아오모리 4경주: 선행2·선입0·추입5 → 보통 페이스
[경륜전개] 아오모리 4경주: 슬로우(단독 선행) · 라인 2개 · 페어 [[2, 7], [4, 1]]
[경륜전개] 아오모리 4경주: 슬로우(단독 선행) · 라인 2개 · 페어 [[2, 7], [4, 1]]
[복승불일치 축교정] 아오모리 4경주: 축 [1, 4]로 교정(자금이탈 강등 [7]·🔴🔴)
[복승불일치 축교정] 아오모리 4경주: 축 [1, 4]로 교정(자금이탈 강등 [7]·🔴🔴)
[분석로그] 저장 실패: [WinError 32] 다른 프로세스가 파일을 사용 중이기 때문에 프로세스가 액세스 할 수 없습니다: 'C:\\Users\\Administrator\\Desktop\\경마분석서버\\data\\analysis_log\\2026_08_01_아오모리_4경주.json.tmp' -> 'C:\\Users\\Administrator\\Desktop\\경마분석서버\\data\\analysis_log\\2026_08_01_아오모리_4경주.json'
[각질편성] 호후 3경주: 선행1·선입0·추입6 → 🐌 느린 페이스
[경륜전개] 호후 3경주: 슬로우(단독 선행) · 라인 2개 · 페어 [[4, 3], [2, 5]]
[각질편성] 아오모리 4경주: 선행2·선입0·추입5 → 보통 페이스
[경륜전개] 아오모리 4경주: 슬로우(단독 선행) · 라인 2개 · 페어 [[2, 7], [4, 1]]
[복승불일치 축교정] 아오모리 4경주: 축 [1, 4]로 교정(자금이탈 강등 [7]·🔴🔴)
[각질편성] 아오모리 4경주: 선행2·선입0·추입5 → 보통 페이스
[경륜전개] 아오모리 4경주: 슬로우(단독 선행) · 라인 2개 · 페어 [[2, 7], [4, 1]]
[복승불일치 축교정] 아오모리 4경주: 축 [1, 4]로 교정(자금이탈 강등 [7]·🔴🔴)
[3종 수집] 아오모리 4경주: {'quinella': 21, 'exacta': 42, 'trio': 0, 'win': 0} (history 12)
[카톡 변경알림·즉시] 아오모리 4경주 (남은 198s): 복승 제외: 2+7
[placeholder 필터] 아오모리 3경주 복승 껍데기 배당 4조합 제외(값: [100])
[placeholder 필터] 아오모리 3경주 복승 껍데기 배당 4조합 제외(값: [100])
[각질편성] 아오모리 3경주: 선행2·선입0·추입5 → 보통 페이스
[경륜전개] 아오모리 3경주: 슬로우(단독 선행) · 라인 3개 · 페어 [[2, 5], [7, 3], [4, 1]]
[각질편성] 아오모리 3경주: 선행2·선입0·추입5 → 보통 페이스
[경륜전개] 아오모리 3경주: 슬로우(단독 선행) · 라인 3개 · 페어 [[2, 5], [7, 3], [4, 1]]
[각질편성] 아오모리 1경주: 선행2·선입0·추입5 → 보통 페이스
[경륜전개] 아오모리 1경주: 보통 · 라인 2개 · 페어 [[7, 2], [1, 5]]
[각질편성] 아오모리 4경주: 선행2·선입0·추입5 → 보통 페이스
[경륜전개] 아오모리 4경주: 슬로우(단독 선행) · 라인 2개 · 페어 [[2, 7], [4, 1]]
[복승불일치 축교정] 아오모리 4경주: 축 [1, 4]로 교정(자금이탈 강등 [7]·🔴🔴)
[각질편성] 호후 1경주: 선행3·선입0·추입3 → ⚡ 빠른 페이스
[경륜전개] 호후 1경주: 하이(주도권 경합) · 라인 3개 · 페어 [[5, 3], [1, 4]]
[잔존마 필터] 아오모리 2경주: 전적 7두 → 배당 출전마 6두 (배당 없는 마번 제외: [7])
[각질편성] 아오모리 2경주: 선행3·선입0·추입3 → ⚡ 빠른 페이스
[경륜전개] 아오모리 2경주: 하이(주도권 경합) · 라인 3개 · 페어 [[2, 3], [4, 1], [5, 6]]
[각질편성] 호후 2경주: 선행2·선입0·추입5 → 보통 페이스
[경륜전개] 호후 2경주: 보통 · 라인 3개 · 페어 [[2, 6], [1, 5], [3, 7]]
[각질편성] 아오모리 3경주: 선행2·선입0·추입5 → 보통 페이스
[경륜전개] 아오모리 3경주: 슬로우(단독 선행) · 라인 3개 · 페어 [[2, 5], [7, 3], [4, 1]]
[결과기록] 캐시 갱신 — 재파싱 1건 / 전체 1649건
[각질편성] 호후 3경주: 선행1·선입0·추입6 → 🐌 느린 페이스
[경륜전개] 호후 3경주: 슬로우(단독 선행) · 라인 2개 · 페어 [[4, 3], [2, 5]]
[각질편성] 아오모리 4경주: 선행2·선입0·추입5 → 보통 페이스
[경륜전개] 아오모리 4경주: 슬로우(단독 선행) · 라인 2개 · 페어 [[2, 7], [4, 1]]
[복승불일치 축교정] 아오모리 4경주: 축 [1, 4]로 교정(자금이탈 강등 [7]·🔴🔴)
[각질편성] 아오모리 4경주: 선행2·선입0·추입5 → 보통 페이스
[경륜전개] 아오모리 4경주: 슬로우(단독 선행) · 라인 2개 · 페어 [[2, 7], [4, 1]]
[복승불일치 축교정] 아오모리 4경주: 축 [1, 4]로 교정(자금이탈 강등 [7]·🔴🔴)
[각질편성] 아오모리 4경주: 선행2·선입0·추입5 → 보통 페이스
[경륜전개] 아오모리 4경주: 슬로우(단독 선행) · 라인 2개 · 페어 [[2, 7], [4, 1]]
[복승불일치 축교정] 아오모리 4경주: 축 [1, 4]로 교정(자금이탈 강등 [7]·🔴🔴)
[각질편성] 호후 3경주: 선행1·선입0·추입6 → 🐌 느린 페이스
[경륜전개] 호후 3경주: 슬로우(단독 선행) · 라인 2개 · 페어 [[4, 3], [2, 5]]
[각질편성] 아오모리 4경주: 선행2·선입0·추입5 → 보통 페이스
[경륜전개] 아오모리 4경주: 슬로우(단독 선행) · 라인 2개 · 페어 [[2, 7], [4, 1]]
[복승불일치 축교정] 아오모리 4경주: 축 [1, 4]로 교정(자금이탈 강등 [7]·🔴🔴)
[T-2분 왕축 동결] 아오모리 4경주: [1, 4] → [1, 4] 유지(cur_mb=2)
[3종 수집] 아오모리 4경주: {'quinella': 21, 'exacta': 42, 'trio': 0, 'win': 0} (history 12)
[각질편성] 아오모리 4경주: 선행2·선입0·추입5 → 보통 페이스
[경륜전개] 아오모리 4경주: 슬로우(단독 선행) · 라인 2개 · 페어 [[2, 7], [4, 1]]
[복승불일치 축교정] 아오모리 4경주: 축 [1, 4]로 교정(자금이탈 강등 [7]·🔴🔴)
[T-2분 왕축 동결] 아오모리 4경주: [1, 4] → [1, 4] 유지(cur_mb=2)
[각질편성] 아오모리 4경주: 선행2·선입0·추입5 → 보통 페이스
[경륜전개] 아오모리 4경주: 슬로우(단독 선행) · 라인 2개 · 페어 [[2, 7], [4, 1]]
[각질편성] 아오모리 4경주: 선행2·선입0·추입5 → 보통 페이스
[복승불일치 축교정] 아오모리 4경주: 축 [1, 4]로 교정(자금이탈 강등 [7]·🔴🔴)
[경륜전개] 아오모리 4경주: 슬로우(단독 선행) · 라인 2개 · 페어 [[2, 7], [4, 1]]
[복승불일치 축교정] 아오모리 4경주: 축 [1, 4]로 교정(자금이탈 강등 [7]·🔴🔴)
[T-2분 왕축 동결] 아오모리 4경주: [1, 4] → [1, 4] 유지(cur_mb=2)
[T-2분 왕축 동결] 아오모리 4경주: [1, 4] → [1, 4] 유지(cur_mb=2)
[각질편성] 호후 3경주: 선행1·선입0·추입6 → 🐌 느린 페이스
[경륜전개] 호후 3경주: 슬로우(단독 선행) · 라인 2개 · 페어 [[4, 3], [2, 5]]
[스냅샷] 저장: 2026_08_01_아오모리_4경주_T-2.png (718 KB · T-2)
[각질편성] 아오모리 4경주: 선행2·선입0·추입5 → 보통 페이스
[경륜전개] 아오모리 4경주: 슬로우(단독 선행) · 라인 2개 · 페어 [[2, 7], [4, 1]]
[복승불일치 축교정] 아오모리 4경주: 축 [1, 4]로 교정(자금이탈 강등 [7]·🔴🔴)
[T-2분 왕축 동결] 아오모리 4경주: [1, 4] → [1, 4] 유지(cur_mb=2)
[placeholder 필터] 아오모리 3경주 복승 껍데기 배당 4조합 제외(값: [100])
[각질편성] 아오모리 3경주: 선행2·선입0·추입5 → 보통 페이스
[경륜전개] 아오모리 3경주: 슬로우(단독 선행) · 라인 3개 · 페어 [[2, 5], [7, 3], [4, 1]]
[placeholder 필터] 아오모리 3경주 복승 껍데기 배당 4조합 제외(값: [100])
[각질편성] 아오모리 1경주: 선행2·선입0·추입5 → 보통 페이스
[경륜전개] 아오모리 1경주: 보통 · 라인 2개 · 페어 [[7, 2], [1, 5]]
[각질편성] 아오모리 3경주: 선행2·선입0·추입5 → 보통 페이스
[경륜전개] 아오모리 3경주: 슬로우(단독 선행) · 라인 3개 · 페어 [[2, 5], [7, 3], [4, 1]]
[각질편성] 아오모리 4경주: 선행2·선입0·추입5 → 보통 페이스
[경륜전개] 아오모리 4경주: 슬로우(단독 선행) · 라인 2개 · 페어 [[2, 7], [4, 1]]
[복승불일치 축교정] 아오모리 4경주: 축 [1, 4]로 교정(자금이탈 강등 [7]·🔴🔴)
[다중경주] 저장소 손상 → 자동 초기화: [Errno 13] Permission denied: 'C:\\Users\\Administrator\\Desktop\\경마분석서버\\data\\multi_race_store.json'
[3종 수집] 아오모리 4경주: {'quinella': 21, 'exacta': 42, 'trio': 0, 'win': 0} (history 12)
[각질편성] 호후 1경주: 선행3·선입0·추입3 → ⚡ 빠른 페이스
[T-2분 왕축 동결] 아오모리 4경주: [1, 4] → [1, 4] 유지(cur_mb=2)
[경륜전개] 호후 1경주: 하이(주도권 경합) · 라인 3개 · 페어 [[5, 3], [1, 4]]
[잔존마 필터] 아오모리 2경주: 전적 7두 → 배당 출전마 6두 (배당 없는 마번 제외: [7])
[각질편성] 아오모리 2경주: 선행3·선입0·추입3 → ⚡ 빠른 페이스
[경륜전개] 아오모리 2경주: 하이(주도권 경합) · 라인 3개 · 페어 [[2, 3], [4, 1], [5, 6]]
[각질편성] 호후 2경주: 선행2·선입0·추입5 → 보통 페이스
[경륜전개] 호후 2경주: 보통 · 라인 3개 · 페어 [[2, 6], [1, 5], [3, 7]]
[각질편성] 아오모리 3경주: 선행2·선입0·추입5 → 보통 페이스
[경륜전개] 아오모리 3경주: 슬로우(단독 선행) · 라인 3개 · 페어 [[2, 5], [7, 3], [4, 1]]
[결과기록] 캐시 갱신 — 재파싱 1건 / 전체 1649건
[각질편성] 호후 3경주: 선행1·선입0·추입6 → 🐌 느린 페이스
[경륜전개] 호후 3경주: 슬로우(단독 선행) · 라인 2개 · 페어 [[4, 3], [2, 5]]
[각질편성] 아오모리 4경주: 선행2·선입0·추입5 → 보통 페이스
[경륜전개] 아오모리 4경주: 슬로우(단독 선행) · 라인 2개 · 페어 [[2, 7], [4, 1]]
[복승불일치 축교정] 아오모리 4경주: 축 [1, 4]로 교정(자금이탈 강등 [7]·🔴🔴)
[T-2분 왕축 동결] 아오모리 4경주: [1, 4] → [1, 4] 유지(cur_mb=2)
[placeholder 필터] 아오모리 3경주 복승 껍데기 배당 4조합 제외(값: [100])
[각질편성] 아오모리 3경주: 선행2·선입0·추입5 → 보통 페이스
[경륜전개] 아오모리 3경주: 슬로우(단독 선행) · 라인 3개 · 페어 [[2, 5], [7, 3], [4, 1]]
[각질편성] 아오모리 4경주: 선행2·선입0·추입5 → 보통 페이스
[경륜전개] 아오모리 4경주: 슬로우(단독 선행) · 라인 2개 · 페어 [[2, 7], [4, 1]]
[각질편성] 아오모리 4경주: 선행2·선입0·추입5 → 보통 페이스
[경륜전개] 아오모리 4경주: 슬로우(단독 선행) · 라인 2개 · 페어 [[2, 7], [4, 1]]
[복승불일치 축교정] 아오모리 4경주: 축 [1, 4]로 교정(자금이탈 강등 [7]·🔴🔴)
[복승불일치 축교정] 아오모리 4경주: 축 [1, 4]로 교정(자금이탈 강등 [7]·🔴🔴)
[T-2분 왕축 동결] 아오모리 4경주: [1, 4] → [1, 4] 유지(cur_mb=2)
[T-2분 왕축 동결] 아오모리 4경주: [1, 4] → [1, 4] 유지(cur_mb=2)
[placeholder 필터] 아오모리 3경주 복승 껍데기 배당 4조합 제외(값: [100])
[각질편성] 아오모리 3경주: 선행2·선입0·추입5 → 보통 페이스
[경륜전개] 아오모리 3경주: 슬로우(단독 선행) · 라인 3개 · 페어 [[2, 5], [7, 3], [4, 1]]
[placeholder 필터] 호후 3경주 복승 껍데기 배당 3조합 제외(값: [100])
[각질편성] 호후 3경주: 선행1·선입0·추입6 → 🐌 느린 페이스
[경륜전개] 호후 3경주: 슬로우(단독 선행) · 라인 2개 · 페어 [[4, 3], [2, 5]]
[각질편성] 아오모리 4경주: 선행2·선입0·추입5 → 보통 페이스
[경륜전개] 아오모리 4경주: 슬로우(단독 선행) · 라인 2개 · 페어 [[2, 7], [4, 1]]
[복승불일치 축교정] 아오모리 4경주: 축 [1, 4]로 교정(자금이탈 강등 [7]·🔴🔴)
[T-2분 왕축 동결] 아오모리 4경주: [1, 4] → [1, 4] 유지(cur_mb=1)
[각질편성] 호후 2경주: 선행2·선입0·추입5 → 보통 페이스
[경륜전개] 호후 2경주: 보통 · 라인 3개 · 페어 [[2, 6], [1, 5], [3, 7]]
[placeholder 필터] 아오모리 3경주 복승 껍데기 배당 4조합 제외(값: [100])
[각질편성] 아오모리 3경주: 선행2·선입0·추입5 → 보통 페이스
[경륜전개] 아오모리 3경주: 슬로우(단독 선행) · 라인 3개 · 페어 [[2, 5], [7, 3], [4, 1]]
[placeholder 필터] 호후 3경주 복승 껍데기 배당 3조합 제외(값: [100])
[각질편성] 호후 3경주: 선행1·선입0·추입6 → 🐌 느린 페이스
[경륜전개] 호후 3경주: 슬로우(단독 선행) · 라인 2개 · 페어 [[4, 3], [2, 5]]
[placeholder 필터] 아오모리 3경주 복승 껍데기 배당 4조합 제외(값: [100])
[각질편성] 아오모리 3경주: 선행2·선입0·추입5 → 보통 페이스
[경륜전개] 아오모리 3경주: 슬로우(단독 선행) · 라인 3개 · 페어 [[2, 5], [7, 3], [4, 1]]
[각질편성] 아오모리 4경주: 선행2·선입0·추입5 → 보통 페이스
[경륜전개] 아오모리 4경주: 슬로우(단독 선행) · 라인 2개 · 페어 [[2, 7], [4, 1]]
[복승불일치 축교정] 아오모리 4경주: 축 [1, 4]로 교정(자금이탈 강등 [7]·🔴🔴)
[T-2분 왕축 동결] 아오모리 4경주: [1, 4] → [1, 4] 유지(cur_mb=1)
[각질편성] 아오모리 4경주: 선행2·선입0·추입5 → 보통 페이스
[경륜전개] 아오모리 4경주: 슬로우(단독 선행) · 라인 2개 · 페어 [[2, 7], [4, 1]]
[복승불일치 축교정] 아오모리 4경주: 축 [1, 4]로 교정(자금이탈 강등 [7]·🔴🔴)
[T-2분 왕축 동결] 아오모리 4경주: [1, 4] → [1, 4] 유지(cur_mb=1)
[placeholder 필터] 아오모리 3경주 복승 껍데기 배당 4조합 제외(값: [100])
[각질편성] 아오모리 3경주: 선행2·선입0·추입5 → 보통 페이스
[경륜전개] 아오모리 3경주: 슬로우(단독 선행) · 라인 3개 · 페어 [[2, 5], [7, 3], [4, 1]]
[3종 수집] 아오모리 4경주: {'quinella': 21, 'exacta': 42, 'trio': 0, 'win': 0} (history 12)
[각질편성] 아오모리 4경주: 선행2·선입0·추입5 → 보통 페이스
[각질편성] 아오모리 4경주: 선행2·선입0·추입5 → 보통 페이스
[경륜전개] 아오모리 4경주: 슬로우(단독 선행) · 라인 2개 · 페어 [[2, 7], [4, 1]]
[경륜전개] 아오모리 4경주: 슬로우(단독 선행) · 라인 2개 · 페어 [[2, 7], [4, 1]]
[복승불일치 축교정] 아오모리 4경주: 축 [1, 4]로 교정(자금이탈 강등 [7]·🔴🔴)
[복승불일치 축교정] 아오모리 4경주: 축 [1, 4]로 교정(자금이탈 강등 [7]·🔴🔴)
[T-2분 왕축 동결] 아오모리 4경주: [1, 4] → [1, 4] 유지(cur_mb=1)
[T-2분 왕축 동결] 아오모리 4경주: [1, 4] → [1, 4] 유지(cur_mb=1)
[placeholder 필터] 호후 3경주 복승 껍데기 배당 3조합 제외(값: [100])
[각질편성] 호후 3경주: 선행1·선입0·추입6 → 🐌 느린 페이스
[경륜전개] 호후 3경주: 슬로우(단독 선행) · 라인 2개 · 페어 [[4, 3], [2, 5]]
[각질편성] 아오모리 4경주: 선행2·선입0·추입5 → 보통 페이스
[경륜전개] 아오모리 4경주: 슬로우(단독 선행) · 라인 2개 · 페어 [[2, 7], [4, 1]]
[복승불일치 축교정] 아오모리 4경주: 축 [1, 4]로 교정(자금이탈 강등 [7]·🔴🔴)
[T-2분 왕축 동결] 아오모리 4경주: [1, 4] → [1, 4] 유지(cur_mb=1)
[placeholder 필터] 아오모리 3경주 복승 껍데기 배당 4조합 제외(값: [100])
[placeholder 필터] 아오모리 3경주 복승 껍데기 배당 4조합 제외(값: [100])
[각질편성] 아오모리 4경주: 선행2·선입0·추입5 → 보통 페이스
[경륜전개] 아오모리 4경주: 슬로우(단독 선행) · 라인 2개 · 페어 [[2, 7], [4, 1]]
[각질편성] 아오모리 3경주: 선행2·선입0·추입5 → 보통 페이스
[각질편성] 아오모리 3경주: 선행2·선입0·추입5 → 보통 페이스
[경륜전개] 아오모리 3경주: 슬로우(단독 선행) · 라인 3개 · 페어 [[2, 5], [7, 3], [4, 1]]
[복승불일치 축교정] 아오모리 4경주: 축 [1, 4]로 교정(자금이탈 강등 [7]·🔴🔴)
[경륜전개] 아오모리 3경주: 슬로우(단독 선행) · 라인 3개 · 페어 [[2, 5], [7, 3], [4, 1]]
[T-2분 왕축 동결] 아오모리 4경주: [1, 4] → [1, 4] 유지(cur_mb=1)
[경륜 추천 모순 수정] 고배당 강제조합 1건 메인→복병 이동(25배 상한)
[각질편성] 아오모리 4경주: 선행2·선입0·추입5 → 보통 페이스
[경륜전개] 아오모리 4경주: 슬로우(단독 선행) · 라인 2개 · 페어 [[2, 7], [4, 1]]
[복승불일치 축교정] 아오모리 4경주: 축 [1, 4]로 교정(자금이탈 강등 [7]·🔴🔴)
[T-2분 왕축 동결] 아오모리 4경주: [1, 4] → [1, 4] 유지(cur_mb=1)
[각질편성] 호후 2경주: 선행2·선입0·추입5 → 보통 페이스
[경륜전개] 호후 2경주: 보통 · 라인 3개 · 페어 [[2, 6], [1, 5], [3, 7]]
[placeholder 필터] 아오모리 3경주 복승 껍데기 배당 4조합 제외(값: [100])
[각질편성] 아오모리 3경주: 선행2·선입0·추입5 → 보통 페이스
[경륜전개] 아오모리 3경주: 슬로우(단독 선행) · 라인 3개 · 페어 [[2, 5], [7, 3], [4, 1]]
[placeholder 필터] 호후 3경주 복승 껍데기 배당 3조합 제외(값: [100])
[각질편성] 호후 3경주: 선행1·선입0·추입6 → 🐌 느린 페이스
[경륜전개] 호후 3경주: 슬로우(단독 선행) · 라인 2개 · 페어 [[4, 3], [2, 5]]
[3종 수집] 아오모리 4경주: {'quinella': 21, 'exacta': 42, 'trio': 0, 'win': 0} (history 12)
[각질편성] 아오모리 4경주: 선행2·선입0·추입5 → 보통 페이스
[각질편성] 아오모리 4경주: 선행2·선입0·추입5 → 보통 페이스
[경륜전개] 아오모리 4경주: 슬로우(단독 선행) · 라인 2개 · 페어 [[2, 7], [4, 1]]
[경륜전개] 아오모리 4경주: 슬로우(단독 선행) · 라인 2개 · 페어 [[2, 7], [4, 1]]
[복승불일치 축교정] 아오모리 4경주: 축 [1, 4]로 교정(자금이탈 강등 [7]·🔴🔴)
[복승불일치 축교정] 아오모리 4경주: 축 [1, 4]로 교정(자금이탈 강등 [7]·🔴🔴)
[T-2분 왕축 동결] 아오모리 4경주: [1, 4] → [1, 4] 유지(cur_mb=1)
[T-2분 왕축 동결] 아오모리 4경주: [1, 4] → [1, 4] 유지(cur_mb=1)
[분석로그] 저장 실패: [WinError 32] 다른 프로세스가 파일을 사용 중이기 때문에 프로세스가 액세스 할 수 없습니다: 'C:\\Users\\Administrator\\Desktop\\경마분석서버\\data\\analysis_log\\2026_08_01_아오모리_4경주.json.tmp' -> 'C:\\Users\\Administrator\\Desktop\\경마분석서버\\data\\analysis_log\\2026_08_01_아오모리_4경주.json'
[placeholder 필터] 호후 3경주 복승 껍데기 배당 3조합 제외(값: [100])
[각질편성] 호후 3경주: 선행1·선입0·추입6 → 🐌 느린 페이스
[경륜전개] 호후 3경주: 슬로우(단독 선행) · 라인 2개 · 페어 [[4, 3], [2, 5]]
[각질편성] 아오모리 4경주: 선행2·선입0·추입5 → 보통 페이스
[경륜전개] 아오모리 4경주: 슬로우(단독 선행) · 라인 2개 · 페어 [[2, 7], [4, 1]]
[복승불일치 축교정] 아오모리 4경주: 축 [1, 4]로 교정(자금이탈 강등 [7]·🔴🔴)
[경주전환 감지] 아오모리 4경주: 비정상 변동폭(95%+ 다수) → 기준값 재설정(이전 배당 초기화)
[3종 수집] 아오모리 4경주: {'quinella': 21, 'exacta': 0, 'trio': 0, 'win': 0} (history 1 · 기준재설정)
[각질편성] 아오모리 4경주: 선행2·선입0·추입5 → 보통 페이스
[경륜전개] 아오모리 4경주: 슬로우(단독 선행) · 라인 2개 · 페어 [[2, 7], [4, 1]]
[복승불일치 축교정] 아오모리 4경주: 축 [1, 4]로 교정(자금이탈 강등 [2]·🔴🔴)
[경륜 추천 모순 수정] 고배당 강제조합 1건 메인→복병 이동(25배 상한)
[각질편성] 아오모리 4경주: 선행2·선입0·추입5 → 보통 페이스
[경륜전개] 아오모리 4경주: 슬로우(단독 선행) · 라인 2개 · 페어 [[2, 7], [4, 1]]
[복승불일치 축교정] 아오모리 4경주: 축 [1, 4]로 교정(자금이탈 강등 [2]·🔴🔴)
[경륜 추천 모순 수정] 고배당 강제조합 1건 메인→복병 이동(25배 상한)
[다중경주] 아오모리 4경주: 사설(확장) 수집 활성(11초 전) → 복승은 사설 유지·서버 쌍승42/삼복승0 보완
[각질편성] 아오모리 4경주: 선행2·선입0·추입5 → 보통 페이스
[각질편성] 아오모리 4경주: 선행2·선입0·추입5 → 보통 페이스
[경륜전개] 아오모리 4경주: 슬로우(단독 선행) · 라인 2개 · 페어 [[2, 7], [4, 1]]
[경륜전개] 아오모리 4경주: 슬로우(단독 선행) · 라인 2개 · 페어 [[2, 7], [4, 1]]
[복승불일치 축교정] 아오모리 4경주: 축 [1, 4]로 교정(자금이탈 강등 [2]·🔴🔴)
[복승불일치 축교정] 아오모리 4경주: 축 [1, 4]로 교정(자금이탈 강등 [2]·🔴🔴)
[경륜 추천 모순 수정] 고배당 강제조합 1건 메인→복병 이동(25배 상한)
[경륜 추천 모순 수정] 고배당 강제조합 1건 메인→복병 이동(25배 상한)
[스냅샷] 저장: 2026_08_01_아오모리_4경주_마감후.png (635 KB · close)
[placeholder 필터] 호후 3경주 복승 껍데기 배당 3조합 제외(값: [100])
[각질편성] 호후 3경주: 선행1·선입0·추입6 → 🐌 느린 페이스
[경륜전개] 호후 3경주: 슬로우(단독 선행) · 라인 2개 · 페어 [[4, 3], [2, 5]]
[각질편성] 아오모리 4경주: 선행2·선입0·추입5 → 보통 페이스
[경륜전개] 아오모리 4경주: 슬로우(단독 선행) · 라인 2개 · 페어 [[2, 7], [4, 1]]
[복승불일치 축교정] 아오모리 4경주: 축 [1, 4]로 교정(자금이탈 강등 [2]·🔴🔴)
[readonly 잠금] 아오모리 4경주: 마감 확정 파일 — corePicks/시계열 보존, result/hit만 업데이트 허용
[마감 동결] 아오모리 4경주: 확정본 복원(출처 closed_row · 기준 09:29:27)
📊 [채점] 아오모리 3경주: Gemini 1/3 ↔ 시장 1/3 · 놓침 [1, 4]
📝 [복기] 아오모리 3경주: 1번과 4번은 추입형이었으나 예상보다 높은 순위로 결승선을 통과했다. 단독 선행마 2번을  → 규칙(4): 선행마가 단독인 경우, 후미 추입형들의 초반 적극적인 움직임과 순위권 진입 가능성을 고려한다.
[placeholder 필터] 아오모리 3경주 복승 껍데기 배당 4조합 제외(값: [100])
[각질편성] 아오모리 3경주: 선행2·선입0·추입5 → 보통 페이스
[경륜전개] 아오모리 3경주: 슬로우(단독 선행) · 라인 3개 · 페어 [[2, 5], [7, 3], [4, 1]]
[신호별학습] 아오모리 3경주 · 활성신호 ['역배열', '급락', '전적이중수렴'] · 유력마적중 복승=False 삼복승=False
[결과 수정] 아오모리 3경주: 기존 레코드 교체(재입력)
[복병케이스] 아오모리 3경주: 복병 5두 저장(입상 2)
[placeholder 필터] 아오모리 3경주 복승 껍데기 배당 4조합 제외(값: [100])
[각질편성] 아오모리 3경주: 선행2·선입0·추입5 → 보통 페이스
[경륜전개] 아오모리 3경주: 슬로우(단독 선행) · 라인 3개 · 페어 [[2, 5], [7, 3], [4, 1]]
[readonly 잠금] 아오모리 3경주: 마감 확정 파일 — corePicks/시계열 보존, result/hit만 업데이트 허용
[패턴발견] 결과 1512경주 스캔 → 발견 패턴 10개(기준 적중률 35.1%)
[자동학습] 아오모리 3경주 결과 [1, 7, 4] → 추천적중 False, 급락적중 False, 전적유력마 1(적중), 제거적중 False
[3종 수집] 아오모리 4경주: {'quinella': 21, 'exacta': 0, 'trio': 0, 'win': 0} (history 2)
[각질편성] 아오모리 4경주: 선행2·선입0·추입5 → 보통 페이스
[경륜전개] 아오모리 4경주: 슬로우(단독 선행) · 라인 2개 · 페어 [[2, 7], [4, 1]]
[복승불일치 축교정] 아오모리 4경주: 축 [1, 4]로 교정(자금이탈 강등 [2]·🔴🔴)
⏸ [폴링 저장 가드] 아오모리 4경주: 마감 후 readonly → 로그 저장 생략(분석·표시는 정상)
📊 [채점] 호후 2경주: Gemini 0/3 ↔ 시장 0/3 · 놓침 [5, 3, 7]
📝 [복기] 호후 2경주: 2번 선수의 단독 도주 유력 판단이 빗나갔다. 3번 선수가 적극적인 선행으로 경합을 유도했 → 규칙(4): 선행형 선수 간 라인 내 경쟁 부담이 클 경우, 단독 도주 유력으로 판단해서는 안 되며 추입형 선수의 역습 
[각질편성] 호후 2경주: 선행2·선입0·추입5 → 보통 페이스
[경륜전개] 호후 2경주: 보통 · 라인 3개 · 페어 [[2, 6], [1, 5], [3, 7]]
[신호별학습] 호후 2경주 · 활성신호 ['급락', '전적이중수렴'] · 유력마적중 복승=False 삼복승=False
[결과 수정] 호후 2경주: 기존 레코드 교체(재입력)
[복병케이스] 호후 2경주: 복병 4두 저장(입상 2)
[각질편성] 호후 2경주: 선행2·선입0·추입5 → 보통 페이스
[경륜전개] 호후 2경주: 보통 · 라인 3개 · 페어 [[2, 6], [1, 5], [3, 7]]
[readonly 잠금] 호후 2경주: 마감 확정 파일 — corePicks/시계열 보존, result/hit만 업데이트 허용
[마감 동결] 호후 2경주: 확정본 복원(출처 closed_row · 기준 08:59:30)
[placeholder 필터] 아오모리 3경주 복승 껍데기 배당 4조합 제외(값: [100])
[각질편성] 아오모리 3경주: 선행2·선입0·추입5 → 보통 페이스
[placeholder 필터] 아오모리 3경주 복승 껍데기 배당 4조합 제외(값: [100])
[경륜전개] 아오모리 3경주: 슬로우(단독 선행) · 라인 3개 · 페어 [[2, 5], [7, 3], [4, 1]]
[각질편성] 아오모리 3경주: 선행2·선입0·추입5 → 보통 페이스
[경륜전개] 아오모리 3경주: 슬로우(단독 선행) · 라인 3개 · 페어 [[2, 5], [7, 3], [4, 1]]
[각질편성] 아오모리 4경주: 선행2·선입0·추입5 → 보통 페이스
[경륜전개] 아오모리 4경주: 슬로우(단독 선행) · 라인 2개 · 페어 [[2, 7], [4, 1]]
[복승불일치 축교정] 아오모리 4경주: 축 [1, 4]로 교정(자금이탈 강등 [7]·🔴🔴)
[각질편성] 아오모리 4경주: 선행2·선입0·추입5 → 보통 페이스
[경륜전개] 아오모리 4경주: 슬로우(단독 선행) · 라인 2개 · 페어 [[2, 7], [4, 1]]
[복승불일치 축교정] 아오모리 4경주: 축 [1, 4]로 교정(자금이탈 강등 [2]·🔴🔴)
[결과기록] 캐시 갱신 — 재파싱 3건 / 전체 1649건
[각질편성] 호후 2경주: 선행2·선입0·추입5 → 보통 페이스
[경륜전개] 호후 2경주: 보통 · 라인 3개 · 페어 [[2, 6], [1, 5], [3, 7]]
[placeholder 필터] 아오모리 3경주 복승 껍데기 배당 4조합 제외(값: [100])
[각질편성] 아오모리 3경주: 선행2·선입0·추입5 → 보통 페이스
[경륜전개] 아오모리 3경주: 슬로우(단독 선행) · 라인 3개 · 페어 [[2, 5], [7, 3], [4, 1]]
[placeholder 필터] 호후 3경주 복승 껍데기 배당 3조합 제외(값: [100])
[각질편성] 호후 3경주: 선행1·선입0·추입6 → 🐌 느린 페이스
[경륜전개] 호후 3경주: 슬로우(단독 선행) · 라인 2개 · 페어 [[4, 3], [2, 5]]
[패턴발견] 결과 1513경주 스캔 → 발견 패턴 10개(기준 적중률 35.0%)
[자동학습] 호후 2경주 결과 [5, 3, 7] → 추천적중 False, 급락적중 False, 전적유력마 1(실패), 제거적중 False
[경륜 결과 백필] 2026-08-01: 시도 4 · 성공 2 · 실패 2
  ↳ 실패: 아오모리 4경주 - 결과 미게시/파싱 실패
  ↳ 실패: 호후 3경주 - 결과 미게시/파싱 실패
[다중경주] 아오모리 4경주: 사설(확장) 수집 활성(12초 전) → 복승은 사설 유지·서버 쌍승42/삼복승0 보완
[각질편성] 아오모리 4경주: 선행2·선입0·추입5 → 보통 페이스
[경륜전개] 아오모리 4경주: 슬로우(단독 선행) · 라인 2개 · 페어 [[2, 7], [4, 1]]
[각질편성] 아오모리 4경주: 선행2·선입0·추입5 → 보통 페이스
[경륜전개] 아오모리 4경주: 슬로우(단독 선행) · 라인 2개 · 페어 [[2, 7], [4, 1]]
[복승불일치 축교정] 아오모리 4경주: 축 [1, 4]로 교정(자금이탈 강등 [2]·🔴🔴)
[복승불일치 축교정] 아오모리 4경주: 축 [1, 4]로 교정(자금이탈 강등 [2]·🔴🔴)
[데이터백업] ✅ GitHub 반영: 결과 자동백업: 아오모리 3경주 1-7-4
[placeholder 필터] 호후 3경주 복승 껍데기 배당 3조합 제외(값: [100])
[각질편성] 호후 3경주: 선행1·선입0·추입6 → 🐌 느린 페이스
[경륜전개] 호후 3경주: 슬로우(단독 선행) · 라인 2개 · 페어 [[4, 3], [2, 5]]
[각질편성] 아오모리 4경주: 선행2·선입0·추입5 → 보통 페이스
[경륜전개] 아오모리 4경주: 슬로우(단독 선행) · 라인 2개 · 페어 [[2, 7], [4, 1]]
[복승불일치 축교정] 아오모리 4경주: 축 [1, 4]로 교정(자금이탈 강등 [2]·🔴🔴)
[3종 수집] 아오모리 4경주: {'quinella': 21, 'exacta': 0, 'trio': 0, 'win': 0} (history 3)
[각질편성] 아오모리 4경주: 선행2·선입0·추입5 → 보통 페이스
[경륜전개] 아오모리 4경주: 슬로우(단독 선행) · 라인 2개 · 페어 [[2, 7], [4, 1]]
[복승불일치 축교정] 아오모리 4경주: 축 [1, 4]로 교정(자금이탈 강등 [2]·🔴🔴)
[각질편성] 아오모리 4경주: 선행2·선입0·추입5 → 보통 페이스
[경륜전개] 아오모리 4경주: 슬로우(단독 선행) · 라인 2개 · 페어 [[2, 7], [4, 1]]
[복승불일치 축교정] 아오모리 4경주: 축 [1, 4]로 교정(자금이탈 강등 [2]·🔴🔴)
[다중경주] 하트비트 #31 · 스케줄 ymd=20260801 (-1초 전 갱신 · 트랙 12개)
[다중경주] 아오모리 4경주: 사설(확장) 수집 활성(13초 전) → 복승은 사설 유지·서버 쌍승42/삼복승0 보완
[각질편성] 아오모리 4경주: 선행2·선입0·추입5 → 보통 페이스
[각질편성] 아오모리 4경주: 선행2·선입0·추입5 → 보통 페이스
[경륜전개] 아오모리 4경주: 슬로우(단독 선행) · 라인 2개 · 페어 [[2, 7], [4, 1]]
[경륜전개] 아오모리 4경주: 슬로우(단독 선행) · 라인 2개 · 페어 [[2, 7], [4, 1]]
[복승불일치 축교정] 아오모리 4경주: 축 [1, 4]로 교정(자금이탈 강등 [2]·🔴🔴)
[복승불일치 축교정] 아오모리 4경주: 축 [1, 4]로 교정(자금이탈 강등 [2]·🔴🔴)
[경륜 득점갭] 호후 4경주: 1번 득점 1위 갭 5.9 → +5 가점
[경륜 전적·자동] 호후 4경주: 7두 수집(競走得点·절대등급 A/B/C/D·라인[2, 7, 5, 6, 1, 3, 4]) → 통합등급 자동 반영
[3종 수집] 호후 4경주: {'quinella': 21, 'exacta': 42, 'trio': 0, 'win': 0} (history 1)
🔮 [예측] 호후 4경주: top3=[2, 5, 1] conf=4 · 전체 7명 중 선행형이 전무하여 젖히기형인 2번과 3번의 전개에 이점이 
[placeholder 필터] 호후 4경주 쌍승 껍데기 배당 3조합 제외(값: [669.0])
[각질편성] 호후 4경주: 선행2·선입0·추입5 → 보통 페이스
[경륜전개] 호후 4경주: 보통 · 라인 2개 · 페어 [[2, 7], [3, 4]]
[단통 상한] 메인 2개 · 복병이동 2개
🔎 [결정론 검수] 호후 4경주: B라인누락
[자동분석·배경] 호후 4경주: 마감 575초 전 재분석(rec_history 누적·cycle)
[placeholder 필터] 호후 4경주 쌍승 껍데기 배당 3조합 제외(값: [669.0])
[각질편성] 호후 4경주: 선행2·선입0·추입5 → 보통 페이스
[경륜전개] 호후 4경주: 보통 · 라인 2개 · 페어 [[2, 7], [3, 4]]
[단통 상한] 메인 2개 · 복병이동 2개
[placeholder 필터] 호후 3경주 복승 껍데기 배당 3조합 제외(값: [100])
[각질편성] 호후 3경주: 선행1·선입0·추입6 → 🐌 느린 페이스
[경륜전개] 호후 3경주: 슬로우(단독 선행) · 라인 2개 · 페어 [[4, 3], [2, 5]]
[각질편성] 아오모리 4경주: 선행2·선입0·추입5 → 보통 페이스
[경륜전개] 아오모리 4경주: 슬로우(단독 선행) · 라인 2개 · 페어 [[2, 7], [4, 1]]
[복승불일치 축교정] 아오모리 4경주: 축 [1, 4]로 교정(자금이탈 강등 [2]·🔴🔴)
[3종 수집] 아오모리 4경주: {'quinella': 21, 'exacta': 0, 'trio': 0, 'win': 0} (history 4)
[각질편성] 아오모리 4경주: 선행2·선입0·추입5 → 보통 페이스
[경륜전개] 아오모리 4경주: 슬로우(단독 선행) · 라인 2개 · 페어 [[2, 7], [4, 1]]
[복승불일치 축교정] 아오모리 4경주: 축 [1, 4]로 교정(자금이탈 강등 [2]·🔴🔴)
[placeholder 필터] 아오모리 3경주 복승 껍데기 배당 4조합 제외(값: [100])
[placeholder 필터] 아오모리 3경주 복승 껍데기 배당 4조합 제외(값: [100])
[각질편성] 아오모리 3경주: 선행2·선입0·추입5 → 보통 페이스
[각질편성] 아오모리 3경주: 선행2·선입0·추입5 → 보통 페이스
[경륜전개] 아오모리 3경주: 슬로우(단독 선행) · 라인 3개 · 페어 [[2, 5], [7, 3], [4, 1]]
[각질편성] 아오모리 4경주: 선행2·선입0·추입5 → 보통 페이스
[경륜전개] 아오모리 3경주: 슬로우(단독 선행) · 라인 3개 · 페어 [[2, 5], [7, 3], [4, 1]]
[경륜전개] 아오모리 4경주: 슬로우(단독 선행) · 라인 2개 · 페어 [[2, 7], [4, 1]]
[복승불일치 축교정] 아오모리 4경주: 축 [1, 4]로 교정(자금이탈 강등 [7]·🔴🔴)
[각질편성] 아오모리 4경주: 선행2·선입0·추입5 → 보통 페이스
[경륜전개] 아오모리 4경주: 슬로우(단독 선행) · 라인 2개 · 페어 [[2, 7], [4, 1]]
[복승불일치 축교정] 아오모리 4경주: 축 [1, 4]로 교정(자금이탈 강등 [2]·🔴🔴)
[placeholder 필터] 호후 4경주 쌍승 껍데기 배당 3조합 제외(값: [669.0])
[각질편성] 호후 4경주: 선행2·선입0·추입5 → 보통 페이스
[경륜전개] 호후 4경주: 보통 · 라인 2개 · 페어 [[2, 7], [3, 4]]
[단통 상한] 메인 2개 · 복병이동 2개
[결과기록] 캐시 갱신 — 재파싱 1건 / 전체 1650건
[각질편성] 호후 2경주: 선행2·선입0·추입5 → 보통 페이스
[경륜전개] 호후 2경주: 보통 · 라인 3개 · 페어 [[2, 6], [1, 5], [3, 7]]
[placeholder 필터] 아오모리 3경주 복승 껍데기 배당 4조합 제외(값: [100])
[각질편성] 아오모리 3경주: 선행2·선입0·추입5 → 보통 페이스
[경륜전개] 아오모리 3경주: 슬로우(단독 선행) · 라인 3개 · 페어 [[2, 5], [7, 3], [4, 1]]
[placeholder 필터] 호후 3경주 복승 껍데기 배당 3조합 제외(값: [100])
[각질편성] 호후 3경주: 선행1·선입0·추입6 → 🐌 느린 페이스
[경륜전개] 호후 3경주: 슬로우(단독 선행) · 라인 2개 · 페어 [[4, 3], [2, 5]]
[각질편성] 아오모리 4경주: 선행2·선입0·추입5 → 보통 페이스
[경륜전개] 아오모리 4경주: 슬로우(단독 선행) · 라인 2개 · 페어 [[2, 7], [4, 1]]
[복승불일치 축교정] 아오모리 4경주: 축 [1, 4]로 교정(자금이탈 강등 [2]·🔴🔴)
[3종 수집] 호후 4경주: {'quinella': 21, 'exacta': 42, 'trio': 0, 'win': 0} (history 2)
[다중경주] 아오모리 4경주: 사설(확장) 수집 활성(20초 전) → 복승은 사설 유지·서버 쌍승42/삼복승0 보완
[placeholder 필터] 호후 4경주 쌍승 껍데기 배당 3조합 제외(값: [669.0])
[각질편성] 호후 4경주: 선행2·선입0·추입5 → 보통 페이스
[경륜전개] 호후 4경주: 보통 · 라인 2개 · 페어 [[2, 7], [3, 4]]
[경륜 추천 모순 수정] 고배당 강제조합 1건 메인→복병 이동(25배 상한)
[단통 상한] 메인 2개 · 복병이동 2개
[자동분석·배경] 호후 4경주: 마감 538초 전 재분석(rec_history 누적·cycle)
[각질편성] 아오모리 4경주: 선행2·선입0·추입5 → 보통 페이스
[경륜전개] 아오모리 4경주: 슬로우(단독 선행) · 라인 2개 · 페어 [[2, 7], [4, 1]]
[복승불일치 축교정] 아오모리 4경주: 축 [1, 4]로 교정(자금이탈 강등 [2]·🔴🔴)
[카톡 변경알림] 아오모리 4경주 발송: 복승 추가: 2+7
[placeholder 필터] 호후 3경주 복승 껍데기 배당 3조합 제외(값: [100])
[각질편성] 호후 3경주: 선행1·선입0·추입6 → 🐌 느린 페이스
[경륜전개] 호후 3경주: 슬로우(단독 선행) · 라인 2개 · 페어 [[4, 3], [2, 5]]
[각질편성] 아오모리 4경주: 선행2·선입0·추입5 → 보통 페이스
[경륜전개] 아오모리 4경주: 슬로우(단독 선행) · 라인 2개 · 페어 [[2, 7], [4, 1]]
[각질편성] 아오모리 4경주: 선행2·선입0·추입5 → 보통 페이스
[경륜전개] 아오모리 4경주: 슬로우(단독 선행) · 라인 2개 · 페어 [[2, 7], [4, 1]]
[복승불일치 축교정] 아오모리 4경주: 축 [1, 4]로 교정(자금이탈 강등 [2]·🔴🔴)
[복승불일치 축교정] 아오모리 4경주: 축 [1, 4]로 교정(자금이탈 강등 [2]·🔴🔴)
[각질편성] 아오모리 4경주: 선행2·선입0·추입5 → 보통 페이스
[경륜전개] 아오모리 4경주: 슬로우(단독 선행) · 라인 2개 · 페어 [[2, 7], [4, 1]]
[복승불일치 축교정] 아오모리 4경주: 축 [1, 4]로 교정(자금이탈 강등 [2]·🔴🔴)
[3종 수집] 아오모리 4경주: {'quinella': 21, 'exacta': 0, 'trio': 0, 'win': 0} (history 5)
[각질편성] 아오모리 4경주: 선행2·선입0·추입5 → 보통 페이스
[경륜전개] 아오모리 4경주: 슬로우(단독 선행) · 라인 2개 · 페어 [[2, 7], [4, 1]]
[복승불일치 축교정] 아오모리 4경주: 축 [1, 4]로 교정(자금이탈 강등 [2]·🔴🔴)
[각질편성] 아오모리 4경주: 선행2·선입0·추입5 → 보통 페이스
[경륜전개] 아오모리 4경주: 슬로우(단독 선행) · 라인 2개 · 페어 [[2, 7], [4, 1]]
[복승불일치 축교정] 아오모리 4경주: 축 [1, 4]로 교정(자금이탈 강등 [2]·🔴🔴)
[placeholder 필터] 호후 3경주 복승 껍데기 배당 3조합 제외(값: [100])
[각질편성] 호후 3경주: 선행1·선입0·추입6 → 🐌 느린 페이스
[경륜전개] 호후 3경주: 슬로우(단독 선행) · 라인 2개 · 페어 [[4, 3], [2, 5]]
[3종 수집] 호후 4경주: {'quinella': 21, 'exacta': 42, 'trio': 0, 'win': 0} (history 3)
[다중경주] 아오모리 4경주: 사설(확장) 수집 활성(13초 전) → 복승은 사설 유지·서버 쌍승42/삼복승0 보완
[placeholder 필터] 호후 4경주 쌍승 껍데기 배당 3조합 제외(값: [669.0])
[각질편성] 호후 4경주: 선행2·선입0·추입5 → 보통 페이스
[경륜전개] 호후 4경주: 보통 · 라인 2개 · 페어 [[2, 7], [3, 4]]
[경륜 추천 모순 수정] 고배당 강제조합 1건 메인→복병 이동(25배 상한)
[단통 상한] 메인 2개 · 복병이동 1개
[자동분석·배경] 호후 4경주: 마감 505초 전 재분석(rec_history 누적·cycle)
[각질편성] 아오모리 4경주: 선행2·선입0·추입5 → 보통 페이스
[각질편성] 아오모리 4경주: 선행2·선입0·추입5 → 보통 페이스
[경륜전개] 아오모리 4경주: 슬로우(단독 선행) · 라인 2개 · 페어 [[2, 7], [4, 1]]
[경륜전개] 아오모리 4경주: 슬로우(단독 선행) · 라인 2개 · 페어 [[2, 7], [4, 1]]
[복승불일치 축교정] 아오모리 4경주: 축 [1, 4]로 교정(자금이탈 강등 [2]·🔴🔴)
[복승불일치 축교정] 아오모리 4경주: 축 [1, 4]로 교정(자금이탈 강등 [2]·🔴🔴)
[placeholder 필터] 아오모리 3경주 복승 껍데기 배당 4조합 제외(값: [100])
[각질편성] 아오모리 3경주: 선행2·선입0·추입5 → 보통 페이스
[경륜전개] 아오모리 3경주: 슬로우(단독 선행) · 라인 3개 · 페어 [[2, 5], [7, 3], [4, 1]]
[placeholder 필터] 아오모리 3경주 복승 껍데기 배당 4조합 제외(값: [100])
[각질편성] 아오모리 3경주: 선행2·선입0·추입5 → 보통 페이스
[경륜전개] 아오모리 3경주: 슬로우(단독 선행) · 라인 3개 · 페어 [[2, 5], [7, 3], [4, 1]]
[각질편성] 아오모리 4경주: 선행2·선입0·추입5 → 보통 페이스
[경륜전개] 아오모리 4경주: 슬로우(단독 선행) · 라인 2개 · 페어 [[2, 7], [4, 1]]
[복승불일치 축교정] 아오모리 4경주: 축 [1, 4]로 교정(자금이탈 강등 [7]·🔴🔴)
[각질편성] 아오모리 4경주: 선행2·선입0·추입5 → 보통 페이스
[경륜전개] 아오모리 4경주: 슬로우(단독 선행) · 라인 2개 · 페어 [[2, 7], [4, 1]]
[복승불일치 축교정] 아오모리 4경주: 축 [1, 4]로 교정(자금이탈 강등 [2]·🔴🔴)
[placeholder 필터] 호후 4경주 쌍승 껍데기 배당 3조합 제외(값: [669.0])
[각질편성] 호후 4경주: 선행2·선입0·추입5 → 보통 페이스
[경륜전개] 호후 4경주: 보통 · 라인 2개 · 페어 [[2, 7], [3, 4]]
[경륜 추천 모순 수정] 고배당 강제조합 1건 메인→복병 이동(25배 상한)
[단통 상한] 메인 2개 · 복병이동 1개
[결과기록] 캐시 갱신 — 재파싱 1건 / 전체 1650건
[placeholder 필터] 아오모리 3경주 복승 껍데기 배당 4조합 제외(값: [100])
[각질편성] 아오모리 3경주: 선행2·선입0·추입5 → 보통 페이스
[경륜전개] 아오모리 3경주: 슬로우(단독 선행) · 라인 3개 · 페어 [[2, 5], [7, 3], [4, 1]]
[placeholder 필터] 호후 3경주 복승 껍데기 배당 3조합 제외(값: [100])
[각질편성] 호후 3경주: 선행1·선입0·추입6 → 🐌 느린 페이스
[경륜전개] 호후 3경주: 슬로우(단독 선행) · 라인 2개 · 페어 [[4, 3], [2, 5]]
[활성정리] 끝난 경주 1건 제거(히스토리 보존): 호후 2경주
[3종 수집] 아오모리 4경주: {'quinella': 21, 'exacta': 0, 'trio': 0, 'win': 0} (history 6)
[각질편성] 아오모리 4경주: 선행2·선입0·추입5 → 보통 페이스
[경륜전개] 아오모리 4경주: 슬로우(단독 선행) · 라인 2개 · 페어 [[2, 7], [4, 1]]
[복승불일치 축교정] 아오모리 4경주: 축 [1, 4]로 교정(자금이탈 강등 [2]·🔴🔴)
[각질편성] 아오모리 4경주: 선행2·선입0·추입5 → 보통 페이스
[경륜전개] 아오모리 4경주: 슬로우(단독 선행) · 라인 2개 · 페어 [[2, 7], [4, 1]]
[복승불일치 축교정] 아오모리 4경주: 축 [1, 4]로 교정(자금이탈 강등 [2]·🔴🔴)
[placeholder 필터] 호후 3경주 복승 껍데기 배당 3조합 제외(값: [100])
[각질편성] 호후 3경주: 선행1·선입0·추입6 → 🐌 느린 페이스
[경륜전개] 호후 3경주: 슬로우(단독 선행) · 라인 2개 · 페어 [[4, 3], [2, 5]]
[각질편성] 아오모리 4경주: 선행2·선입0·추입5 → 보통 페이스
[각질편성] 아오모리 4경주: 선행2·선입0·추입5 → 보통 페이스
[경륜전개] 아오모리 4경주: 슬로우(단독 선행) · 라인 2개 · 페어 [[2, 7], [4, 1]]
[경륜전개] 아오모리 4경주: 슬로우(단독 선행) · 라인 2개 · 페어 [[2, 7], [4, 1]]
[복승불일치 축교정] 아오모리 4경주: 축 [1, 4]로 교정(자금이탈 강등 [2]·🔴🔴)
[복승불일치 축교정] 아오모리 4경주: 축 [1, 4]로 교정(자금이탈 강등 [2]·🔴🔴)
[3종 수집] 호후 4경주: {'quinella': 21, 'exacta': 42, 'trio': 0, 'win': 0} (history 4)
[각질편성] 호후 4경주: 선행2·선입0·추입5 → 보통 페이스
[경륜전개] 호후 4경주: 보통 · 라인 2개 · 페어 [[2, 7], [3, 4]]
[경륜 추천 모순 수정] 고배당 강제조합 1건 메인→복병 이동(25배 상한)
[단통 상한] 메인 2개 · 복병이동 1개
[자동분석·배경] 호후 4경주: 마감 473초 전 재분석(rec_history 누적·cycle)
[각질편성] 아오모리 4경주: 선행2·선입0·추입5 → 보통 페이스
[경륜전개] 아오모리 4경주: 슬로우(단독 선행) · 라인 2개 · 페어 [[2, 7], [4, 1]]
[복승불일치 축교정] 아오모리 4경주: 축 [1, 4]로 교정(자금이탈 강등 [2]·🔴🔴)
[3종 수집] 아오모리 4경주: {'quinella': 21, 'exacta': 0, 'trio': 0, 'win': 0} (history 7)
[각질편성] 아오모리 4경주: 선행2·선입0·추입5 → 보통 페이스
[경륜전개] 아오모리 4경주: 슬로우(단독 선행) · 라인 2개 · 페어 [[2, 7], [4, 1]]
[복승불일치 축교정] 아오모리 4경주: 축 [1, 4]로 교정(자금이탈 강등 [2]·🔴🔴)
[각질편성] 아오모리 4경주: 선행2·선입0·추입5 → 보통 페이스
[경륜전개] 아오모리 4경주: 슬로우(단독 선행) · 라인 2개 · 페어 [[2, 7], [4, 1]]
[복승불일치 축교정] 아오모리 4경주: 축 [1, 4]로 교정(자금이탈 강등 [2]·🔴🔴)
[각질편성] 아오모리 4경주: 선행2·선입0·추입5 → 보통 페이스
[경륜전개] 아오모리 4경주: 슬로우(단독 선행) · 라인 2개 · 페어 [[2, 7], [4, 1]]
[복승불일치 축교정] 아오모리 4경주: 축 [1, 4]로 교정(자금이탈 강등 [2]·🔴🔴)
[placeholder 필터] 호후 3경주 복승 껍데기 배당 3조합 제외(값: [100])
[각질편성] 호후 3경주: 선행1·선입0·추입6 → 🐌 느린 페이스
[경륜전개] 호후 3경주: 슬로우(단독 선행) · 라인 2개 · 페어 [[4, 3], [2, 5]]
[3종 수집] 호후 4경주: {'quinella': 21, 'exacta': 42, 'trio': 0, 'win': 0} (history 5)
[각질편성] 호후 4경주: 선행2·선입0·추입5 → 보통 페이스
[경륜전개] 호후 4경주: 보통 · 라인 2개 · 페어 [[2, 7], [3, 4]]
[경륜 추천 모순 수정] 고배당 강제조합 1건 메인→복병 이동(25배 상한)
[단통 상한] 메인 2개 · 복병이동 1개
[자동분석·배경] 호후 4경주: 마감 441초 전 재분석(rec_history 누적·cycle)
[각질편성] 아오모리 4경주: 선행2·선입0·추입5 → 보통 페이스
[경륜전개] 아오모리 4경주: 슬로우(단독 선행) · 라인 2개 · 페어 [[2, 7], [4, 1]]
[복승불일치 축교정] 아오모리 4경주: 축 [1, 4]로 교정(자금이탈 강등 [2]·🔴🔴)
[각질편성] 호후 4경주: 선행2·선입0·추입5 → 보통 페이스
[경륜전개] 호후 4경주: 보통 · 라인 2개 · 페어 [[2, 7], [3, 4]]
[경륜 추천 모순 수정] 고배당 강제조합 1건 메인→복병 이동(25배 상한)
[단통 상한] 메인 2개 · 복병이동 1개
[카카오알림] 호후 4경주 T-7 → 큐 적재
[placeholder 필터] 아오모리 3경주 복승 껍데기 배당 4조합 제외(값: [100])
[각질편성] 아오모리 3경주: 선행2·선입0·추입5 → 보통 페이스
[경륜전개] 아오모리 3경주: 슬로우(단독 선행) · 라인 3개 · 페어 [[2, 5], [7, 3], [4, 1]]
[placeholder 필터] 아오모리 3경주 복승 껍데기 배당 4조합 제외(값: [100])
[각질편성] 아오모리 3경주: 선행2·선입0·추입5 → 보통 페이스
[각질편성] 아오모리 4경주: 선행2·선입0·추입5 → 보통 페이스
[경륜전개] 아오모리 3경주: 슬로우(단독 선행) · 라인 3개 · 페어 [[2, 5], [7, 3], [4, 1]]
[경륜전개] 아오모리 4경주: 슬로우(단독 선행) · 라인 2개 · 페어 [[2, 7], [4, 1]]
[복승불일치 축교정] 아오모리 4경주: 축 [1, 4]로 교정(자금이탈 강등 [7]·🔴🔴)
[각질편성] 아오모리 4경주: 선행2·선입0·추입5 → 보통 페이스
[경륜전개] 아오모리 4경주: 슬로우(단독 선행) · 라인 2개 · 페어 [[2, 7], [4, 1]]
[각질편성] 아오모리 4경주: 선행2·선입0·추입5 → 보통 페이스
[경륜전개] 아오모리 4경주: 슬로우(단독 선행) · 라인 2개 · 페어 [[2, 7], [4, 1]]
[복승불일치 축교정] 아오모리 4경주: 축 [1, 4]로 교정(자금이탈 강등 [2]·🔴🔴)
[복승불일치 축교정] 아오모리 4경주: 축 [1, 4]로 교정(자금이탈 강등 [2]·🔴🔴)
[각질편성] 호후 4경주: 선행2·선입0·추입5 → 보통 페이스
[경륜전개] 호후 4경주: 보통 · 라인 2개 · 페어 [[2, 7], [3, 4]]
[경륜 추천 모순 수정] 고배당 강제조합 1건 메인→복병 이동(25배 상한)
[단통 상한] 메인 2개 · 복병이동 1개
[결과기록] 캐시 갱신 — 재파싱 1건 / 전체 1650건
[placeholder 필터] 아오모리 3경주 복승 껍데기 배당 4조합 제외(값: [100])
[각질편성] 아오모리 3경주: 선행2·선입0·추입5 → 보통 페이스
[경륜전개] 아오모리 3경주: 슬로우(단독 선행) · 라인 3개 · 페어 [[2, 5], [7, 3], [4, 1]]
[placeholder 필터] 호후 3경주 복승 껍데기 배당 3조합 제외(값: [100])
[각질편성] 호후 3경주: 선행1·선입0·추입6 → 🐌 느린 페이스
[경륜전개] 호후 3경주: 슬로우(단독 선행) · 라인 2개 · 페어 [[4, 3], [2, 5]]
[각질편성] 아오모리 4경주: 선행2·선입0·추입5 → 보통 페이스
[경륜전개] 아오모리 4경주: 슬로우(단독 선행) · 라인 2개 · 페어 [[2, 7], [4, 1]]
[복승불일치 축교정] 아오모리 4경주: 축 [1, 4]로 교정(자금이탈 강등 [2]·🔴🔴)
[3종 수집] 아오모리 4경주: {'quinella': 21, 'exacta': 0, 'trio': 0, 'win': 0} (history 8)
[각질편성] 아오모리 4경주: 선행2·선입0·추입5 → 보통 페이스
[경륜전개] 아오모리 4경주: 슬로우(단독 선행) · 라인 2개 · 페어 [[2, 7], [4, 1]]
[복승불일치 축교정] 아오모리 4경주: 축 [1, 4]로 교정(자금이탈 강등 [2]·🔴🔴)
[각질편성] 아오모리 4경주: 선행2·선입0·추입5 → 보통 페이스
[경륜전개] 아오모리 4경주: 슬로우(단독 선행) · 라인 2개 · 페어 [[2, 7], [4, 1]]
[복승불일치 축교정] 아오모리 4경주: 축 [1, 4]로 교정(자금이탈 강등 [2]·🔴🔴)
[placeholder 필터] 호후 3경주 복승 껍데기 배당 3조합 제외(값: [100])
[각질편성] 호후 3경주: 선행1·선입0·추입6 → 🐌 느린 페이스
[경륜전개] 호후 3경주: 슬로우(단독 선행) · 라인 2개 · 페어 [[4, 3], [2, 5]]
[3종 수집] 호후 4경주: {'quinella': 21, 'exacta': 42, 'trio': 0, 'win': 0} (history 6)
[각질편성] 호후 4경주: 선행2·선입0·추입5 → 보통 페이스
[경륜전개] 호후 4경주: 보통 · 라인 2개 · 페어 [[2, 7], [3, 4]]
[경륜 추천 모순 수정] 고배당 강제조합 1건 메인→복병 이동(25배 상한)
[단통 상한] 메인 2개 · 복병이동 1개
[자동분석·배경] 호후 4경주: 마감 408초 전 재분석(rec_history 누적·cycle)
[각질편성] 아오모리 4경주: 선행2·선입0·추입5 → 보통 페이스
[경륜전개] 아오모리 4경주: 슬로우(단독 선행) · 라인 2개 · 페어 [[2, 7], [4, 1]]
[각질편성] 아오모리 4경주: 선행2·선입0·추입5 → 보통 페이스
[경륜전개] 아오모리 4경주: 슬로우(단독 선행) · 라인 2개 · 페어 [[2, 7], [4, 1]]
[복승불일치 축교정] 아오모리 4경주: 축 [1, 4]로 교정(자금이탈 강등 [2]·🔴🔴)
[복승불일치 축교정] 아오모리 4경주: 축 [1, 4]로 교정(자금이탈 강등 [2]·🔴🔴)
[각질편성] 아오모리 4경주: 선행2·선입0·추입5 → 보통 페이스
[경륜전개] 아오모리 4경주: 슬로우(단독 선행) · 라인 2개 · 페어 [[2, 7], [4, 1]]
[복승불일치 축교정] 아오모리 4경주: 축 [1, 4]로 교정(자금이탈 강등 [2]·🔴🔴)
[3종 수집] 아오모리 4경주: {'quinella': 21, 'exacta': 0, 'trio': 0, 'win': 0} (history 9)
[각질편성] 아오모리 4경주: 선행2·선입0·추입5 → 보통 페이스
[경륜전개] 아오모리 4경주: 슬로우(단독 선행) · 라인 2개 · 페어 [[2, 7], [4, 1]]
[복승불일치 축교정] 아오모리 4경주: 축 [1, 4]로 교정(자금이탈 강등 [2]·🔴🔴)
[각질편성] 아오모리 4경주: 선행2·선입0·추입5 → 보통 페이스
[경륜전개] 아오모리 4경주: 슬로우(단독 선행) · 라인 2개 · 페어 [[2, 7], [4, 1]]
[복승불일치 축교정] 아오모리 4경주: 축 [1, 4]로 교정(자금이탈 강등 [2]·🔴🔴)
[placeholder 필터] 호후 3경주 복승 껍데기 배당 3조합 제외(값: [100])
[각질편성] 호후 3경주: 선행1·선입0·추입6 → 🐌 느린 페이스
[경륜전개] 호후 3경주: 슬로우(단독 선행) · 라인 2개 · 페어 [[4, 3], [2, 5]]
[3종 수집] 호후 4경주: {'quinella': 21, 'exacta': 42, 'trio': 0, 'win': 0} (history 7)
[각질편성] 호후 4경주: 선행2·선입0·추입5 → 보통 페이스
[경륜전개] 호후 4경주: 보통 · 라인 2개 · 페어 [[2, 7], [3, 4]]
[복승불일치 축교정] 호후 4경주: 축 [2, 7]로 교정(자금이탈 강등 [3]·🔴🔴)
[단통 상한] 메인 2개 · 복병이동 1개
[자동분석·배경] 호후 4경주: 마감 376초 전 재분석(rec_history 누적·cycle)
[placeholder 필터] 아오모리 3경주 복승 껍데기 배당 4조합 제외(값: [100])
[placeholder 필터] 아오모리 3경주 복승 껍데기 배당 4조합 제외(값: [100])
[각질편성] 아오모리 3경주: 선행2·선입0·추입5 → 보통 페이스
[경륜전개] 아오모리 3경주: 슬로우(단독 선행) · 라인 3개 · 페어 [[2, 5], [7, 3], [4, 1]]
[각질편성] 아오모리 3경주: 선행2·선입0·추입5 → 보통 페이스
[경륜전개] 아오모리 3경주: 슬로우(단독 선행) · 라인 3개 · 페어 [[2, 5], [7, 3], [4, 1]]
[각질편성] 아오모리 4경주: 선행2·선입0·추입5 → 보통 페이스
[경륜전개] 아오모리 4경주: 슬로우(단독 선행) · 라인 2개 · 페어 [[2, 7], [4, 1]]
[복승불일치 축교정] 아오모리 4경주: 축 [1, 4]로 교정(자금이탈 강등 [7]·🔴🔴)
[각질편성] 아오모리 4경주: 선행2·선입0·추입5 → 보통 페이스
[각질편성] 아오모리 4경주: 선행2·선입0·추입5 → 보통 페이스
[경륜전개] 아오모리 4경주: 슬로우(단독 선행) · 라인 2개 · 페어 [[2, 7], [4, 1]]
[경륜전개] 아오모리 4경주: 슬로우(단독 선행) · 라인 2개 · 페어 [[2, 7], [4, 1]]
[복승불일치 축교정] 아오모리 4경주: 축 [1, 4]로 교정(자금이탈 강등 [2]·🔴🔴)
[복승불일치 축교정] 아오모리 4경주: 축 [1, 4]로 교정(자금이탈 강등 [2]·🔴🔴)
[각질편성] 호후 4경주: 선행2·선입0·추입5 → 보통 페이스
[경륜전개] 호후 4경주: 보통 · 라인 2개 · 페어 [[2, 7], [3, 4]]
[복승불일치 축교정] 호후 4경주: 축 [2, 7]로 교정(자금이탈 강등 [3]·🔴🔴)
[단통 상한] 메인 2개 · 복병이동 1개
[placeholder 필터] 아오모리 3경주 복승 껍데기 배당 4조합 제외(값: [100])
[각질편성] 아오모리 3경주: 선행2·선입0·추입5 → 보통 페이스
[경륜전개] 아오모리 3경주: 슬로우(단독 선행) · 라인 3개 · 페어 [[2, 5], [7, 3], [4, 1]]
[결과기록] 캐시 갱신 — 재파싱 1건 / 전체 1650건
[placeholder 필터] 호후 3경주 복승 껍데기 배당 3조합 제외(값: [100])
[각질편성] 호후 3경주: 선행1·선입0·추입6 → 🐌 느린 페이스
[경륜전개] 호후 3경주: 슬로우(단독 선행) · 라인 2개 · 페어 [[4, 3], [2, 5]]
[각질편성] 아오모리 4경주: 선행2·선입0·추입5 → 보통 페이스
[경륜전개] 아오모리 4경주: 슬로우(단독 선행) · 라인 2개 · 페어 [[2, 7], [4, 1]]
[복승불일치 축교정] 아오모리 4경주: 축 [1, 4]로 교정(자금이탈 강등 [2]·🔴🔴)
[3종 수집] 아오모리 4경주: {'quinella': 21, 'exacta': 0, 'trio': 0, 'win': 0} (history 10)
[각질편성] 아오모리 4경주: 선행2·선입0·추입5 → 보통 페이스
[경륜전개] 아오모리 4경주: 슬로우(단독 선행) · 라인 2개 · 페어 [[2, 7], [4, 1]]
[복승불일치 축교정] 아오모리 4경주: 축 [1, 4]로 교정(자금이탈 강등 [2]·🔴🔴)
[각질편성] 아오모리 4경주: 선행2·선입0·추입5 → 보통 페이스
[경륜전개] 아오모리 4경주: 슬로우(단독 선행) · 라인 2개 · 페어 [[2, 7], [4, 1]]
[복승불일치 축교정] 아오모리 4경주: 축 [1, 4]로 교정(자금이탈 강등 [2]·🔴🔴)
[placeholder 필터] 호후 3경주 복승 껍데기 배당 3조합 제외(값: [100])
[각질편성] 호후 3경주: 선행1·선입0·추입6 → 🐌 느린 페이스
[경륜전개] 호후 3경주: 슬로우(단독 선행) · 라인 2개 · 페어 [[4, 3], [2, 5]]
[각질편성] 아오모리 4경주: 선행2·선입0·추입5 → 보통 페이스
[경륜전개] 아오모리 4경주: 슬로우(단독 선행) · 라인 2개 · 페어 [[2, 7], [4, 1]]
[복승불일치 축교정] 아오모리 4경주: 축 [1, 4]로 교정(자금이탈 강등 [2]·🔴🔴)
[3종 수집] 호후 4경주: {'quinella': 21, 'exacta': 42, 'trio': 0, 'win': 0} (history 8)
[각질편성] 호후 4경주: 선행2·선입0·추입5 → 보통 페이스
[경륜전개] 호후 4경주: 보통 · 라인 2개 · 페어 [[2, 7], [3, 4]]
[복승불일치 축교정] 호후 4경주: 축 [2, 7]로 교정(자금이탈 강등 [3]·🔴🔴)
[단통 상한] 메인 2개 · 복병이동 1개
[자동분석·배경] 호후 4경주: 마감 344초 전 재분석(rec_history 누적·cycle)
[각질편성] 아오모리 4경주: 선행2·선입0·추입5 → 보통 페이스
[각질편성] 아오모리 4경주: 선행2·선입0·추입5 → 보통 페이스
[경륜전개] 아오모리 4경주: 슬로우(단독 선행) · 라인 2개 · 페어 [[2, 7], [4, 1]]
[경륜전개] 아오모리 4경주: 슬로우(단독 선행) · 라인 2개 · 페어 [[2, 7], [4, 1]]
[복승불일치 축교정] 아오모리 4경주: 축 [1, 4]로 교정(자금이탈 강등 [2]·🔴🔴)
[복승불일치 축교정] 아오모리 4경주: 축 [1, 4]로 교정(자금이탈 강등 [2]·🔴🔴)
[각질편성] 아오모리 4경주: 선행2·선입0·추입5 → 보통 페이스
[경륜전개] 아오모리 4경주: 슬로우(단독 선행) · 라인 2개 · 페어 [[2, 7], [4, 1]]
[복승불일치 축교정] 아오모리 4경주: 축 [1, 4]로 교정(자금이탈 강등 [2]·🔴🔴)
[placeholder 필터] 호후 3경주 복승 껍데기 배당 3조합 제외(값: [100])
[각질편성] 호후 3경주: 선행1·선입0·추입6 → 🐌 느린 페이스
[경륜전개] 호후 3경주: 슬로우(단독 선행) · 라인 2개 · 페어 [[4, 3], [2, 5]]
[3종 수집] 아오모리 4경주: {'quinella': 21, 'exacta': 0, 'trio': 0, 'win': 0} (history 11)
[각질편성] 아오모리 4경주: 선행2·선입0·추입5 → 보통 페이스
[경륜전개] 아오모리 4경주: 슬로우(단독 선행) · 라인 2개 · 페어 [[2, 7], [4, 1]]
[복승불일치 축교정] 아오모리 4경주: 축 [1, 4]로 교정(자금이탈 강등 [2]·🔴🔴)
[placeholder 필터] 아오모리 3경주 복승 껍데기 배당 4조합 제외(값: [100])
[placeholder 필터] 아오모리 3경주 복승 껍데기 배당 4조합 제외(값: [100])
[각질편성] 아오모리 3경주: 선행2·선입0·추입5 → 보통 페이스
[각질편성] 아오모리 3경주: 선행2·선입0·추입5 → 보통 페이스
[경륜전개] 아오모리 3경주: 슬로우(단독 선행) · 라인 3개 · 페어 [[2, 5], [7, 3], [4, 1]]
[경륜전개] 아오모리 3경주: 슬로우(단독 선행) · 라인 3개 · 페어 [[2, 5], [7, 3], [4, 1]]
[각질편성] 아오모리 4경주: 선행2·선입0·추입5 → 보통 페이스
[경륜전개] 아오모리 4경주: 슬로우(단독 선행) · 라인 2개 · 페어 [[2, 7], [4, 1]]
[복승불일치 축교정] 아오모리 4경주: 축 [1, 4]로 교정(자금이탈 강등 [7]·🔴🔴)
[각질편성] 아오모리 4경주: 선행2·선입0·추입5 → 보통 페이스
[경륜전개] 아오모리 4경주: 슬로우(단독 선행) · 라인 2개 · 페어 [[2, 7], [4, 1]]
[복승불일치 축교정] 아오모리 4경주: 축 [1, 4]로 교정(자금이탈 강등 [2]·🔴🔴)
[각질편성] 호후 4경주: 선행2·선입0·추입5 → 보통 페이스
[경륜전개] 호후 4경주: 보통 · 라인 2개 · 페어 [[2, 7], [3, 4]]
[복승불일치 축교정] 호후 4경주: 축 [2, 7]로 교정(자금이탈 강등 [3]·🔴🔴)
[단통 상한] 메인 2개 · 복병이동 1개
[placeholder 필터] 아오모리 3경주 복승 껍데기 배당 4조합 제외(값: [100])
[각질편성] 아오모리 3경주: 선행2·선입0·추입5 → 보통 페이스
[경륜전개] 아오모리 3경주: 슬로우(단독 선행) · 라인 3개 · 페어 [[2, 5], [7, 3], [4, 1]]
[placeholder 필터] 호후 3경주 복승 껍데기 배당 3조합 제외(값: [100])
[각질편성] 호후 3경주: 선행1·선입0·추입6 → 🐌 느린 페이스
[경륜전개] 호후 3경주: 슬로우(단독 선행) · 라인 2개 · 페어 [[4, 3], [2, 5]]
[3종 수집] 호후 4경주: {'quinella': 21, 'exacta': 42, 'trio': 0, 'win': 0} (history 9)
[각질편성] 호후 4경주: 선행2·선입0·추입5 → 보통 페이스
[경륜전개] 호후 4경주: 보통 · 라인 2개 · 페어 [[2, 7], [3, 4]]
[복승불일치 축교정] 호후 4경주: 축 [2, 7]로 교정(자금이탈 강등 [3]·🔴🔴)
[단통 상한] 메인 2개 · 복병이동 1개
[자동분석·배경] 호후 4경주: 마감 312초 전 재분석(rec_history 누적·cycle)
[각질편성] 호후 4경주: 선행2·선입0·추입5 → 보통 페이스
[경륜전개] 호후 4경주: 보통 · 라인 2개 · 페어 [[2, 7], [3, 4]]
[복승불일치 축교정] 호후 4경주: 축 [2, 7]로 교정(자금이탈 강등 [3]·🔴🔴)
[단통 상한] 메인 2개 · 복병이동 1개
[카카오알림] 호후 4경주 T-5 → 큐 적재
[각질편성] 아오모리 4경주: 선행2·선입0·추입5 → 보통 페이스
[각질편성] 아오모리 4경주: 선행2·선입0·추입5 → 보통 페이스
[경륜전개] 아오모리 4경주: 슬로우(단독 선행) · 라인 2개 · 페어 [[2, 7], [4, 1]]
[경륜전개] 아오모리 4경주: 슬로우(단독 선행) · 라인 2개 · 페어 [[2, 7], [4, 1]]
[복승불일치 축교정] 아오모리 4경주: 축 [1, 4]로 교정(자금이탈 강등 [2]·🔴🔴)
[복승불일치 축교정] 아오모리 4경주: 축 [1, 4]로 교정(자금이탈 강등 [2]·🔴🔴)
[각질편성] 아오모리 4경주: 선행2·선입0·추입5 → 보통 페이스
[경륜전개] 아오모리 4경주: 슬로우(단독 선행) · 라인 2개 · 페어 [[2, 7], [4, 1]]
[복승불일치 축교정] 아오모리 4경주: 축 [1, 4]로 교정(자금이탈 강등 [2]·🔴🔴)
[placeholder 필터] 호후 3경주 복승 껍데기 배당 3조합 제외(값: [100])
[각질편성] 호후 3경주: 선행1·선입0·추입6 → 🐌 느린 페이스
[경륜전개] 호후 3경주: 슬로우(단독 선행) · 라인 2개 · 페어 [[4, 3], [2, 5]]
[3종 수집] 아오모리 4경주: {'quinella': 21, 'exacta': 0, 'trio': 0, 'win': 0} (history 12)
[각질편성] 호후 4경주: 선행2·선입0·추입5 → 보통 페이스
[경륜전개] 호후 4경주: 보통 · 라인 2개 · 페어 [[2, 7], [3, 4]]
[복승불일치 축교정] 호후 4경주: 축 [2, 7]로 교정(자금이탈 강등 [3]·🔴🔴)
[단통 상한] 메인 2개 · 복병이동 1개
[각질편성] 호후 4경주: 선행2·선입0·추입5 → 보통 페이스
[경륜전개] 호후 4경주: 보통 · 라인 2개 · 페어 [[2, 7], [3, 4]]
[복승불일치 축교정] 호후 4경주: 축 [2, 7]로 교정(자금이탈 강등 [3]·🔴🔴)
[각질편성] 호후 4경주: 선행2·선입0·추입5 → 보통 페이스
[경륜전개] 호후 4경주: 보통 · 라인 2개 · 페어 [[2, 7], [3, 4]]
[복승불일치 축교정] 호후 4경주: 축 [2, 7]로 교정(자금이탈 강등 [3]·🔴🔴)
[스냅샷] 저장: 2026_08_01_호후_4경주_T-10.png (512 KB · T-10)
[각질편성] 호후 4경주: 선행2·선입0·추입5 → 보통 페이스
[경륜전개] 호후 4경주: 보통 · 라인 2개 · 페어 [[2, 7], [3, 4]]
[단통 상한] 메인 2개 · 복병이동 1개
[복승불일치 축교정] 호후 4경주: 축 [2, 7]로 교정(자금이탈 강등 [3]·🔴🔴)
[단통 상한] 메인 2개 · 복병이동 1개
[단통 상한] 메인 2개 · 복병이동 1개
[분석로그] 저장 실패: [WinError 2] 지정된 파일을 찾을 수 없습니다: 'C:\\Users\\Administrator\\Desktop\\경마분석서버\\data\\analysis_log\\2026_08_01_호후_4경주.json.tmp' -> 'C:\\Users\\Administrator\\Desktop\\경마분석서버\\data\\analysis_log\\2026_08_01_호후_4경주.json'
[3종 수집] 호후 4경주: {'quinella': 21, 'exacta': 42, 'trio': 0, 'win': 0} (history 10)
[각질편성] 호후 4경주: 선행2·선입0·추입5 → 보통 페이스
[경륜전개] 호후 4경주: 보통 · 라인 2개 · 페어 [[2, 7], [3, 4]]
[복병 이동 상한] 1+7 66.7배 > 특별상한 50.0배 → 💎 노출 제외(참고)
[경륜 추천 모순 수정] 고배당 강제조합 1건 메인→복병 이동(25배 상한)
[단통 상한] 메인 2개 · 복병이동 1개
[자동예상] 호후 4경주 최종예상 저장(2026_08_01_호후_4경주.json)
[카톡 변경알림·즉시] 호후 4경주 (남은 279s): 삼복승 제외: 2+3+7 · 2+5+7
[각질편성] 호후 4경주: 선행2·선입0·추입5 → 보통 페이스
[경륜전개] 호후 4경주: 보통 · 라인 2개 · 페어 [[2, 7], [3, 4]]
[복병 이동 상한] 1+7 66.7배 > 특별상한 50.0배 → 💎 노출 제외(참고)
[경륜 추천 모순 수정] 고배당 강제조합 1건 메인→복병 이동(25배 상한)
[단통 상한] 메인 2개 · 복병이동 1개
[각질편성] 호후 4경주: 선행2·선입0·추입5 → 보통 페이스
[경륜전개] 호후 4경주: 보통 · 라인 2개 · 페어 [[2, 7], [3, 4]]
[복병 이동 상한] 1+7 66.7배 > 특별상한 50.0배 → 💎 노출 제외(참고)
[경륜 추천 모순 수정] 고배당 강제조합 1건 메인→복병 이동(25배 상한)
[단통 상한] 메인 2개 · 복병이동 1개
[placeholder 필터] 호후 3경주 복승 껍데기 배당 3조합 제외(값: [100])
[각질편성] 호후 3경주: 선행1·선입0·추입6 → 🐌 느린 페이스
[경륜전개] 호후 3경주: 슬로우(단독 선행) · 라인 2개 · 페어 [[4, 3], [2, 5]]
[placeholder 필터] 아오모리 3경주 복승 껍데기 배당 4조합 제외(값: [100])
[각질편성] 아오모리 3경주: 선행2·선입0·추입5 → 보통 페이스
[경륜전개] 아오모리 3경주: 슬로우(단독 선행) · 라인 3개 · 페어 [[2, 5], [7, 3], [4, 1]]
[placeholder 필터] 아오모리 3경주 복승 껍데기 배당 4조합 제외(값: [100])
[각질편성] 아오모리 3경주: 선행2·선입0·추입5 → 보통 페이스
[placeholder 필터] 아오모리 4경주 복승 껍데기 배당 8조합 제외(값: [100])
[경륜전개] 아오모리 3경주: 슬로우(단독 선행) · 라인 3개 · 페어 [[2, 5], [7, 3], [4, 1]]
[각질편성] 아오모리 4경주: 선행2·선입0·추입5 → 보통 페이스
[경륜전개] 아오모리 4경주: 슬로우(단독 선행) · 라인 2개 · 페어 [[2, 7], [4, 1]]
[잔존마 필터] 아오모리 4경주: 전적 7두 → 배당 출전마 6두 (배당 없는 마번 제외: [6])
[각질편성] 아오모리 4경주: 선행2·선입0·추입4 → 보통 페이스
[경륜전개] 아오모리 4경주: 슬로우(단독 선행) · 라인 2개 · 페어 [[2, 7], [4, 1]]
[복승불일치 축교정] 아오모리 4경주: 축 [1, 4]로 교정(자금이탈 강등 [7]·🔴🔴)
[각질편성] 호후 4경주: 선행2·선입0·추입5 → 보통 페이스
[경륜전개] 호후 4경주: 보통 · 라인 2개 · 페어 [[2, 7], [3, 4]]
[복병 이동 상한] 1+7 66.7배 > 특별상한 50.0배 → 💎 노출 제외(참고)
[경륜 추천 모순 수정] 고배당 강제조합 1건 메인→복병 이동(25배 상한)
[단통 상한] 메인 2개 · 복병이동 1개
[결과기록] 캐시 갱신 — 재파싱 1건 / 전체 1650건
[각질편성] 호후 4경주: 선행2·선입0·추입5 → 보통 페이스
[경륜전개] 호후 4경주: 보통 · 라인 2개 · 페어 [[2, 7], [3, 4]]
[복병 이동 상한] 1+7 66.7배 > 특별상한 50.0배 → 💎 노출 제외(참고)
[경륜 추천 모순 수정] 고배당 강제조합 1건 메인→복병 이동(25배 상한)
[단통 상한] 메인 2개 · 복병이동 1개
[placeholder 필터] 아오모리 3경주 복승 껍데기 배당 4조합 제외(값: [100])
[각질편성] 아오모리 3경주: 선행2·선입0·추입5 → 보통 페이스
[경륜전개] 아오모리 3경주: 슬로우(단독 선행) · 라인 3개 · 페어 [[2, 5], [7, 3], [4, 1]]
[placeholder 필터] 호후 3경주 복승 껍데기 배당 3조합 제외(값: [100])
[각질편성] 호후 3경주: 선행1·선입0·추입6 → 🐌 느린 페이스
[경륜전개] 호후 3경주: 슬로우(단독 선행) · 라인 2개 · 페어 [[4, 3], [2, 5]]
[다중경주] 하트비트 #41 · 스케줄 ymd=20260801 (-1초 전 갱신 · 트랙 12개)
[3종 수집] 호후 4경주: {'quinella': 21, 'exacta': 42, 'trio': 0, 'win': 0} (history 11)
[각질편성] 호후 4경주: 선행2·선입0·추입5 → 보통 페이스
[각질편성] 호후 4경주: 선행2·선입0·추입5 → 보통 페이스
[경륜전개] 호후 4경주: 보통 · 라인 2개 · 페어 [[2, 7], [3, 4]]
[경륜전개] 호후 4경주: 보통 · 라인 2개 · 페어 [[2, 7], [3, 4]]
[복병 이동 상한] 1+7 63.2배 > 특별상한 50.0배 → 💎 노출 제외(참고)
[경륜 추천 모순 수정] 고배당 강제조합 1건 메인→복병 이동(25배 상한)
[단통 상한] 메인 2개 · 복병이동 0개
[복병 이동 상한] 1+7 63.2배 > 특별상한 50.0배 → 💎 노출 제외(참고)
[경륜 추천 모순 수정] 고배당 강제조합 1건 메인→복병 이동(25배 상한)
[단통 상한] 메인 2개 · 복병이동 0개
[KRA 자동수집] 부산 4경주 1300M 자동해제(연속 실패 20회: 데이터 없음(발매 전·비경주일 가능)) — 할당량 보호
[각질편성] 호후 4경주: 선행2·선입0·추입5 → 보통 페이스
[경륜전개] 호후 4경주: 보통 · 라인 2개 · 페어 [[2, 7], [3, 4]]
[복병 이동 상한] 1+7 63.2배 > 특별상한 50.0배 → 💎 노출 제외(참고)
[경륜 추천 모순 수정] 고배당 강제조합 1건 메인→복병 이동(25배 상한)
[단통 상한] 메인 2개 · 복병이동 0개
[placeholder 필터] 호후 3경주 복승 껍데기 배당 3조합 제외(값: [100])
[각질편성] 호후 3경주: 선행1·선입0·추입6 → 🐌 느린 페이스
[경륜전개] 호후 3경주: 슬로우(단독 선행) · 라인 2개 · 페어 [[4, 3], [2, 5]]
[각질편성] 호후 4경주: 선행2·선입0·추입5 → 보통 페이스
[경륜전개] 호후 4경주: 보통 · 라인 2개 · 페어 [[2, 7], [3, 4]]
[복병 이동 상한] 1+7 63.2배 > 특별상한 50.0배 → 💎 노출 제외(참고)
[경륜 추천 모순 수정] 고배당 강제조합 1건 메인→복병 이동(25배 상한)
[단통 상한] 메인 2개 · 복병이동 0개
[스냅샷] 저장: 2026_08_01_호후_4경주_T-10.png (631 KB · T-10)
[각질편성] 호후 4경주: 선행2·선입0·추입5 → 보통 페이스
[경륜전개] 호후 4경주: 보통 · 라인 2개 · 페어 [[2, 7], [3, 4]]
[복병 이동 상한] 1+7 63.2배 > 특별상한 50.0배 → 💎 노출 제외(참고)
[경륜 추천 모순 수정] 고배당 강제조합 1건 메인→복병 이동(25배 상한)
[단통 상한] 메인 2개 · 복병이동 0개
[3종 수집] 호후 4경주: {'quinella': 21, 'exacta': 42, 'trio': 0, 'win': 0} (history 12)
[각질편성] 호후 4경주: 선행2·선입0·추입5 → 보통 페이스
[경륜전개] 호후 4경주: 보통 · 라인 2개 · 페어 [[2, 7], [3, 4]]
[복병 이동 상한] 1+7 63.2배 > 특별상한 50.0배 → 💎 노출 제외(참고)
[경륜 추천 모순 수정] 고배당 강제조합 1건 메인→복병 이동(25배 상한)
[단통 상한] 메인 2개 · 복병이동 0개
[각질편성] 호후 4경주: 선행2·선입0·추입5 → 보통 페이스
[경륜전개] 호후 4경주: 보통 · 라인 2개 · 페어 [[2, 7], [3, 4]]
[복병 이동 상한] 1+7 63.2배 > 특별상한 50.0배 → 💎 노출 제외(참고)
[경륜 추천 모순 수정] 고배당 강제조합 1건 메인→복병 이동(25배 상한)
[단통 상한] 메인 2개 · 복병이동 0개
[placeholder 필터] 호후 3경주 복승 껍데기 배당 3조합 제외(값: [100])
[각질편성] 호후 3경주: 선행1·선입0·추입6 → 🐌 느린 페이스
[경륜전개] 호후 3경주: 슬로우(단독 선행) · 라인 2개 · 페어 [[4, 3], [2, 5]]
[placeholder 필터] 아오모리 3경주 복승 껍데기 배당 4조합 제외(값: [100])
[각질편성] 아오모리 3경주: 선행2·선입0·추입5 → 보통 페이스
[placeholder 필터] 아오모리 3경주 복승 껍데기 배당 4조합 제외(값: [100])
[경륜전개] 아오모리 3경주: 슬로우(단독 선행) · 라인 3개 · 페어 [[2, 5], [7, 3], [4, 1]]
[각질편성] 아오모리 4경주: 선행2·선입0·추입5 → 보통 페이스
[각질편성] 아오모리 3경주: 선행2·선입0·추입5 → 보통 페이스
[경륜전개] 아오모리 4경주: 슬로우(단독 선행) · 라인 2개 · 페어 [[2, 7], [4, 1]]
[경륜전개] 아오모리 3경주: 슬로우(단독 선행) · 라인 3개 · 페어 [[2, 5], [7, 3], [4, 1]]
[복승불일치 축교정] 아오모리 4경주: 축 [1, 4]로 교정(자금이탈 강등 [7]·🔴🔴)
[각질편성] 호후 4경주: 선행2·선입0·추입5 → 보통 페이스
[경륜전개] 호후 4경주: 보통 · 라인 2개 · 페어 [[2, 7], [3, 4]]
[복병 이동 상한] 1+7 63.2배 > 특별상한 50.0배 → 💎 노출 제외(참고)
[경륜 추천 모순 수정] 고배당 강제조합 1건 메인→복병 이동(25배 상한)
[단통 상한] 메인 2개 · 복병이동 0개
[placeholder 필터] 아오모리 3경주 복승 껍데기 배당 4조합 제외(값: [100])
[각질편성] 아오모리 3경주: 선행2·선입0·추입5 → 보통 페이스
[경륜전개] 아오모리 3경주: 슬로우(단독 선행) · 라인 3개 · 페어 [[2, 5], [7, 3], [4, 1]]
[placeholder 필터] 호후 3경주 복승 껍데기 배당 3조합 제외(값: [100])
[각질편성] 호후 3경주: 선행1·선입0·추입6 → 🐌 느린 페이스
[경륜전개] 호후 3경주: 슬로우(단독 선행) · 라인 2개 · 페어 [[4, 3], [2, 5]]
[결과기록] 캐시 갱신 — 재파싱 1건 / 전체 1650건
[각질편성] 호후 4경주: 선행2·선입0·추입5 → 보통 페이스
[경륜전개] 호후 4경주: 보통 · 라인 2개 · 페어 [[2, 7], [3, 4]]
[각질편성] 호후 4경주: 선행2·선입0·추입5 → 보통 페이스
[경륜전개] 호후 4경주: 보통 · 라인 2개 · 페어 [[2, 7], [3, 4]]
[복병 이동 상한] 1+7 63.2배 > 특별상한 50.0배 → 💎 노출 제외(참고)
[경륜 추천 모순 수정] 고배당 강제조합 1건 메인→복병 이동(25배 상한)
[단통 상한] 메인 2개 · 복병이동 0개
[복병 이동 상한] 1+7 63.2배 > 특별상한 50.0배 → 💎 노출 제외(참고)
[경륜 추천 모순 수정] 고배당 강제조합 1건 메인→복병 이동(25배 상한)
[단통 상한] 메인 2개 · 복병이동 0개
[3종 수집] 호후 4경주: {'quinella': 21, 'exacta': 42, 'trio': 0, 'win': 0} (history 12)
[각질편성] 호후 4경주: 선행2·선입0·추입5 → 보통 페이스
[경륜전개] 호후 4경주: 보통 · 라인 2개 · 페어 [[2, 7], [3, 4]]
[T-2분 왕축 동결] 호후 4경주: [5, 7] → [5, 7] 유지(cur_mb=2)
[복병 이동 상한] 1+7 72.6배 > 특별상한 50.0배 → 💎 노출 제외(참고)
[경륜 추천 모순 수정] 고배당 강제조합 1건 메인→복병 이동(25배 상한)
[단통 상한] 메인 2개 · 복병이동 0개
[경주전환 감지] 호후 4경주: 비정상 변동폭(95%+ 다수) → 기준값 재설정(이전 배당 초기화)
[3종 수집] 호후 4경주: {'quinella': 21, 'exacta': 0, 'trio': 0, 'win': 0} (history 1 · 기준재설정)
[placeholder 필터] 호후 4경주 복승 껍데기 배당 6조합 제외(값: [100])
[각질편성] 호후 4경주: 선행2·선입0·추입5 → 보통 페이스
[경륜전개] 호후 4경주: 보통 · 라인 2개 · 페어 [[2, 7], [3, 4]]
[T-2분 왕축 동결] 호후 4경주: [2, 6] → [5, 7] 유지(cur_mb=2)
[단통 상한] 메인 3개 · 복병이동 0개
[placeholder 필터] 호후 4경주 복승 껍데기 배당 6조합 제외(값: [100])
[각질편성] 호후 4경주: 선행2·선입0·추입5 → 보통 페이스
[경륜전개] 호후 4경주: 보통 · 라인 2개 · 페어 [[2, 7], [3, 4]]
[T-2분 왕축 동결] 호후 4경주: [2, 6] → [5, 7] 유지(cur_mb=2)
[단통 상한] 메인 3개 · 복병이동 0개
[placeholder 필터] 호후 3경주 복승 껍데기 배당 3조합 제외(값: [100])
[각질편성] 호후 3경주: 선행1·선입0·추입6 → 🐌 느린 페이스
[경륜전개] 호후 3경주: 슬로우(단독 선행) · 라인 2개 · 페어 [[4, 3], [2, 5]]
[placeholder 필터] 호후 4경주 복승 껍데기 배당 6조합 제외(값: [100])
[각질편성] 호후 4경주: 선행2·선입0·추입5 → 보통 페이스
[placeholder 필터] 호후 4경주 복승 껍데기 배당 6조합 제외(값: [100])
[경륜전개] 호후 4경주: 보통 · 라인 2개 · 페어 [[2, 7], [3, 4]]
[각질편성] 호후 4경주: 선행2·선입0·추입5 → 보통 페이스
[경륜전개] 호후 4경주: 보통 · 라인 2개 · 페어 [[2, 7], [3, 4]]
[T-2분 왕축 동결] 호후 4경주: [2, 6] → [5, 7] 유지(cur_mb=2)
[단통 상한] 메인 3개 · 복병이동 0개
[T-2분 왕축 동결] 호후 4경주: [2, 6] → [5, 7] 유지(cur_mb=2)
[단통 상한] 메인 3개 · 복병이동 0개
[분석로그] 저장 실패: [WinError 32] 다른 프로세스가 파일을 사용 중이기 때문에 프로세스가 액세스 할 수 없습니다: 'C:\\Users\\Administrator\\Desktop\\경마분석서버\\data\\analysis_log\\2026_08_01_호후_4경주.json.tmp' -> 'C:\\Users\\Administrator\\Desktop\\경마분석서버\\data\\analysis_log\\2026_08_01_호후_4경주.json'
[다중경주] 호후 4경주: 사설(확장) 수집 활성(22초 전) → 복승은 사설 유지·서버 쌍승42/삼복승0 보완
[카톡 변경알림·즉시] 호후 4경주 (남은 151s): 복승 추가: 2+6
[placeholder 필터] 호후 4경주 복승 껍데기 배당 6조합 제외(값: [100])
[각질편성] 호후 4경주: 선행2·선입0·추입5 → 보통 페이스
[경륜전개] 호후 4경주: 보통 · 라인 2개 · 페어 [[2, 7], [3, 4]]
[스냅샷] 저장: 2026_08_01_호후_4경주_T-2.png (695 KB · T-2)
[T-2분 왕축 동결] 호후 4경주: [2, 6] → [5, 7] 유지(cur_mb=1)
[단통 상한] 메인 3개 · 복병이동 0개
[3종 수집] 호후 4경주: {'quinella': 21, 'exacta': 0, 'trio': 0, 'win': 0} (history 2)
[placeholder 필터] 호후 4경주 복승 껍데기 배당 6조합 제외(값: [100])
[각질편성] 호후 4경주: 선행2·선입0·추입5 → 보통 페이스
[경륜전개] 호후 4경주: 보통 · 라인 2개 · 페어 [[2, 7], [3, 4]]
[T-2분 왕축 동결] 호후 4경주: [2, 6] → [5, 7] 유지(cur_mb=1)
[단통 상한] 메인 3개 · 복병이동 0개
[placeholder 필터] 호후 4경주 복승 껍데기 배당 6조합 제외(값: [100])
[각질편성] 호후 4경주: 선행2·선입0·추입5 → 보통 페이스
[경륜전개] 호후 4경주: 보통 · 라인 2개 · 페어 [[2, 7], [3, 4]]
[T-2분 왕축 동결] 호후 4경주: [2, 6] → [5, 7] 유지(cur_mb=1)
[단통 상한] 메인 3개 · 복병이동 0개
[placeholder 필터] 아오모리 3경주 복승 껍데기 배당 4조합 제외(값: [100])
[placeholder 필터] 아오모리 3경주 복승 껍데기 배당 4조합 제외(값: [100])
[각질편성] 아오모리 3경주: 선행2·선입0·추입5 → 보통 페이스
[각질편성] 아오모리 4경주: 선행2·선입0·추입5 → 보통 페이스
[경륜전개] 아오모리 4경주: 슬로우(단독 선행) · 라인 2개 · 페어 [[2, 7], [4, 1]]
[경륜전개] 아오모리 3경주: 슬로우(단독 선행) · 라인 3개 · 페어 [[2, 5], [7, 3], [4, 1]]
[각질편성] 아오모리 3경주: 선행2·선입0·추입5 → 보통 페이스
[경륜전개] 아오모리 3경주: 슬로우(단독 선행) · 라인 3개 · 페어 [[2, 5], [7, 3], [4, 1]]
[복승불일치 축교정] 아오모리 4경주: 축 [1, 4]로 교정(자금이탈 강등 [7]·🔴🔴)
[각질편성] 호후 4경주: 선행2·선입0·추입5 → 보통 페이스
[경륜전개] 호후 4경주: 보통 · 라인 2개 · 페어 [[2, 7], [3, 4]]
[placeholder 필터] 호후 3경주 복승 껍데기 배당 3조합 제외(값: [100])
[각질편성] 호후 3경주: 선행1·선입0·추입6 → 🐌 느린 페이스
[경륜전개] 호후 3경주: 슬로우(단독 선행) · 라인 2개 · 페어 [[4, 3], [2, 5]]
[T-2분 왕축 동결] 호후 4경주: [5, 7] → [5, 7] 유지(cur_mb=1)
[복병 이동 상한] 1+7 72.6배 > 특별상한 50.0배 → 💎 노출 제외(참고)
[경륜 추천 모순 수정] 고배당 강제조합 1건 메인→복병 이동(25배 상한)
[단통 상한] 메인 2개 · 복병이동 0개
[placeholder 필터] 아오모리 3경주 복승 껍데기 배당 4조합 제외(값: [100])
[각질편성] 아오모리 3경주: 선행2·선입0·추입5 → 보통 페이스
[경륜전개] 아오모리 3경주: 슬로우(단독 선행) · 라인 3개 · 페어 [[2, 5], [7, 3], [4, 1]]
[placeholder 필터] 호후 3경주 복승 껍데기 배당 3조합 제외(값: [100])
[각질편성] 호후 3경주: 선행1·선입0·추입6 → 🐌 느린 페이스
[경륜전개] 호후 3경주: 슬로우(단독 선행) · 라인 2개 · 페어 [[4, 3], [2, 5]]
[결과기록] 캐시 갱신 — 재파싱 1건 / 전체 1650건
[placeholder 필터] 아오모리 3경주 복승 껍데기 배당 4조합 제외(값: [100])
[각질편성] 아오모리 3경주: 선행2·선입0·추입5 → 보통 페이스
[경륜전개] 아오모리 3경주: 슬로우(단독 선행) · 라인 3개 · 페어 [[2, 5], [7, 3], [4, 1]]
[placeholder 필터] 호후 4경주 복승 껍데기 배당 6조합 제외(값: [100])
[각질편성] 호후 4경주: 선행2·선입0·추입5 → 보통 페이스
[placeholder 필터] 호후 4경주 복승 껍데기 배당 6조합 제외(값: [100])[경륜전개] 호후 4경주: 보통 · 라인 2개 · 페어 [[2, 7], [3, 4]]

[각질편성] 호후 4경주: 선행2·선입0·추입5 → 보통 페이스
[경륜전개] 호후 4경주: 보통 · 라인 2개 · 페어 [[2, 7], [3, 4]]
[T-2분 왕축 동결] 호후 4경주: [2, 6] → [5, 7] 유지(cur_mb=1)
[단통 상한] 메인 3개 · 복병이동 0개
[T-2분 왕축 동결] 호후 4경주: [2, 6] → [5, 7] 유지(cur_mb=1)
[단통 상한] 메인 3개 · 복병이동 0개
[placeholder 필터] 아오모리 3경주 복승 껍데기 배당 4조합 제외(값: [100])
[각질편성] 아오모리 3경주: 선행2·선입0·추입5 → 보통 페이스
[경륜전개] 아오모리 3경주: 슬로우(단독 선행) · 라인 3개 · 페어 [[2, 5], [7, 3], [4, 1]]
[placeholder 필터] 호후 4경주 복승 껍데기 배당 6조합 제외(값: [100])
[각질편성] 호후 4경주: 선행2·선입0·추입5 → 보통 페이스
[경륜전개] 호후 4경주: 보통 · 라인 2개 · 페어 [[2, 7], [3, 4]]
[T-2분 왕축 동결] 호후 4경주: [2, 6] → [5, 7] 유지(cur_mb=1)
[단통 상한] 메인 3개 · 복병이동 0개
[다중경주] 호후 4경주: 사설(확장) 수집 활성(24초 전) → 복승은 사설 유지·서버 쌍승42/삼복승0 보완
[3종 수집] 호후 4경주: {'quinella': 21, 'exacta': 0, 'trio': 0, 'win': 0} (history 3)
[placeholder 필터] 호후 4경주 복승 껍데기 배당 6조합 제외(값: [100])
[각질편성] 호후 4경주: 선행2·선입0·추입5 → 보통 페이스
[경륜전개] 호후 4경주: 보통 · 라인 2개 · 페어 [[2, 7], [3, 4]]
[T-2분 왕축 동결] 호후 4경주: [2, 6] → [5, 7] 유지(cur_mb=1)
[단통 상한] 메인 3개 · 복병이동 0개
[각질편성] 아오모리 4경주: 선행2·선입0·추입5 → 보통 페이스
[경륜전개] 아오모리 4경주: 슬로우(단독 선행) · 라인 2개 · 페어 [[2, 7], [4, 1]]
[복승불일치 축교정] 아오모리 4경주: 축 [1, 4]로 교정(자금이탈 강등 [7]·🔴🔴)
[각질편성] 호후 4경주: 선행2·선입0·추입5 → 보통 페이스
[경륜전개] 호후 4경주: 보통 · 라인 2개 · 페어 [[2, 7], [3, 4]]
[T-2분 왕축 동결] 호후 4경주: [5, 7] → [5, 7] 유지(cur_mb=1)
[복병 이동 상한] 1+7 72.6배 > 특별상한 50.0배 → 💎 노출 제외(참고)
[경륜 추천 모순 수정] 고배당 강제조합 1건 메인→복병 이동(25배 상한)
[단통 상한] 메인 2개 · 복병이동 0개
[placeholder 필터] 아오모리 3경주 복승 껍데기 배당 4조합 제외(값: [100])
[각질편성] 아오모리 3경주: 선행2·선입0·추입5 → 보통 페이스
[경륜전개] 아오모리 3경주: 슬로우(단독 선행) · 라인 3개 · 페어 [[2, 5], [7, 3], [4, 1]]
[placeholder 필터] 아오모리 3경주 복승 껍데기 배당 4조합 제외(값: [100])
[각질편성] 아오모리 3경주: 선행2·선입0·추입5 → 보통 페이스
[경륜전개] 아오모리 3경주: 슬로우(단독 선행) · 라인 3개 · 페어 [[2, 5], [7, 3], [4, 1]]
[placeholder 필터] 호후 3경주 복승 껍데기 배당 3조합 제외(값: [100])
[각질편성] 호후 3경주: 선행1·선입0·추입6 → 🐌 느린 페이스
[경륜전개] 호후 3경주: 슬로우(단독 선행) · 라인 2개 · 페어 [[4, 3], [2, 5]]
[placeholder 필터] 호후 4경주 복승 껍데기 배당 6조합 제외(값: [100])
[각질편성] 호후 4경주: 선행2·선입0·추입5 → 보통 페이스
[경륜전개] 호후 4경주: 보통 · 라인 2개 · 페어 [[2, 7], [3, 4]]
[T-2분 왕축 동결] 호후 4경주: [2, 6] → [5, 7] 유지(cur_mb=1)
[단통 상한] 메인 3개 · 복병이동 0개
[placeholder 필터] 호후 3경주 복승 껍데기 배당 3조합 제외(값: [100])
[각질편성] 호후 3경주: 선행1·선입0·추입6 → 🐌 느린 페이스
[경륜전개] 호후 3경주: 슬로우(단독 선행) · 라인 2개 · 페어 [[4, 3], [2, 5]]
[placeholder 필터] 아오모리 3경주 복승 껍데기 배당 4조합 제외(값: [100])
[각질편성] 아오모리 3경주: 선행2·선입0·추입5 → 보통 페이스
[경륜전개] 아오모리 3경주: 슬로우(단독 선행) · 라인 3개 · 페어 [[2, 5], [7, 3], [4, 1]]
[placeholder 필터] 호후 4경주 복승 껍데기 배당 6조합 제외(값: [100])
[각질편성] 호후 4경주: 선행2·선입0·추입5 → 보통 페이스
[경륜전개] 호후 4경주: 보통 · 라인 2개 · 페어 [[2, 7], [3, 4]]
[T-2분 왕축 동결] 호후 4경주: [2, 6] → [5, 7] 유지(cur_mb=1)
[단통 상한] 메인 3개 · 복병이동 0개
[placeholder 필터] 호후 4경주 복승 껍데기 배당 6조합 제외(값: [100])
[각질편성] 호후 4경주: 선행2·선입0·추입5 → 보통 페이스
[경륜전개] 호후 4경주: 보통 · 라인 2개 · 페어 [[2, 7], [3, 4]]
[placeholder 필터] 호후 4경주 복승 껍데기 배당 6조합 제외(값: [100])
[각질편성] 호후 4경주: 선행2·선입0·추입5 → 보통 페이스
[경륜전개] 호후 4경주: 보통 · 라인 2개 · 페어 [[2, 7], [3, 4]]
[단통 상한] 메인 3개 · 복병이동 0개
[단통 상한] 메인 3개 · 복병이동 0개
[다중경주] 호후 4경주: 사설(확장) 수집 활성(26초 전) → 복승은 사설 유지·서버 쌍승42/삼복승0 보완
[placeholder 필터] 호후 4경주 복승 껍데기 배당 6조합 제외(값: [100])
[각질편성] 호후 4경주: 선행2·선입0·추입5 → 보통 페이스
[경륜전개] 호후 4경주: 보통 · 라인 2개 · 페어 [[2, 7], [3, 4]]
[단통 상한] 메인 3개 · 복병이동 0개
[placeholder 필터] 아오모리 3경주 복승 껍데기 배당 4조합 제외(값: [100])
[placeholder 필터] 아오모리 3경주 복승 껍데기 배당 4조합 제외(값: [100])
[각질편성] 아오모리 4경주: 선행2·선입0·추입5 → 보통 페이스
[경륜전개] 아오모리 4경주: 슬로우(단독 선행) · 라인 2개 · 페어 [[2, 7], [4, 1]]
[각질편성] 아오모리 3경주: 선행2·선입0·추입5 → 보통 페이스
[각질편성] 아오모리 3경주: 선행2·선입0·추입5 → 보통 페이스
[경륜전개] 아오모리 3경주: 슬로우(단독 선행) · 라인 3개 · 페어 [[2, 5], [7, 3], [4, 1]]
[경륜전개] 아오모리 3경주: 슬로우(단독 선행) · 라인 3개 · 페어 [[2, 5], [7, 3], [4, 1]]
[복승불일치 축교정] 아오모리 4경주: 축 [1, 4]로 교정(자금이탈 강등 [7]·🔴🔴)
[3종 수집] 호후 4경주: {'quinella': 21, 'exacta': 0, 'trio': 0, 'win': 0} (history 4)
[placeholder 필터] 호후 4경주 복승 껍데기 배당 6조합 제외(값: [100])
[각질편성] 호후 4경주: 선행2·선입0·추입5 → 보통 페이스
[각질편성] 호후 4경주: 선행2·선입0·추입5 → 보통 페이스
[경륜전개] 호후 4경주: 보통 · 라인 2개 · 페어 [[2, 7], [3, 4]]
[경륜전개] 호후 4경주: 보통 · 라인 2개 · 페어 [[2, 7], [3, 4]]
[복병 이동 상한] 1+7 72.9배 > 특별상한 50.0배 → 💎 노출 제외(참고)
[경륜 추천 모순 수정] 고배당 강제조합 1건 메인→복병 이동(25배 상한)
[단통 상한] 메인 2개 · 복병이동 0개
[단통 상한] 메인 3개 · 복병이동 0개
[placeholder 필터] 아오모리 3경주 복승 껍데기 배당 4조합 제외(값: [100])
[각질편성] 아오모리 3경주: 선행2·선입0·추입5 → 보통 페이스
[경륜전개] 아오모리 3경주: 슬로우(단독 선행) · 라인 3개 · 페어 [[2, 5], [7, 3], [4, 1]]
[placeholder 필터] 호후 3경주 복승 껍데기 배당 3조합 제외(값: [100])
[각질편성] 호후 3경주: 선행1·선입0·추입6 → 🐌 느린 페이스
[경륜전개] 호후 3경주: 슬로우(단독 선행) · 라인 2개 · 페어 [[4, 3], [2, 5]]
[placeholder 필터] 호후 3경주 복승 껍데기 배당 3조합 제외(값: [100])
[각질편성] 호후 3경주: 선행1·선입0·추입6 → 🐌 느린 페이스
[경륜전개] 호후 3경주: 슬로우(단독 선행) · 라인 2개 · 페어 [[4, 3], [2, 5]]
[placeholder 필터] 호후 4경주 복승 껍데기 배당 6조합 제외(값: [100])
[각질편성] 호후 4경주: 선행2·선입0·추입5 → 보통 페이스
[경륜전개] 호후 4경주: 보통 · 라인 2개 · 페어 [[2, 7], [3, 4]]
[단통 상한] 메인 3개 · 복병이동 0개
[placeholder 필터] 호후 4경주 복승 껍데기 배당 6조합 제외(값: [100])
[각질편성] 호후 4경주: 선행2·선입0·추입5 → 보통 페이스
[placeholder 필터] 호후 4경주 복승 껍데기 배당 6조합 제외(값: [100])
[경륜전개] 호후 4경주: 보통 · 라인 2개 · 페어 [[2, 7], [3, 4]]
[각질편성] 호후 4경주: 선행2·선입0·추입5 → 보통 페이스
[경륜전개] 호후 4경주: 보통 · 라인 2개 · 페어 [[2, 7], [3, 4]]
[단통 상한] 메인 3개 · 복병이동 0개
[단통 상한] 메인 3개 · 복병이동 0개
[다중경주] 호후 4경주: 사설(확장) 수집 활성(18초 전) → 복승은 사설 유지·서버 쌍승42/삼복승0 보완
[placeholder 필터] 호후 4경주 복승 껍데기 배당 6조합 제외(값: [100])
[각질편성] 호후 4경주: 선행2·선입0·추입5 → 보통 페이스
[경륜전개] 호후 4경주: 보통 · 라인 2개 · 페어 [[2, 7], [3, 4]]
[단통 상한] 메인 3개 · 복병이동 0개
[3종 수집] 호후 4경주: {'quinella': 21, 'exacta': 0, 'trio': 0, 'win': 0} (history 5)
[placeholder 필터] 호후 4경주 복승 껍데기 배당 6조합 제외(값: [100])
[각질편성] 호후 4경주: 선행2·선입0·추입5 → 보통 페이스
[경륜전개] 호후 4경주: 보통 · 라인 2개 · 페어 [[2, 7], [3, 4]]
[단통 상한] 메인 3개 · 복병이동 0개
[placeholder 필터] 호후 3경주 복승 껍데기 배당 3조합 제외(값: [100])
[각질편성] 호후 3경주: 선행1·선입0·추입6 → 🐌 느린 페이스
[경륜전개] 호후 3경주: 슬로우(단독 선행) · 라인 2개 · 페어 [[4, 3], [2, 5]]
[placeholder 필터] 호후 4경주 복승 껍데기 배당 6조합 제외(값: [100])
[각질편성] 호후 4경주: 선행2·선입0·추입5 → 보통 페이스
[경륜전개] 호후 4경주: 보통 · 라인 2개 · 페어 [[2, 7], [3, 4]]
[단통 상한] 메인 3개 · 복병이동 0개
[placeholder 필터] 호후 4경주 복승 껍데기 배당 6조합 제외(값: [100])
[각질편성] 호후 4경주: 선행2·선입0·추입5 → 보통 페이스
[경륜전개] 호후 4경주: 보통 · 라인 2개 · 페어 [[2, 7], [3, 4]]
[스냅샷] 저장: 2026_08_01_호후_4경주_마감후.png (633 KB · close)
[readonly 잠금] 호후 4경주: 마감 확정 파일 — corePicks/시계열 보존, result/hit만 업데이트 허용
[마감 동결] 호후 4경주: 확정본 복원(출처 closed_row · 기준 09:39:21)
[다중경주] 호후 4경주: 사설(확장) 수집 활성(19초 전) → 복승은 사설 유지·서버 쌍승42/삼복승0 보완
[placeholder 필터] 호후 4경주 복승 껍데기 배당 6조합 제외(값: [100])
[placeholder 필터] 호후 4경주 복승 껍데기 배당 6조합 제외(값: [100])
[각질편성] 호후 4경주: 선행2·선입0·추입5 → 보통 페이스
[각질편성] 호후 4경주: 선행2·선입0·추입5 → 보통 페이스
[경륜전개] 호후 4경주: 보통 · 라인 2개 · 페어 [[2, 7], [3, 4]]
[경륜전개] 호후 4경주: 보통 · 라인 2개 · 페어 [[2, 7], [3, 4]]
⏸ [폴링 저장 가드] 호후 4경주: 마감 후 readonly → 로그 저장 생략(분석·표시는 정상)
[placeholder 필터] 아오모리 3경주 복승 껍데기 배당 4조합 제외(값: [100])
[placeholder 필터] 아오모리 3경주 복승 껍데기 배당 4조합 제외(값: [100])
[각질편성] 아오모리 3경주: 선행2·선입0·추입5 → 보통 페이스
[각질편성] 아오모리 3경주: 선행2·선입0·추입5 → 보통 페이스
[경륜전개] 아오모리 3경주: 슬로우(단독 선행) · 라인 3개 · 페어 [[2, 5], [7, 3], [4, 1]]
[경륜전개] 아오모리 3경주: 슬로우(단독 선행) · 라인 3개 · 페어 [[2, 5], [7, 3], [4, 1]]
[각질편성] 아오모리 4경주: 선행2·선입0·추입5 → 보통 페이스
[경륜전개] 아오모리 4경주: 슬로우(단독 선행) · 라인 2개 · 페어 [[2, 7], [4, 1]]
[복승불일치 축교정] 아오모리 4경주: 축 [1, 4]로 교정(자금이탈 강등 [7]·🔴🔴)
[결과기록] 캐시 갱신 — 재파싱 1건 / 전체 1650건
[각질편성] 호후 4경주: 선행2·선입0·추입5 → 보통 페이스
[경륜전개] 호후 4경주: 보통 · 라인 2개 · 페어 [[2, 7], [3, 4]]
[placeholder 필터] 아오모리 3경주 복승 껍데기 배당 4조합 제외(값: [100])
[각질편성] 아오모리 3경주: 선행2·선입0·추입5 → 보통 페이스
[경륜전개] 아오모리 3경주: 슬로우(단독 선행) · 라인 3개 · 페어 [[2, 5], [7, 3], [4, 1]]
[placeholder 필터] 호후 3경주 복승 껍데기 배당 3조합 제외(값: [100])
[각질편성] 호후 3경주: 선행1·선입0·추입6 → 🐌 느린 페이스
[경륜전개] 호후 3경주: 슬로우(단독 선행) · 라인 2개 · 페어 [[4, 3], [2, 5]]
[placeholder 필터] 호후 4경주 복승 껍데기 배당 6조합 제외(값: [100])
[각질편성] 호후 4경주: 선행2·선입0·추입5 → 보통 페이스
[경륜전개] 호후 4경주: 보통 · 라인 2개 · 페어 [[2, 7], [3, 4]]
[placeholder 필터] 호후 3경주 복승 껍데기 배당 3조합 제외(값: [100])
[각질편성] 호후 3경주: 선행1·선입0·추입6 → 🐌 느린 페이스
[경륜전개] 호후 3경주: 슬로우(단독 선행) · 라인 2개 · 페어 [[4, 3], [2, 5]]
[3종 수집] 호후 4경주: {'quinella': 21, 'exacta': 0, 'trio': 0, 'win': 0} (history 6)
[placeholder 필터] 호후 4경주 복승 껍데기 배당 6조합 제외(값: [100])
[각질편성] 호후 4경주: 선행2·선입0·추입5 → 보통 페이스
[경륜전개] 호후 4경주: 보통 · 라인 2개 · 페어 [[2, 7], [3, 4]]
[placeholder 필터] 호후 4경주 복승 껍데기 배당 6조합 제외(값: [100])
[각질편성] 호후 4경주: 선행2·선입0·추입5 → 보통 페이스
[경륜전개] 호후 4경주: 보통 · 라인 2개 · 페어 [[2, 7], [3, 4]]
[다중경주] 호후 4경주: 사설(확장) 수집 활성(11초 전) → 복승은 사설 유지·서버 쌍승42/삼복승0 보완
[경륜 전적·자동] 아오모리 5경주: 7두 수집(競走得点·절대등급 A/B/C/D·라인[5, 1, 2, 3, 4, 6, 7]) → 통합등급 자동 반영
[3종 수집] 아오모리 5경주: {'quinella': 21, 'exacta': 42, 'trio': 0, 'win': 0} (history 1)
[placeholder 필터] 호후 4경주 복승 껍데기 배당 6조합 제외(값: [100])
[각질편성] 호후 4경주: 선행2·선입0·추입5 → 보통 페이스
[경륜전개] 호후 4경주: 보통 · 라인 2개 · 페어 [[2, 7], [3, 4]]
🔮 [예측] 아오모리 5경주: top3=[3, 5, 2] conf=4 · 선행형 3번과 5번의 내부 경쟁 가능성이 있으나, 전체적으로 추입형이 많
[각질편성] 아오모리 5경주: 선행2·선입0·추입5 → 보통 페이스
[경륜전개] 아오모리 5경주: 보통 · 라인 2개 · 페어 [[3, 4], [5, 1]]
[경륜 추천 개수] 7명 → 메인 3개(상한 3) · 복병 이동 1개
[자동분석·배경] 아오모리 5경주: 마감 593초 전 재분석(rec_history 누적·cycle)
[각질편성] 아오모리 5경주: 선행2·선입0·추입5 → 보통 페이스
[경륜전개] 아오모리 5경주: 보통 · 라인 2개 · 페어 [[3, 4], [5, 1]]
[경륜 추천 개수] 7명 → 메인 3개(상한 3) · 복병 이동 1개
[placeholder 필터] 호후 4경주 복승 껍데기 배당 6조합 제외(값: [100])
[placeholder 필터] 호후 4경주 복승 껍데기 배당 6조합 제외(값: [100])
[각질편성] 호후 4경주: 선행2·선입0·추입5 → 보통 페이스
[각질편성] 호후 4경주: 선행2·선입0·추입5 → 보통 페이스
[경륜전개] 호후 4경주: 보통 · 라인 2개 · 페어 [[2, 7], [3, 4]]
[경륜전개] 호후 4경주: 보통 · 라인 2개 · 페어 [[2, 7], [3, 4]]
[placeholder 필터] 호후 3경주 복승 껍데기 배당 3조합 제외(값: [100])
[각질편성] 호후 3경주: 선행1·선입0·추입6 → 🐌 느린 페이스
[경륜전개] 호후 3경주: 슬로우(단독 선행) · 라인 2개 · 페어 [[4, 3], [2, 5]]
[placeholder 필터] 호후 4경주 복승 껍데기 배당 6조합 제외(값: [100])
[각질편성] 호후 4경주: 선행2·선입0·추입5 → 보통 페이스
[경륜전개] 호후 4경주: 보통 · 라인 2개 · 페어 [[2, 7], [3, 4]]
[3종 수집] 호후 4경주: {'quinella': 21, 'exacta': 0, 'trio': 0, 'win': 0} (history 7)
[placeholder 필터] 호후 4경주 복승 껍데기 배당 6조합 제외(값: [100])
[각질편성] 호후 4경주: 선행2·선입0·추입5 → 보통 페이스
[경륜전개] 호후 4경주: 보통 · 라인 2개 · 페어 [[2, 7], [3, 4]]
[placeholder 필터] 호후 4경주 복승 껍데기 배당 6조합 제외(값: [100])
[각질편성] 호후 4경주: 선행2·선입0·추입5 → 보통 페이스
[경륜전개] 호후 4경주: 보통 · 라인 2개 · 페어 [[2, 7], [3, 4]]
[3종 수집] 아오모리 5경주: {'quinella': 21, 'exacta': 42, 'trio': 0, 'win': 0} (history 2)
[다중경주] 호후 4경주: 사설(확장) 수집 활성(7초 전) → 복승은 사설 유지·서버 쌍승42/삼복승0 보완
[각질편성] 아오모리 5경주: 선행2·선입0·추입5 → 보통 페이스
[경륜전개] 아오모리 5경주: 보통 · 라인 2개 · 페어 [[3, 4], [5, 1]]
[경륜 추천 모순 수정] 고배당 강제조합 2건 메인→복병 이동(25배 상한)
[경륜 추천 개수] 7명 → 메인 3개(상한 3) · 복병 이동 1개
[B라인 그물망] 아오모리 5경주: B라인[5, 1] 삼복승보험 [[1, 2, 5]] 추가
[자동분석·배경] 아오모리 5경주: 마감 557초 전 재분석(rec_history 누적·cycle)
[placeholder 필터] 호후 4경주 복승 껍데기 배당 6조합 제외(값: [100])
[각질편성] 호후 4경주: 선행2·선입0·추입5 → 보통 페이스
[경륜전개] 호후 4경주: 보통 · 라인 2개 · 페어 [[2, 7], [3, 4]]
[placeholder 필터] 아오모리 3경주 복승 껍데기 배당 4조합 제외(값: [100])
[각질편성] 아오모리 3경주: 선행2·선입0·추입5 → 보통 페이스
[경륜전개] 아오모리 3경주: 슬로우(단독 선행) · 라인 3개 · 페어 [[2, 5], [7, 3], [4, 1]]
[placeholder 필터] 아오모리 3경주 복승 껍데기 배당 4조합 제외(값: [100])
[각질편성] 아오모리 3경주: 선행2·선입0·추입5 → 보통 페이스
[각질편성] 아오모리 4경주: 선행2·선입0·추입5 → 보통 페이스
[경륜전개] 아오모리 4경주: 슬로우(단독 선행) · 라인 2개 · 페어 [[2, 7], [4, 1]]
[경륜전개] 아오모리 3경주: 슬로우(단독 선행) · 라인 3개 · 페어 [[2, 5], [7, 3], [4, 1]]
[복승불일치 축교정] 아오모리 4경주: 축 [1, 4]로 교정(자금이탈 강등 [7]·🔴🔴)
[결과기록] 캐시 갱신 — 재파싱 1건 / 전체 1651건
[각질편성] 호후 4경주: 선행2·선입0·추입5 → 보통 페이스
[경륜전개] 호후 4경주: 보통 · 라인 2개 · 페어 [[2, 7], [3, 4]]
[각질편성] 아오모리 5경주: 선행2·선입0·추입5 → 보통 페이스
[경륜전개] 아오모리 5경주: 보통 · 라인 2개 · 페어 [[3, 4], [5, 1]]
[경륜 추천 모순 수정] 고배당 강제조합 2건 메인→복병 이동(25배 상한)
[경륜 추천 개수] 7명 → 메인 3개(상한 3) · 복병 이동 1개
[B라인 그물망] 아오모리 5경주: B라인[5, 1] 삼복승보험 [[1, 2, 5]] 추가
[placeholder 필터] 아오모리 3경주 복승 껍데기 배당 4조합 제외(값: [100])
[각질편성] 아오모리 3경주: 선행2·선입0·추입5 → 보통 페이스
[경륜전개] 아오모리 3경주: 슬로우(단독 선행) · 라인 3개 · 페어 [[2, 5], [7, 3], [4, 1]]
[placeholder 필터] 호후 3경주 복승 껍데기 배당 3조합 제외(값: [100])
[각질편성] 호후 3경주: 선행1·선입0·추입6 → 🐌 느린 페이스
[경륜전개] 호후 3경주: 슬로우(단독 선행) · 라인 2개 · 페어 [[4, 3], [2, 5]]
[placeholder 필터] 호후 4경주 복승 껍데기 배당 6조합 제외(값: [100])
[각질편성] 호후 4경주: 선행2·선입0·추입5 → 보통 페이스
[placeholder 필터] 호후 4경주 복승 껍데기 배당 6조합 제외(값: [100])
[경륜전개] 호후 4경주: 보통 · 라인 2개 · 페어 [[2, 7], [3, 4]]
[각질편성] 호후 4경주: 선행2·선입0·추입5 → 보통 페이스
[경륜전개] 호후 4경주: 보통 · 라인 2개 · 페어 [[2, 7], [3, 4]]
[placeholder 필터] 호후 3경주 복승 껍데기 배당 3조합 제외(값: [100])
[각질편성] 호후 3경주: 선행1·선입0·추입6 → 🐌 느린 페이스
[경륜전개] 호후 3경주: 슬로우(단독 선행) · 라인 2개 · 페어 [[4, 3], [2, 5]]
[placeholder 필터] 호후 4경주 복승 껍데기 배당 6조합 제외(값: [100])
[각질편성] 호후 4경주: 선행2·선입0·추입5 → 보통 페이스
[경륜전개] 호후 4경주: 보통 · 라인 2개 · 페어 [[2, 7], [3, 4]]
[3종 수집] 호후 4경주: {'quinella': 21, 'exacta': 0, 'trio': 0, 'win': 0} (history 8)
[placeholder 필터] 호후 4경주 복승 껍데기 배당 6조합 제외(값: [100])
[각질편성] 호후 4경주: 선행2·선입0·추입5 → 보통 페이스
[경륜전개] 호후 4경주: 보통 · 라인 2개 · 페어 [[2, 7], [3, 4]]
[placeholder 필터] 호후 4경주 복승 껍데기 배당 6조합 제외(값: [100])
[각질편성] 호후 4경주: 선행2·선입0·추입5 → 보통 페이스
[경륜전개] 호후 4경주: 보통 · 라인 2개 · 페어 [[2, 7], [3, 4]]
[다중경주] 하트비트 #51 · 스케줄 ymd=20260801 (-1초 전 갱신 · 트랙 12개)
[다중경주] 호후 4경주: 사설(확장) 수집 활성(9초 전) → 복승은 사설 유지·서버 쌍승42/삼복승0 보완
[3종 수집] 아오모리 5경주: {'quinella': 21, 'exacta': 42, 'trio': 0, 'win': 0} (history 3)
[각질편성] 아오모리 5경주: 선행2·선입0·추입5 → 보통 페이스
[경륜전개] 아오모리 5경주: 보통 · 라인 2개 · 페어 [[3, 4], [5, 1]]
[복승불일치 축교정] 아오모리 5경주: 축 [1, 3]로 교정(자금이탈 강등 [6]·🔴)
[경륜 추천 개수] 7명 → 메인 3개(상한 3) · 복병 이동 1개
[B라인 그물망] 아오모리 5경주: B라인[5, 1] 삼복승보험 [[1, 2, 5]] 추가
[자동분석·배경] 아오모리 5경주: 마감 525초 전 재분석(rec_history 누적·cycle)
[placeholder 필터] 호후 4경주 복승 껍데기 배당 6조합 제외(값: [100])
[placeholder 필터] 호후 4경주 복승 껍데기 배당 6조합 제외(값: [100])
[각질편성] 호후 4경주: 선행2·선입0·추입5 → 보통 페이스
[경륜전개] 호후 4경주: 보통 · 라인 2개 · 페어 [[2, 7], [3, 4]]
[각질편성] 호후 4경주: 선행2·선입0·추입5 → 보통 페이스
[경륜전개] 호후 4경주: 보통 · 라인 2개 · 페어 [[2, 7], [3, 4]]
[placeholder 필터] 호후 3경주 복승 껍데기 배당 3조합 제외(값: [100])
[각질편성] 호후 3경주: 선행1·선입0·추입6 → 🐌 느린 페이스
[경륜전개] 호후 3경주: 슬로우(단독 선행) · 라인 2개 · 페어 [[4, 3], [2, 5]]
[placeholder 필터] 호후 4경주 복승 껍데기 배당 6조합 제외(값: [100])
[각질편성] 호후 4경주: 선행2·선입0·추입5 → 보통 페이스
[경륜전개] 호후 4경주: 보통 · 라인 2개 · 페어 [[2, 7], [3, 4]]
[3종 수집] 호후 4경주: {'quinella': 21, 'exacta': 0, 'trio': 0, 'win': 0} (history 9)
[placeholder 필터] 호후 4경주 복승 껍데기 배당 6조합 제외(값: [100])
[각질편성] 호후 4경주: 선행2·선입0·추입5 → 보통 페이스
[경륜전개] 호후 4경주: 보통 · 라인 2개 · 페어 [[2, 7], [3, 4]]
[placeholder 필터] 호후 4경주 복승 껍데기 배당 6조합 제외(값: [100])
[각질편성] 호후 4경주: 선행2·선입0·추입5 → 보통 페이스
[경륜전개] 호후 4경주: 보통 · 라인 2개 · 페어 [[2, 7], [3, 4]]
[placeholder 필터] 아오모리 3경주 복승 껍데기 배당 4조합 제외(값: [100])
[각질편성] 아오모리 3경주: 선행2·선입0·추입5 → 보통 페이스
[경륜전개] 아오모리 3경주: 슬로우(단독 선행) · 라인 3개 · 페어 [[2, 5], [7, 3], [4, 1]]
[placeholder 필터] 아오모리 3경주 복승 껍데기 배당 4조합 제외(값: [100])
[각질편성] 아오모리 3경주: 선행2·선입0·추입5 → 보통 페이스
[경륜전개] 아오모리 3경주: 슬로우(단독 선행) · 라인 3개 · 페어 [[2, 5], [7, 3], [4, 1]]
[각질편성] 아오모리 4경주: 선행2·선입0·추입5 → 보통 페이스
[경륜전개] 아오모리 4경주: 슬로우(단독 선행) · 라인 2개 · 페어 [[2, 7], [4, 1]]
[복승불일치 축교정] 아오모리 4경주: 축 [1, 4]로 교정(자금이탈 강등 [7]·🔴🔴)
[결과기록] 캐시 갱신 — 재파싱 1건 / 전체 1651건
[각질편성] 호후 4경주: 선행2·선입0·추입5 → 보통 페이스
[경륜전개] 호후 4경주: 보통 · 라인 2개 · 페어 [[2, 7], [3, 4]]
[각질편성] 아오모리 5경주: 선행2·선입0·추입5 → 보통 페이스
[경륜전개] 아오모리 5경주: 보통 · 라인 2개 · 페어 [[3, 4], [5, 1]]
[복승불일치 축교정] 아오모리 5경주: 축 [1, 3]로 교정(자금이탈 강등 [6]·🔴)
[B라인 그물망] 아오모리 5경주: B라인[5, 1] 삼복승보험 [[1, 2, 5]] 추가
[placeholder 필터] 아오모리 3경주 복승 껍데기 배당 4조합 제외(값: [100])
[각질편성] 아오모리 3경주: 선행2·선입0·추입5 → 보통 페이스
[경륜전개] 아오모리 3경주: 슬로우(단독 선행) · 라인 3개 · 페어 [[2, 5], [7, 3], [4, 1]]
[3종 수집] 아오모리 5경주: {'quinella': 21, 'exacta': 42, 'trio': 0, 'win': 0} (history 4)
[다중경주] 호후 4경주: 사설(확장) 수집 활성(12초 전) → 복승은 사설 유지·서버 쌍승42/삼복승0 보완
[placeholder 필터] 호후 3경주 복승 껍데기 배당 3조합 제외(값: [100])
[각질편성] 호후 3경주: 선행1·선입0·추입6 → 🐌 느린 페이스
[경륜전개] 호후 3경주: 슬로우(단독 선행) · 라인 2개 · 페어 [[4, 3], [2, 5]]
[각질편성] 아오모리 5경주: 선행2·선입0·추입5 → 보통 페이스
[경륜전개] 아오모리 5경주: 보통 · 라인 2개 · 페어 [[3, 4], [5, 1]]
[복승불일치 축교정] 아오모리 5경주: 축 [1, 3]로 교정(자금이탈 강등 [6]·🔴)
[B라인 그물망] 아오모리 5경주: B라인[5, 1] 삼복승보험 [[1, 2, 5]] 추가
[자동분석·배경] 아오모리 5경주: 마감 493초 전 재분석(rec_history 누적·cycle)
[placeholder 필터] 호후 4경주 복승 껍데기 배당 6조합 제외(값: [100])
[각질편성] 호후 4경주: 선행2·선입0·추입5 → 보통 페이스
[경륜전개] 호후 4경주: 보통 · 라인 2개 · 페어 [[2, 7], [3, 4]]
[placeholder 필터] 호후 3경주 복승 껍데기 배당 3조합 제외(값: [100])
[각질편성] 호후 3경주: 선행1·선입0·추입6 → 🐌 느린 페이스
[경륜전개] 호후 3경주: 슬로우(단독 선행) · 라인 2개 · 페어 [[4, 3], [2, 5]]
[placeholder 필터] 호후 4경주 복승 껍데기 배당 6조합 제외(값: [100])
[placeholder 필터] 호후 4경주 복승 껍데기 배당 6조합 제외(값: [100])
[각질편성] 호후 4경주: 선행2·선입0·추입5 → 보통 페이스
[각질편성] 호후 4경주: 선행2·선입0·추입5 → 보통 페이스
[경륜전개] 호후 4경주: 보통 · 라인 2개 · 페어 [[2, 7], [3, 4]]
[경륜전개] 호후 4경주: 보통 · 라인 2개 · 페어 [[2, 7], [3, 4]]
[placeholder 필터] 호후 4경주 복승 껍데기 배당 6조합 제외(값: [100])
[각질편성] 호후 4경주: 선행2·선입0·추입5 → 보통 페이스
[경륜전개] 호후 4경주: 보통 · 라인 2개 · 페어 [[2, 7], [3, 4]]
[3종 수집] 호후 4경주: {'quinella': 21, 'exacta': 0, 'trio': 0, 'win': 0} (history 10)
[placeholder 필터] 호후 4경주 복승 껍데기 배당 6조합 제외(값: [100])
[각질편성] 호후 4경주: 선행2·선입0·추입5 → 보통 페이스
[경륜전개] 호후 4경주: 보통 · 라인 2개 · 페어 [[2, 7], [3, 4]]
[placeholder 필터] 호후 4경주 복승 껍데기 배당 6조합 제외(값: [100])
[각질편성] 호후 4경주: 선행2·선입0·추입5 → 보통 페이스
[경륜전개] 호후 4경주: 보통 · 라인 2개 · 페어 [[2, 7], [3, 4]]
[3종 수집] 아오모리 5경주: {'quinella': 21, 'exacta': 42, 'trio': 0, 'win': 0} (history 5)
[각질편성] 아오모리 5경주: 선행2·선입0·추입5 → 보통 페이스
[경륜전개] 아오모리 5경주: 보통 · 라인 2개 · 페어 [[3, 4], [5, 1]]
[복승불일치 축교정] 아오모리 5경주: 축 [1, 3]로 교정(자금이탈 강등 [6]·🔴)
[B라인 그물망] 아오모리 5경주: B라인[5, 1] 삼복승보험 [[1, 2, 5]] 추가
[자동분석·배경] 아오모리 5경주: 마감 460초 전 재분석(rec_history 누적·cycle)
[placeholder 필터] 호후 3경주 복승 껍데기 배당 3조합 제외(값: [100])
[각질편성] 호후 3경주: 선행1·선입0·추입6 → 🐌 느린 페이스
[경륜전개] 호후 3경주: 슬로우(단독 선행) · 라인 2개 · 페어 [[4, 3], [2, 5]]
[placeholder 필터] 호후 4경주 복승 껍데기 배당 6조합 제외(값: [100])
[placeholder 필터] 호후 4경주 복승 껍데기 배당 6조합 제외(값: [100])
[각질편성] 호후 4경주: 선행2·선입0·추입5 → 보통 페이스
[각질편성] 호후 4경주: 선행2·선입0·추입5 → 보통 페이스
[경륜전개] 호후 4경주: 보통 · 라인 2개 · 페어 [[2, 7], [3, 4]]
[경륜전개] 호후 4경주: 보통 · 라인 2개 · 페어 [[2, 7], [3, 4]]
[placeholder 필터] 호후 4경주 복승 껍데기 배당 6조합 제외(값: [100])
[각질편성] 호후 4경주: 선행2·선입0·추입5 → 보통 페이스
[경륜전개] 호후 4경주: 보통 · 라인 2개 · 페어 [[2, 7], [3, 4]]
[placeholder 필터] 아오모리 3경주 복승 껍데기 배당 4조합 제외(값: [100])
[각질편성] 아오모리 3경주: 선행2·선입0·추입5 → 보통 페이스
[경륜전개] 아오모리 3경주: 슬로우(단독 선행) · 라인 3개 · 페어 [[2, 5], [7, 3], [4, 1]]
[placeholder 필터] 아오모리 3경주 복승 껍데기 배당 4조합 제외(값: [100])
[각질편성] 아오모리 3경주: 선행2·선입0·추입5 → 보통 페이스
[경륜전개] 아오모리 3경주: 슬로우(단독 선행) · 라인 3개 · 페어 [[2, 5], [7, 3], [4, 1]]
[각질편성] 아오모리 4경주: 선행2·선입0·추입5 → 보통 페이스
[경륜전개] 아오모리 4경주: 슬로우(단독 선행) · 라인 2개 · 페어 [[2, 7], [4, 1]]
[복승불일치 축교정] 아오모리 4경주: 축 [1, 4]로 교정(자금이탈 강등 [7]·🔴🔴)
[3종 수집] 호후 4경주: {'quinella': 21, 'exacta': 0, 'trio': 0, 'win': 0} (history 11)
[placeholder 필터] 호후 4경주 복승 껍데기 배당 6조합 제외(값: [100])
[각질편성] 호후 4경주: 선행2·선입0·추입5 → 보통 페이스
[경륜전개] 호후 4경주: 보통 · 라인 2개 · 페어 [[2, 7], [3, 4]]
[결과기록] 캐시 갱신 — 재파싱 1건 / 전체 1651건
[각질편성] 호후 4경주: 선행2·선입0·추입5 → 보통 페이스
[경륜전개] 호후 4경주: 보통 · 라인 2개 · 페어 [[2, 7], [3, 4]]
[각질편성] 아오모리 5경주: 선행2·선입0·추입5 → 보통 페이스
[경륜전개] 아오모리 5경주: 보통 · 라인 2개 · 페어 [[3, 4], [5, 1]]
[복승불일치 축교정] 아오모리 5경주: 축 [1, 3]로 교정(자금이탈 강등 [6]·🔴)
[B라인 그물망] 아오모리 5경주: B라인[5, 1] 삼복승보험 [[1, 2, 5]] 추가
[placeholder 필터] 아오모리 3경주 복승 껍데기 배당 4조합 제외(값: [100])
[각질편성] 아오모리 3경주: 선행2·선입0·추입5 → 보통 페이스
[경륜전개] 아오모리 3경주: 슬로우(단독 선행) · 라인 3개 · 페어 [[2, 5], [7, 3], [4, 1]]
[placeholder 필터] 호후 3경주 복승 껍데기 배당 3조합 제외(값: [100])
[각질편성] 호후 3경주: 선행1·선입0·추입6 → 🐌 느린 페이스
[경륜전개] 호후 3경주: 슬로우(단독 선행) · 라인 2개 · 페어 [[4, 3], [2, 5]]
[placeholder 필터] 호후 4경주 복승 껍데기 배당 6조합 제외(값: [100])
[각질편성] 호후 4경주: 선행2·선입0·추입5 → 보통 페이스
[경륜전개] 호후 4경주: 보통 · 라인 2개 · 페어 [[2, 7], [3, 4]]
[3종 수집] 아오모리 5경주: {'quinella': 21, 'exacta': 42, 'trio': 0, 'win': 0} (history 6)
[각질편성] 아오모리 5경주: 선행2·선입0·추입5 → 보통 페이스
[경륜전개] 아오모리 5경주: 보통 · 라인 2개 · 페어 [[3, 4], [5, 1]]
[복승불일치 축교정] 아오모리 5경주: 축 [1, 3]로 교정(자금이탈 강등 [6]·🔴)
[B라인 그물망] 아오모리 5경주: B라인[5, 1] 삼복승보험 [[1, 2, 5]] 추가
[자동분석·배경] 아오모리 5경주: 마감 428초 전 재분석(rec_history 누적·cycle)
[placeholder 필터] 호후 4경주 복승 껍데기 배당 6조합 제외(값: [100])
[각질편성] 호후 4경주: 선행2·선입0·추입5 → 보통 페이스
[경륜전개] 호후 4경주: 보통 · 라인 2개 · 페어 [[2, 7], [3, 4]]
[각질편성] 아오모리 5경주: 선행2·선입0·추입5 → 보통 페이스
[경륜전개] 아오모리 5경주: 보통 · 라인 2개 · 페어 [[3, 4], [5, 1]]
[복승불일치 축교정] 아오모리 5경주: 축 [1, 3]로 교정(자금이탈 강등 [6]·🔴)
[B라인 그물망] 아오모리 5경주: B라인[5, 1] 삼복승보험 [[1, 2, 5]] 추가
[카카오알림] 아오모리 5경주 T-7 → 큐 적재
[placeholder 필터] 호후 3경주 복승 껍데기 배당 3조합 제외(값: [100])
[각질편성] 호후 3경주: 선행1·선입0·추입6 → 🐌 느린 페이스
[경륜전개] 호후 3경주: 슬로우(단독 선행) · 라인 2개 · 페어 [[4, 3], [2, 5]]
[placeholder 필터] 호후 4경주 복승 껍데기 배당 6조합 제외(값: [100])
[placeholder 필터] 호후 4경주 복승 껍데기 배당 6조합 제외(값: [100])
[각질편성] 호후 4경주: 선행2·선입0·추입5 → 보통 페이스
[경륜전개] 호후 4경주: 보통 · 라인 2개 · 페어 [[2, 7], [3, 4]]
[각질편성] 호후 4경주: 선행2·선입0·추입5 → 보통 페이스
[경륜전개] 호후 4경주: 보통 · 라인 2개 · 페어 [[2, 7], [3, 4]]
[placeholder 필터] 호후 4경주 복승 껍데기 배당 6조합 제외(값: [100])
[각질편성] 호후 4경주: 선행2·선입0·추입5 → 보통 페이스
[경륜전개] 호후 4경주: 보통 · 라인 2개 · 페어 [[2, 7], [3, 4]]
[3종 수집] 호후 4경주: {'quinella': 21, 'exacta': 0, 'trio': 0, 'win': 0} (history 12)
[placeholder 필터] 호후 4경주 복승 껍데기 배당 6조합 제외(값: [100])
[각질편성] 호후 4경주: 선행2·선입0·추입5 → 보통 페이스
[경륜전개] 호후 4경주: 보통 · 라인 2개 · 페어 [[2, 7], [3, 4]]
[placeholder 필터] 호후 4경주 복승 껍데기 배당 6조합 제외(값: [100])
[각질편성] 호후 4경주: 선행2·선입0·추입5 → 보통 페이스
[경륜전개] 호후 4경주: 보통 · 라인 2개 · 페어 [[2, 7], [3, 4]]
[3종 수집] 아오모리 5경주: {'quinella': 21, 'exacta': 42, 'trio': 0, 'win': 0} (history 7)
[각질편성] 아오모리 5경주: 선행2·선입0·추입5 → 보통 페이스
[경륜전개] 아오모리 5경주: 보통 · 라인 2개 · 페어 [[3, 4], [5, 1]]
[복승불일치 축교정] 아오모리 5경주: 축 [1, 3]로 교정(자금이탈 강등 [6]·🔴)
[B라인 그물망] 아오모리 5경주: B라인[5, 1] 삼복승보험 [[1, 2, 5]] 추가
[자동분석·배경] 아오모리 5경주: 마감 395초 전 재분석(rec_history 누적·cycle)
[placeholder 필터] 호후 3경주 복승 껍데기 배당 3조합 제외(값: [100])
[각질편성] 호후 3경주: 선행1·선입0·추입6 → 🐌 느린 페이스
[경륜전개] 호후 3경주: 슬로우(단독 선행) · 라인 2개 · 페어 [[4, 3], [2, 5]]
[placeholder 필터] 호후 4경주 복승 껍데기 배당 6조합 제외(값: [100])
[각질편성] 호후 4경주: 선행2·선입0·추입5 → 보통 페이스
[경륜전개] 호후 4경주: 보통 · 라인 2개 · 페어 [[2, 7], [3, 4]]
[placeholder 필터] 호후 4경주 복승 껍데기 배당 6조합 제외(값: [100])
[placeholder 필터] 호후 4경주 복승 껍데기 배당 6조합 제외(값: [100])
[각질편성] 호후 4경주: 선행2·선입0·추입5 → 보통 페이스
[각질편성] 호후 4경주: 선행2·선입0·추입5 → 보통 페이스
[경륜전개] 호후 4경주: 보통 · 라인 2개 · 페어 [[2, 7], [3, 4]]
[경륜전개] 호후 4경주: 보통 · 라인 2개 · 페어 [[2, 7], [3, 4]]
[placeholder 필터] 아오모리 3경주 복승 껍데기 배당 4조합 제외(값: [100])
[placeholder 필터] 아오모리 3경주 복승 껍데기 배당 4조합 제외(값: [100])
[각질편성] 아오모리 3경주: 선행2·선입0·추입5 → 보통 페이스
[각질편성] 아오모리 3경주: 선행2·선입0·추입5 → 보통 페이스
[경륜전개] 아오모리 3경주: 슬로우(단독 선행) · 라인 3개 · 페어 [[2, 5], [7, 3], [4, 1]]
[경륜전개] 아오모리 3경주: 슬로우(단독 선행) · 라인 3개 · 페어 [[2, 5], [7, 3], [4, 1]]
[각질편성] 아오모리 4경주: 선행2·선입0·추입5 → 보통 페이스
[경륜전개] 아오모리 4경주: 슬로우(단독 선행) · 라인 2개 · 페어 [[2, 7], [4, 1]]
[복승불일치 축교정] 아오모리 4경주: 축 [1, 4]로 교정(자금이탈 강등 [7]·🔴🔴)
[각질편성] 호후 4경주: 선행2·선입0·추입5 → 보통 페이스
[경륜전개] 호후 4경주: 보통 · 라인 2개 · 페어 [[2, 7], [3, 4]]
[결과기록] 캐시 갱신 — 재파싱 1건 / 전체 1651건
[각질편성] 아오모리 5경주: 선행2·선입0·추입5 → 보통 페이스
[경륜전개] 아오모리 5경주: 보통 · 라인 2개 · 페어 [[3, 4], [5, 1]]
[복승불일치 축교정] 아오모리 5경주: 축 [1, 3]로 교정(자금이탈 강등 [6]·🔴)
[B라인 그물망] 아오모리 5경주: B라인[5, 1] 삼복승보험 [[1, 2, 5]] 추가
[placeholder 필터] 아오모리 3경주 복승 껍데기 배당 4조합 제외(값: [100])
[각질편성] 아오모리 3경주: 선행2·선입0·추입5 → 보통 페이스
[경륜전개] 아오모리 3경주: 슬로우(단독 선행) · 라인 3개 · 페어 [[2, 5], [7, 3], [4, 1]]
[placeholder 필터] 호후 3경주 복승 껍데기 배당 3조합 제외(값: [100])
[각질편성] 호후 3경주: 선행1·선입0·추입6 → 🐌 느린 페이스
[경륜전개] 호후 3경주: 슬로우(단독 선행) · 라인 2개 · 페어 [[4, 3], [2, 5]]
[placeholder 필터] 호후 4경주 복승 껍데기 배당 6조합 제외(값: [100])
[각질편성] 호후 4경주: 선행2·선입0·추입5 → 보통 페이스
[경륜전개] 호후 4경주: 보통 · 라인 2개 · 페어 [[2, 7], [3, 4]]
[3종 수집] 호후 4경주: {'quinella': 21, 'exacta': 0, 'trio': 0, 'win': 0} (history 12)
[placeholder 필터] 호후 4경주 복승 껍데기 배당 6조합 제외(값: [100])
[각질편성] 호후 4경주: 선행2·선입0·추입5 → 보통 페이스
[경륜전개] 호후 4경주: 보통 · 라인 2개 · 페어 [[2, 7], [3, 4]]
[3종 수집] 아오모리 5경주: {'quinella': 21, 'exacta': 42, 'trio': 0, 'win': 0} (history 8)
[각질편성] 아오모리 5경주: 선행2·선입0·추입5 → 보통 페이스
[경륜전개] 아오모리 5경주: 보통 · 라인 2개 · 페어 [[3, 4], [5, 1]]
[복승불일치 축교정] 아오모리 5경주: 축 [1, 3]로 교정(자금이탈 강등 [6]·🔴)
[B라인 그물망] 아오모리 5경주: B라인[5, 1] 삼복승보험 [[1, 2, 5]] 추가
[자동분석·배경] 아오모리 5경주: 마감 363초 전 재분석(rec_history 누적·cycle)
[placeholder 필터] 호후 3경주 복승 껍데기 배당 3조합 제외(값: [100])
[각질편성] 호후 3경주: 선행1·선입0·추입6 → 🐌 느린 페이스
[경륜전개] 호후 3경주: 슬로우(단독 선행) · 라인 2개 · 페어 [[4, 3], [2, 5]]
[placeholder 필터] 호후 4경주 복승 껍데기 배당 6조합 제외(값: [100])
[각질편성] 호후 4경주: 선행2·선입0·추입5 → 보통 페이스
[경륜전개] 호후 4경주: 보통 · 라인 2개 · 페어 [[2, 7], [3, 4]]
[3종 수집] 아오모리 5경주: {'quinella': 21, 'exacta': 42, 'trio': 0, 'win': 0} (history 9)
[각질편성] 아오모리 5경주: 선행2·선입0·추입5 → 보통 페이스
[경륜전개] 아오모리 5경주: 보통 · 라인 2개 · 페어 [[3, 4], [5, 1]]
[경륜 추천 모순 수정] 고배당 강제조합 2건 메인→복병 이동(25배 상한)
[경륜 추천 개수] 7명 → 메인 4개(상한 4·혼전+1) · 복병 이동 1개
[자동분석·배경] 아오모리 5경주: 마감 331초 전 재분석(rec_history 누적·cycle)
[placeholder 필터] 호후 3경주 복승 껍데기 배당 3조합 제외(값: [100])
[각질편성] 호후 3경주: 선행1·선입0·추입6 → 🐌 느린 페이스
[경륜전개] 호후 3경주: 슬로우(단독 선행) · 라인 2개 · 페어 [[4, 3], [2, 5]]
[다중경주 스케줄] 20260801: 트랙 12곳(경륜 10·한국 0 포함) · 경주 118개
[placeholder 필터] 아오모리 3경주 복승 껍데기 배당 4조합 제외(값: [100])
[placeholder 필터] 아오모리 3경주 복승 껍데기 배당 4조합 제외(값: [100])
[각질편성] 아오모리 3경주: 선행2·선입0·추입5 → 보통 페이스
[각질편성] 아오모리 3경주: 선행2·선입0·추입5 → 보통 페이스
[경륜전개] 아오모리 3경주: 슬로우(단독 선행) · 라인 3개 · 페어 [[2, 5], [7, 3], [4, 1]]
[경륜전개] 아오모리 3경주: 슬로우(단독 선행) · 라인 3개 · 페어 [[2, 5], [7, 3], [4, 1]]
[각질편성] 아오모리 4경주: 선행2·선입0·추입5 → 보통 페이스
[placeholder 필터] 호후 4경주 복승 껍데기 배당 6조합 제외(값: [100])
[경륜전개] 아오모리 4경주: 슬로우(단독 선행) · 라인 2개 · 페어 [[2, 7], [4, 1]]
[복승불일치 축교정] 아오모리 4경주: 축 [1, 4]로 교정(자금이탈 강등 [7]·🔴🔴)
[각질편성] 호후 4경주: 선행2·선입0·추입5 → 보통 페이스
[경륜전개] 호후 4경주: 보통 · 라인 2개 · 페어 [[2, 7], [3, 4]]
[각질편성] 호후 4경주: 선행2·선입0·추입5 → 보통 페이스
[경륜전개] 호후 4경주: 보통 · 라인 2개 · 페어 [[2, 7], [3, 4]]
[결과기록] 캐시 갱신 — 재파싱 1건 / 전체 1651건
[각질편성] 아오모리 5경주: 선행2·선입0·추입5 → 보통 페이스
[경륜전개] 아오모리 5경주: 보통 · 라인 2개 · 페어 [[3, 4], [5, 1]]
[경륜 추천 모순 수정] 고배당 강제조합 2건 메인→복병 이동(25배 상한)
[경륜 추천 개수] 7명 → 메인 4개(상한 4·혼전+1) · 복병 이동 1개
[placeholder 필터] 아오모리 3경주 복승 껍데기 배당 4조합 제외(값: [100])
[각질편성] 아오모리 3경주: 선행2·선입0·추입5 → 보통 페이스
[경륜전개] 아오모리 3경주: 슬로우(단독 선행) · 라인 3개 · 페어 [[2, 5], [7, 3], [4, 1]]
[placeholder 필터] 호후 3경주 복승 껍데기 배당 3조합 제외(값: [100])
[각질편성] 호후 3경주: 선행1·선입0·추입6 → 🐌 느린 페이스
[경륜전개] 호후 3경주: 슬로우(단독 선행) · 라인 2개 · 페어 [[4, 3], [2, 5]]
[활성정리] 끝난 경주 1건 제거(히스토리 보존): 아오모리 3경주
[3종 수집] 아오모리 5경주: {'quinella': 21, 'exacta': 42, 'trio': 0, 'win': 0} (history 10)
[placeholder 필터] 호후 3경주 복승 껍데기 배당 3조합 제외(값: [100])
[각질편성] 호후 3경주: 선행1·선입0·추입6 → 🐌 느린 페이스
[경륜전개] 호후 3경주: 슬로우(단독 선행) · 라인 2개 · 페어 [[4, 3], [2, 5]]
[각질편성] 아오모리 5경주: 선행2·선입0·추입5 → 보통 페이스
[경륜전개] 아오모리 5경주: 보통 · 라인 2개 · 페어 [[3, 4], [5, 1]]
[경륜 추천 모순 수정] 고배당 강제조합 2건 메인→복병 이동(25배 상한)
[경륜 추천 개수] 7명 → 메인 4개(상한 4·혼전+1) · 복병 이동 1개
[자동예상] 아오모리 5경주 최종예상 저장(2026_08_01_아오모리_5경주.json)
[각질편성] 아오모리 5경주: 선행2·선입0·추입5 → 보통 페이스
[경륜전개] 아오모리 5경주: 보통 · 라인 2개 · 페어 [[3, 4], [5, 1]]
[경륜 추천 모순 수정] 고배당 강제조합 2건 메인→복병 이동(25배 상한)
[경륜 추천 개수] 7명 → 메인 4개(상한 4·혼전+1) · 복병 이동 1개
[자동분석·배경] 아오모리 5경주: 마감 299초 전 재분석(rec_history 누적·cycle)
[자동예상] 아오모리 4경주 결과대조 → 복승False·삼복승False
[각질편성] 아오모리 5경주: 선행2·선입0·추입5 → 보통 페이스
[경륜전개] 아오모리 5경주: 보통 · 라인 2개 · 페어 [[3, 4], [5, 1]]
[경륜 추천 모순 수정] 고배당 강제조합 2건 메인→복병 이동(25배 상한)
[경륜 추천 개수] 7명 → 메인 4개(상한 4·혼전+1) · 복병 이동 1개
[카카오알림] 아오모리 5경주 T-5 → 큐 적재
[각질편성] 아오모리 4경주: 선행2·선입0·추입5 → 보통 페이스
[경륜전개] 아오모리 4경주: 슬로우(단독 선행) · 라인 2개 · 페어 [[2, 7], [4, 1]]
[복승불일치 축교정] 아오모리 4경주: 축 [1, 4]로 교정(자금이탈 강등 [7]·🔴🔴)
[각질편성] 호후 4경주: 선행2·선입0·추입5 → 보통 페이스
[경륜전개] 호후 4경주: 보통 · 라인 2개 · 페어 [[2, 7], [3, 4]]
[각질편성] 아오모리 5경주: 선행2·선입0·추입5 → 보통 페이스
[경륜전개] 아오모리 5경주: 보통 · 라인 2개 · 페어 [[3, 4], [5, 1]]
[경륜 추천 모순 수정] 고배당 강제조합 2건 메인→복병 이동(25배 상한)
[경륜 추천 개수] 7명 → 메인 4개(상한 4·혼전+1) · 복병 이동 1개
[placeholder 필터] 호후 3경주 복승 껍데기 배당 3조합 제외(값: [100])
[각질편성] 호후 3경주: 선행1·선입0·추입6 → 🐌 느린 페이스
[경륜전개] 호후 3경주: 슬로우(단독 선행) · 라인 2개 · 페어 [[4, 3], [2, 5]]
[각질편성] 아오모리 5경주: 선행2·선입0·추입5 → 보통 페이스
[경륜전개] 아오모리 5경주: 보통 · 라인 2개 · 페어 [[3, 4], [5, 1]]
[경륜 추천 모순 수정] 고배당 강제조합 2건 메인→복병 이동(25배 상한)
[경륜 추천 개수] 7명 → 메인 4개(상한 4·혼전+1) · 복병 이동 1개
[placeholder 필터] 호후 3경주 복승 껍데기 배당 3조합 제외(값: [100])
[각질편성] 호후 3경주: 선행1·선입0·추입6 → 🐌 느린 페이스
[경륜전개] 호후 3경주: 슬로우(단독 선행) · 라인 2개 · 페어 [[4, 3], [2, 5]]
[3종 수집] 아오모리 5경주: {'quinella': 21, 'exacta': 42, 'trio': 0, 'win': 0} (history 11)
[카톡 변경알림·즉시] 아오모리 5경주 (남은 267s): 삼복승 제외: 1+3+4 · 1+3+6
[각질편성] 아오모리 5경주: 선행2·선입0·추입5 → 보통 페이스
[경륜전개] 아오모리 5경주: 보통 · 라인 2개 · 페어 [[3, 4], [5, 1]]
[복승불일치 축교정] 아오모리 5경주: 축 [1, 3]로 교정(자금이탈 강등 [6]·🔴)
[경륜 추천 개수] 7명 → 메인 4개(상한 4·혼전+1) · 복병 이동 1개
[placeholder 필터] 호후 3경주 복승 껍데기 배당 3조합 제외(값: [100])
[각질편성] 호후 3경주: 선행1·선입0·추입6 → 🐌 느린 페이스
[경륜전개] 호후 3경주: 슬로우(단독 선행) · 라인 2개 · 페어 [[4, 3], [2, 5]]
[3종 수집] 아오모리 5경주: {'quinella': 21, 'exacta': 42, 'trio': 0, 'win': 0} (history 12)
[각질편성] 아오모리 5경주: 선행2·선입0·추입5 → 보통 페이스
[경륜전개] 아오모리 5경주: 보통 · 라인 2개 · 페어 [[3, 4], [5, 1]]
[복승불일치 축교정] 아오모리 5경주: 축 [1, 3]로 교정(자금이탈 강등 [6]·🔴)
[경륜 추천 개수] 7명 → 메인 4개(상한 4·혼전+1) · 복병 이동 1개
[각질편성] 아오모리 4경주: 선행2·선입0·추입5 → 보통 페이스
[경륜전개] 아오모리 4경주: 슬로우(단독 선행) · 라인 2개 · 페어 [[2, 7], [4, 1]]
[복승불일치 축교정] 아오모리 4경주: 축 [1, 4]로 교정(자금이탈 강등 [7]·🔴🔴)
[결과기록] 캐시 갱신 — 재파싱 1건 / 전체 1651건
[각질편성] 호후 4경주: 선행2·선입0·추입5 → 보통 페이스
[경륜전개] 호후 4경주: 보통 · 라인 2개 · 페어 [[2, 7], [3, 4]]
[각질편성] 아오모리 5경주: 선행2·선입0·추입5 → 보통 페이스
[경륜전개] 아오모리 5경주: 보통 · 라인 2개 · 페어 [[3, 4], [5, 1]]
[복승불일치 축교정] 아오모리 5경주: 축 [1, 3]로 교정(자금이탈 강등 [6]·🔴)
[경륜 추천 개수] 7명 → 메인 4개(상한 4·혼전+1) · 복병 이동 1개
[placeholder 필터] 호후 3경주 복승 껍데기 배당 3조합 제외(값: [100])
[각질편성] 호후 3경주: 선행1·선입0·추입6 → 🐌 느린 페이스
[경륜전개] 호후 3경주: 슬로우(단독 선행) · 라인 2개 · 페어 [[4, 3], [2, 5]]
[placeholder 필터] 호후 3경주 복승 껍데기 배당 3조합 제외(값: [100])
[각질편성] 호후 3경주: 선행1·선입0·추입6 → 🐌 느린 페이스
[경륜전개] 호후 3경주: 슬로우(단독 선행) · 라인 2개 · 페어 [[4, 3], [2, 5]]
[다중경주] 하트비트 #61 · 스케줄 ymd=20260801 (-1초 전 갱신 · 트랙 12개)
[3종 수집] 아오모리 5경주: {'quinella': 21, 'exacta': 42, 'trio': 0, 'win': 0} (history 12)
[각질편성] 아오모리 4경주: 선행2·선입0·추입5 → 보통 페이스
[경륜전개] 아오모리 4경주: 슬로우(단독 선행) · 라인 2개 · 페어 [[2, 7], [4, 1]]
[복승불일치 축교정] 아오모리 4경주: 축 [1, 4]로 교정(자금이탈 강등 [7]·🔴🔴)
[각질편성] 호후 4경주: 선행2·선입0·추입5 → 보통 페이스
[경륜전개] 호후 4경주: 보통 · 라인 2개 · 페어 [[2, 7], [3, 4]]
[각질편성] 아오모리 5경주: 선행2·선입0·추입5 → 보통 페이스
[경륜전개] 아오모리 5경주: 보통 · 라인 2개 · 페어 [[3, 4], [5, 1]]
[복승불일치 축교정] 아오모리 5경주: 축 [1, 3]로 교정(자금이탈 강등 [6]·🔴)
[경륜 추천 개수] 7명 → 메인 4개(상한 4·혼전+1) · 복병 이동 1개
[placeholder 필터] 호후 3경주 복승 껍데기 배당 3조합 제외(값: [100])
[각질편성] 호후 3경주: 선행1·선입0·추입6 → 🐌 느린 페이스
[경륜전개] 호후 3경주: 슬로우(단독 선행) · 라인 2개 · 페어 [[4, 3], [2, 5]]
[placeholder 필터] 호후 3경주 복승 껍데기 배당 3조합 제외(값: [100])
[각질편성] 호후 3경주: 선행1·선입0·추입6 → 🐌 느린 페이스
[경륜전개] 호후 3경주: 슬로우(단독 선행) · 라인 2개 · 페어 [[4, 3], [2, 5]]
[3종 수집] 아오모리 5경주: {'quinella': 21, 'exacta': 42, 'trio': 0, 'win': 0} (history 12)
[각질편성] 아오모리 5경주: 선행2·선입0·추입5 → 보통 페이스
[경륜전개] 아오모리 5경주: 보통 · 라인 2개 · 페어 [[3, 4], [5, 1]]
[복병 이동 상한] 4+5 60.9배 > 특별상한 50.0배 → 💎 노출 제외(참고)
[복병 이동 상한] 2+5 50.8배 > 특별상한 50.0배 → 💎 노출 제외(참고)
[경륜 추천 모순 수정] 고배당 강제조합 2건 메인→복병 이동(25배 상한)
[경륜 추천 개수] 7명 → 메인 4개(상한 4·혼전+1) · 복병 이동 1개
[삼복승 축보험] 편성 스킵(무시): cannot access local variable '_tri_odds' where it is not associated with a value
[자동분석·배경] 아오모리 5경주: 마감 171초 전 재분석(rec_history 누적·cycle)
[각질편성] 아오모리 4경주: 선행2·선입0·추입5 → 보통 페이스
[경륜전개] 아오모리 4경주: 슬로우(단독 선행) · 라인 2개 · 페어 [[2, 7], [4, 1]]
[복승불일치 축교정] 아오모리 4경주: 축 [1, 4]로 교정(자금이탈 강등 [7]·🔴🔴)
[결과기록] 캐시 갱신 — 재파싱 1건 / 전체 1651건
[각질편성] 호후 4경주: 선행2·선입0·추입5 → 보통 페이스
[경륜전개] 호후 4경주: 보통 · 라인 2개 · 페어 [[2, 7], [3, 4]]
[각질편성] 아오모리 5경주: 선행2·선입0·추입5 → 보통 페이스
[경륜전개] 아오모리 5경주: 보통 · 라인 2개 · 페어 [[3, 4], [5, 1]]
[복병 이동 상한] 4+5 60.9배 > 특별상한 50.0배 → 💎 노출 제외(참고)
[복병 이동 상한] 2+5 50.8배 > 특별상한 50.0배 → 💎 노출 제외(참고)
[경륜 추천 모순 수정] 고배당 강제조합 2건 메인→복병 이동(25배 상한)
[경륜 추천 개수] 7명 → 메인 4개(상한 4·혼전+1) · 복병 이동 1개
[삼복승 축보험] 편성 스킵(무시): cannot access local variable '_tri_odds' where it is not associated with a value
[placeholder 필터] 호후 3경주 복승 껍데기 배당 3조합 제외(값: [100])
[각질편성] 호후 3경주: 선행1·선입0·추입6 → 🐌 느린 페이스
[경륜전개] 호후 3경주: 슬로우(단독 선행) · 라인 2개 · 페어 [[4, 3], [2, 5]]
[placeholder 필터] 호후 3경주 복승 껍데기 배당 3조합 제외(값: [100])
[각질편성] 호후 3경주: 선행1·선입0·추입6 → 🐌 느린 페이스
[경륜전개] 호후 3경주: 슬로우(단독 선행) · 라인 2개 · 페어 [[4, 3], [2, 5]]
[3종 수집] 아오모리 5경주: {'quinella': 21, 'exacta': 42, 'trio': 0, 'win': 0} (history 12)
[각질편성] 아오모리 5경주: 선행2·선입0·추입5 → 보통 페이스
[경륜전개] 아오모리 5경주: 보통 · 라인 2개 · 페어 [[3, 4], [5, 1]]
[복병 이동 상한] 4+5 60.9배 > 특별상한 50.0배 → 💎 노출 제외(참고)
[복병 이동 상한] 2+5 50.8배 > 특별상한 50.0배 → 💎 노출 제외(참고)
[경륜 추천 모순 수정] 고배당 강제조합 2건 메인→복병 이동(25배 상한)
[경륜 추천 개수] 7명 → 메인 4개(상한 4·혼전+1) · 복병 이동 1개
[자동분석·배경] 아오모리 5경주: 마감 139초 전 재분석(rec_history 누적·cycle)
[각질편성] 아오모리 4경주: 선행2·선입0·추입5 → 보통 페이스
[경륜전개] 아오모리 4경주: 슬로우(단독 선행) · 라인 2개 · 페어 [[2, 7], [4, 1]]
[복승불일치 축교정] 아오모리 4경주: 축 [1, 4]로 교정(자금이탈 강등 [7]·🔴🔴)
[각질편성] 호후 4경주: 선행2·선입0·추입5 → 보통 페이스
[경륜전개] 호후 4경주: 보통 · 라인 2개 · 페어 [[2, 7], [3, 4]]
[각질편성] 아오모리 5경주: 선행2·선입0·추입5 → 보통 페이스
[경륜전개] 아오모리 5경주: 보통 · 라인 2개 · 페어 [[3, 4], [5, 1]]
[복병 이동 상한] 4+5 60.9배 > 특별상한 50.0배 → 💎 노출 제외(참고)
[복병 이동 상한] 2+5 50.8배 > 특별상한 50.0배 → 💎 노출 제외(참고)
[경륜 추천 모순 수정] 고배당 강제조합 2건 메인→복병 이동(25배 상한)
[경륜 추천 개수] 7명 → 메인 4개(상한 4·혼전+1) · 복병 이동 1개
[placeholder 필터] 호후 3경주 복승 껍데기 배당 3조합 제외(값: [100])
[각질편성] 호후 3경주: 선행1·선입0·추입6 → 🐌 느린 페이스
[경륜전개] 호후 3경주: 슬로우(단독 선행) · 라인 2개 · 페어 [[4, 3], [2, 5]]
[placeholder 필터] 호후 3경주 복승 껍데기 배당 3조합 제외(값: [100])
[각질편성] 호후 3경주: 선행1·선입0·추입6 → 🐌 느린 페이스
[경륜전개] 호후 3경주: 슬로우(단독 선행) · 라인 2개 · 페어 [[4, 3], [2, 5]]
[3종 수집] 아오모리 5경주: {'quinella': 21, 'exacta': 42, 'trio': 0, 'win': 0} (history 12)
[각질편성] 아오모리 5경주: 선행2·선입0·추입5 → 보통 페이스
[경륜전개] 아오모리 5경주: 보통 · 라인 2개 · 페어 [[3, 4], [5, 1]]
[복승불일치 축교정] 아오모리 5경주: 축 [1, 3]로 교정(자금이탈 강등 [6]·🔴)
[T-2분 왕축 동결] 아오모리 5경주: [1, 3] → [1, 3] 유지(cur_mb=1)
[경륜 추천 개수] 7명 → 메인 4개(상한 4·혼전+1) · 복병 이동 1개
[자동분석·배경] 아오모리 5경주: 마감 107초 전 재분석(rec_history 누적·cycle)
[각질편성] 아오모리 4경주: 선행2·선입0·추입5 → 보통 페이스
[경륜전개] 아오모리 4경주: 슬로우(단독 선행) · 라인 2개 · 페어 [[2, 7], [4, 1]]
[복승불일치 축교정] 아오모리 4경주: 축 [1, 4]로 교정(자금이탈 강등 [7]·🔴🔴)
[각질편성] 호후 4경주: 선행2·선입0·추입5 → 보통 페이스
[경륜전개] 호후 4경주: 보통 · 라인 2개 · 페어 [[2, 7], [3, 4]]
[결과기록] 캐시 갱신 — 재파싱 1건 / 전체 1651건
[각질편성] 아오모리 5경주: 선행2·선입0·추입5 → 보통 페이스
[경륜전개] 아오모리 5경주: 보통 · 라인 2개 · 페어 [[3, 4], [5, 1]]
[복승불일치 축교정] 아오모리 5경주: 축 [1, 3]로 교정(자금이탈 강등 [6]·🔴)
[T-2분 왕축 동결] 아오모리 5경주: [1, 3] → [1, 3] 유지(cur_mb=1)
[경륜 추천 개수] 7명 → 메인 4개(상한 4·혼전+1) · 복병 이동 1개
[placeholder 필터] 호후 3경주 복승 껍데기 배당 3조합 제외(값: [100])
[각질편성] 호후 3경주: 선행1·선입0·추입6 → 🐌 느린 페이스
[경륜전개] 호후 3경주: 슬로우(단독 선행) · 라인 2개 · 페어 [[4, 3], [2, 5]]
[placeholder 필터] 호후 3경주 복승 껍데기 배당 3조합 제외(값: [100])
[각질편성] 호후 3경주: 선행1·선입0·추입6 → 🐌 느린 페이스
[경륜전개] 호후 3경주: 슬로우(단독 선행) · 라인 2개 · 페어 [[4, 3], [2, 5]]
[3종 수집] 아오모리 5경주: {'quinella': 21, 'exacta': 42, 'trio': 0, 'win': 0} (history 12)
[각질편성] 아오모리 5경주: 선행2·선입0·추입5 → 보통 페이스
[경륜전개] 아오모리 5경주: 보통 · 라인 2개 · 페어 [[3, 4], [5, 1]]
[복승불일치 축교정] 아오모리 5경주: 축 [1, 3]로 교정(자금이탈 강등 [6]·🔴)
[T-2분 왕축 동결] 아오모리 5경주: [1, 3] → [1, 3] 유지(cur_mb=1)
[경륜 추천 개수] 7명 → 메인 4개(상한 4·혼전+1) · 복병 이동 1개
[자동분석·배경] 아오모리 5경주: 마감 75초 전 재분석(rec_history 누적·cycle)
[각질편성] 아오모리 4경주: 선행2·선입0·추입5 → 보통 페이스
[경륜전개] 아오모리 4경주: 슬로우(단독 선행) · 라인 2개 · 페어 [[2, 7], [4, 1]]
[복승불일치 축교정] 아오모리 4경주: 축 [1, 4]로 교정(자금이탈 강등 [7]·🔴🔴)
[각질편성] 호후 4경주: 선행2·선입0·추입5 → 보통 페이스
[경륜전개] 호후 4경주: 보통 · 라인 2개 · 페어 [[2, 7], [3, 4]]
[각질편성] 아오모리 5경주: 선행2·선입0·추입5 → 보통 페이스
[경륜전개] 아오모리 5경주: 보통 · 라인 2개 · 페어 [[3, 4], [5, 1]]
[복승불일치 축교정] 아오모리 5경주: 축 [1, 3]로 교정(자금이탈 강등 [6]·🔴)
[T-2분 왕축 동결] 아오모리 5경주: [1, 3] → [1, 3] 유지(cur_mb=1)
[경륜 추천 개수] 7명 → 메인 4개(상한 4·혼전+1) · 복병 이동 1개
[placeholder 필터] 호후 3경주 복승 껍데기 배당 3조합 제외(값: [100])
[각질편성] 호후 3경주: 선행1·선입0·추입6 → 🐌 느린 페이스
[경륜전개] 호후 3경주: 슬로우(단독 선행) · 라인 2개 · 페어 [[4, 3], [2, 5]]
[placeholder 필터] 호후 3경주 복승 껍데기 배당 3조합 제외(값: [100])
[각질편성] 호후 3경주: 선행1·선입0·추입6 → 🐌 느린 페이스
[경륜전개] 호후 3경주: 슬로우(단독 선행) · 라인 2개 · 페어 [[4, 3], [2, 5]]
[3종 수집] 아오모리 5경주: {'quinella': 21, 'exacta': 42, 'trio': 0, 'win': 0} (history 12)
[각질편성] 아오모리 5경주: 선행2·선입0·추입5 → 보통 페이스
[경륜전개] 아오모리 5경주: 보통 · 라인 2개 · 페어 [[3, 4], [5, 1]]
[복승불일치 축교정] 아오모리 5경주: 축 [1, 3]로 교정(자금이탈 강등 [6]·🔴)
[경륜 추천 개수] 7명 → 메인 4개(상한 4·혼전+1) · 복병 이동 2개
[자동분석·배경] 아오모리 5경주: 마감 43초 전 재분석(rec_history 누적·cycle)
[각질편성] 아오모리 4경주: 선행2·선입0·추입5 → 보통 페이스
[경륜전개] 아오모리 4경주: 슬로우(단독 선행) · 라인 2개 · 페어 [[2, 7], [4, 1]]
[복승불일치 축교정] 아오모리 4경주: 축 [1, 4]로 교정(자금이탈 강등 [7]·🔴🔴)
[각질편성] 호후 4경주: 선행2·선입0·추입5 → 보통 페이스
[경륜전개] 호후 4경주: 보통 · 라인 2개 · 페어 [[2, 7], [3, 4]]
[각질편성] 아오모리 5경주: 선행2·선입0·추입5 → 보통 페이스
[경륜전개] 아오모리 5경주: 보통 · 라인 2개 · 페어 [[3, 4], [5, 1]]
[복승불일치 축교정] 아오모리 5경주: 축 [1, 3]로 교정(자금이탈 강등 [6]·🔴)
[경륜 추천 개수] 7명 → 메인 4개(상한 4·혼전+1) · 복병 이동 2개
[결과기록] 캐시 갱신 — 재파싱 1건 / 전체 1651건
[placeholder 필터] 호후 3경주 복승 껍데기 배당 3조합 제외(값: [100])
[각질편성] 호후 3경주: 선행1·선입0·추입6 → 🐌 느린 페이스
[경륜전개] 호후 3경주: 슬로우(단독 선행) · 라인 2개 · 페어 [[4, 3], [2, 5]]
📊 [채점] 아오모리 4경주: Gemini 2/3 ↔ 시장 2/3 · 놓침 [7]
[placeholder 필터] 호후 3경주 복승 껍데기 배당 3조합 제외(값: [100])
[각질편성] 호후 3경주: 선행1·선입0·추입6 → 🐌 느린 페이스
[경륜전개] 호후 3경주: 슬로우(단독 선행) · 라인 2개 · 페어 [[4, 3], [2, 5]]
📝 [복기] 아오모리 4경주: 7번은 추입형이었으나, 예측 시 2번과 4번의 선행 라인 결성 가능성에 너무 집중하여 추입 → 규칙(3): 선행형이 적은 경주에서 추입형 마필의 기어비와 최근 착순 분포를 종합적으로 검토하여 추입 능력 우위마를 판단
[placeholder 필터] 아오모리 4경주 복승 껍데기 배당 8조합 제외(값: [100])
[잔존마 필터] 아오모리 4경주: 전적 7두 → 배당 출전마 6두 (배당 없는 마번 제외: [6])
[각질편성] 아오모리 4경주: 선행2·선입0·추입4 → 보통 페이스
[경륜전개] 아오모리 4경주: 슬로우(단독 선행) · 라인 2개 · 페어 [[2, 7], [4, 1]]
[신호별학습] 아오모리 4경주 · 활성신호 ['역배열', '급락', '전적이중수렴'] · 유력마적중 복승=True 삼복승=False
[결과 수정] 아오모리 4경주: 기존 레코드 교체(재입력)
[복병케이스] 아오모리 4경주: 복병 2두 저장(입상 2)
[placeholder 필터] 아오모리 4경주 복승 껍데기 배당 8조합 제외(값: [100])
[잔존마 필터] 아오모리 4경주: 전적 7두 → 배당 출전마 6두 (배당 없는 마번 제외: [6])
[각질편성] 아오모리 4경주: 선행2·선입0·추입4 → 보통 페이스
[경륜전개] 아오모리 4경주: 슬로우(단독 선행) · 라인 2개 · 페어 [[2, 7], [4, 1]]
[readonly 잠금] 아오모리 4경주: 마감 확정 파일 — corePicks/시계열 보존, result/hit만 업데이트 허용
[패턴발견] 결과 1514경주 스캔 → 발견 패턴 10개(기준 적중률 35.1%)
[자동학습] 아오모리 4경주 결과 [7, 2, 4] → 추천적중 True, 급락적중 True, 전적유력마 1(실패), 제거적중 False
📊 [채점] 호후 3경주: Gemini 2/3 ↔ 시장 2/3 · 놓침 [6]
📝 [복기] 호후 3경주: 6번 선수는 24회의 착외 경험이 있었고, 최근 성적도 좋지 않았지만 D등급 내에서 다른  → 규칙(3): D등급 추입마가 다수일 경우, 등급 내 착순 분포를 심층적으로 비교하여 잠재력을 지닌 마필을 파악한다.
[placeholder 필터] 호후 3경주 복승 껍데기 배당 3조합 제외(값: [100])
[각질편성] 호후 3경주: 선행1·선입0·추입6 → 🐌 느린 페이스
[경륜전개] 호후 3경주: 슬로우(단독 선행) · 라인 2개 · 페어 [[4, 3], [2, 5]]
[신호별학습] 호후 3경주 · 활성신호 ['급락', '전적이중수렴', '크로스역배열'] · 유력마적중 복승=True 삼복승=True
[결과 수정] 호후 3경주: 기존 레코드 교체(재입력)
[복병케이스] 호후 3경주: 복병 5두 저장(입상 2)
[placeholder 필터] 호후 3경주 복승 껍데기 배당 3조합 제외(값: [100])
[각질편성] 호후 3경주: 선행1·선입0·추입6 → 🐌 느린 페이스
[경륜전개] 호후 3경주: 슬로우(단독 선행) · 라인 2개 · 페어 [[4, 3], [2, 5]]
[readonly 잠금] 호후 3경주: 마감 확정 파일 — corePicks/시계열 보존, result/hit만 업데이트 허용
[패턴발견] 결과 1515경주 스캔 → 발견 패턴 10개(기준 적중률 35.1%)
[자동학습] 호후 3경주 결과 [4, 6, 1] → 추천적중 True, 급락적중 False, 전적유력마 1(적중), 제거적중 False
[경륜 결과 백필] 2026-08-01: 시도 4 · 성공 2 · 실패 2
  ↳ 실패: 아오모리 5경주 - 결과 미게시/파싱 실패
  ↳ 실패: 호후 4경주 - 결과 미게시/파싱 실패
[3종 수집] 아오모리 5경주: {'quinella': 21, 'exacta': 42, 'trio': 0, 'win': 0} (history 12)
[데이터백업] ✅ GitHub 반영: 결과 자동백업: 아오모리 4경주 7-2-4
[placeholder 필터] 호후 3경주 복승 껍데기 배당 3조합 제외(값: [100])
[각질편성] 호후 3경주: 선행1·선입0·추입6 → 🐌 느린 페이스
[경륜전개] 호후 3경주: 슬로우(단독 선행) · 라인 2개 · 페어 [[4, 3], [2, 5]]
[3종 수집] 아오모리 5경주: {'quinella': 21, 'exacta': 42, 'trio': 0, 'win': 0} (history 12)
[경륜 전적·자동] 호후 5경주: 7두 수집(競走得点·절대등급 A/B/C/D·라인[3, 7, 4, 2, 5, 1, 6]) → 통합등급 자동 반영
[3종 수집] 호후 5경주: {'quinella': 21, 'exacta': 42, 'trio': 0, 'win': 0} (history 1)
🔮 [예측] 호후 5경주: top3=[5, 1, 4] conf=4 · 이 경주에는 젖히기형인 5번과 선행형인 4번, 3번이 혼재되어 있어, 선
[placeholder 필터] 호후 5경주 쌍승 껍데기 배당 3조합 제외(값: [169.5])
[각질편성] 호후 5경주: 선행3·선입0·추입4 → ⚡ 빠른 페이스
[경륜전개] 호후 5경주: 보통 · 라인 3개 · 페어 [[5, 1], [4, 2], [3, 7]]
[경륜 추천 모순 수정] 고배당 강제조합 1건 메인→복병 이동(25배 상한)
[단통 상한] 메인 3개 · 복병이동 0개
[자동분석·배경] 호후 5경주: 마감 580초 전 재분석(rec_history 누적·cycle)
[placeholder 필터] 호후 5경주 쌍승 껍데기 배당 3조합 제외(값: [169.5])
[각질편성] 호후 5경주: 선행3·선입0·추입4 → ⚡ 빠른 페이스
[경륜전개] 호후 5경주: 보통 · 라인 3개 · 페어 [[5, 1], [4, 2], [3, 7]]
[경륜 추천 모순 수정] 고배당 강제조합 1건 메인→복병 이동(25배 상한)
[단통 상한] 메인 3개 · 복병이동 0개
[placeholder 필터] 호후 3경주 복승 껍데기 배당 3조합 제외(값: [100])
[각질편성] 호후 3경주: 선행1·선입0·추입6 → 🐌 느린 페이스
[경륜전개] 호후 3경주: 슬로우(단독 선행) · 라인 2개 · 페어 [[4, 3], [2, 5]]
[각질편성] 아오모리 4경주: 선행2·선입0·추입5 → 보통 페이스
[경륜전개] 아오모리 4경주: 슬로우(단독 선행) · 라인 2개 · 페어 [[2, 7], [4, 1]]
[복승불일치 축교정] 아오모리 4경주: 축 [1, 4]로 교정(자금이탈 강등 [7]·🔴🔴)
[결과기록] 캐시 갱신 — 재파싱 3건 / 전체 1652건
[각질편성] 호후 4경주: 선행2·선입0·추입5 → 보통 페이스
[경륜전개] 호후 4경주: 보통 · 라인 2개 · 페어 [[2, 7], [3, 4]]
[각질편성] 아오모리 5경주: 선행2·선입0·추입5 → 보통 페이스
[경륜전개] 아오모리 5경주: 보통 · 라인 2개 · 페어 [[3, 4], [5, 1]]
[복승불일치 축교정] 아오모리 5경주: 축 [1, 3]로 교정(자금이탈 강등 [6]·🔴)
[placeholder 필터] 호후 5경주 쌍승 껍데기 배당 3조합 제외(값: [169.5])
[각질편성] 호후 5경주: 선행3·선입0·추입4 → ⚡ 빠른 페이스
[경륜전개] 호후 5경주: 보통 · 라인 3개 · 페어 [[5, 1], [4, 2], [3, 7]]
[경륜 추천 모순 수정] 고배당 강제조합 1건 메인→복병 이동(25배 상한)
[단통 상한] 메인 3개 · 복병이동 0개
[placeholder 필터] 호후 3경주 복승 껍데기 배당 3조합 제외(값: [100])
[각질편성] 호후 3경주: 선행1·선입0·추입6 → 🐌 느린 페이스
[경륜전개] 호후 3경주: 슬로우(단독 선행) · 라인 2개 · 페어 [[4, 3], [2, 5]]
[3종 수집] 호후 5경주: {'quinella': 21, 'exacta': 42, 'trio': 0, 'win': 0} (history 2)
[3종 수집] 아오모리 5경주: {'quinella': 21, 'exacta': 42, 'trio': 0, 'win': 0} (history 12)
[placeholder 필터] 호후 5경주 쌍승 껍데기 배당 3조합 제외(값: [113.9])
[각질편성] 호후 5경주: 선행3·선입0·추입4 → ⚡ 빠른 페이스
[경륜전개] 호후 5경주: 보통 · 라인 3개 · 페어 [[5, 1], [4, 2], [3, 7]]
[경륜 추천 모순 수정] 고배당 강제조합 1건 메인→복병 이동(25배 상한)
[단통 상한] 메인 3개 · 복병이동 0개
[자동분석·배경] 호후 5경주: 마감 544초 전 재분석(rec_history 누적·cycle)
[각질편성] 아오모리 5경주: 선행2·선입0·추입5 → 보통 페이스
[경륜전개] 아오모리 5경주: 보통 · 라인 2개 · 페어 [[3, 4], [5, 1]]
[복승불일치 축교정] 아오모리 5경주: 축 [1, 3]로 교정(자금이탈 강등 [6]·🔴)
[placeholder 필터] 호후 3경주 복승 껍데기 배당 3조합 제외(값: [100])
[각질편성] 호후 3경주: 선행1·선입0·추입6 → 🐌 느린 페이스
[경륜전개] 호후 3경주: 슬로우(단독 선행) · 라인 2개 · 페어 [[4, 3], [2, 5]]
[3종 수집] 호후 5경주: {'quinella': 21, 'exacta': 42, 'trio': 0, 'win': 0} (history 3)
[3종 수집] 아오모리 5경주: {'quinella': 21, 'exacta': 42, 'trio': 0, 'win': 0} (history 12)
[placeholder 필터] 호후 5경주 쌍승 껍데기 배당 3조합 제외(값: [113.9])
[각질편성] 호후 5경주: 선행3·선입0·추입4 → ⚡ 빠른 페이스
[경륜전개] 호후 5경주: 보통 · 라인 3개 · 페어 [[5, 1], [4, 2], [3, 7]]
[경륜 추천 모순 수정] 고배당 강제조합 1건 메인→복병 이동(25배 상한)
[단통 상한] 메인 3개 · 복병이동 0개
[자동분석·배경] 호후 5경주: 마감 512초 전 재분석(rec_history 누적·cycle)
[placeholder 필터] 호후 3경주 복승 껍데기 배당 3조합 제외(값: [100])
[각질편성] 호후 3경주: 선행1·선입0·추입6 → 🐌 느린 페이스
[경륜전개] 호후 3경주: 슬로우(단독 선행) · 라인 2개 · 페어 [[4, 3], [2, 5]]
[각질편성] 아오모리 4경주: 선행2·선입0·추입5 → 보통 페이스
[경륜전개] 아오모리 4경주: 슬로우(단독 선행) · 라인 2개 · 페어 [[2, 7], [4, 1]]
[복승불일치 축교정] 아오모리 4경주: 축 [1, 4]로 교정(자금이탈 강등 [7]·🔴🔴)
[각질편성] 호후 4경주: 선행2·선입0·추입5 → 보통 페이스
[경륜전개] 호후 4경주: 보통 · 라인 2개 · 페어 [[2, 7], [3, 4]]
[결과기록] 캐시 갱신 — 재파싱 1건 / 전체 1652건
[각질편성] 아오모리 5경주: 선행2·선입0·추입5 → 보통 페이스
[경륜전개] 아오모리 5경주: 보통 · 라인 2개 · 페어 [[3, 4], [5, 1]]
[복승불일치 축교정] 아오모리 5경주: 축 [1, 3]로 교정(자금이탈 강등 [6]·🔴)
[placeholder 필터] 호후 5경주 쌍승 껍데기 배당 3조합 제외(값: [113.9])
[각질편성] 호후 5경주: 선행3·선입0·추입4 → ⚡ 빠른 페이스
[경륜전개] 호후 5경주: 보통 · 라인 3개 · 페어 [[5, 1], [4, 2], [3, 7]]
[경륜 추천 모순 수정] 고배당 강제조합 1건 메인→복병 이동(25배 상한)
[단통 상한] 메인 3개 · 복병이동 0개
[placeholder 필터] 호후 3경주 복승 껍데기 배당 3조합 제외(값: [100])
[각질편성] 호후 3경주: 선행1·선입0·추입6 → 🐌 느린 페이스
[경륜전개] 호후 3경주: 슬로우(단독 선행) · 라인 2개 · 페어 [[4, 3], [2, 5]]
[다중경주] 하트비트 #71 · 스케줄 ymd=20260801 (-1초 전 갱신 · 트랙 12개)
[3종 수집] 호후 5경주: {'quinella': 21, 'exacta': 42, 'trio': 0, 'win': 0} (history 4)
[3종 수집] 아오모리 5경주: {'quinella': 21, 'exacta': 42, 'trio': 0, 'win': 0} (history 12)
[각질편성] 호후 5경주: 선행3·선입0·추입4 → ⚡ 빠른 페이스
[경륜전개] 호후 5경주: 보통 · 라인 3개 · 페어 [[5, 1], [4, 2], [3, 7]]
[경륜 추천 모순 수정] 고배당 강제조합 1건 메인→복병 이동(25배 상한)
[단통 상한] 메인 3개 · 복병이동 0개
[자동분석·배경] 호후 5경주: 마감 480초 전 재분석(rec_history 누적·cycle)
[placeholder 필터] 호후 3경주 복승 껍데기 배당 3조합 제외(값: [100])
[각질편성] 호후 3경주: 선행1·선입0·추입6 → 🐌 느린 페이스
[경륜전개] 호후 3경주: 슬로우(단독 선행) · 라인 2개 · 페어 [[4, 3], [2, 5]]
[3종 수집] 호후 5경주: {'quinella': 21, 'exacta': 42, 'trio': 0, 'win': 0} (history 5)
[각질편성] 호후 5경주: 선행3·선입0·추입4 → ⚡ 빠른 페이스
[경륜전개] 호후 5경주: 보통 · 라인 3개 · 페어 [[5, 1], [4, 2], [3, 7]]
[경륜 추천 모순 수정] 고배당 강제조합 1건 메인→복병 이동(25배 상한)
[단통 상한] 메인 3개 · 복병이동 0개
[자동분석·배경] 호후 5경주: 마감 448초 전 재분석(rec_history 누적·cycle)
[각질편성] 아오모리 5경주: 선행2·선입0·추입5 → 보통 페이스
[경륜전개] 아오모리 5경주: 보통 · 라인 2개 · 페어 [[3, 4], [5, 1]]
[복승불일치 축교정] 아오모리 5경주: 축 [1, 3]로 교정(자금이탈 강등 [6]·🔴)
[각질편성] 호후 5경주: 선행3·선입0·추입4 → ⚡ 빠른 페이스
[경륜전개] 호후 5경주: 보통 · 라인 3개 · 페어 [[5, 1], [4, 2], [3, 7]]
[경륜 추천 모순 수정] 고배당 강제조합 1건 메인→복병 이동(25배 상한)
[단통 상한] 메인 3개 · 복병이동 0개
[카카오알림] 호후 5경주 T-7 → 큐 적재
[placeholder 필터] 호후 3경주 복승 껍데기 배당 3조합 제외(값: [100])
[각질편성] 호후 3경주: 선행1·선입0·추입6 → 🐌 느린 페이스
[경륜전개] 호후 3경주: 슬로우(단독 선행) · 라인 2개 · 페어 [[4, 3], [2, 5]]
[각질편성] 아오모리 4경주: 선행2·선입0·추입5 → 보통 페이스
[경륜전개] 아오모리 4경주: 슬로우(단독 선행) · 라인 2개 · 페어 [[2, 7], [4, 1]]
[복승불일치 축교정] 아오모리 4경주: 축 [1, 4]로 교정(자금이탈 강등 [7]·🔴🔴)
[각질편성] 호후 4경주: 선행2·선입0·추입5 → 보통 페이스
[경륜전개] 호후 4경주: 보통 · 라인 2개 · 페어 [[2, 7], [3, 4]]
[결과기록] 캐시 갱신 — 재파싱 1건 / 전체 1652건
[각질편성] 아오모리 5경주: 선행2·선입0·추입5 → 보통 페이스
[경륜전개] 아오모리 5경주: 보통 · 라인 2개 · 페어 [[3, 4], [5, 1]]
[복승불일치 축교정] 아오모리 5경주: 축 [1, 3]로 교정(자금이탈 강등 [6]·🔴)
[각질편성] 호후 5경주: 선행3·선입0·추입4 → ⚡ 빠른 페이스
[경륜전개] 호후 5경주: 보통 · 라인 3개 · 페어 [[5, 1], [4, 2], [3, 7]]
[경륜 추천 모순 수정] 고배당 강제조합 1건 메인→복병 이동(25배 상한)
[단통 상한] 메인 3개 · 복병이동 0개
[placeholder 필터] 호후 3경주 복승 껍데기 배당 3조합 제외(값: [100])
[각질편성] 호후 3경주: 선행1·선입0·추입6 → 🐌 느린 페이스
[경륜전개] 호후 3경주: 슬로우(단독 선행) · 라인 2개 · 페어 [[4, 3], [2, 5]]
[3종 수집] 호후 5경주: {'quinella': 21, 'exacta': 42, 'trio': 0, 'win': 0} (history 6)
[각질편성] 호후 5경주: 선행3·선입0·추입4 → ⚡ 빠른 페이스
[경륜전개] 호후 5경주: 보통 · 라인 3개 · 페어 [[5, 1], [4, 2], [3, 7]]
[경륜 추천 모순 수정] 고배당 강제조합 1건 메인→복병 이동(25배 상한)
[단통 상한] 메인 3개 · 복병이동 0개
[자동분석·배경] 호후 5경주: 마감 415초 전 재분석(rec_history 누적·cycle)
[placeholder 필터] 호후 3경주 복승 껍데기 배당 3조합 제외(값: [100])
[각질편성] 호후 3경주: 선행1·선입0·추입6 → 🐌 느린 페이스
[경륜전개] 호후 3경주: 슬로우(단독 선행) · 라인 2개 · 페어 [[4, 3], [2, 5]]
[3종 수집] 호후 5경주: {'quinella': 21, 'exacta': 42, 'trio': 0, 'win': 0} (history 7)
[각질편성] 호후 5경주: 선행3·선입0·추입4 → ⚡ 빠른 페이스
[경륜전개] 호후 5경주: 보통 · 라인 3개 · 페어 [[5, 1], [4, 2], [3, 7]]
[경륜 추천 모순 수정] 고배당 강제조합 1건 메인→복병 이동(25배 상한)
[단통 상한] 메인 3개 · 복병이동 0개
[자동분석·배경] 호후 5경주: 마감 384초 전 재분석(rec_history 누적·cycle)
[placeholder 필터] 호후 3경주 복승 껍데기 배당 3조합 제외(값: [100])
[각질편성] 호후 3경주: 선행1·선입0·추입6 → 🐌 느린 페이스
[경륜전개] 호후 3경주: 슬로우(단독 선행) · 라인 2개 · 페어 [[4, 3], [2, 5]]
[각질편성] 아오모리 4경주: 선행2·선입0·추입5 → 보통 페이스
[경륜전개] 아오모리 4경주: 슬로우(단독 선행) · 라인 2개 · 페어 [[2, 7], [4, 1]]
[복승불일치 축교정] 아오모리 4경주: 축 [1, 4]로 교정(자금이탈 강등 [7]·🔴🔴)
[각질편성] 호후 4경주: 선행2·선입0·추입5 → 보통 페이스
[경륜전개] 호후 4경주: 보통 · 라인 2개 · 페어 [[2, 7], [3, 4]]
[각질편성] 아오모리 5경주: 선행2·선입0·추입5 → 보통 페이스
[경륜전개] 아오모리 5경주: 보통 · 라인 2개 · 페어 [[3, 4], [5, 1]]
[복승불일치 축교정] 아오모리 5경주: 축 [1, 3]로 교정(자금이탈 강등 [6]·🔴)
[결과기록] 캐시 갱신 — 재파싱 1건 / 전체 1652건
[각질편성] 호후 5경주: 선행3·선입0·추입4 → ⚡ 빠른 페이스
[경륜전개] 호후 5경주: 보통 · 라인 3개 · 페어 [[5, 1], [4, 2], [3, 7]]
[경륜 추천 모순 수정] 고배당 강제조합 1건 메인→복병 이동(25배 상한)
[단통 상한] 메인 3개 · 복병이동 0개
[placeholder 필터] 호후 3경주 복승 껍데기 배당 3조합 제외(값: [100])
[각질편성] 호후 3경주: 선행1·선입0·추입6 → 🐌 느린 페이스
[경륜전개] 호후 3경주: 슬로우(단독 선행) · 라인 2개 · 페어 [[4, 3], [2, 5]]
[활성정리] 끝난 경주 1건 제거(히스토리 보존): 호후 3경주
[3종 수집] 호후 5경주: {'quinella': 21, 'exacta': 42, 'trio': 0, 'win': 0} (history 8)
[각질편성] 호후 5경주: 선행3·선입0·추입4 → ⚡ 빠른 페이스
[경륜전개] 호후 5경주: 보통 · 라인 3개 · 페어 [[5, 1], [4, 2], [3, 7]]
[경륜 추천 모순 수정] 고배당 강제조합 1건 메인→복병 이동(25배 상한)
[단통 상한] 메인 3개 · 복병이동 0개
[자동분석·배경] 호후 5경주: 마감 352초 전 재분석(rec_history 누적·cycle)
[3종 수집] 호후 5경주: {'quinella': 21, 'exacta': 42, 'trio': 0, 'win': 0} (history 9)
[각질편성] 호후 5경주: 선행3·선입0·추입4 → ⚡ 빠른 페이스
[경륜전개] 호후 5경주: 보통 · 라인 3개 · 페어 [[5, 1], [4, 2], [3, 7]]
[경륜 추천 모순 수정] 고배당 강제조합 1건 메인→복병 이동(25배 상한)
[단통 상한] 메인 3개 · 복병이동 0개
[삼복승 축보험] 편성 스킵(무시): cannot access local variable '_tri_odds' where it is not associated with a value
[자동분석·배경] 호후 5경주: 마감 320초 전 재분석(rec_history 누적·cycle)
[각질편성] 호후 5경주: 선행3·선입0·추입4 → ⚡ 빠른 페이스
[경륜전개] 호후 5경주: 보통 · 라인 3개 · 페어 [[5, 1], [4, 2], [3, 7]]
[경륜 추천 모순 수정] 고배당 강제조합 1건 메인→복병 이동(25배 상한)
[단통 상한] 메인 3개 · 복병이동 0개
[삼복승 축보험] 편성 스킵(무시): cannot access local variable '_tri_odds' where it is not associated with a value
[카카오알림] 호후 5경주 T-5 → 큐 적재
[각질편성] 아오모리 4경주: 선행2·선입0·추입5 → 보통 페이스
[경륜전개] 아오모리 4경주: 슬로우(단독 선행) · 라인 2개 · 페어 [[2, 7], [4, 1]]
[복승불일치 축교정] 아오모리 4경주: 축 [1, 4]로 교정(자금이탈 강등 [7]·🔴🔴)
[각질편성] 호후 4경주: 선행2·선입0·추입5 → 보통 페이스
[경륜전개] 호후 4경주: 보통 · 라인 2개 · 페어 [[2, 7], [3, 4]]
[각질편성] 아오모리 5경주: 선행2·선입0·추입5 → 보통 페이스
[경륜전개] 아오모리 5경주: 보통 · 라인 2개 · 페어 [[3, 4], [5, 1]]
[복승불일치 축교정] 아오모리 5경주: 축 [1, 3]로 교정(자금이탈 강등 [6]·🔴)
[결과기록] 캐시 갱신 — 재파싱 1건 / 전체 1652건
[각질편성] 호후 5경주: 선행3·선입0·추입4 → ⚡ 빠른 페이스
[경륜전개] 호후 5경주: 보통 · 라인 3개 · 페어 [[5, 1], [4, 2], [3, 7]]
[경륜 추천 모순 수정] 고배당 강제조합 1건 메인→복병 이동(25배 상한)
[단통 상한] 메인 3개 · 복병이동 0개
[삼복승 축보험] 편성 스킵(무시): cannot access local variable '_tri_odds' where it is not associated with a value
[3종 수집] 호후 5경주: {'quinella': 21, 'exacta': 42, 'trio': 0, 'win': 0} (history 10)
[각질편성] 호후 5경주: 선행3·선입0·추입4 → ⚡ 빠른 페이스
[경륜전개] 호후 5경주: 보통 · 라인 3개 · 페어 [[5, 1], [4, 2], [3, 7]]
[경륜 추천 모순 수정] 고배당 강제조합 1건 메인→복병 이동(25배 상한)
[단통 상한] 메인 3개 · 복병이동 0개
[자동예상] 호후 5경주 최종예상 저장(2026_08_01_호후_5경주.json)
[각질편성] 호후 5경주: 선행3·선입0·추입4 → ⚡ 빠른 페이스
[경륜전개] 호후 5경주: 보통 · 라인 3개 · 페어 [[5, 1], [4, 2], [3, 7]]
[경륜 추천 모순 수정] 고배당 강제조합 1건 메인→복병 이동(25배 상한)
[단통 상한] 메인 3개 · 복병이동 0개
[자동분석·배경] 호후 5경주: 마감 288초 전 재분석(rec_history 누적·cycle)
[자동예상] 호후 4경주 결과대조 → 복승False·삼복승False
[3종 수집] 호후 5경주: {'quinella': 21, 'exacta': 42, 'trio': 0, 'win': 0} (history 11)
[각질편성] 아오모리 4경주: 선행2·선입0·추입5 → 보통 페이스
[경륜전개] 아오모리 4경주: 슬로우(단독 선행) · 라인 2개 · 페어 [[2, 7], [4, 1]]
[복승불일치 축교정] 아오모리 4경주: 축 [1, 4]로 교정(자금이탈 강등 [7]·🔴🔴)
[각질편성] 호후 4경주: 선행2·선입0·추입5 → 보통 페이스
[경륜전개] 호후 4경주: 보통 · 라인 2개 · 페어 [[2, 7], [3, 4]]
[각질편성] 아오모리 5경주: 선행2·선입0·추입5 → 보통 페이스
[경륜전개] 아오모리 5경주: 보통 · 라인 2개 · 페어 [[3, 4], [5, 1]]
[복승불일치 축교정] 아오모리 5경주: 축 [1, 3]로 교정(자금이탈 강등 [6]·🔴)
[각질편성] 호후 5경주: 선행3·선입0·추입4 → ⚡ 빠른 페이스
[경륜전개] 호후 5경주: 보통 · 라인 3개 · 페어 [[5, 1], [4, 2], [3, 7]]
[경륜 추천 모순 수정] 고배당 강제조합 1건 메인→복병 이동(25배 상한)
[단통 상한] 메인 3개 · 복병이동 0개
[자동분석·배경] 호후 5경주: 마감 255초 전 재분석(rec_history 누적·cycle)
[카톡 변경알림·즉시] 호후 5경주 (남은 255s): 삼복승 제외: 1+2+4 · 2+4+5
[결과기록] 캐시 갱신 — 재파싱 1건 / 전체 1652건
[각질편성] 호후 5경주: 선행3·선입0·추입4 → ⚡ 빠른 페이스
[경륜전개] 호후 5경주: 보통 · 라인 3개 · 페어 [[5, 1], [4, 2], [3, 7]]
[경륜 추천 모순 수정] 고배당 강제조합 1건 메인→복병 이동(25배 상한)
[단통 상한] 메인 3개 · 복병이동 0개
[각질편성] 호후 5경주: 선행3·선입0·추입4 → ⚡ 빠른 페이스
[경륜전개] 호후 5경주: 보통 · 라인 3개 · 페어 [[5, 1], [4, 2], [3, 7]]
[경륜 추천 모순 수정] 고배당 강제조합 1건 메인→복병 이동(25배 상한)
[단통 상한] 메인 3개 · 복병이동 0개
[3종 수집] 호후 5경주: {'quinella': 21, 'exacta': 42, 'trio': 0, 'win': 0} (history 12)
[KRA 자동수집] 부산 1경주 1200M 자동해제(연속 실패 20회: 데이터 없음(발매 전·비경주일 가능)) — 할당량 보호
[각질편성] 호후 5경주: 선행3·선입0·추입4 → ⚡ 빠른 페이스
[경륜전개] 호후 5경주: 보통 · 라인 3개 · 페어 [[5, 1], [4, 2], [3, 7]]
[복병 이동 상한] 1+4 56.6배 > 특별상한 50.0배 → 💎 노출 제외(참고)
[경륜 추천 모순 수정] 고배당 강제조합 1건 메인→복병 이동(25배 상한)
[단통 상한] 메인 3개 · 복병이동 0개
[각질편성] 아오모리 4경주: 선행2·선입0·추입5 → 보통 페이스
[경륜전개] 아오모리 4경주: 슬로우(단독 선행) · 라인 2개 · 페어 [[2, 7], [4, 1]]
[복승불일치 축교정] 아오모리 4경주: 축 [1, 4]로 교정(자금이탈 강등 [7]·🔴🔴)
[각질편성] 호후 4경주: 선행2·선입0·추입5 → 보통 페이스
[경륜전개] 호후 4경주: 보통 · 라인 2개 · 페어 [[2, 7], [3, 4]]
[각질편성] 아오모리 5경주: 선행2·선입0·추입5 → 보통 페이스
[경륜전개] 아오모리 5경주: 보통 · 라인 2개 · 페어 [[3, 4], [5, 1]]
[복승불일치 축교정] 아오모리 5경주: 축 [1, 3]로 교정(자금이탈 강등 [6]·🔴)
[각질편성] 호후 5경주: 선행3·선입0·추입4 → ⚡ 빠른 페이스
[경륜전개] 호후 5경주: 보통 · 라인 3개 · 페어 [[5, 1], [4, 2], [3, 7]]
[복병 이동 상한] 1+4 56.6배 > 특별상한 50.0배 → 💎 노출 제외(참고)
[경륜 추천 모순 수정] 고배당 강제조합 1건 메인→복병 이동(25배 상한)
[단통 상한] 메인 3개 · 복병이동 0개
[3종 수집] 호후 5경주: {'quinella': 21, 'exacta': 42, 'trio': 0, 'win': 0} (history 12)
[카톡 변경알림·즉시] 호후 5경주 (남은 190s): 복승 추가: 2+4
[다중경주] 하트비트 #81 · 스케줄 ymd=20260801 (-1초 전 갱신 · 트랙 12개)
[3종 수집] 호후 5경주: {'quinella': 21, 'exacta': 42, 'trio': 0, 'win': 0} (history 12)
[각질편성] 호후 5경주: 선행3·선입0·추입4 → ⚡ 빠른 페이스
[경륜전개] 호후 5경주: 보통 · 라인 3개 · 페어 [[5, 1], [4, 2], [3, 7]]
[복병 이동 상한] 1+4 58.8배 > 특별상한 50.0배 → 💎 노출 제외(참고)
[경륜 추천 모순 수정] 고배당 강제조합 1건 메인→복병 이동(25배 상한)
[단통 상한] 메인 3개 · 복병이동 0개
[자동분석·배경] 호후 5경주: 마감 158초 전 재분석(rec_history 누적·cycle)
[스냅샷] 저장: 2026_08_01_호후_5경주_T-10.png (577 KB · T-10)
[스냅샷] 저장: 2026_08_01_호후_5경주_T-10.png (577 KB · T-10)
[스냅샷] 저장: 2026_08_01_호후_5경주_T-10.png (577 KB · T-10)
[각질편성] 호후 5경주: 선행3·선입0·추입4 → ⚡ 빠른 페이스
[각질편성] 호후 5경주: 선행3·선입0·추입4 → ⚡ 빠른 페이스
[경륜전개] 호후 5경주: 보통 · 라인 3개 · 페어 [[5, 1], [4, 2], [3, 7]]
[경륜전개] 호후 5경주: 보통 · 라인 3개 · 페어 [[5, 1], [4, 2], [3, 7]]
[스냅샷] 저장: 2026_08_01_호후_5경주_T-2.png (638 KB · T-2)[스냅샷] 저장: 2026_08_01_호후_5경주_T-2.png (638 KB · T-2)

[복병 이동 상한] 1+4 58.8배 > 특별상한 50.0배 → 💎 노출 제외(참고)
[경륜 추천 모순 수정] 고배당 강제조합 1건 메인→복병 이동(25배 상한)
[단통 상한] 메인 3개 · 복병이동 0개
[복병 이동 상한] 1+4 58.8배 > 특별상한 50.0배 → 💎 노출 제외(참고)
[경륜 추천 모순 수정] 고배당 강제조합 1건 메인→복병 이동(25배 상한)
[단통 상한] 메인 3개 · 복병이동 0개
[분석로그] 저장 실패: [WinError 32] 다른 프로세스가 파일을 사용 중이기 때문에 프로세스가 액세스 할 수 없습니다: 'C:\\Users\\Administrator\\Desktop\\경마분석서버\\data\\analysis_log\\2026_08_01_호후_5경주.json.tmp' -> 'C:\\Users\\Administrator\\Desktop\\경마분석서버\\data\\analysis_log\\2026_08_01_호후_5경주.json'
[각질편성] 호후 5경주: 선행3·선입0·추입4 → ⚡ 빠른 페이스
[경륜전개] 호후 5경주: 보통 · 라인 3개 · 페어 [[5, 1], [4, 2], [3, 7]]
[복병 이동 상한] 1+4 58.8배 > 특별상한 50.0배 → 💎 노출 제외(참고)
[경륜 추천 모순 수정] 고배당 강제조합 1건 메인→복병 이동(25배 상한)
[단통 상한] 메인 3개 · 복병이동 0개
[각질편성] 호후 5경주: 선행3·선입0·추입4 → ⚡ 빠른 페이스
[경륜전개] 호후 5경주: 보통 · 라인 3개 · 페어 [[5, 1], [4, 2], [3, 7]]
[복병 이동 상한] 1+4 58.8배 > 특별상한 50.0배 → 💎 노출 제외(참고)
[경륜 추천 모순 수정] 고배당 강제조합 1건 메인→복병 이동(25배 상한)
[단통 상한] 메인 3개 · 복병이동 0개
[각질편성] 아오모리 4경주: 선행2·선입0·추입5 → 보통 페이스
[경륜전개] 아오모리 4경주: 슬로우(단독 선행) · 라인 2개 · 페어 [[2, 7], [4, 1]]
[각질편성] 호후 5경주: 선행3·선입0·추입4 → ⚡ 빠른 페이스
[경륜전개] 호후 5경주: 보통 · 라인 3개 · 페어 [[5, 1], [4, 2], [3, 7]]
[각질편성] 호후 5경주: 선행3·선입0·추입4 → ⚡ 빠른 페이스
[복승불일치 축교정] 아오모리 4경주: 축 [1, 4]로 교정(자금이탈 강등 [7]·🔴🔴)
[경륜전개] 호후 5경주: 보통 · 라인 3개 · 페어 [[5, 1], [4, 2], [3, 7]]
[복병 이동 상한] 1+4 58.8배 > 특별상한 50.0배 → 💎 노출 제외(참고)
[경륜 추천 모순 수정] 고배당 강제조합 1건 메인→복병 이동(25배 상한)
[단통 상한] 메인 3개 · 복병이동 0개
[복병 이동 상한] 1+4 58.8배 > 특별상한 50.0배 → 💎 노출 제외(참고)
[경륜 추천 모순 수정] 고배당 강제조합 1건 메인→복병 이동(25배 상한)
[단통 상한] 메인 3개 · 복병이동 0개
[스냅샷] 저장: 2026_08_01_호후_5경주_T-2.png (706 KB · T-2)
[결과기록] 캐시 갱신 — 재파싱 1건 / 전체 1652건
[각질편성] 호후 4경주: 선행2·선입0·추입5 → 보통 페이스
[경륜전개] 호후 4경주: 보통 · 라인 2개 · 페어 [[2, 7], [3, 4]]
[각질편성] 아오모리 5경주: 선행2·선입0·추입5 → 보통 페이스
[경륜전개] 아오모리 5경주: 보통 · 라인 2개 · 페어 [[3, 4], [5, 1]]
[복승불일치 축교정] 아오모리 5경주: 축 [1, 3]로 교정(자금이탈 강등 [6]·🔴)
[각질편성] 호후 5경주: 선행3·선입0·추입4 → ⚡ 빠른 페이스
[경륜전개] 호후 5경주: 보통 · 라인 3개 · 페어 [[5, 1], [4, 2], [3, 7]]
[복병 이동 상한] 1+4 58.8배 > 특별상한 50.0배 → 💎 노출 제외(참고)
[경륜 추천 모순 수정] 고배당 강제조합 1건 메인→복병 이동(25배 상한)
[단통 상한] 메인 3개 · 복병이동 0개
[각질편성] 호후 5경주: 선행3·선입0·추입4 → ⚡ 빠른 페이스
[경륜전개] 호후 5경주: 보통 · 라인 3개 · 페어 [[5, 1], [4, 2], [3, 7]]
[복병 이동 상한] 1+4 58.8배 > 특별상한 50.0배 → 💎 노출 제외(참고)
[경륜 추천 모순 수정] 고배당 강제조합 1건 메인→복병 이동(25배 상한)
[단통 상한] 메인 3개 · 복병이동 0개
[각질편성] 호후 5경주: 선행3·선입0·추입4 → ⚡ 빠른 페이스
[경륜전개] 호후 5경주: 보통 · 라인 3개 · 페어 [[5, 1], [4, 2], [3, 7]]
[복병 이동 상한] 1+4 58.8배 > 특별상한 50.0배 → 💎 노출 제외(참고)
[경륜 추천 모순 수정] 고배당 강제조합 1건 메인→복병 이동(25배 상한)
[단통 상한] 메인 3개 · 복병이동 0개
[3종 수집] 호후 5경주: {'quinella': 21, 'exacta': 42, 'trio': 0, 'win': 0} (history 12)
[각질편성] 호후 5경주: 선행3·선입0·추입4 → ⚡ 빠른 페이스
[경륜전개] 호후 5경주: 보통 · 라인 3개 · 페어 [[5, 1], [4, 2], [3, 7]]
[복병 이동 상한] 1+4 58.7배 > 특별상한 50.0배 → 💎 노출 제외(참고)
[경륜 추천 모순 수정] 고배당 강제조합 1건 메인→복병 이동(25배 상한)
[단통 상한] 메인 3개 · 복병이동 0개
[각질편성] 호후 5경주: 선행3·선입0·추입4 → ⚡ 빠른 페이스
[경륜전개] 호후 5경주: 보통 · 라인 3개 · 페어 [[5, 1], [4, 2], [3, 7]]
[복병 이동 상한] 1+4 58.7배 > 특별상한 50.0배 → 💎 노출 제외(참고)
[경륜 추천 모순 수정] 고배당 강제조합 1건 메인→복병 이동(25배 상한)
[단통 상한] 메인 3개 · 복병이동 0개
[각질편성] 호후 5경주: 선행3·선입0·추입4 → ⚡ 빠른 페이스
[경륜전개] 호후 5경주: 보통 · 라인 3개 · 페어 [[5, 1], [4, 2], [3, 7]]
[복병 이동 상한] 1+4 58.7배 > 특별상한 50.0배 → 💎 노출 제외(참고)
[경륜 추천 모순 수정] 고배당 강제조합 1건 메인→복병 이동(25배 상한)
[단통 상한] 메인 3개 · 복병이동 0개
[각질편성] 호후 5경주: 선행3·선입0·추입4 → ⚡ 빠른 페이스
[경륜전개] 호후 5경주: 보통 · 라인 3개 · 페어 [[5, 1], [4, 2], [3, 7]]
[복병 이동 상한] 1+4 58.7배 > 특별상한 50.0배 → 💎 노출 제외(참고)
[경륜 추천 모순 수정] 고배당 강제조합 1건 메인→복병 이동(25배 상한)
[단통 상한] 메인 3개 · 복병이동 0개
[각질편성] 호후 5경주: 선행3·선입0·추입4 → ⚡ 빠른 페이스
[경륜전개] 호후 5경주: 보통 · 라인 3개 · 페어 [[5, 1], [4, 2], [3, 7]]
[복병 이동 상한] 1+4 58.7배 > 특별상한 50.0배 → 💎 노출 제외(참고)
[경륜 추천 모순 수정] 고배당 강제조합 1건 메인→복병 이동(25배 상한)
[단통 상한] 메인 3개 · 복병이동 0개
[각질편성] 호후 5경주: 선행3·선입0·추입4 → ⚡ 빠른 페이스
[경륜전개] 호후 5경주: 보통 · 라인 3개 · 페어 [[5, 1], [4, 2], [3, 7]]
[복병 이동 상한] 1+4 58.7배 > 특별상한 50.0배 → 💎 노출 제외(참고)
[경륜 추천 모순 수정] 고배당 강제조합 1건 메인→복병 이동(25배 상한)
[단통 상한] 메인 3개 · 복병이동 0개
[각질편성] 호후 5경주: 선행3·선입0·추입4 → ⚡ 빠른 페이스
[경륜전개] 호후 5경주: 보통 · 라인 3개 · 페어 [[5, 1], [4, 2], [3, 7]]
[각질편성] 호후 5경주: 선행3·선입0·추입4 → ⚡ 빠른 페이스
[경륜전개] 호후 5경주: 보통 · 라인 3개 · 페어 [[5, 1], [4, 2], [3, 7]]
[복병 이동 상한] 1+4 58.7배 > 특별상한 50.0배 → 💎 노출 제외(참고)
[경륜 추천 모순 수정] 고배당 강제조합 1건 메인→복병 이동(25배 상한)
[단통 상한] 메인 3개 · 복병이동 0개
[복병 이동 상한] 1+4 58.7배 > 특별상한 50.0배 → 💎 노출 제외(참고)
[경륜 추천 모순 수정] 고배당 강제조합 1건 메인→복병 이동(25배 상한)
[단통 상한] 메인 3개 · 복병이동 0개
[분석로그] 저장 실패: [WinError 32] 다른 프로세스가 파일을 사용 중이기 때문에 프로세스가 액세스 할 수 없습니다: 'C:\\Users\\Administrator\\Desktop\\경마분석서버\\data\\analysis_log\\2026_08_01_호후_5경주.json.tmp' -> 'C:\\Users\\Administrator\\Desktop\\경마분석서버\\data\\analysis_log\\2026_08_01_호후_5경주.json'
[3종 수집] 호후 5경주: {'quinella': 21, 'exacta': 42, 'trio': 0, 'win': 0} (history 12)
[경주전환 감지] 호후 5경주: 비정상 변동폭(95%+ 다수) → 기준값 재설정(이전 배당 초기화)
[3종 수집] 호후 5경주: {'quinella': 21, 'exacta': 0, 'trio': 0, 'win': 0} (history 1 · 기준재설정)
[placeholder 필터] 호후 5경주 복승 껍데기 배당 9조합 제외(값: [100])
[각질편성] 호후 5경주: 선행3·선입0·추입4 → ⚡ 빠른 페이스
[경륜전개] 호후 5경주: 보통 · 라인 3개 · 페어 [[5, 1], [4, 2], [3, 7]]
[placeholder 필터] 호후 5경주 복승 껍데기 배당 9조합 제외(값: [100])
[각질편성] 호후 5경주: 선행3·선입0·추입4 → ⚡ 빠른 페이스
[경륜전개] 호후 5경주: 보통 · 라인 3개 · 페어 [[5, 1], [4, 2], [3, 7]]
[경륜 추천 개수] 7명 → 메인 3개(상한 3) · 복병 이동 1개
[단통 상한] 메인 3개 · 복병이동 0개
[경륜 추천 개수] 7명 → 메인 3개(상한 3) · 복병 이동 1개
[단통 상한] 메인 3개 · 복병이동 0개
[placeholder 필터] 호후 5경주 복승 껍데기 배당 9조합 제외(값: [100])
[각질편성] 호후 5경주: 선행3·선입0·추입4 → ⚡ 빠른 페이스
[경륜전개] 호후 5경주: 보통 · 라인 3개 · 페어 [[5, 1], [4, 2], [3, 7]]
[경륜 추천 개수] 7명 → 메인 3개(상한 3) · 복병 이동 1개
[단통 상한] 메인 3개 · 복병이동 0개
[placeholder 필터] 호후 5경주 복승 껍데기 배당 9조합 제외(값: [100])
[각질편성] 호후 5경주: 선행3·선입0·추입4 → ⚡ 빠른 페이스
[경륜전개] 호후 5경주: 보통 · 라인 3개 · 페어 [[5, 1], [4, 2], [3, 7]]
[placeholder 필터] 호후 5경주 복승 껍데기 배당 9조합 제외(값: [100])
[각질편성] 아오모리 4경주: 선행2·선입0·추입5 → 보통 페이스
[경륜전개] 아오모리 4경주: 슬로우(단독 선행) · 라인 2개 · 페어 [[2, 7], [4, 1]]
[각질편성] 호후 5경주: 선행3·선입0·추입4 → ⚡ 빠른 페이스
[경륜전개] 호후 5경주: 보통 · 라인 3개 · 페어 [[5, 1], [4, 2], [3, 7]]
[복승불일치 축교정] 아오모리 4경주: 축 [1, 4]로 교정(자금이탈 강등 [7]·🔴🔴)
[경륜 추천 개수] 7명 → 메인 3개(상한 3) · 복병 이동 1개
[단통 상한] 메인 3개 · 복병이동 0개
[경륜 추천 개수] 7명 → 메인 3개(상한 3) · 복병 이동 1개
[단통 상한] 메인 3개 · 복병이동 0개
[각질편성] 호후 4경주: 선행2·선입0·추입5 → 보통 페이스
[경륜전개] 호후 4경주: 보통 · 라인 2개 · 페어 [[2, 7], [3, 4]]
[각질편성] 아오모리 5경주: 선행2·선입0·추입5 → 보통 페이스
[경륜전개] 아오모리 5경주: 보통 · 라인 2개 · 페어 [[3, 4], [5, 1]]
[복승불일치 축교정] 아오모리 5경주: 축 [1, 3]로 교정(자금이탈 강등 [6]·🔴)
[결과기록] 캐시 갱신 — 재파싱 1건 / 전체 1652건
[각질편성] 호후 5경주: 선행3·선입0·추입4 → ⚡ 빠른 페이스
[경륜전개] 호후 5경주: 보통 · 라인 3개 · 페어 [[5, 1], [4, 2], [3, 7]]
[복병 이동 상한] 1+4 58.7배 > 특별상한 50.0배 → 💎 노출 제외(참고)
[경륜 추천 모순 수정] 고배당 강제조합 1건 메인→복병 이동(25배 상한)
[단통 상한] 메인 3개 · 복병이동 0개
[placeholder 필터] 호후 5경주 복승 껍데기 배당 9조합 제외(값: [100])
[각질편성] 호후 5경주: 선행3·선입0·추입4 → ⚡ 빠른 페이스
[경륜전개] 호후 5경주: 보통 · 라인 3개 · 페어 [[5, 1], [4, 2], [3, 7]]
[경륜 추천 개수] 7명 → 메인 3개(상한 3) · 복병 이동 1개
[단통 상한] 메인 3개 · 복병이동 0개
[다중경주] 호후 5경주: 사설(확장) 수집 활성(26초 전) → 복승은 사설 유지·서버 쌍승42/삼복승0 보완
[placeholder 필터] 호후 5경주 복승 껍데기 배당 9조합 제외(값: [100])
[placeholder 필터] 호후 5경주 복승 껍데기 배당 9조합 제외(값: [100])
[각질편성] 호후 5경주: 선행3·선입0·추입4 → ⚡ 빠른 페이스
[각질편성] 호후 5경주: 선행3·선입0·추입4 → ⚡ 빠른 페이스
[경륜전개] 호후 5경주: 보통 · 라인 3개 · 페어 [[5, 1], [4, 2], [3, 7]]
[경륜전개] 호후 5경주: 보통 · 라인 3개 · 페어 [[5, 1], [4, 2], [3, 7]]
[경륜 추천 개수] 7명 → 메인 3개(상한 3) · 복병 이동 1개
[단통 상한] 메인 3개 · 복병이동 0개
[경륜 추천 개수] 7명 → 메인 3개(상한 3) · 복병 이동 1개
[단통 상한] 메인 3개 · 복병이동 0개
[분석로그] 저장 실패: [WinError 32] 다른 프로세스가 파일을 사용 중이기 때문에 프로세스가 액세스 할 수 없습니다: 'C:\\Users\\Administrator\\Desktop\\경마분석서버\\data\\analysis_log\\2026_08_01_호후_5경주.json.tmp' -> 'C:\\Users\\Administrator\\Desktop\\경마분석서버\\data\\analysis_log\\2026_08_01_호후_5경주.json'
[placeholder 필터] 호후 5경주 복승 껍데기 배당 9조합 제외(값: [100])
[각질편성] 호후 5경주: 선행3·선입0·추입4 → ⚡ 빠른 페이스
[경륜전개] 호후 5경주: 보통 · 라인 3개 · 페어 [[5, 1], [4, 2], [3, 7]]
[경륜 추천 개수] 7명 → 메인 3개(상한 3) · 복병 이동 1개
[단통 상한] 메인 3개 · 복병이동 0개
[3종 수집] 호후 5경주: {'quinella': 21, 'exacta': 0, 'trio': 0, 'win': 0} (history 2)
[placeholder 필터] 호후 5경주 복승 껍데기 배당 9조합 제외(값: [100])
[각질편성] 호후 5경주: 선행3·선입0·추입4 → ⚡ 빠른 페이스
[경륜전개] 호후 5경주: 보통 · 라인 3개 · 페어 [[5, 1], [4, 2], [3, 7]]
[경륜 추천 개수] 7명 → 메인 3개(상한 3) · 복병 이동 1개
[단통 상한] 메인 3개 · 복병이동 0개
[placeholder 필터] 호후 5경주 복승 껍데기 배당 9조합 제외(값: [100])
[각질편성] 호후 5경주: 선행3·선입0·추입4 → ⚡ 빠른 페이스
[경륜전개] 호후 5경주: 보통 · 라인 3개 · 페어 [[5, 1], [4, 2], [3, 7]]
[경륜 추천 개수] 7명 → 메인 3개(상한 3) · 복병 이동 1개
[단통 상한] 메인 3개 · 복병이동 0개
[다중경주] 호후 5경주: 사설(확장) 수집 활성(12초 전) → 복승은 사설 유지·서버 쌍승42/삼복승0 보완
[placeholder 필터] 호후 5경주 복승 껍데기 배당 9조합 제외(값: [100])
[각질편성] 호후 5경주: 선행3·선입0·추입4 → ⚡ 빠른 페이스
[경륜전개] 호후 5경주: 보통 · 라인 3개 · 페어 [[5, 1], [4, 2], [3, 7]]
[스냅샷] 저장: 2026_08_01_호후_5경주_마감후.png (671 KB · close)
[readonly 잠금] 호후 5경주: 마감 확정 파일 — corePicks/시계열 보존, result/hit만 업데이트 허용
[마감 동결] 호후 5경주: 확정본 복원(출처 closed_row · 기준 09:59:22)
[스냅샷] 저장: 2026_08_01_호후_5경주_마감후.png (677 KB · close)
[placeholder 필터] 호후 5경주 복승 껍데기 배당 9조합 제외(값: [100])
[placeholder 필터] 호후 5경주 복승 껍데기 배당 9조합 제외(값: [100])
[각질편성] 호후 5경주: 선행3·선입0·추입4 → ⚡ 빠른 페이스
[경륜전개] 호후 5경주: 보통 · 라인 3개 · 페어 [[5, 1], [4, 2], [3, 7]]
[각질편성] 호후 5경주: 선행3·선입0·추입4 → ⚡ 빠른 페이스
[경륜전개] 호후 5경주: 보통 · 라인 3개 · 페어 [[5, 1], [4, 2], [3, 7]]
⏸ [폴링 저장 가드] 호후 5경주: 마감 후 readonly → 로그 저장 생략(분석·표시는 정상)
[placeholder 필터] 호후 5경주 복승 껍데기 배당 9조합 제외(값: [100])
[각질편성] 호후 5경주: 선행3·선입0·추입4 → ⚡ 빠른 페이스
[경륜전개] 호후 5경주: 보통 · 라인 3개 · 페어 [[5, 1], [4, 2], [3, 7]]
[placeholder 필터] 호후 5경주 복승 껍데기 배당 9조합 제외(값: [100])
[각질편성] 아오모리 4경주: 선행2·선입0·추입5 → 보통 페이스
[경륜전개] 아오모리 4경주: 슬로우(단독 선행) · 라인 2개 · 페어 [[2, 7], [4, 1]]
[각질편성] 호후 5경주: 선행3·선입0·추입4 → ⚡ 빠른 페이스
[경륜전개] 호후 5경주: 보통 · 라인 3개 · 페어 [[5, 1], [4, 2], [3, 7]]
[복승불일치 축교정] 아오모리 4경주: 축 [1, 4]로 교정(자금이탈 강등 [7]·🔴🔴)
[각질편성] 호후 4경주: 선행2·선입0·추입5 → 보통 페이스
[경륜전개] 호후 4경주: 보통 · 라인 2개 · 페어 [[2, 7], [3, 4]]
[각질편성] 아오모리 5경주: 선행2·선입0·추입5 → 보통 페이스
[경륜전개] 아오모리 5경주: 보통 · 라인 2개 · 페어 [[3, 4], [5, 1]]
[복승불일치 축교정] 아오모리 5경주: 축 [1, 3]로 교정(자금이탈 강등 [6]·🔴)
[결과기록] 캐시 갱신 — 재파싱 1건 / 전체 1652건
[각질편성] 호후 5경주: 선행3·선입0·추입4 → ⚡ 빠른 페이스
[경륜전개] 호후 5경주: 보통 · 라인 3개 · 페어 [[5, 1], [4, 2], [3, 7]]
[placeholder 필터] 호후 5경주 복승 껍데기 배당 9조합 제외(값: [100])
[각질편성] 호후 5경주: 선행3·선입0·추입4 → ⚡ 빠른 페이스
[경륜전개] 호후 5경주: 보통 · 라인 3개 · 페어 [[5, 1], [4, 2], [3, 7]]
[3종 수집] 호후 5경주: {'quinella': 21, 'exacta': 0, 'trio': 0, 'win': 0} (history 3)
[placeholder 필터] 호후 5경주 복승 껍데기 배당 9조합 제외(값: [100])
[각질편성] 호후 5경주: 선행3·선입0·추입4 → ⚡ 빠른 페이스
[경륜전개] 호후 5경주: 보통 · 라인 3개 · 페어 [[5, 1], [4, 2], [3, 7]]
[다중경주] 호후 5경주: 사설(확장) 수집 활성(4초 전) → 복승은 사설 유지·서버 쌍승42/삼복승0 보완
[placeholder 필터] 호후 5경주 복승 껍데기 배당 9조합 제외(값: [100])
[각질편성] 호후 5경주: 선행3·선입0·추입4 → ⚡ 빠른 페이스
[경륜전개] 호후 5경주: 보통 · 라인 3개 · 페어 [[5, 1], [4, 2], [3, 7]]
[경륜 전적·자동] 아오모리 6경주: 7두 수집(競走得点·절대등급 A/B/C/D·라인[5, 6, 2, 1, 3, 7, 4]) → 통합등급 자동 반영
[3종 수집] 아오모리 6경주: {'quinella': 21, 'exacta': 42, 'trio': 0, 'win': 0} (history 1)
🔮 [예측] 아오모리 6경주: top3=[1, 5, 6] conf=4 · 1번 渡邉 拓의 압도적인 연승 행진이 두드러지며, 동일한 선행 라인 내에
[각질편성] 아오모리 6경주: 선행4·선입0·추입3 → ⚡ 빠른 페이스
[경륜전개] 아오모리 6경주: 하이(주도권 경합) · 라인 4개 · 페어 [[1, 3], [7, 4], [6, 2]]
[라인 페어 상한] 4+7 164.7배 > 특별상한 50.0배 → 💎 편입 제외(참고)
[경륜 추천 개수] 7명 → 메인 3개(상한 3) · 복병 이동 1개
🔎 [결정론 검수] 아오모리 6경주: B라인누락
[자동분석·배경] 아오모리 6경주: 마감 599초 전 재분석(rec_history 누적·cycle)
[각질편성] 아오모리 6경주: 선행4·선입0·추입3 → ⚡ 빠른 페이스
[경륜전개] 아오모리 6경주: 하이(주도권 경합) · 라인 4개 · 페어 [[1, 3], [7, 4], [6, 2]]
[라인 페어 상한] 4+7 164.7배 > 특별상한 50.0배 → 💎 편입 제외(참고)
[경륜 추천 개수] 7명 → 메인 3개(상한 3) · 복병 이동 1개
[placeholder 필터] 호후 5경주 복승 껍데기 배당 9조합 제외(값: [100])
[각질편성] 호후 5경주: 선행3·선입0·추입4 → ⚡ 빠른 페이스
[경륜전개] 호후 5경주: 보통 · 라인 3개 · 페어 [[5, 1], [4, 2], [3, 7]]
[placeholder 필터] 호후 5경주 복승 껍데기 배당 9조합 제외(값: [100])
[placeholder 필터] 호후 5경주 복승 껍데기 배당 9조합 제외(값: [100])
[각질편성] 호후 5경주: 선행3·선입0·추입4 → ⚡ 빠른 페이스
[각질편성] 호후 5경주: 선행3·선입0·추입4 → ⚡ 빠른 페이스
[경륜전개] 호후 5경주: 보통 · 라인 3개 · 페어 [[5, 1], [4, 2], [3, 7]]
[경륜전개] 호후 5경주: 보통 · 라인 3개 · 페어 [[5, 1], [4, 2], [3, 7]]
[placeholder 필터] 호후 5경주 복승 껍데기 배당 9조합 제외(값: [100])
[각질편성] 호후 5경주: 선행3·선입0·추입4 → ⚡ 빠른 페이스
[경륜전개] 호후 5경주: 보통 · 라인 3개 · 페어 [[5, 1], [4, 2], [3, 7]]
[다중경주] 호후 5경주: 사설(확장) 수집 활성(39초 전) → 복승은 사설 유지·서버 쌍승42/삼복승0 보완
[3종 수집] 호후 5경주: {'quinella': 21, 'exacta': 0, 'trio': 0, 'win': 0} (history 4)
[placeholder 필터] 호후 5경주 복승 껍데기 배당 9조합 제외(값: [100])
[각질편성] 호후 5경주: 선행3·선입0·추입4 → ⚡ 빠른 페이스
[경륜전개] 호후 5경주: 보통 · 라인 3개 · 페어 [[5, 1], [4, 2], [3, 7]]
[3종 수집] 아오모리 6경주: {'quinella': 21, 'exacta': 42, 'trio': 0, 'win': 0} (history 2)
[각질편성] 아오모리 6경주: 선행4·선입0·추입3 → ⚡ 빠른 페이스
[경륜전개] 아오모리 6경주: 하이(주도권 경합) · 라인 4개 · 페어 [[1, 3], [7, 4], [6, 2]]
[복병 이동 상한] 2+5 58.1배 > 특별상한 50.0배 → 💎 노출 제외(참고)
[경륜 추천 모순 수정] 고배당 강제조합 2건 메인→복병 이동(25배 상한)
[라인 페어 상한] 4+7 164.7배 > 특별상한 50.0배 → 💎 편입 제외(참고)
[경륜 추천 개수] 7명 → 메인 3개(상한 3) · 복병 이동 1개
[자동분석·배경] 아오모리 6경주: 마감 563초 전 재분석(rec_history 누적·cycle)
[placeholder 필터] 호후 5경주 복승 껍데기 배당 9조합 제외(값: [100])
[각질편성] 호후 5경주: 선행3·선입0·추입4 → ⚡ 빠른 페이스
[경륜전개] 호후 5경주: 보통 · 라인 3개 · 페어 [[5, 1], [4, 2], [3, 7]]
[카톡 변경알림] 호후 5경주 발송: 복승 추가: 1+4 / 복승 제외: 1+5
[placeholder 필터] 호후 5경주 복승 껍데기 배당 9조합 제외(값: [100])
[각질편성] 호후 5경주: 선행3·선입0·추입4 → ⚡ 빠른 페이스
[경륜전개] 호후 5경주: 보통 · 라인 3개 · 페어 [[5, 1], [4, 2], [3, 7]]
[placeholder 필터] 호후 5경주 복승 껍데기 배당 9조합 제외(값: [100])
[각질편성] 아오모리 4경주: 선행2·선입0·추입5 → 보통 페이스
[각질편성] 호후 5경주: 선행3·선입0·추입4 → ⚡ 빠른 페이스
[placeholder 필터] 호후 5경주 복승 껍데기 배당 9조합 제외(값: [100])
[경륜전개] 호후 5경주: 보통 · 라인 3개 · 페어 [[5, 1], [4, 2], [3, 7]]
[경륜전개] 아오모리 4경주: 슬로우(단독 선행) · 라인 2개 · 페어 [[2, 7], [4, 1]]
[각질편성] 호후 5경주: 선행3·선입0·추입4 → ⚡ 빠른 페이스
[복승불일치 축교정] 아오모리 4경주: 축 [1, 4]로 교정(자금이탈 강등 [7]·🔴🔴)
[경륜전개] 호후 5경주: 보통 · 라인 3개 · 페어 [[5, 1], [4, 2], [3, 7]]
[각질편성] 호후 4경주: 선행2·선입0·추입5 → 보통 페이스
[경륜전개] 호후 4경주: 보통 · 라인 2개 · 페어 [[2, 7], [3, 4]]
[각질편성] 아오모리 5경주: 선행2·선입0·추입5 → 보통 페이스
[경륜전개] 아오모리 5경주: 보통 · 라인 2개 · 페어 [[3, 4], [5, 1]]
[복승불일치 축교정] 아오모리 5경주: 축 [1, 3]로 교정(자금이탈 강등 [6]·🔴)
[결과기록] 캐시 갱신 — 재파싱 1건 / 전체 1653건
[각질편성] 호후 5경주: 선행3·선입0·추입4 → ⚡ 빠른 페이스
[경륜전개] 호후 5경주: 보통 · 라인 3개 · 페어 [[5, 1], [4, 2], [3, 7]]
[각질편성] 아오모리 6경주: 선행4·선입0·추입3 → ⚡ 빠른 페이스
[경륜전개] 아오모리 6경주: 하이(주도권 경합) · 라인 4개 · 페어 [[1, 3], [7, 4], [6, 2]]
[복병 이동 상한] 2+5 58.1배 > 특별상한 50.0배 → 💎 노출 제외(참고)
[경륜 추천 모순 수정] 고배당 강제조합 2건 메인→복병 이동(25배 상한)
[라인 페어 상한] 4+7 164.7배 > 특별상한 50.0배 → 💎 편입 제외(참고)
[경륜 추천 개수] 7명 → 메인 3개(상한 3) · 복병 이동 1개
[placeholder 필터] 호후 5경주 복승 껍데기 배당 9조합 제외(값: [100])
[placeholder 필터] 호후 5경주 복승 껍데기 배당 9조합 제외(값: [100])
[각질편성] 호후 5경주: 선행3·선입0·추입4 → ⚡ 빠른 페이스
[경륜전개] 호후 5경주: 보통 · 라인 3개 · 페어 [[5, 1], [4, 2], [3, 7]]
[각질편성] 호후 5경주: 선행3·선입0·추입4 → ⚡ 빠른 페이스
[경륜전개] 호후 5경주: 보통 · 라인 3개 · 페어 [[5, 1], [4, 2], [3, 7]]
[placeholder 필터] 호후 5경주 복승 껍데기 배당 9조합 제외(값: [100])
[각질편성] 호후 5경주: 선행3·선입0·추입4 → ⚡ 빠른 페이스
[경륜전개] 호후 5경주: 보통 · 라인 3개 · 페어 [[5, 1], [4, 2], [3, 7]]
[3종 수집] 호후 5경주: {'quinella': 21, 'exacta': 0, 'trio': 0, 'win': 0} (history 5)
[placeholder 필터] 호후 5경주 복승 껍데기 배당 9조합 제외(값: [100])
[각질편성] 호후 5경주: 선행3·선입0·추입4 → ⚡ 빠른 페이스
[경륜전개] 호후 5경주: 보통 · 라인 3개 · 페어 [[5, 1], [4, 2], [3, 7]]
[3종 수집] 아오모리 6경주: {'quinella': 21, 'exacta': 42, 'trio': 0, 'win': 0} (history 3)
[다중경주] 호후 5경주: 사설(확장) 수집 활성(2초 전) → 복승은 사설 유지·서버 쌍승42/삼복승0 보완
[각질편성] 아오모리 6경주: 선행4·선입0·추입3 → ⚡ 빠른 페이스
[경륜전개] 아오모리 6경주: 하이(주도권 경합) · 라인 4개 · 페어 [[1, 3], [7, 4], [6, 2]]
[복병 이동 상한] 2+5 53.4배 > 특별상한 50.0배 → 💎 노출 제외(참고)
[경륜 추천 모순 수정] 고배당 강제조합 2건 메인→복병 이동(25배 상한)
[라인 페어 상한] 4+7 164.8배 > 특별상한 50.0배 → 💎 편입 제외(참고)
[경륜 추천 개수] 7명 → 메인 3개(상한 3) · 복병 이동 1개
[자동분석·배경] 아오모리 6경주: 마감 531초 전 재분석(rec_history 누적·cycle)
[placeholder 필터] 호후 5경주 복승 껍데기 배당 9조합 제외(값: [100])
[각질편성] 호후 5경주: 선행3·선입0·추입4 → ⚡ 빠른 페이스
[경륜전개] 호후 5경주: 보통 · 라인 3개 · 페어 [[5, 1], [4, 2], [3, 7]]
[placeholder 필터] 호후 5경주 복승 껍데기 배당 9조합 제외(값: [100])
[placeholder 필터] 호후 5경주 복승 껍데기 배당 9조합 제외(값: [100])
[각질편성] 호후 5경주: 선행3·선입0·추입4 → ⚡ 빠른 페이스
[각질편성] 호후 5경주: 선행3·선입0·추입4 → ⚡ 빠른 페이스
[경륜전개] 호후 5경주: 보통 · 라인 3개 · 페어 [[5, 1], [4, 2], [3, 7]]
[경륜전개] 호후 5경주: 보통 · 라인 3개 · 페어 [[5, 1], [4, 2], [3, 7]]
[placeholder 필터] 호후 5경주 복승 껍데기 배당 9조합 제외(값: [100])
[각질편성] 호후 5경주: 선행3·선입0·추입4 → ⚡ 빠른 페이스
[경륜전개] 호후 5경주: 보통 · 라인 3개 · 페어 [[5, 1], [4, 2], [3, 7]]
[3종 수집] 호후 5경주: {'quinella': 21, 'exacta': 0, 'trio': 0, 'win': 0} (history 6)
[placeholder 필터] 호후 5경주 복승 껍데기 배당 9조합 제외(값: [100])
[각질편성] 호후 5경주: 선행3·선입0·추입4 → ⚡ 빠른 페이스
[경륜전개] 호후 5경주: 보통 · 라인 3개 · 페어 [[5, 1], [4, 2], [3, 7]]
[placeholder 필터] 호후 5경주 복승 껍데기 배당 9조합 제외(값: [100])
[각질편성] 호후 5경주: 선행3·선입0·추입4 → ⚡ 빠른 페이스
[경륜전개] 호후 5경주: 보통 · 라인 3개 · 페어 [[5, 1], [4, 2], [3, 7]]
[3종 수집] 아오모리 6경주: {'quinella': 21, 'exacta': 42, 'trio': 0, 'win': 0} (history 4)
[다중경주] 호후 5경주: 사설(확장) 수집 활성(5초 전) → 복승은 사설 유지·서버 쌍승42/삼복승0 보완
[각질편성] 아오모리 6경주: 선행4·선입0·추입3 → ⚡ 빠른 페이스
[경륜전개] 아오모리 6경주: 하이(주도권 경합) · 라인 4개 · 페어 [[1, 3], [7, 4], [6, 2]]
[복병 이동 상한] 2+5 53.4배 > 특별상한 50.0배 → 💎 노출 제외(참고)
[경륜 추천 모순 수정] 고배당 강제조합 2건 메인→복병 이동(25배 상한)
[라인 페어 상한] 4+7 164.8배 > 특별상한 50.0배 → 💎 편입 제외(참고)
[경륜 추천 개수] 7명 → 메인 3개(상한 3) · 복병 이동 1개
[자동분석·배경] 아오모리 6경주: 마감 498초 전 재분석(rec_history 누적·cycle)
[placeholder 필터] 호후 5경주 복승 껍데기 배당 9조합 제외(값: [100])
[각질편성] 호후 5경주: 선행3·선입0·추입4 → ⚡ 빠른 페이스
[경륜전개] 호후 5경주: 보통 · 라인 3개 · 페어 [[5, 1], [4, 2], [3, 7]]
[placeholder 필터] 호후 5경주 복승 껍데기 배당 9조합 제외(값: [100])
[각질편성] 아오모리 4경주: 선행2·선입0·추입5 → 보통 페이스
[경륜전개] 아오모리 4경주: 슬로우(단독 선행) · 라인 2개 · 페어 [[2, 7], [4, 1]]
[각질편성] 호후 5경주: 선행3·선입0·추입4 → ⚡ 빠른 페이스
[경륜전개] 호후 5경주: 보통 · 라인 3개 · 페어 [[5, 1], [4, 2], [3, 7]]
[복승불일치 축교정] 아오모리 4경주: 축 [1, 4]로 교정(자금이탈 강등 [7]·🔴🔴)
[각질편성] 호후 4경주: 선행2·선입0·추입5 → 보통 페이스
[경륜전개] 호후 4경주: 보통 · 라인 2개 · 페어 [[2, 7], [3, 4]]
[각질편성] 아오모리 5경주: 선행2·선입0·추입5 → 보통 페이스
[경륜전개] 아오모리 5경주: 보통 · 라인 2개 · 페어 [[3, 4], [5, 1]]
[복승불일치 축교정] 아오모리 5경주: 축 [1, 3]로 교정(자금이탈 강등 [6]·🔴)
[결과기록] 캐시 갱신 — 재파싱 1건 / 전체 1653건
[각질편성] 호후 5경주: 선행3·선입0·추입4 → ⚡ 빠른 페이스
[경륜전개] 호후 5경주: 보통 · 라인 3개 · 페어 [[5, 1], [4, 2], [3, 7]]
[각질편성] 아오모리 6경주: 선행4·선입0·추입3 → ⚡ 빠른 페이스
[경륜전개] 아오모리 6경주: 하이(주도권 경합) · 라인 4개 · 페어 [[1, 3], [7, 4], [6, 2]]
[복병 이동 상한] 2+5 53.4배 > 특별상한 50.0배 → 💎 노출 제외(참고)
[경륜 추천 모순 수정] 고배당 강제조합 2건 메인→복병 이동(25배 상한)
[라인 페어 상한] 4+7 164.8배 > 특별상한 50.0배 → 💎 편입 제외(참고)
[경륜 추천 개수] 7명 → 메인 3개(상한 3) · 복병 이동 1개
[placeholder 필터] 호후 5경주 복승 껍데기 배당 9조합 제외(값: [100])
[각질편성] 호후 5경주: 선행3·선입0·추입4 → ⚡ 빠른 페이스
[경륜전개] 호후 5경주: 보통 · 라인 3개 · 페어 [[5, 1], [4, 2], [3, 7]]
[placeholder 필터] 호후 5경주 복승 껍데기 배당 9조합 제외(값: [100])
[placeholder 필터] 호후 5경주 복승 껍데기 배당 9조합 제외(값: [100])
[각질편성] 호후 5경주: 선행3·선입0·추입4 → ⚡ 빠른 페이스
[각질편성] 호후 5경주: 선행3·선입0·추입4 → ⚡ 빠른 페이스
[경륜전개] 호후 5경주: 보통 · 라인 3개 · 페어 [[5, 1], [4, 2], [3, 7]]
[경륜전개] 호후 5경주: 보통 · 라인 3개 · 페어 [[5, 1], [4, 2], [3, 7]]
[placeholder 필터] 호후 5경주 복승 껍데기 배당 9조합 제외(값: [100])
[각질편성] 호후 5경주: 선행3·선입0·추입4 → ⚡ 빠른 페이스
[경륜전개] 호후 5경주: 보통 · 라인 3개 · 페어 [[5, 1], [4, 2], [3, 7]]
[3종 수집] 아오모리 6경주: {'quinella': 21, 'exacta': 42, 'trio': 0, 'win': 0} (history 5)
[각질편성] 아오모리 6경주: 선행4·선입0·추입3 → ⚡ 빠른 페이스
[경륜전개] 아오모리 6경주: 하이(주도권 경합) · 라인 4개 · 페어 [[1, 3], [7, 4], [6, 2]]
[라인 페어 상한] 4+7 169.2배 > 특별상한 50.0배 → 💎 편입 제외(참고)
[경륜 추천 개수] 7명 → 메인 3개(상한 3) · 복병 이동 3개
[자동분석·배경] 아오모리 6경주: 마감 466초 전 재분석(rec_history 누적·cycle)
[3종 수집] 호후 5경주: {'quinella': 21, 'exacta': 0, 'trio': 0, 'win': 0} (history 7)
[placeholder 필터] 호후 5경주 복승 껍데기 배당 9조합 제외(값: [100])
[각질편성] 호후 5경주: 선행3·선입0·추입4 → ⚡ 빠른 페이스
[경륜전개] 호후 5경주: 보통 · 라인 3개 · 페어 [[5, 1], [4, 2], [3, 7]]
[placeholder 필터] 호후 5경주 복승 껍데기 배당 9조합 제외(값: [100])
[각질편성] 호후 5경주: 선행3·선입0·추입4 → ⚡ 빠른 페이스
[경륜전개] 호후 5경주: 보통 · 라인 3개 · 페어 [[5, 1], [4, 2], [3, 7]]
[placeholder 필터] 호후 5경주 복승 껍데기 배당 9조합 제외(값: [100])
[placeholder 필터] 호후 5경주 복승 껍데기 배당 9조합 제외(값: [100])
[각질편성] 호후 5경주: 선행3·선입0·추입4 → ⚡ 빠른 페이스
[각질편성] 호후 5경주: 선행3·선입0·추입4 → ⚡ 빠른 페이스
[경륜전개] 호후 5경주: 보통 · 라인 3개 · 페어 [[5, 1], [4, 2], [3, 7]]
[경륜전개] 호후 5경주: 보통 · 라인 3개 · 페어 [[5, 1], [4, 2], [3, 7]]
[placeholder 필터] 호후 5경주 복승 껍데기 배당 9조합 제외(값: [100])
[각질편성] 호후 5경주: 선행3·선입0·추입4 → ⚡ 빠른 페이스
[경륜전개] 호후 5경주: 보통 · 라인 3개 · 페어 [[5, 1], [4, 2], [3, 7]]
[다중경주] 하트비트 #91 · 스케줄 ymd=20260801 (-1초 전 갱신 · 트랙 12개)
[placeholder 필터] 호후 5경주 복승 껍데기 배당 9조합 제외(값: [100])
[각질편성] 호후 5경주: 선행3·선입0·추입4 → ⚡ 빠른 페이스
[placeholder 필터] 호후 5경주 복승 껍데기 배당 9조합 제외(값: [100])
[경륜전개] 호후 5경주: 보통 · 라인 3개 · 페어 [[5, 1], [4, 2], [3, 7]]
[각질편성] 아오모리 4경주: 선행2·선입0·추입5 → 보통 페이스
[경륜전개] 아오모리 4경주: 슬로우(단독 선행) · 라인 2개 · 페어 [[2, 7], [4, 1]]
[각질편성] 호후 5경주: 선행3·선입0·추입4 → ⚡ 빠른 페이스
[복승불일치 축교정] 아오모리 4경주: 축 [1, 4]로 교정(자금이탈 강등 [7]·🔴🔴)
[경륜전개] 호후 5경주: 보통 · 라인 3개 · 페어 [[5, 1], [4, 2], [3, 7]]
[각질편성] 호후 4경주: 선행2·선입0·추입5 → 보통 페이스
[경륜전개] 호후 4경주: 보통 · 라인 2개 · 페어 [[2, 7], [3, 4]]
[3종 수집] 아오모리 6경주: {'quinella': 21, 'exacta': 42, 'trio': 0, 'win': 0} (history 6)
[각질편성] 아오모리 5경주: 선행2·선입0·추입5 → 보통 페이스
[경륜전개] 아오모리 5경주: 보통 · 라인 2개 · 페어 [[3, 4], [5, 1]]
[복승불일치 축교정] 아오모리 5경주: 축 [1, 3]로 교정(자금이탈 강등 [6]·🔴)
[3종 수집] 호후 5경주: {'quinella': 21, 'exacta': 0, 'trio': 0, 'win': 0} (history 8)
[placeholder 필터] 호후 5경주 복승 껍데기 배당 9조합 제외(값: [100])
[각질편성] 호후 5경주: 선행3·선입0·추입4 → ⚡ 빠른 페이스
[경륜전개] 호후 5경주: 보통 · 라인 3개 · 페어 [[5, 1], [4, 2], [3, 7]]
[각질편성] 아오모리 6경주: 선행4·선입0·추입3 → ⚡ 빠른 페이스
[경륜전개] 아오모리 6경주: 하이(주도권 경합) · 라인 4개 · 페어 [[1, 3], [7, 4], [6, 2]]
[경륜 추천 모순 수정] 고배당 강제조합 1건 메인→복병 이동(25배 상한)
[라인 페어 상한] 4+7 171.0배 > 특별상한 50.0배 → 💎 편입 제외(참고)
[경륜 추천 개수] 7명 → 메인 3개(상한 3) · 복병 이동 2개
[자동분석·배경] 아오모리 6경주: 마감 434초 전 재분석(rec_history 누적·cycle)
[placeholder 필터] 호후 5경주 복승 껍데기 배당 9조합 제외(값: [100])
[각질편성] 호후 5경주: 선행3·선입0·추입4 → ⚡ 빠른 페이스
[경륜전개] 호후 5경주: 보통 · 라인 3개 · 페어 [[5, 1], [4, 2], [3, 7]]
[각질편성] 아오모리 6경주: 선행4·선입0·추입3 → ⚡ 빠른 페이스
[경륜전개] 아오모리 6경주: 하이(주도권 경합) · 라인 4개 · 페어 [[1, 3], [7, 4], [6, 2]]
[경륜 추천 모순 수정] 고배당 강제조합 1건 메인→복병 이동(25배 상한)
[라인 페어 상한] 4+7 171.0배 > 특별상한 50.0배 → 💎 편입 제외(참고)
[경륜 추천 개수] 7명 → 메인 3개(상한 3) · 복병 이동 2개
[카카오알림] 아오모리 6경주 T-7 → 큐 적재
[결과기록] 캐시 갱신 — 재파싱 1건 / 전체 1653건
[각질편성] 호후 5경주: 선행3·선입0·추입4 → ⚡ 빠른 페이스
[경륜전개] 호후 5경주: 보통 · 라인 3개 · 페어 [[5, 1], [4, 2], [3, 7]]
[각질편성] 아오모리 6경주: 선행4·선입0·추입3 → ⚡ 빠른 페이스
[경륜전개] 아오모리 6경주: 하이(주도권 경합) · 라인 4개 · 페어 [[1, 3], [7, 4], [6, 2]]
[라인 페어 상한] 4+7 169.2배 > 특별상한 50.0배 → 💎 편입 제외(참고)
[경륜 추천 개수] 7명 → 메인 3개(상한 3) · 복병 이동 3개
[placeholder 필터] 호후 5경주 복승 껍데기 배당 9조합 제외(값: [100])
[각질편성] 호후 5경주: 선행3·선입0·추입4 → ⚡ 빠른 페이스
[경륜전개] 호후 5경주: 보통 · 라인 3개 · 페어 [[5, 1], [4, 2], [3, 7]]
[placeholder 필터] 호후 5경주 복승 껍데기 배당 9조합 제외(값: [100])
[각질편성] 호후 5경주: 선행3·선입0·추입4 → ⚡ 빠른 페이스
[경륜전개] 호후 5경주: 보통 · 라인 3개 · 페어 [[5, 1], [4, 2], [3, 7]]
[placeholder 필터] 호후 5경주 복승 껍데기 배당 9조합 제외(값: [100])
[placeholder 필터] 호후 5경주 복승 껍데기 배당 9조합 제외(값: [100])
[각질편성] 호후 5경주: 선행3·선입0·추입4 → ⚡ 빠른 페이스
[각질편성] 호후 5경주: 선행3·선입0·추입4 → ⚡ 빠른 페이스
[경륜전개] 호후 5경주: 보통 · 라인 3개 · 페어 [[5, 1], [4, 2], [3, 7]]
[경륜전개] 호후 5경주: 보통 · 라인 3개 · 페어 [[5, 1], [4, 2], [3, 7]]
[3종 수집] 아오모리 6경주: {'quinella': 21, 'exacta': 42, 'trio': 0, 'win': 0} (history 7)
[각질편성] 아오모리 6경주: 선행4·선입0·추입3 → ⚡ 빠른 페이스
[경륜전개] 아오모리 6경주: 하이(주도권 경합) · 라인 4개 · 페어 [[1, 3], [7, 4], [6, 2]]
[경륜 추천 모순 수정] 고배당 강제조합 1건 메인→복병 이동(25배 상한)
[라인 페어 상한] 4+7 171.0배 > 특별상한 50.0배 → 💎 편입 제외(참고)
[경륜 추천 개수] 7명 → 메인 3개(상한 3) · 복병 이동 2개
[자동분석·배경] 아오모리 6경주: 마감 400초 전 재분석(rec_history 누적·cycle)
[placeholder 필터] 호후 5경주 복승 껍데기 배당 9조합 제외(값: [100])
[각질편성] 호후 5경주: 선행3·선입0·추입4 → ⚡ 빠른 페이스
[경륜전개] 호후 5경주: 보통 · 라인 3개 · 페어 [[5, 1], [4, 2], [3, 7]]
[3종 수집] 호후 5경주: {'quinella': 21, 'exacta': 0, 'trio': 0, 'win': 0} (history 9)
[placeholder 필터] 호후 5경주 복승 껍데기 배당 9조합 제외(값: [100])
[각질편성] 호후 5경주: 선행3·선입0·추입4 → ⚡ 빠른 페이스
[경륜전개] 호후 5경주: 보통 · 라인 3개 · 페어 [[5, 1], [4, 2], [3, 7]]
[placeholder 필터] 호후 5경주 복승 껍데기 배당 9조합 제외(값: [100])
[각질편성] 호후 5경주: 선행3·선입0·추입4 → ⚡ 빠른 페이스
[경륜전개] 호후 5경주: 보통 · 라인 3개 · 페어 [[5, 1], [4, 2], [3, 7]]
[placeholder 필터] 호후 5경주 복승 껍데기 배당 9조합 제외(값: [100])
[placeholder 필터] 호후 5경주 복승 껍데기 배당 9조합 제외(값: [100])
[각질편성] 호후 5경주: 선행3·선입0·추입4 → ⚡ 빠른 페이스
[각질편성] 호후 5경주: 선행3·선입0·추입4 → ⚡ 빠른 페이스
[경륜전개] 호후 5경주: 보통 · 라인 3개 · 페어 [[5, 1], [4, 2], [3, 7]][경륜전개] 호후 5경주: 보통 · 라인 3개 · 페어 [[5, 1], [4, 2], [3, 7]]

[placeholder 필터] 호후 5경주 복승 껍데기 배당 9조합 제외(값: [100])
[각질편성] 아오모리 4경주: 선행2·선입0·추입5 → 보통 페이스
[placeholder 필터] 호후 5경주 복승 껍데기 배당 9조합 제외(값: [100])
[경륜전개] 아오모리 4경주: 슬로우(단독 선행) · 라인 2개 · 페어 [[2, 7], [4, 1]]
[각질편성] 호후 5경주: 선행3·선입0·추입4 → ⚡ 빠른 페이스
[복승불일치 축교정] 아오모리 4경주: 축 [1, 4]로 교정(자금이탈 강등 [7]·🔴🔴)
[각질편성] 호후 5경주: 선행3·선입0·추입4 → ⚡ 빠른 페이스
[경륜전개] 호후 5경주: 보통 · 라인 3개 · 페어 [[5, 1], [4, 2], [3, 7]]
[경륜전개] 호후 5경주: 보통 · 라인 3개 · 페어 [[5, 1], [4, 2], [3, 7]]
[각질편성] 호후 4경주: 선행2·선입0·추입5 → 보통 페이스
[경륜전개] 호후 4경주: 보통 · 라인 2개 · 페어 [[2, 7], [3, 4]]
[각질편성] 아오모리 5경주: 선행2·선입0·추입5 → 보통 페이스
[경륜전개] 아오모리 5경주: 보통 · 라인 2개 · 페어 [[3, 4], [5, 1]]
[복승불일치 축교정] 아오모리 5경주: 축 [1, 3]로 교정(자금이탈 강등 [6]·🔴)
[각질편성] 호후 5경주: 선행3·선입0·추입4 → ⚡ 빠른 페이스
[경륜전개] 호후 5경주: 보통 · 라인 3개 · 페어 [[5, 1], [4, 2], [3, 7]]
[각질편성] 아오모리 6경주: 선행4·선입0·추입3 → ⚡ 빠른 페이스
[경륜전개] 아오모리 6경주: 하이(주도권 경합) · 라인 4개 · 페어 [[1, 3], [7, 4], [6, 2]]
[경륜 추천 모순 수정] 고배당 강제조합 1건 메인→복병 이동(25배 상한)
[라인 페어 상한] 4+7 171.0배 > 특별상한 50.0배 → 💎 편입 제외(참고)
[경륜 추천 개수] 7명 → 메인 3개(상한 3) · 복병 이동 2개
[placeholder 필터] 호후 5경주 복승 껍데기 배당 9조합 제외(값: [100])
[각질편성] 호후 5경주: 선행3·선입0·추입4 → ⚡ 빠른 페이스
[경륜전개] 호후 5경주: 보통 · 라인 3개 · 페어 [[5, 1], [4, 2], [3, 7]]
[3종 수집] 아오모리 6경주: {'quinella': 21, 'exacta': 42, 'trio': 0, 'win': 0} (history 8)
[각질편성] 아오모리 6경주: 선행4·선입0·추입3 → ⚡ 빠른 페이스
[경륜전개] 아오모리 6경주: 하이(주도권 경합) · 라인 4개 · 페어 [[1, 3], [7, 4], [6, 2]]
[경륜 추천 모순 수정] 고배당 강제조합 1건 메인→복병 이동(25배 상한)
[라인 페어 상한] 4+7 171.0배 > 특별상한 50.0배 → 💎 편입 제외(참고)
[경륜 추천 개수] 7명 → 메인 3개(상한 3) · 복병 이동 2개
[자동분석·배경] 아오모리 6경주: 마감 368초 전 재분석(rec_history 누적·cycle)
[3종 수집] 호후 5경주: {'quinella': 21, 'exacta': 0, 'trio': 0, 'win': 0} (history 10)
[placeholder 필터] 호후 5경주 복승 껍데기 배당 9조합 제외(값: [100])
[각질편성] 호후 5경주: 선행3·선입0·추입4 → ⚡ 빠른 페이스
[경륜전개] 호후 5경주: 보통 · 라인 3개 · 페어 [[5, 1], [4, 2], [3, 7]]
[placeholder 필터] 호후 5경주 복승 껍데기 배당 9조합 제외(값: [100])
[각질편성] 호후 5경주: 선행3·선입0·추입4 → ⚡ 빠른 페이스
[경륜전개] 호후 5경주: 보통 · 라인 3개 · 페어 [[5, 1], [4, 2], [3, 7]]
[placeholder 필터] 호후 5경주 복승 껍데기 배당 9조합 제외(값: [100])
[각질편성] 호후 5경주: 선행3·선입0·추입4 → ⚡ 빠른 페이스
[경륜전개] 호후 5경주: 보통 · 라인 3개 · 페어 [[5, 1], [4, 2], [3, 7]]
[placeholder 필터] 호후 5경주 복승 껍데기 배당 9조합 제외(값: [100])
[placeholder 필터] 호후 5경주 복승 껍데기 배당 9조합 제외(값: [100])
[각질편성] 호후 5경주: 선행3·선입0·추입4 → ⚡ 빠른 페이스
[각질편성] 호후 5경주: 선행3·선입0·추입4 → ⚡ 빠른 페이스
[경륜전개] 호후 5경주: 보통 · 라인 3개 · 페어 [[5, 1], [4, 2], [3, 7]]
[경륜전개] 호후 5경주: 보통 · 라인 3개 · 페어 [[5, 1], [4, 2], [3, 7]]
[3종 수집] 아오모리 6경주: {'quinella': 21, 'exacta': 42, 'trio': 0, 'win': 0} (history 9)
[각질편성] 아오모리 6경주: 선행4·선입0·추입3 → ⚡ 빠른 페이스
[경륜전개] 아오모리 6경주: 하이(주도권 경합) · 라인 4개 · 페어 [[1, 3], [7, 4], [6, 2]]
[복병 이동 상한] 2+5 62.7배 > 특별상한 50.0배 → 💎 노출 제외(참고)
[경륜 추천 모순 수정] 고배당 강제조합 2건 메인→복병 이동(25배 상한)
[라인 페어 상한] 4+7 180.4배 > 특별상한 50.0배 → 💎 편입 제외(참고)
[경륜 추천 개수] 7명 → 메인 3개(상한 3) · 복병 이동 1개
[자동분석·배경] 아오모리 6경주: 마감 336초 전 재분석(rec_history 누적·cycle)
[placeholder 필터] 호후 5경주 복승 껍데기 배당 9조합 제외(값: [100])
[각질편성] 호후 5경주: 선행3·선입0·추입4 → ⚡ 빠른 페이스
[경륜전개] 호후 5경주: 보통 · 라인 3개 · 페어 [[5, 1], [4, 2], [3, 7]]
[3종 수집] 호후 5경주: {'quinella': 21, 'exacta': 0, 'trio': 0, 'win': 0} (history 11)
[placeholder 필터] 호후 5경주 복승 껍데기 배당 9조합 제외(값: [100])
[각질편성] 호후 5경주: 선행3·선입0·추입4 → ⚡ 빠른 페이스
[경륜전개] 호후 5경주: 보통 · 라인 3개 · 페어 [[5, 1], [4, 2], [3, 7]]
[placeholder 필터] 호후 5경주 복승 껍데기 배당 9조합 제외(값: [100])
[각질편성] 호후 5경주: 선행3·선입0·추입4 → ⚡ 빠른 페이스
[경륜전개] 호후 5경주: 보통 · 라인 3개 · 페어 [[5, 1], [4, 2], [3, 7]]
[placeholder 필터] 호후 5경주 복승 껍데기 배당 9조합 제외(값: [100])
[각질편성] 아오모리 4경주: 선행2·선입0·추입5 → 보통 페이스
[경륜전개] 아오모리 4경주: 슬로우(단독 선행) · 라인 2개 · 페어 [[2, 7], [4, 1]]
[placeholder 필터] 호후 5경주 복승 껍데기 배당 9조합 제외(값: [100])
[각질편성] 호후 5경주: 선행3·선입0·추입4 → ⚡ 빠른 페이스
[경륜전개] 호후 5경주: 보통 · 라인 3개 · 페어 [[5, 1], [4, 2], [3, 7]]
[복승불일치 축교정] 아오모리 4경주: 축 [1, 4]로 교정(자금이탈 강등 [7]·🔴🔴)
[각질편성] 호후 5경주: 선행3·선입0·추입4 → ⚡ 빠른 페이스
[경륜전개] 호후 5경주: 보통 · 라인 3개 · 페어 [[5, 1], [4, 2], [3, 7]]
[결과기록] 캐시 갱신 — 재파싱 1건 / 전체 1653건
[각질편성] 호후 4경주: 선행2·선입0·추입5 → 보통 페이스
[경륜전개] 호후 4경주: 보통 · 라인 2개 · 페어 [[2, 7], [3, 4]]
[각질편성] 아오모리 5경주: 선행2·선입0·추입5 → 보통 페이스
[경륜전개] 아오모리 5경주: 보통 · 라인 2개 · 페어 [[3, 4], [5, 1]]
[복승불일치 축교정] 아오모리 5경주: 축 [1, 3]로 교정(자금이탈 강등 [6]·🔴)
[각질편성] 호후 5경주: 선행3·선입0·추입4 → ⚡ 빠른 페이스
[경륜전개] 호후 5경주: 보통 · 라인 3개 · 페어 [[5, 1], [4, 2], [3, 7]]
[각질편성] 아오모리 6경주: 선행4·선입0·추입3 → ⚡ 빠른 페이스
[경륜전개] 아오모리 6경주: 하이(주도권 경합) · 라인 4개 · 페어 [[1, 3], [7, 4], [6, 2]]
[복병 이동 상한] 2+5 62.7배 > 특별상한 50.0배 → 💎 노출 제외(참고)
[경륜 추천 모순 수정] 고배당 강제조합 2건 메인→복병 이동(25배 상한)
[라인 페어 상한] 4+7 180.4배 > 특별상한 50.0배 → 💎 편입 제외(참고)
[경륜 추천 개수] 7명 → 메인 3개(상한 3) · 복병 이동 1개
[placeholder 필터] 호후 5경주 복승 껍데기 배당 9조합 제외(값: [100])
[placeholder 필터] 호후 5경주 복승 껍데기 배당 9조합 제외(값: [100])
[각질편성] 호후 5경주: 선행3·선입0·추입4 → ⚡ 빠른 페이스
[경륜전개] 호후 5경주: 보통 · 라인 3개 · 페어 [[5, 1], [4, 2], [3, 7]]
[각질편성] 호후 5경주: 선행3·선입0·추입4 → ⚡ 빠른 페이스
[경륜전개] 호후 5경주: 보통 · 라인 3개 · 페어 [[5, 1], [4, 2], [3, 7]]
[3종 수집] 아오모리 6경주: {'quinella': 21, 'exacta': 42, 'trio': 0, 'win': 0} (history 10)
[각질편성] 아오모리 6경주: 선행4·선입0·추입3 → ⚡ 빠른 페이스
[경륜전개] 아오모리 6경주: 하이(주도권 경합) · 라인 4개 · 페어 [[1, 3], [7, 4], [6, 2]]
[경륜 추천 모순 수정] 고배당 강제조합 1건 메인→복병 이동(25배 상한)
[라인 페어 상한] 4+7 201.4배 > 특별상한 50.0배 → 💎 편입 제외(참고)
[경륜 추천 개수] 7명 → 메인 3개(상한 3) · 복병 이동 1개
[자동분석·배경] 아오모리 6경주: 마감 303초 전 재분석(rec_history 누적·cycle)
[각질편성] 아오모리 6경주: 선행4·선입0·추입3 → ⚡ 빠른 페이스
[경륜전개] 아오모리 6경주: 하이(주도권 경합) · 라인 4개 · 페어 [[1, 3], [7, 4], [6, 2]]
[경륜 추천 모순 수정] 고배당 강제조합 1건 메인→복병 이동(25배 상한)
[라인 페어 상한] 4+7 201.4배 > 특별상한 50.0배 → 💎 편입 제외(참고)
[경륜 추천 개수] 7명 → 메인 3개(상한 3) · 복병 이동 1개
[카카오알림] 아오모리 6경주 T-5 → 큐 적재
[placeholder 필터] 호후 5경주 복승 껍데기 배당 9조합 제외(값: [100])
[각질편성] 호후 5경주: 선행3·선입0·추입4 → ⚡ 빠른 페이스
[경륜전개] 호후 5경주: 보통 · 라인 3개 · 페어 [[5, 1], [4, 2], [3, 7]]
[3종 수집] 호후 5경주: {'quinella': 21, 'exacta': 0, 'trio': 0, 'win': 0} (history 12)
[placeholder 필터] 호후 5경주 복승 껍데기 배당 9조합 제외(값: [100])
[각질편성] 호후 5경주: 선행3·선입0·추입4 → ⚡ 빠른 페이스
[경륜전개] 호후 5경주: 보통 · 라인 3개 · 페어 [[5, 1], [4, 2], [3, 7]]
[placeholder 필터] 호후 5경주 복승 껍데기 배당 9조합 제외(값: [100])
[각질편성] 호후 5경주: 선행3·선입0·추입4 → ⚡ 빠른 페이스
[경륜전개] 호후 5경주: 보통 · 라인 3개 · 페어 [[5, 1], [4, 2], [3, 7]]
[placeholder 필터] 호후 5경주 복승 껍데기 배당 9조합 제외(값: [100])
[placeholder 필터] 호후 5경주 복승 껍데기 배당 9조합 제외(값: [100])
[각질편성] 호후 5경주: 선행3·선입0·추입4 → ⚡ 빠른 페이스
[각질편성] 호후 5경주: 선행3·선입0·추입4 → ⚡ 빠른 페이스
[경륜전개] 호후 5경주: 보통 · 라인 3개 · 페어 [[5, 1], [4, 2], [3, 7]]
[경륜전개] 호후 5경주: 보통 · 라인 3개 · 페어 [[5, 1], [4, 2], [3, 7]]
[활성정리] 끝난 경주 1건 제거(히스토리 보존): 아오모리 4경주
[3종 수집] 아오모리 6경주: {'quinella': 21, 'exacta': 42, 'trio': 0, 'win': 0} (history 11)
[각질편성] 아오모리 6경주: 선행4·선입0·추입3 → ⚡ 빠른 페이스
[경륜전개] 아오모리 6경주: 하이(주도권 경합) · 라인 4개 · 페어 [[1, 3], [7, 4], [6, 2]]
[경륜 추천 모순 수정] 고배당 강제조합 1건 메인→복병 이동(25배 상한)
[라인 페어 상한] 4+7 201.4배 > 특별상한 50.0배 → 💎 편입 제외(참고)
[경륜 추천 개수] 7명 → 메인 3개(상한 3) · 복병 이동 1개
[자동예상] 아오모리 6경주 최종예상 저장(2026_08_01_아오모리_6경주.json)
[각질편성] 아오모리 6경주: 선행4·선입0·추입3 → ⚡ 빠른 페이스
[경륜전개] 아오모리 6경주: 하이(주도권 경합) · 라인 4개 · 페어 [[1, 3], [7, 4], [6, 2]]
[경륜 추천 모순 수정] 고배당 강제조합 1건 메인→복병 이동(25배 상한)
[라인 페어 상한] 4+7 201.4배 > 특별상한 50.0배 → 💎 편입 제외(참고)
[경륜 추천 개수] 7명 → 메인 3개(상한 3) · 복병 이동 1개
[자동분석·배경] 아오모리 6경주: 마감 271초 전 재분석(rec_history 누적·cycle)
[카톡 변경알림·즉시] 아오모리 6경주 (남은 271s): 삼복승 제외: 1+2+6 · 1+3+6
[placeholder 필터] 호후 5경주 복승 껍데기 배당 9조합 제외(값: [100])
[각질편성] 호후 5경주: 선행3·선입0·추입4 → ⚡ 빠른 페이스
[경륜전개] 호후 5경주: 보통 · 라인 3개 · 페어 [[5, 1], [4, 2], [3, 7]]
[3종 수집] 호후 5경주: {'quinella': 21, 'exacta': 0, 'trio': 0, 'win': 0} (history 12)
[placeholder 필터] 호후 5경주 복승 껍데기 배당 9조합 제외(값: [100])
[각질편성] 호후 5경주: 선행3·선입0·추입4 → ⚡ 빠른 페이스
[경륜전개] 호후 5경주: 보통 · 라인 3개 · 페어 [[5, 1], [4, 2], [3, 7]]
[placeholder 필터] 호후 5경주 복승 껍데기 배당 9조합 제외(값: [100])
[각질편성] 호후 5경주: 선행3·선입0·추입4 → ⚡ 빠른 페이스
[경륜전개] 호후 5경주: 보통 · 라인 3개 · 페어 [[5, 1], [4, 2], [3, 7]]
[placeholder 필터] 호후 5경주 복승 껍데기 배당 9조합 제외(값: [100])
[placeholder 필터] 호후 5경주 복승 껍데기 배당 9조합 제외(값: [100])
[각질편성] 호후 5경주: 선행3·선입0·추입4 → ⚡ 빠른 페이스
[경륜전개] 호후 5경주: 보통 · 라인 3개 · 페어 [[5, 1], [4, 2], [3, 7]]
[각질편성] 아오모리 4경주: 선행2·선입0·추입5 → 보통 페이스
[각질편성] 호후 5경주: 선행3·선입0·추입4 → ⚡ 빠른 페이스
[경륜전개] 아오모리 4경주: 슬로우(단독 선행) · 라인 2개 · 페어 [[2, 7], [4, 1]]
[경륜전개] 호후 5경주: 보통 · 라인 3개 · 페어 [[5, 1], [4, 2], [3, 7]]
[복승불일치 축교정] 아오모리 4경주: 축 [1, 4]로 교정(자금이탈 강등 [7]·🔴🔴)
[결과기록] 캐시 갱신 — 재파싱 1건 / 전체 1653건
[각질편성] 호후 4경주: 선행2·선입0·추입5 → 보통 페이스
[경륜전개] 호후 4경주: 보통 · 라인 2개 · 페어 [[2, 7], [3, 4]]
[각질편성] 아오모리 5경주: 선행2·선입0·추입5 → 보통 페이스
[경륜전개] 아오모리 5경주: 보통 · 라인 2개 · 페어 [[3, 4], [5, 1]]
[복승불일치 축교정] 아오모리 5경주: 축 [1, 3]로 교정(자금이탈 강등 [6]·🔴)
[각질편성] 호후 5경주: 선행3·선입0·추입4 → ⚡ 빠른 페이스
[경륜전개] 호후 5경주: 보통 · 라인 3개 · 페어 [[5, 1], [4, 2], [3, 7]]
[각질편성] 아오모리 6경주: 선행4·선입0·추입3 → ⚡ 빠른 페이스
[경륜전개] 아오모리 6경주: 하이(주도권 경합) · 라인 4개 · 페어 [[1, 3], [7, 4], [6, 2]]
[경륜 추천 모순 수정] 고배당 강제조합 1건 메인→복병 이동(25배 상한)
[라인 페어 상한] 4+7 201.4배 > 특별상한 50.0배 → 💎 편입 제외(참고)
[경륜 추천 개수] 7명 → 메인 3개(상한 3) · 복병 이동 1개
[placeholder 필터] 호후 5경주 복승 껍데기 배당 9조합 제외(값: [100])
[각질편성] 호후 5경주: 선행3·선입0·추입4 → ⚡ 빠른 페이스
[경륜전개] 호후 5경주: 보통 · 라인 3개 · 페어 [[5, 1], [4, 2], [3, 7]]
[placeholder 필터] 호후 5경주 복승 껍데기 배당 9조합 제외(값: [100])
[placeholder 필터] 호후 5경주 복승 껍데기 배당 9조합 제외(값: [100])
[각질편성] 호후 5경주: 선행3·선입0·추입4 → ⚡ 빠른 페이스
[각질편성] 호후 5경주: 선행3·선입0·추입4 → ⚡ 빠른 페이스
[경륜전개] 호후 5경주: 보통 · 라인 3개 · 페어 [[5, 1], [4, 2], [3, 7]]
[경륜전개] 호후 5경주: 보통 · 라인 3개 · 페어 [[5, 1], [4, 2], [3, 7]]
[3종 수집] 아오모리 6경주: {'quinella': 21, 'exacta': 42, 'trio': 0, 'win': 0} (history 12)
[각질편성] 아오모리 6경주: 선행4·선입0·추입3 → ⚡ 빠른 페이스
[경륜전개] 아오모리 6경주: 하이(주도권 경합) · 라인 4개 · 페어 [[1, 3], [7, 4], [6, 2]]
[라인 페어 상한] 4+7 263.0배 > 특별상한 50.0배 → 💎 편입 제외(참고)
[자동분석·배경] 아오모리 6경주: 마감 239초 전 재분석(rec_history 누적·cycle)
[카톡 변경알림·즉시] 아오모리 6경주 (남은 239s): 복승 추가: 1+3 / 복승 제외: 5+6
[각질편성] 아오모리 6경주: 선행4·선입0·추입3 → ⚡ 빠른 페이스
[경륜전개] 아오모리 6경주: 하이(주도권 경합) · 라인 4개 · 페어 [[1, 3], [7, 4], [6, 2]]
[라인 페어 상한] 4+7 263.0배 > 특별상한 50.0배 → 💎 편입 제외(참고)
[스냅샷] 저장: 2026_08_01_아오모리_6경주_T-10.png (719 KB · T-10)
[각질편성] 아오모리 6경주: 선행4·선입0·추입3 → ⚡ 빠른 페이스
[경륜전개] 아오모리 6경주: 하이(주도권 경합) · 라인 4개 · 페어 [[1, 3], [7, 4], [6, 2]]
[라인 페어 상한] 4+7 263.0배 > 특별상한 50.0배 → 💎 편입 제외(참고)
[각질편성] 아오모리 6경주: 선행4·선입0·추입3 → ⚡ 빠른 페이스
[경륜전개] 아오모리 6경주: 하이(주도권 경합) · 라인 4개 · 페어 [[1, 3], [7, 4], [6, 2]]
[라인 페어 상한] 4+7 263.0배 > 특별상한 50.0배 → 💎 편입 제외(참고)
[각질편성] 아오모리 6경주: 선행4·선입0·추입3 → ⚡ 빠른 페이스
[경륜전개] 아오모리 6경주: 하이(주도권 경합) · 라인 4개 · 페어 [[1, 3], [7, 4], [6, 2]]
[라인 페어 상한] 4+7 263.0배 > 특별상한 50.0배 → 💎 편입 제외(참고)
[각질편성] 아오모리 6경주: 선행4·선입0·추입3 → ⚡ 빠른 페이스
[경륜전개] 아오모리 6경주: 하이(주도권 경합) · 라인 4개 · 페어 [[1, 3], [7, 4], [6, 2]]
[라인 페어 상한] 4+7 263.0배 > 특별상한 50.0배 → 💎 편입 제외(참고)
[3종 수집] 아오모리 6경주: {'quinella': 21, 'exacta': 42, 'trio': 0, 'win': 0} (history 12)
[각질편성] 아오모리 6경주: 선행4·선입0·추입3 → ⚡ 빠른 페이스
[각질편성] 아오모리 6경주: 선행4·선입0·추입3 → ⚡ 빠른 페이스
[경륜전개] 아오모리 6경주: 하이(주도권 경합) · 라인 4개 · 페어 [[1, 3], [7, 4], [6, 2]]
[경륜전개] 아오모리 6경주: 하이(주도권 경합) · 라인 4개 · 페어 [[1, 3], [7, 4], [6, 2]]
[라인 페어 상한] 4+7 263.0배 > 특별상한 50.0배 → 💎 편입 제외(참고)
[라인 페어 상한] 4+7 263.0배 > 특별상한 50.0배 → 💎 편입 제외(참고)
[분석로그] 저장 실패: [WinError 32] 다른 프로세스가 파일을 사용 중이기 때문에 프로세스가 액세스 할 수 없습니다: 'C:\\Users\\Administrator\\Desktop\\경마분석서버\\data\\analysis_log\\2026_08_01_아오모리_6경주.json.tmp' -> 'C:\\Users\\Administrator\\Desktop\\경마분석서버\\data\\analysis_log\\2026_08_01_아오모리_6경주.json'
[각질편성] 아오모리 4경주: 선행2·선입0·추입5 → 보통 페이스
[placeholder 필터] 호후 5경주 복승 껍데기 배당 9조합 제외(값: [100])
[placeholder 필터] 호후 5경주 복승 껍데기 배당 9조합 제외(값: [100])
[경륜전개] 아오모리 4경주: 슬로우(단독 선행) · 라인 2개 · 페어 [[2, 7], [4, 1]]
[각질편성] 호후 5경주: 선행3·선입0·추입4 → ⚡ 빠른 페이스
[각질편성] 호후 5경주: 선행3·선입0·추입4 → ⚡ 빠른 페이스
[placeholder 필터] 호후 5경주 복승 껍데기 배당 9조합 제외(값: [100])
[복승불일치 축교정] 아오모리 4경주: 축 [1, 4]로 교정(자금이탈 강등 [7]·🔴🔴)
[경륜전개] 호후 5경주: 보통 · 라인 3개 · 페어 [[5, 1], [4, 2], [3, 7]]
[경륜전개] 호후 5경주: 보통 · 라인 3개 · 페어 [[5, 1], [4, 2], [3, 7]]
[각질편성] 호후 5경주: 선행3·선입0·추입4 → ⚡ 빠른 페이스
[경륜전개] 호후 5경주: 보통 · 라인 3개 · 페어 [[5, 1], [4, 2], [3, 7]]
[결과기록] 캐시 갱신 — 재파싱 1건 / 전체 1653건
[각질편성] 호후 4경주: 선행2·선입0·추입5 → 보통 페이스
[경륜전개] 호후 4경주: 보통 · 라인 2개 · 페어 [[2, 7], [3, 4]]
[각질편성] 아오모리 5경주: 선행2·선입0·추입5 → 보통 페이스
[경륜전개] 아오모리 5경주: 보통 · 라인 2개 · 페어 [[3, 4], [5, 1]]
[복승불일치 축교정] 아오모리 5경주: 축 [1, 3]로 교정(자금이탈 강등 [6]·🔴)
[각질편성] 호후 5경주: 선행3·선입0·추입4 → ⚡ 빠른 페이스
[경륜전개] 호후 5경주: 보통 · 라인 3개 · 페어 [[5, 1], [4, 2], [3, 7]]
[각질편성] 아오모리 6경주: 선행4·선입0·추입3 → ⚡ 빠른 페이스
[경륜전개] 아오모리 6경주: 하이(주도권 경합) · 라인 4개 · 페어 [[1, 3], [7, 4], [6, 2]]
[라인 페어 상한] 4+7 263.0배 > 특별상한 50.0배 → 💎 편입 제외(참고)
[3종 수집] 아오모리 6경주: {'quinella': 21, 'exacta': 42, 'trio': 0, 'win': 0} (history 12)
[3종 수집] 아오모리 6경주: {'quinella': 21, 'exacta': 42, 'trio': 0, 'win': 0} (history 12)
[placeholder 필터] 아오모리 6경주 쌍승 껍데기 배당 3조합 제외(값: [482.1])
[각질편성] 아오모리 6경주: 선행4·선입0·추입3 → ⚡ 빠른 페이스
[경륜전개] 아오모리 6경주: 하이(주도권 경합) · 라인 4개 · 페어 [[1, 3], [7, 4], [6, 2]]
[T-2분 왕축 동결] 아오모리 6경주: [3, 1] → [3, 1] 유지(cur_mb=2)
[라인 페어 상한] 4+7 260.1배 > 특별상한 50.0배 → 💎 편입 제외(참고)
[자동분석·배경] 아오모리 6경주: 마감 142초 전 재분석(rec_history 누적·cycle)
[placeholder 필터] 호후 5경주 복승 껍데기 배당 9조합 제외(값: [100])
[각질편성] 호후 5경주: 선행3·선입0·추입4 → ⚡ 빠른 페이스
[placeholder 필터] 호후 5경주 복승 껍데기 배당 9조합 제외(값: [100])
[각질편성] 아오모리 4경주: 선행2·선입0·추입5 → 보통 페이스
[경륜전개] 호후 5경주: 보통 · 라인 3개 · 페어 [[5, 1], [4, 2], [3, 7]]
[경륜전개] 아오모리 4경주: 슬로우(단독 선행) · 라인 2개 · 페어 [[2, 7], [4, 1]]
[각질편성] 호후 5경주: 선행3·선입0·추입4 → ⚡ 빠른 페이스
[복승불일치 축교정] 아오모리 4경주: 축 [1, 4]로 교정(자금이탈 강등 [7]·🔴🔴)
[placeholder 필터] 아오모리 6경주 쌍승 껍데기 배당 3조합 제외(값: [482.1])
[경륜전개] 호후 5경주: 보통 · 라인 3개 · 페어 [[5, 1], [4, 2], [3, 7]]
[각질편성] 아오모리 6경주: 선행4·선입0·추입3 → ⚡ 빠른 페이스
[경륜전개] 아오모리 6경주: 하이(주도권 경합) · 라인 4개 · 페어 [[1, 3], [7, 4], [6, 2]]
[T-2분 왕축 동결] 아오모리 6경주: [3, 1] → [3, 1] 유지(cur_mb=2)
[라인 페어 상한] 4+7 260.1배 > 특별상한 50.0배 → 💎 편입 제외(참고)
[결과기록] 캐시 갱신 — 재파싱 1건 / 전체 1653건
[각질편성] 호후 4경주: 선행2·선입0·추입5 → 보통 페이스
[경륜전개] 호후 4경주: 보통 · 라인 2개 · 페어 [[2, 7], [3, 4]]
[각질편성] 아오모리 5경주: 선행2·선입0·추입5 → 보통 페이스
[경륜전개] 아오모리 5경주: 보통 · 라인 2개 · 페어 [[3, 4], [5, 1]]
[복승불일치 축교정] 아오모리 5경주: 축 [1, 3]로 교정(자금이탈 강등 [6]·🔴)
[각질편성] 호후 5경주: 선행3·선입0·추입4 → ⚡ 빠른 페이스
[경륜전개] 호후 5경주: 보통 · 라인 3개 · 페어 [[5, 1], [4, 2], [3, 7]]
[placeholder 필터] 아오모리 6경주 쌍승 껍데기 배당 3조합 제외(값: [482.1])
[각질편성] 아오모리 6경주: 선행4·선입0·추입3 → ⚡ 빠른 페이스
[경륜전개] 아오모리 6경주: 하이(주도권 경합) · 라인 4개 · 페어 [[1, 3], [7, 4], [6, 2]]
[T-2분 왕축 동결] 아오모리 6경주: [3, 1] → [3, 1] 유지(cur_mb=2)
[라인 페어 상한] 4+7 260.1배 > 특별상한 50.0배 → 💎 편입 제외(참고)
[3종 수집] 중경 2경주: {'quinella': 61, 'exacta': 0, 'trio': 0, 'win': 0} (history 1)
[placeholder 필터] 호후 5경주 복승 껍데기 배당 9조합 제외(값: [100])
[각질편성] 호후 5경주: 선행3·선입0·추입4 → ⚡ 빠른 페이스
[경륜전개] 호후 5경주: 보통 · 라인 3개 · 페어 [[5, 1], [4, 2], [3, 7]]
[placeholder 필터] 아오모리 6경주 쌍승 껍데기 배당 3조합 제외(값: [482.1])
[각질편성] 아오모리 6경주: 선행4·선입0·추입3 → ⚡ 빠른 페이스
[경륜전개] 아오모리 6경주: 하이(주도권 경합) · 라인 4개 · 페어 [[1, 3], [7, 4], [6, 2]]
[경륜 추천 모순 수정] 고배당 강제조합 1건 메인→복병 이동(25배 상한)
[T-2분 왕축 동결] 아오모리 6경주: [3, 1] → [3, 1] 유지(cur_mb=2)
[라인 페어 상한] 4+7 260.1배 > 특별상한 50.0배 → 💎 편입 제외(참고)
[스냅샷] 저장: 2026_08_01_중경_2경주_T-2.png (528 KB · T-2)
[경륜 추천 모순 수정] 고배당 강제조합 1건 메인→복병 이동(25배 상한)
[placeholder 필터] 아오모리 6경주 쌍승 껍데기 배당 3조합 제외(값: [482.1])
[각질편성] 아오모리 6경주: 선행4·선입0·추입3 → ⚡ 빠른 페이스
[경륜전개] 아오모리 6경주: 하이(주도권 경합) · 라인 4개 · 페어 [[1, 3], [7, 4], [6, 2]]
[placeholder 필터] 호후 5경주 복승 껍데기 배당 9조합 제외(값: [100])
[각질편성] 호후 5경주: 선행3·선입0·추입4 → ⚡ 빠른 페이스
[경륜전개] 호후 5경주: 보통 · 라인 3개 · 페어 [[5, 1], [4, 2], [3, 7]]
[T-2분 왕축 동결] 아오모리 6경주: [3, 1] → [3, 1] 유지(cur_mb=2)
[라인 페어 상한] 4+7 260.1배 > 특별상한 50.0배 → 💎 편입 제외(참고)
[경륜 추천 모순 수정] 고배당 강제조합 1건 메인→복병 이동(25배 상한)
[경륜 추천 모순 수정] 고배당 강제조합 1건 메인→복병 이동(25배 상한)
[분석로그] 저장 실패: [WinError 32] 다른 프로세스가 파일을 사용 중이기 때문에 프로세스가 액세스 할 수 없습니다: 'C:\\Users\\Administrator\\Desktop\\경마분석서버\\data\\analysis_log\\2026_08_01_중경_2경주.json.tmp' -> 'C:\\Users\\Administrator\\Desktop\\경마분석서버\\data\\analysis_log\\2026_08_01_중경_2경주.json'
[다중경주] 하트비트 #101 · 스케줄 ymd=20260801 (-1초 전 갱신 · 트랙 12개)
[placeholder 필터] 호후 5경주 복승 껍데기 배당 9조합 제외(값: [100])
[각질편성] 호후 5경주: 선행3·선입0·추입4 → ⚡ 빠른 페이스
[경륜전개] 호후 5경주: 보통 · 라인 3개 · 페어 [[5, 1], [4, 2], [3, 7]]
[경륜 추천 모순 수정] 고배당 강제조합 1건 메인→복병 이동(25배 상한)
[3종 수집] 아오모리 6경주: {'quinella': 21, 'exacta': 42, 'trio': 0, 'win': 0} (history 12)
[placeholder 필터] 아오모리 6경주 쌍승 껍데기 배당 3조합 제외(값: [482.1])
[각질편성] 아오모리 6경주: 선행4·선입0·추입3 → ⚡ 빠른 페이스
[경륜전개] 아오모리 6경주: 하이(주도권 경합) · 라인 4개 · 페어 [[1, 3], [7, 4], [6, 2]]
[T-2분 왕축 동결] 아오모리 6경주: [3, 1] → [3, 1] 유지(cur_mb=1)
[라인 페어 상한] 4+7 260.1배 > 특별상한 50.0배 → 💎 편입 제외(참고)
[3종 수집] 중경 2경주: {'quinella': 61, 'exacta': 0, 'trio': 0, 'win': 0} (history 2)
[경륜 추천 모순 수정] 고배당 강제조합 1건 메인→복병 이동(25배 상한)
[placeholder 필터] 호후 5경주 복승 껍데기 배당 9조합 제외(값: [100])
[각질편성] 호후 5경주: 선행3·선입0·추입4 → ⚡ 빠른 페이스
[경륜전개] 호후 5경주: 보통 · 라인 3개 · 페어 [[5, 1], [4, 2], [3, 7]]
[placeholder 필터] 아오모리 6경주 쌍승 껍데기 배당 3조합 제외(값: [482.1])
[각질편성] 아오모리 6경주: 선행4·선입0·추입3 → ⚡ 빠른 페이스
[경륜전개] 아오모리 6경주: 하이(주도권 경합) · 라인 4개 · 페어 [[1, 3], [7, 4], [6, 2]]
[T-2분 왕축 동결] 아오모리 6경주: [3, 1] → [3, 1] 유지(cur_mb=1)
[라인 페어 상한] 4+7 260.1배 > 특별상한 50.0배 → 💎 편입 제외(참고)
[경륜 추천 모순 수정] 고배당 강제조합 1건 메인→복병 이동(25배 상한)
[placeholder 필터] 아오모리 6경주 쌍승 껍데기 배당 3조합 제외(값: [482.1])
[각질편성] 아오모리 6경주: 선행4·선입0·추입3 → ⚡ 빠른 페이스
[경륜전개] 아오모리 6경주: 하이(주도권 경합) · 라인 4개 · 페어 [[1, 3], [7, 4], [6, 2]]
[T-2분 왕축 동결] 아오모리 6경주: [3, 1] → [3, 1] 유지(cur_mb=1)
[라인 페어 상한] 4+7 260.1배 > 특별상한 50.0배 → 💎 편입 제외(참고)
[각질편성] 아오모리 4경주: 선행2·선입0·추입5 → 보통 페이스
[경륜전개] 아오모리 4경주: 슬로우(단독 선행) · 라인 2개 · 페어 [[2, 7], [4, 1]]
[복승불일치 축교정] 아오모리 4경주: 축 [1, 4]로 교정(자금이탈 강등 [7]·🔴🔴)
[각질편성] 호후 4경주: 선행2·선입0·추입5 → 보통 페이스
[경륜전개] 호후 4경주: 보통 · 라인 2개 · 페어 [[2, 7], [3, 4]]
[각질편성] 아오모리 5경주: 선행2·선입0·추입5 → 보통 페이스
[경륜전개] 아오모리 5경주: 보통 · 라인 2개 · 페어 [[3, 4], [5, 1]]
[복승불일치 축교정] 아오모리 5경주: 축 [1, 3]로 교정(자금이탈 강등 [6]·🔴)
[각질편성] 호후 5경주: 선행3·선입0·추입4 → ⚡ 빠른 페이스
[경륜전개] 호후 5경주: 보통 · 라인 3개 · 페어 [[5, 1], [4, 2], [3, 7]]
[placeholder 필터] 아오모리 6경주 쌍승 껍데기 배당 3조합 제외(값: [482.1])
[각질편성] 아오모리 6경주: 선행4·선입0·추입3 → ⚡ 빠른 페이스
[경륜전개] 아오모리 6경주: 하이(주도권 경합) · 라인 4개 · 페어 [[1, 3], [7, 4], [6, 2]]
[T-2분 왕축 동결] 아오모리 6경주: [3, 1] → [3, 1] 유지(cur_mb=1)
[라인 페어 상한] 4+7 260.1배 > 특별상한 50.0배 → 💎 편입 제외(참고)
[경륜 추천 모순 수정] 고배당 강제조합 1건 메인→복병 이동(25배 상한)
[경륜 추천 모순 수정] 고배당 강제조합 1건 메인→복병 이동(25배 상한)
[스냅샷] 저장: 2026_08_01_중경_2경주_마감후.png (741 KB · close)
[readonly 잠금] 중경 2경주: 마감 확정 파일 — corePicks/시계열 보존, result/hit만 업데이트 허용
[readonly 잠금] 중경 2경주: 마감 확정 파일 — corePicks/시계열 보존, result/hit만 업데이트 허용
[마감 동결] 중경 2경주: 확정본 복원(출처 closed_row · 기준 10:08:29)
[마감 동결] 중경 2경주: 확정본 복원(출처 closed_row · 기준 10:08:29)
[3종 수집] 아오모리 6경주: {'quinella': 21, 'exacta': 42, 'trio': 0, 'win': 0} (history 12)
[placeholder 필터] 호후 5경주 복승 껍데기 배당 9조합 제외(값: [100])
[placeholder 필터] 호후 5경주 복승 껍데기 배당 9조합 제외(값: [100])
[각질편성] 호후 5경주: 선행3·선입0·추입4 → ⚡ 빠른 페이스
[각질편성] 호후 5경주: 선행3·선입0·추입4 → ⚡ 빠른 페이스
[경륜전개] 호후 5경주: 보통 · 라인 3개 · 페어 [[5, 1], [4, 2], [3, 7]]
[경륜전개] 호후 5경주: 보통 · 라인 3개 · 페어 [[5, 1], [4, 2], [3, 7]]
[각질편성] 아오모리 6경주: 선행4·선입0·추입3 → ⚡ 빠른 페이스
[경륜전개] 아오모리 6경주: 하이(주도권 경합) · 라인 4개 · 페어 [[1, 3], [7, 4], [6, 2]]
[T-2분 왕축 동결] 아오모리 6경주: [3, 1] → [3, 1] 유지(cur_mb=1)
[라인 페어 상한] 4+7 260.1배 > 특별상한 50.0배 → 💎 편입 제외(참고)
⏸ [폴링 저장 가드] 중경 2경주: 마감 후 readonly → 로그 저장 생략(분석·표시는 정상)
[3종 수집] 중경 2경주: {'quinella': 61, 'exacta': 0, 'trio': 0, 'win': 0} (history 3)
[3종 수집] 아오모리 6경주: {'quinella': 21, 'exacta': 42, 'trio': 0, 'win': 0} (history 12)
[3종 수집] 중경 2경주: {'quinella': 61, 'exacta': 0, 'trio': 0, 'win': 0} (history 4)
🔴 [joCode 미등록] 중경 — 결과 백필·경주 흐름 수집이 **통째로 스킵**됩니다. RaceKekka.do 를 joCode 01~89 로 조회해 <title>의 ○○競輪 로 확정 후 KEIRIN_JO 에 추가하십시오.
📊 [채점] 아오모리 5경주: Gemini 1/3 ↔ 시장 2/3 · 놓침 [1, 4]
📝 [복기] 아오모리 5경주: 1번과 4번은 추입형이었으나, 선행형 우위라는 판단에 따라 두 선수를 간과했다. 특히 1번 → 규칙(3): 착순 데이터가 부족한 추입형 선수가 낮은 등급에서 우승하는 경우가 있으니, 전개 예상과 무관하게 모든 선수의
[각질편성] 아오모리 5경주: 선행2·선입0·추입5 → 보통 페이스
[경륜전개] 아오모리 5경주: 보통 · 라인 2개 · 페어 [[3, 4], [5, 1]]
[복승불일치 축교정] 아오모리 5경주: 축 [1, 3]로 교정(자금이탈 강등 [6]·🔴)
[보조조합 적중] 아오모리 5경주 · 1+3+4 (삼복승 보험) — 승격 후보 표본 누적
[신호별학습] 아오모리 5경주 · 활성신호 ['급락'] · 유력마적중 복승=True 삼복승=True
[결과 수정] 아오모리 5경주: 기존 레코드 교체(재입력)
[복병케이스] 아오모리 5경주: 복병 4두 저장(입상 2)
[각질편성] 아오모리 5경주: 선행2·선입0·추입5 → 보통 페이스
[경륜전개] 아오모리 5경주: 보통 · 라인 2개 · 페어 [[3, 4], [5, 1]]
[복승불일치 축교정] 아오모리 5경주: 축 [1, 3]로 교정(자금이탈 강등 [6]·🔴)
[readonly 잠금] 아오모리 5경주: 마감 확정 파일 — corePicks/시계열 보존, result/hit만 업데이트 허용
[마감 동결] 아오모리 5경주: 확정본 복원(출처 closed_row · 기준 09:49:18)
[패턴발견] 결과 1516경주 스캔 → 발견 패턴 10개(기준 적중률 35.2%)
[자동학습] 아오모리 5경주 결과 [1, 3, 4] → 추천적중 True, 급락적중 False, 전적유력마 1(적중), 제거적중 False
📊 [채점] 호후 4경주: Gemini 1/3 ↔ 시장 2/3 · 놓침 [7, 4]
[3종 수집] 아오모리 6경주: {'quinella': 21, 'exacta': 42, 'trio': 0, 'win': 0} (history 12)
📝 [복기] 호후 4경주: 2번과 7번의 연계에 주목했으나, 7번과 4번이 모두 추입형임에도 불구하고 해당 경주에서  → 규칙(4): 라인 연계의 강점과 더불어, 각 선수의 최근 착순 분포와 각질에 따른 실제 경기력 변화를 더 면밀히 분석하여
[placeholder 필터] 호후 4경주 복승 껍데기 배당 6조합 제외(값: [100])
[각질편성] 호후 4경주: 선행2·선입0·추입5 → 보통 페이스
[경륜전개] 호후 4경주: 보통 · 라인 2개 · 페어 [[2, 7], [3, 4]]
[신호별학습] 호후 4경주 · 활성신호 ['역배열', '급락', '전적이중수렴'] · 유력마적중 복승=True 삼복승=False
[결과 수정] 호후 4경주: 기존 레코드 교체(재입력)
[복병케이스] 호후 4경주: 복병 5두 저장(입상 2)
[placeholder 필터] 호후 5경주 복승 껍데기 배당 9조합 제외(값: [100])
[각질편성] 호후 5경주: 선행3·선입0·추입4 → ⚡ 빠른 페이스
[placeholder 필터] 호후 4경주 복승 껍데기 배당 6조합 제외(값: [100])
[placeholder 필터] 호후 5경주 복승 껍데기 배당 9조합 제외(값: [100])
[경륜전개] 호후 5경주: 보통 · 라인 3개 · 페어 [[5, 1], [4, 2], [3, 7]]
[각질편성] 아오모리 4경주: 선행2·선입0·추입5 → 보통 페이스
[경륜전개] 아오모리 4경주: 슬로우(단독 선행) · 라인 2개 · 페어 [[2, 7], [4, 1]]
[각질편성] 호후 4경주: 선행2·선입0·추입5 → 보통 페이스
[각질편성] 호후 5경주: 선행3·선입0·추입4 → ⚡ 빠른 페이스
[경륜전개] 호후 4경주: 보통 · 라인 2개 · 페어 [[2, 7], [3, 4]]
[복승불일치 축교정] 아오모리 4경주: 축 [1, 4]로 교정(자금이탈 강등 [7]·🔴🔴)
[경륜전개] 호후 5경주: 보통 · 라인 3개 · 페어 [[5, 1], [4, 2], [3, 7]]
[각질편성] 아오모리 6경주: 선행4·선입0·추입3 → ⚡ 빠른 페이스
[경륜전개] 아오모리 6경주: 하이(주도권 경합) · 라인 4개 · 페어 [[1, 3], [7, 4], [6, 2]]
[각질편성] 아오모리 6경주: 선행4·선입0·추입3 → ⚡ 빠른 페이스
[경륜전개] 아오모리 6경주: 하이(주도권 경합) · 라인 4개 · 페어 [[1, 3], [7, 4], [6, 2]]
[라인 페어 상한] 4+7 269.7배 > 특별상한 50.0배 → 💎 편입 제외(참고)
[라인 페어 상한] 4+7 269.7배 > 특별상한 50.0배 → 💎 편입 제외(참고)
[readonly 잠금] 호후 4경주: 마감 확정 파일 — corePicks/시계열 보존, result/hit만 업데이트 허용
[결과기록] 캐시 갱신 — 재파싱 4건 / 전체 1654건
[각질편성] 호후 4경주: 선행2·선입0·추입5 → 보통 페이스
[경륜전개] 호후 4경주: 보통 · 라인 2개 · 페어 [[2, 7], [3, 4]]
[각질편성] 아오모리 5경주: 선행2·선입0·추입5 → 보통 페이스
[경륜전개] 아오모리 5경주: 보통 · 라인 2개 · 페어 [[3, 4], [5, 1]]
[복승불일치 축교정] 아오모리 5경주: 축 [1, 3]로 교정(자금이탈 강등 [6]·🔴)
[각질편성] 호후 5경주: 선행3·선입0·추입4 → ⚡ 빠른 페이스
[경륜전개] 호후 5경주: 보통 · 라인 3개 · 페어 [[5, 1], [4, 2], [3, 7]]
[각질편성] 아오모리 6경주: 선행4·선입0·추입3 → ⚡ 빠른 페이스
[경륜전개] 아오모리 6경주: 하이(주도권 경합) · 라인 4개 · 페어 [[1, 3], [7, 4], [6, 2]]
[라인 페어 상한] 4+7 269.7배 > 특별상한 50.0배 → 💎 편입 제외(참고)
[패턴발견] 결과 1517경주 스캔 → 발견 패턴 10개(기준 적중률 35.2%)
[자동학습] 호후 4경주 결과 [2, 7, 4] → 추천적중 True, 급락적중 False, 전적유력마 1(실패), 제거적중 False
[경륜 결과 백필] 2026-08-01: 시도 4 · 성공 2 · 실패 2
  ↳ 실패: 아오모리 6경주 - 결과 미게시/파싱 실패
  ↳ 실패: 호후 5경주 - 결과 미게시/파싱 실패
[데이터백업] ✅ GitHub 반영: 결과 자동백업: 아오모리 5경주 1-3-4
[3종 수집] 중경 2경주: {'quinella': 61, 'exacta': 0, 'trio': 0, 'win': 0} (history 5)
[3종 수집] 아오모리 6경주: {'quinella': 21, 'exacta': 42, 'trio': 0, 'win': 0} (history 12)
[경륜 득점갭] 호후 6경주: 5번 득점 1위 갭 8.3 → +5 가점
[경륜 전적·자동] 호후 6경주: 7두 수집(競走得点·절대등급 A/B/C/D·라인[7, 3, 5, 1, 6, 4, 2]) → 통합등급 자동 반영
[3종 수집] 호후 6경주: {'quinella': 21, 'exacta': 42, 'trio': 0, 'win': 0} (history 1)
🔮 [예측] 호후 6경주: top3=[5, 4, 1] conf=4 · 통상적인 경주 흐름이 예상되나, 선행형 5번과 6번의 라인 구도 및 최근
[각질편성] 호후 6경주: 선행5·선입0·추입2 → ⚡ 빠른 페이스
[경륜전개] 호후 6경주: 보통 · 라인 5개 · 페어 [[5, 1], [4, 2]]
[경륜 추천 모순 수정] 고배당 강제조합 1건 메인→복병 이동(25배 상한)
[경륜 추천 개수] 7명 → 메인 3개(상한 3) · 복병 이동 1개
[자동분석·배경] 호후 6경주: 마감 585초 전 재분석(rec_history 누적·cycle)
[각질편성] 호후 6경주: 선행5·선입0·추입2 → ⚡ 빠른 페이스
[경륜전개] 호후 6경주: 보통 · 라인 5개 · 페어 [[5, 1], [4, 2]]
[경륜 추천 모순 수정] 고배당 강제조합 1건 메인→복병 이동(25배 상한)
[경륜 추천 개수] 7명 → 메인 3개(상한 3) · 복병 이동 1개
[3종 수집] 중경 2경주: {'quinella': 61, 'exacta': 0, 'trio': 0, 'win': 0} (history 6)
[placeholder 필터] 호후 5경주 복승 껍데기 배당 9조합 제외(값: [100])
[placeholder 필터] 호후 5경주 복승 껍데기 배당 9조합 제외(값: [100])
[각질편성] 아오모리 4경주: 선행2·선입0·추입5 → 보통 페이스
[경륜전개] 아오모리 4경주: 슬로우(단독 선행) · 라인 2개 · 페어 [[2, 7], [4, 1]]
[각질편성] 호후 5경주: 선행3·선입0·추입4 → ⚡ 빠른 페이스
[각질편성] 호후 5경주: 선행3·선입0·추입4 → ⚡ 빠른 페이스
[경륜전개] 호후 5경주: 보통 · 라인 3개 · 페어 [[5, 1], [4, 2], [3, 7]]
[경륜전개] 호후 5경주: 보통 · 라인 3개 · 페어 [[5, 1], [4, 2], [3, 7]][복승불일치 축교정] 아오모리 4경주: 축 [1, 4]로 교정(자금이탈 강등 [7]·🔴🔴)

[각질편성] 아오모리 6경주: 선행4·선입0·추입3 → ⚡ 빠른 페이스
[각질편성] 아오모리 6경주: 선행4·선입0·추입3 → ⚡ 빠른 페이스
[경륜전개] 아오모리 6경주: 하이(주도권 경합) · 라인 4개 · 페어 [[1, 3], [7, 4], [6, 2]]
[경륜전개] 아오모리 6경주: 하이(주도권 경합) · 라인 4개 · 페어 [[1, 3], [7, 4], [6, 2]]
[각질편성] 호후 4경주: 선행2·선입0·추입5 → 보통 페이스
[경륜전개] 호후 4경주: 보통 · 라인 2개 · 페어 [[2, 7], [3, 4]]
[readonly 잠금] 아오모리 6경주: 마감 확정 파일 — corePicks/시계열 보존, result/hit만 업데이트 허용
[readonly 잠금] 아오모리 6경주: 마감 확정 파일 — corePicks/시계열 보존, result/hit만 업데이트 허용
[마감 동결] 아오모리 6경주: 확정본 복원(출처 closed_row · 기준 10:09:48)
[마감 동결] 아오모리 6경주: 확정본 복원(출처 closed_row · 기준 10:09:48)
[분석로그] 저장 실패: [WinError 32] 다른 프로세스가 파일을 사용 중이기 때문에 프로세스가 액세스 할 수 없습니다: 'C:\\Users\\Administrator\\Desktop\\경마분석서버\\data\\analysis_log\\2026_08_01_아오모리_6경주.json.tmp' -> 'C:\\Users\\Administrator\\Desktop\\경마분석서버\\data\\analysis_log\\2026_08_01_아오모리_6경주.json'
[한국 전적] 중경 2경주: 11두 저장(PDF, 전적 11두)
[각질편성] 중경 2경주: 선행0·선입0·추입0 → 🐌 느린 페이스
[결과기록] 캐시 갱신 — 재파싱 2건 / 전체 1655건
[각질편성] 아오모리 5경주: 선행2·선입0·추입5 → 보통 페이스
[경륜전개] 아오모리 5경주: 보통 · 라인 2개 · 페어 [[3, 4], [5, 1]]
[복승불일치 축교정] 아오모리 5경주: 축 [1, 3]로 교정(자금이탈 강등 [6]·🔴)
[각질편성] 중경 2경주: 선행0·선입0·추입0 → 🐌 느린 페이스
[각질편성] 중경 2경주: 선행0·선입0·추입0 → 🐌 느린 페이스
[각질편성] 호후 5경주: 선행3·선입0·추입4 → ⚡ 빠른 페이스
[경륜전개] 호후 5경주: 보통 · 라인 3개 · 페어 [[5, 1], [4, 2], [3, 7]]
[한국이력 검역] 거부 — 파일=부산 2R / 본문 raceKey=중경 2경주 (경마장 불일치)
[각질편성] 아오모리 6경주: 선행4·선입0·추입3 → ⚡ 빠른 페이스
[경륜전개] 아오모리 6경주: 하이(주도권 경합) · 라인 4개 · 페어 [[1, 3], [7, 4], [6, 2]]
[각질편성] 호후 6경주: 선행5·선입0·추입2 → ⚡ 빠른 페이스
[경륜전개] 호후 6경주: 보통 · 라인 5개 · 페어 [[5, 1], [4, 2]]
[경륜 추천 모순 수정] 고배당 강제조합 1건 메인→복병 이동(25배 상한)
[경륜 추천 개수] 7명 → 메인 3개(상한 3) · 복병 이동 1개
[각질편성] 중경 2경주: 선행0·선입0·추입0 → 🐌 느린 페이스
[3종 수집] 호후 6경주: {'quinella': 21, 'exacta': 42, 'trio': 0, 'win': 0} (history 2)
[3종 수집] 아오모리 6경주: {'quinella': 21, 'exacta': 42, 'trio': 0, 'win': 0} (history 12)
[각질편성] 호후 6경주: 선행5·선입0·추입2 → ⚡ 빠른 페이스
[경륜전개] 호후 6경주: 보통 · 라인 5개 · 페어 [[5, 1], [4, 2]]
[복승불일치 축교정] 호후 6경주: 축 [1, 5]로 교정(자금이탈 강등 [7]·🔴)
[경륜 추천 모순 수정] 고배당 강제조합 1건 메인→복병 이동(25배 상한)
[경륜 추천 개수] 7명 → 메인 3개(상한 3) · 복병 이동 1개
[자동분석·배경] 호후 6경주: 마감 549초 전 재분석(rec_history 누적·cycle)
[각질편성] 아오모리 6경주: 선행4·선입0·추입3 → ⚡ 빠른 페이스
[경륜전개] 아오모리 6경주: 하이(주도권 경합) · 라인 4개 · 페어 [[1, 3], [7, 4], [6, 2]]
[카톡 변경알림] 아오모리 6경주 발송: 복승 제외: 1+3
[각질편성] 중경 2경주: 선행0·선입0·추입0 → 🐌 느린 페이스
[3종 수집] 중경 2경주: {'quinella': 61, 'exacta': 0, 'trio': 0, 'win': 0} (history 7)
[각질편성] 중경 2경주: 선행0·선입0·추입0 → 🐌 느린 페이스
[각질편성] 중경 2경주: 선행0·선입0·추입0 → 🐌 느린 페이스
[각질편성] 중경 2경주: 선행0·선입0·추입0 → 🐌 느린 페이스
[한국 전적] 중경 2경주: 11두 저장(PDF, 전적 11두)
[각질편성] 중경 2경주: 선행0·선입0·추입0 → 🐌 느린 페이스
[각질편성] 중경 2경주: 선행0·선입0·추입0 → 🐌 느린 페이스
[한국이력 검역] 거부 — 파일=부산 2R / 본문 raceKey=중경 2경주 (경마장 불일치)
[3종 수집] 호후 6경주: {'quinella': 21, 'exacta': 42, 'trio': 0, 'win': 0} (history 3)
[3종 수집] 아오모리 6경주: {'quinella': 21, 'exacta': 42, 'trio': 0, 'win': 0} (history 12)
[각질편성] 호후 6경주: 선행5·선입0·추입2 → ⚡ 빠른 페이스
[경륜전개] 호후 6경주: 보통 · 라인 5개 · 페어 [[5, 1], [4, 2]]
[복승불일치 축교정] 호후 6경주: 축 [1, 5]로 교정(자금이탈 강등 [7]·🔴)
[경륜 추천 모순 수정] 고배당 강제조합 1건 메인→복병 이동(25배 상한)
[경륜 추천 개수] 7명 → 메인 3개(상한 3) · 복병 이동 1개
[자동분석·배경] 호후 6경주: 마감 516초 전 재분석(rec_history 누적·cycle)
[각질편성] 중경 2경주: 선행0·선입0·추입0 → 🐌 느린 페이스
[각질편성] 중경 2경주: 선행0·선입0·추입0 → 🐌 느린 페이스
[각질편성] 중경 2경주: 선행0·선입0·추입0 → 🐌 느린 페이스
[3종 수집] 중경 2경주: {'quinella': 61, 'exacta': 0, 'trio': 0, 'win': 0} (history 8)
[각질편성] 중경 2경주: 선행0·선입0·추입0 → 🐌 느린 페이스
[placeholder 필터] 호후 5경주 복승 껍데기 배당 9조합 제외(값: [100])
[각질편성] 호후 5경주: 선행3·선입0·추입4 → ⚡ 빠른 페이스
[경륜전개] 호후 5경주: 보통 · 라인 3개 · 페어 [[5, 1], [4, 2], [3, 7]]
[placeholder 필터] 호후 5경주 복승 껍데기 배당 9조합 제외(값: [100])
[각질편성] 아오모리 4경주: 선행2·선입0·추입5 → 보통 페이스
[경륜전개] 아오모리 4경주: 슬로우(단독 선행) · 라인 2개 · 페어 [[2, 7], [4, 1]]
[각질편성] 호후 5경주: 선행3·선입0·추입4 → ⚡ 빠른 페이스
[복승불일치 축교정] 아오모리 4경주: 축 [1, 4]로 교정(자금이탈 강등 [7]·🔴🔴)
[경륜전개] 호후 5경주: 보통 · 라인 3개 · 페어 [[5, 1], [4, 2], [3, 7]]
[각질편성] 중경 2경주: 선행0·선입0·추입0 → 🐌 느린 페이스
[각질편성] 호후 4경주: 선행2·선입0·추입5 → 보통 페이스
[경륜전개] 호후 4경주: 보통 · 라인 2개 · 페어 [[2, 7], [3, 4]]
[각질편성] 아오모리 5경주: 선행2·선입0·추입5 → 보통 페이스
[경륜전개] 아오모리 5경주: 보통 · 라인 2개 · 페어 [[3, 4], [5, 1]]
[복승불일치 축교정] 아오모리 5경주: 축 [1, 3]로 교정(자금이탈 강등 [6]·🔴)
[각질편성] 중경 2경주: 선행0·선입0·추입0 → 🐌 느린 페이스
[한국 전적] 중경 2경주: 11두 저장(PDF, 전적 11두)
[각질편성] 중경 2경주: 선행0·선입0·추입0 → 🐌 느린 페이스
[결과기록] 캐시 갱신 — 재파싱 1건 / 전체 1655건
[각질편성] 호후 5경주: 선행3·선입0·추입4 → ⚡ 빠른 페이스
[경륜전개] 호후 5경주: 보통 · 라인 3개 · 페어 [[5, 1], [4, 2], [3, 7]]
[각질편성] 중경 2경주: 선행0·선입0·추입0 → 🐌 느린 페이스
[한국이력 검역] 거부 — 파일=부산 2R / 본문 raceKey=중경 2경주 (경마장 불일치)
[각질편성] 아오모리 6경주: 선행4·선입0·추입3 → ⚡ 빠른 페이스
[경륜전개] 아오모리 6경주: 하이(주도권 경합) · 라인 4개 · 페어 [[1, 3], [7, 4], [6, 2]]
[각질편성] 호후 6경주: 선행5·선입0·추입2 → ⚡ 빠른 페이스
[경륜전개] 호후 6경주: 보통 · 라인 5개 · 페어 [[5, 1], [4, 2]]
[복승불일치 축교정] 호후 6경주: 축 [1, 5]로 교정(자금이탈 강등 [7]·🔴)
[경륜 추천 모순 수정] 고배당 강제조합 1건 메인→복병 이동(25배 상한)
[경륜 추천 개수] 7명 → 메인 3개(상한 3) · 복병 이동 1개
[각질편성] 중경 2경주: 선행0·선입0·추입0 → 🐌 느린 페이스
[3종 수집] 호후 6경주: {'quinella': 21, 'exacta': 42, 'trio': 0, 'win': 0} (history 4)
[3종 수집] 아오모리 6경주: {'quinella': 21, 'exacta': 42, 'trio': 0, 'win': 0} (history 12)
[각질편성] 호후 6경주: 선행5·선입0·추입2 → ⚡ 빠른 페이스
[경륜전개] 호후 6경주: 보통 · 라인 5개 · 페어 [[5, 1], [4, 2]]
[복승불일치 축교정] 호후 6경주: 축 [1, 5]로 교정(자금이탈 강등 [7]·🔴)
[경륜 추천 개수] 7명 → 메인 3개(상한 3) · 복병 이동 1개
[자동분석·배경] 호후 6경주: 마감 484초 전 재분석(rec_history 누적·cycle)
[각질편성] 중경 2경주: 선행0·선입0·추입0 → 🐌 느린 페이스
[각질편성] 중경 2경주: 선행0·선입0·추입0 → 🐌 느린 페이스
[각질편성] 중경 2경주: 선행0·선입0·추입0 → 🐌 느린 페이스
[각질편성] 중경 2경주: 선행0·선입0·추입0 → 🐌 느린 페이스
[한국 전적] 중경 2경주: 11두 저장(PDF, 전적 11두)
[각질편성] 중경 2경주: 선행0·선입0·추입0 → 🐌 느린 페이스
[각질편성] 중경 2경주: 선행0·선입0·추입0 → 🐌 느린 페이스
[한국이력 검역] 거부 — 파일=부산 2R / 본문 raceKey=중경 2경주 (경마장 불일치)
[3종 수집] 중경 2경주: {'quinella': 61, 'exacta': 0, 'trio': 0, 'win': 0} (history 9)
[각질편성] 중경 2경주: 선행0·선입0·추입0 → 🐌 느린 페이스
[각질편성] 중경 2경주: 선행0·선입0·추입0 → 🐌 느린 페이스
[3종 수집] 호후 6경주: {'quinella': 21, 'exacta': 42, 'trio': 0, 'win': 0} (history 5)
[placeholder 필터] 호후 6경주 쌍승 껍데기 배당 3조합 제외(값: [227.8])
[각질편성] 호후 6경주: 선행5·선입0·추입2 → ⚡ 빠른 페이스
[경륜전개] 호후 6경주: 보통 · 라인 5개 · 페어 [[5, 1], [4, 2]]
[복승불일치 축교정] 호후 6경주: 축 [1, 5]로 교정(자금이탈 강등 [7]·🔴)
[경륜 추천 개수] 7명 → 메인 3개(상한 3) · 복병 이동 1개
[자동분석·배경] 호후 6경주: 마감 451초 전 재분석(rec_history 누적·cycle)
[각질편성] 중경 2경주: 선행0·선입0·추입0 → 🐌 느린 페이스
[placeholder 필터] 호후 5경주 복승 껍데기 배당 9조합 제외(값: [100])
[각질편성] 아오모리 4경주: 선행2·선입0·추입5 → 보통 페이스
[각질편성] 호후 5경주: 선행3·선입0·추입4 → ⚡ 빠른 페이스
[placeholder 필터] 호후 5경주 복승 껍데기 배당 9조합 제외(값: [100])
[경륜전개] 아오모리 4경주: 슬로우(단독 선행) · 라인 2개 · 페어 [[2, 7], [4, 1]]
[경륜전개] 호후 5경주: 보통 · 라인 3개 · 페어 [[5, 1], [4, 2], [3, 7]]
[각질편성] 호후 5경주: 선행3·선입0·추입4 → ⚡ 빠른 페이스
[복승불일치 축교정] 아오모리 4경주: 축 [1, 4]로 교정(자금이탈 강등 [7]·🔴🔴)
[경륜전개] 호후 5경주: 보통 · 라인 3개 · 페어 [[5, 1], [4, 2], [3, 7]]
[각질편성] 중경 2경주: 선행0·선입0·추입0 → 🐌 느린 페이스
[각질편성] 호후 4경주: 선행2·선입0·추입5 → 보통 페이스
[경륜전개] 호후 4경주: 보통 · 라인 2개 · 페어 [[2, 7], [3, 4]]
[각질편성] 아오모리 5경주: 선행2·선입0·추입5 → 보통 페이스
[경륜전개] 아오모리 5경주: 보통 · 라인 2개 · 페어 [[3, 4], [5, 1]]
[복승불일치 축교정] 아오모리 5경주: 축 [1, 3]로 교정(자금이탈 강등 [6]·🔴)
[각질편성] 호후 5경주: 선행3·선입0·추입4 → ⚡ 빠른 페이스
[경륜전개] 호후 5경주: 보통 · 라인 3개 · 페어 [[5, 1], [4, 2], [3, 7]]
[각질편성] 중경 2경주: 선행0·선입0·추입0 → 🐌 느린 페이스
[placeholder 필터] 호후 5경주 복승 껍데기 배당 9조합 제외(값: [100])
[각질편성] 호후 5경주: 선행3·선입0·추입4 → ⚡ 빠른 페이스
[경륜전개] 호후 5경주: 보통 · 라인 3개 · 페어 [[5, 1], [4, 2], [3, 7]]
[한국 전적] 중경 2경주: 11두 저장(PDF, 전적 11두)
[각질편성] 중경 2경주: 선행0·선입0·추입0 → 🐌 느린 페이스
[각질편성] 중경 2경주: 선행0·선입0·추입0 → 🐌 느린 페이스
[각질편성] 중경 2경주: 선행0·선입0·추입0 → 🐌 느린 페이스
[결과기록] 캐시 갱신 — 재파싱 1건 / 전체 1655건
[각질편성] 아오모리 6경주: 선행4·선입0·추입3 → ⚡ 빠른 페이스
[경륜전개] 아오모리 6경주: 하이(주도권 경합) · 라인 4개 · 페어 [[1, 3], [7, 4], [6, 2]]
[placeholder 필터] 호후 6경주 쌍승 껍데기 배당 3조합 제외(값: [227.8])
[각질편성] 호후 6경주: 선행5·선입0·추입2 → ⚡ 빠른 페이스
[경륜전개] 호후 6경주: 보통 · 라인 5개 · 페어 [[5, 1], [4, 2]]
[복승불일치 축교정] 호후 6경주: 축 [1, 5]로 교정(자금이탈 강등 [7]·🔴)
[한국이력 검역] 거부 — 파일=부산 2R / 본문 raceKey=중경 2경주 (경마장 불일치)
[경륜 추천 개수] 7명 → 메인 3개(상한 3) · 복병 이동 1개
[각질편성] 중경 2경주: 선행0·선입0·추입0 → 🐌 느린 페이스
[placeholder 필터] 호후 5경주 복승 껍데기 배당 9조합 제외(값: [100])
[각질편성] 호후 5경주: 선행3·선입0·추입4 → ⚡ 빠른 페이스
[경륜전개] 호후 5경주: 보통 · 라인 3개 · 페어 [[5, 1], [4, 2], [3, 7]]
[각질편성] 중경 2경주: 선행0·선입0·추입0 → 🐌 느린 페이스
[3종 수집] 호후 6경주: {'quinella': 21, 'exacta': 42, 'trio': 0, 'win': 0} (history 6)
[placeholder 필터] 호후 6경주 쌍승 껍데기 배당 3조합 제외(값: [227.8])
[각질편성] 호후 6경주: 선행5·선입0·추입2 → ⚡ 빠른 페이스
[경륜전개] 호후 6경주: 보통 · 라인 5개 · 페어 [[5, 1], [4, 2]]
[복승불일치 축교정] 호후 6경주: 축 [1, 5]로 교정(자금이탈 강등 [7]·🔴)
[경륜 추천 개수] 7명 → 메인 3개(상한 3) · 복병 이동 1개
[자동분석·배경] 호후 6경주: 마감 419초 전 재분석(rec_history 누적·cycle)
[각질편성] 아오모리 6경주: 선행4·선입0·추입3 → ⚡ 빠른 페이스
[경륜전개] 아오모리 6경주: 하이(주도권 경합) · 라인 4개 · 페어 [[1, 3], [7, 4], [6, 2]]
[placeholder 필터] 호후 6경주 쌍승 껍데기 배당 3조합 제외(값: [227.8])
[각질편성] 호후 6경주: 선행5·선입0·추입2 → ⚡ 빠른 페이스
[경륜전개] 호후 6경주: 보통 · 라인 5개 · 페어 [[5, 1], [4, 2]]
[복승불일치 축교정] 호후 6경주: 축 [1, 5]로 교정(자금이탈 강등 [7]·🔴)
[경륜 추천 개수] 7명 → 메인 3개(상한 3) · 복병 이동 1개
[카카오알림] 호후 6경주 T-7 → 큐 적재
[3종 수집] 중경 2경주: {'quinella': 61, 'exacta': 0, 'trio': 0, 'win': 0} (history 10)
[각질편성] 중경 2경주: 선행0·선입0·추입0 → 🐌 느린 페이스
[placeholder 필터] 호후 5경주 복승 껍데기 배당 9조합 제외(값: [100])
[각질편성] 호후 5경주: 선행3·선입0·추입4 → ⚡ 빠른 페이스
[경륜전개] 호후 5경주: 보통 · 라인 3개 · 페어 [[5, 1], [4, 2], [3, 7]]
[각질편성] 중경 2경주: 선행0·선입0·추입0 → 🐌 느린 페이스
[각질편성] 중경 2경주: 선행0·선입0·추입0 → 🐌 느린 페이스
[placeholder 필터] 호후 5경주 복승 껍데기 배당 9조합 제외(값: [100])
[각질편성] 호후 5경주: 선행3·선입0·추입4 → ⚡ 빠른 페이스
[경륜전개] 호후 5경주: 보통 · 라인 3개 · 페어 [[5, 1], [4, 2], [3, 7]]
[한국 전적] 중경 2경주: 11두 저장(PDF, 전적 11두)
[각질편성] 중경 2경주: 선행0·선입0·추입0 → 🐌 느린 페이스
[각질편성] 중경 2경주: 선행0·선입0·추입0 → 🐌 느린 페이스
[각질편성] 중경 2경주: 선행0·선입0·추입0 → 🐌 느린 페이스
[각질편성] 중경 2경주: 선행0·선입0·추입0 → 🐌 느린 페이스
[한국이력 검역] 거부 — 파일=부산 2R / 본문 raceKey=중경 2경주 (경마장 불일치)
[각질편성] 중경 2경주: 선행0·선입0·추입0 → 🐌 느린 페이스
[다중경주] 하트비트 #111 · 스케줄 ymd=20260801 (-1초 전 갱신 · 트랙 12개)
[3종 수집] 호후 6경주: {'quinella': 21, 'exacta': 42, 'trio': 0, 'win': 0} (history 7)
[각질편성] 호후 6경주: 선행5·선입0·추입2 → ⚡ 빠른 페이스
[경륜전개] 호후 6경주: 보통 · 라인 5개 · 페어 [[5, 1], [4, 2]]
[복승불일치 축교정] 호후 6경주: 축 [1, 5]로 교정(자금이탈 강등 [7]·🔴)
[경륜 추천 개수] 7명 → 메인 3개(상한 3) · 복병 이동 1개
[자동분석·배경] 호후 6경주: 마감 386초 전 재분석(rec_history 누적·cycle)
[3종 수집] 중경 2경주: {'quinella': 61, 'exacta': 0, 'trio': 0, 'win': 0} (history 11)
[각질편성] 중경 2경주: 선행0·선입0·추입0 → 🐌 느린 페이스
[각질편성] 중경 2경주: 선행0·선입0·추입0 → 🐌 느린 페이스
[placeholder 필터] 호후 5경주 복승 껍데기 배당 9조합 제외(값: [100])
[각질편성] 호후 5경주: 선행3·선입0·추입4 → ⚡ 빠른 페이스
[placeholder 필터] 호후 5경주 복승 껍데기 배당 9조합 제외(값: [100])
[각질편성] 아오모리 4경주: 선행2·선입0·추입5 → 보통 페이스
[경륜전개] 호후 5경주: 보통 · 라인 3개 · 페어 [[5, 1], [4, 2], [3, 7]]
[경륜전개] 아오모리 4경주: 슬로우(단독 선행) · 라인 2개 · 페어 [[2, 7], [4, 1]]
[각질편성] 호후 5경주: 선행3·선입0·추입4 → ⚡ 빠른 페이스
[복승불일치 축교정] 아오모리 4경주: 축 [1, 4]로 교정(자금이탈 강등 [7]·🔴🔴)
[경륜전개] 호후 5경주: 보통 · 라인 3개 · 페어 [[5, 1], [4, 2], [3, 7]]
[각질편성] 호후 4경주: 선행2·선입0·추입5 → 보통 페이스
[경륜전개] 호후 4경주: 보통 · 라인 2개 · 페어 [[2, 7], [3, 4]]
[각질편성] 아오모리 5경주: 선행2·선입0·추입5 → 보통 페이스
[경륜전개] 아오모리 5경주: 보통 · 라인 2개 · 페어 [[3, 4], [5, 1]]
[복승불일치 축교정] 아오모리 5경주: 축 [1, 3]로 교정(자금이탈 강등 [6]·🔴)
[각질편성] 호후 5경주: 선행3·선입0·추입4 → ⚡ 빠른 페이스
[경륜전개] 호후 5경주: 보통 · 라인 3개 · 페어 [[5, 1], [4, 2], [3, 7]]
[각질편성] 아오모리 6경주: 선행4·선입0·추입3 → ⚡ 빠른 페이스
[경륜전개] 아오모리 6경주: 하이(주도권 경합) · 라인 4개 · 페어 [[1, 3], [7, 4], [6, 2]]
[각질편성] 중경 2경주: 선행0·선입0·추입0 → 🐌 느린 페이스
[각질편성] 호후 6경주: 선행5·선입0·추입2 → ⚡ 빠른 페이스
[경륜전개] 호후 6경주: 보통 · 라인 5개 · 페어 [[5, 1], [4, 2]]
[복승불일치 축교정] 호후 6경주: 축 [1, 5]로 교정(자금이탈 강등 [7]·🔴)
[한국 전적] 중경 2경주: 11두 저장(PDF, 전적 11두)
[경륜 추천 개수] 7명 → 메인 3개(상한 3) · 복병 이동 1개
[각질편성] 중경 2경주: 선행0·선입0·추입0 → 🐌 느린 페이스
[각질편성] 중경 2경주: 선행0·선입0·추입0 → 🐌 느린 페이스
[각질편성] 중경 2경주: 선행0·선입0·추입0 → 🐌 느린 페이스
[각질편성] 중경 2경주: 선행0·선입0·추입0 → 🐌 느린 페이스
[한국이력 검역] 거부 — 파일=부산 2R / 본문 raceKey=중경 2경주 (경마장 불일치)
[각질편성] 중경 2경주: 선행0·선입0·추입0 → 🐌 느린 페이스
[활성정리] 끝난 경주 1건 제거(히스토리 보존): 호후 4경주
[3종 수집] 중경 2경주: {'quinella': 61, 'exacta': 0, 'trio': 0, 'win': 0} (history 12)
[각질편성] 중경 2경주: 선행0·선입0·추입0 → 🐌 느린 페이스
[3종 수집] 호후 6경주: {'quinella': 21, 'exacta': 42, 'trio': 0, 'win': 0} (history 8)
[각질편성] 호후 6경주: 선행5·선입0·추입2 → ⚡ 빠른 페이스
[경륜전개] 호후 6경주: 보통 · 라인 5개 · 페어 [[5, 1], [4, 2]]
[복승불일치 축교정] 호후 6경주: 축 [1, 5]로 교정(자금이탈 강등 [7]·🔴)
[경륜 추천 개수] 7명 → 메인 3개(상한 3) · 복병 이동 1개
[자동분석·배경] 호후 6경주: 마감 354초 전 재분석(rec_history 누적·cycle)
[각질편성] 중경 2경주: 선행0·선입0·추입0 → 🐌 느린 페이스
[각질편성] 중경 2경주: 선행0·선입0·추입0 → 🐌 느린 페이스
[3종 수집] 호후 6경주: {'quinella': 21, 'exacta': 42, 'trio': 0, 'win': 0} (history 9)
[각질편성] 호후 6경주: 선행5·선입0·추입2 → ⚡ 빠른 페이스
[경륜전개] 호후 6경주: 보통 · 라인 5개 · 페어 [[5, 1], [4, 2]]
[복승불일치 축교정] 호후 6경주: 축 [1, 5]로 교정(자금이탈 강등 [7]·🔴)
[경륜 추천 모순 수정] 고배당 강제조합 1건 메인→복병 이동(25배 상한)
[경륜 추천 개수] 7명 → 메인 3개(상한 3) · 복병 이동 1개
[자동분석·배경] 호후 6경주: 마감 322초 전 재분석(rec_history 누적·cycle)
[각질편성] 호후 6경주: 선행5·선입0·추입2 → ⚡ 빠른 페이스
[경륜전개] 호후 6경주: 보통 · 라인 5개 · 페어 [[5, 1], [4, 2]]
[복승불일치 축교정] 호후 6경주: 축 [1, 5]로 교정(자금이탈 강등 [7]·🔴)
[경륜 추천 모순 수정] 고배당 강제조합 1건 메인→복병 이동(25배 상한)
[경륜 추천 개수] 7명 → 메인 3개(상한 3) · 복병 이동 1개
[카카오알림] 호후 6경주 T-5 → 큐 적재
[placeholder 필터] 호후 5경주 복승 껍데기 배당 9조합 제외(값: [100])
[각질편성] 호후 5경주: 선행3·선입0·추입4 → ⚡ 빠른 페이스
[경륜전개] 호후 5경주: 보통 · 라인 3개 · 페어 [[5, 1], [4, 2], [3, 7]]
[placeholder 필터] 호후 5경주 복승 껍데기 배당 9조합 제외(값: [100])
[각질편성] 호후 5경주: 선행3·선입0·추입4 → ⚡ 빠른 페이스
[각질편성] 아오모리 4경주: 선행2·선입0·추입5 → 보통 페이스
[경륜전개] 호후 5경주: 보통 · 라인 3개 · 페어 [[5, 1], [4, 2], [3, 7]]
[경륜전개] 아오모리 4경주: 슬로우(단독 선행) · 라인 2개 · 페어 [[2, 7], [4, 1]]
[각질편성] 중경 2경주: 선행0·선입0·추입0 → 🐌 느린 페이스
[복승불일치 축교정] 아오모리 4경주: 축 [1, 4]로 교정(자금이탈 강등 [7]·🔴🔴)
[각질편성] 중경 2경주: 선행0·선입0·추입0 → 🐌 느린 페이스
[각질편성] 중경 2경주: 선행0·선입0·추입0 → 🐌 느린 페이스
[한국 전적] 중경 2경주: 11두 저장(PDF, 전적 11두)
[각질편성] 중경 2경주: 선행0·선입0·추입0 → 🐌 느린 페이스
[결과기록] 캐시 갱신 — 재파싱 1건 / 전체 1655건
[각질편성] 호후 4경주: 선행2·선입0·추입5 → 보통 페이스
[경륜전개] 호후 4경주: 보통 · 라인 2개 · 페어 [[2, 7], [3, 4]]
[각질편성] 아오모리 5경주: 선행2·선입0·추입5 → 보통 페이스
[경륜전개] 아오모리 5경주: 보통 · 라인 2개 · 페어 [[3, 4], [5, 1]]
[복승불일치 축교정] 아오모리 5경주: 축 [1, 3]로 교정(자금이탈 강등 [6]·🔴)
[각질편성] 호후 5경주: 선행3·선입0·추입4 → ⚡ 빠른 페이스
[경륜전개] 호후 5경주: 보통 · 라인 3개 · 페어 [[5, 1], [4, 2], [3, 7]]
[각질편성] 아오모리 6경주: 선행4·선입0·추입3 → ⚡ 빠른 페이스
[경륜전개] 아오모리 6경주: 하이(주도권 경합) · 라인 4개 · 페어 [[1, 3], [7, 4], [6, 2]]
[한국이력 검역] 거부 — 파일=부산 2R / 본문 raceKey=중경 2경주 (경마장 불일치)
[각질편성] 호후 6경주: 선행5·선입0·추입2 → ⚡ 빠른 페이스
[경륜전개] 호후 6경주: 보통 · 라인 5개 · 페어 [[5, 1], [4, 2]]
[복승불일치 축교정] 호후 6경주: 축 [1, 5]로 교정(자금이탈 강등 [7]·🔴)
[경륜 추천 모순 수정] 고배당 강제조합 1건 메인→복병 이동(25배 상한)
[경륜 추천 개수] 7명 → 메인 3개(상한 3) · 복병 이동 1개
[각질편성] 중경 2경주: 선행0·선입0·추입0 → 🐌 느린 페이스
[3종 수집] 호후 6경주: {'quinella': 21, 'exacta': 42, 'trio': 0, 'win': 0} (history 10)
[각질편성] 호후 6경주: 선행5·선입0·추입2 → ⚡ 빠른 페이스
[경륜전개] 호후 6경주: 보통 · 라인 5개 · 페어 [[5, 1], [4, 2]]
[복승불일치 축교정] 호후 6경주: 축 [1, 5]로 교정(자금이탈 강등 [4]·🔴)
[경륜 추천 모순 수정] 고배당 강제조합 1건 메인→복병 이동(25배 상한)
[자동예상] 호후 6경주 최종예상 저장(2026_08_01_호후_6경주.json)
[각질편성] 호후 6경주: 선행5·선입0·추입2 → ⚡ 빠른 페이스
[경륜전개] 호후 6경주: 보통 · 라인 5개 · 페어 [[5, 1], [4, 2]]
[복승불일치 축교정] 호후 6경주: 축 [1, 5]로 교정(자금이탈 강등 [4]·🔴)
[경륜 추천 모순 수정] 고배당 강제조합 1건 메인→복병 이동(25배 상한)
[자동분석·배경] 호후 6경주: 마감 289초 전 재분석(rec_history 누적·cycle)
[한국경마 스케줄] 20260801: 경마장 0곳 · 경주 0개(KRA API 감지·발주시각 미제공)
[다중경주 스케줄] 20260801: 트랙 12곳(경륜 10·한국 0 포함) · 경주 118개
[3종 수집] 호후 6경주: {'quinella': 21, 'exacta': 42, 'trio': 0, 'win': 0} (history 11)
[각질편성] 호후 6경주: 선행5·선입0·추입2 → ⚡ 빠른 페이스
[경륜전개] 호후 6경주: 보통 · 라인 5개 · 페어 [[5, 1], [4, 2]]
[복승불일치 축교정] 호후 6경주: 축 [1, 5]로 교정(자금이탈 강등 [4]·🔴)
[경륜 추천 모순 수정] 고배당 강제조합 1건 메인→복병 이동(25배 상한)
[경륜 추천 개수] 7명 → 메인 3개(상한 3) · 복병 이동 1개
[자동분석·배경] 호후 6경주: 마감 257초 전 재분석(rec_history 누적·cycle)
[카톡 변경알림·즉시] 호후 6경주 (남은 257s): 복승 추가: 2+4 / 복승 제외: 4+5 / 삼복승 제외: 1+2+5 · 1+4+5
[placeholder 필터] 호후 5경주 복승 껍데기 배당 9조합 제외(값: [100])
[각질편성] 호후 5경주: 선행3·선입0·추입4 → ⚡ 빠른 페이스
[경륜전개] 호후 5경주: 보통 · 라인 3개 · 페어 [[5, 1], [4, 2], [3, 7]]
[각질편성] 중경 2경주: 선행0·선입0·추입0 → 🐌 느린 페이스
[placeholder 필터] 호후 5경주 복승 껍데기 배당 9조합 제외(값: [100])
[각질편성] 아오모리 4경주: 선행2·선입0·추입5 → 보통 페이스
[경륜전개] 아오모리 4경주: 슬로우(단독 선행) · 라인 2개 · 페어 [[2, 7], [4, 1]]
[각질편성] 호후 5경주: 선행3·선입0·추입4 → ⚡ 빠른 페이스
[복승불일치 축교정] 아오모리 4경주: 축 [1, 4]로 교정(자금이탈 강등 [7]·🔴🔴)
[경륜전개] 호후 5경주: 보통 · 라인 3개 · 페어 [[5, 1], [4, 2], [3, 7]]
[각질편성] 호후 4경주: 선행2·선입0·추입5 → 보통 페이스
[경륜전개] 호후 4경주: 보통 · 라인 2개 · 페어 [[2, 7], [3, 4]]
[한국 전적] 중경 2경주: 11두 저장(PDF, 전적 11두)
[각질편성] 중경 2경주: 선행0·선입0·추입0 → 🐌 느린 페이스
[각질편성] 아오모리 5경주: 선행2·선입0·추입5 → 보통 페이스
[경륜전개] 아오모리 5경주: 보통 · 라인 2개 · 페어 [[3, 4], [5, 1]]
[복승불일치 축교정] 아오모리 5경주: 축 [1, 3]로 교정(자금이탈 강등 [6]·🔴)
[결과기록] 캐시 갱신 — 재파싱 1건 / 전체 1655건
[각질편성] 호후 5경주: 선행3·선입0·추입4 → ⚡ 빠른 페이스
[경륜전개] 호후 5경주: 보통 · 라인 3개 · 페어 [[5, 1], [4, 2], [3, 7]]
[각질편성] 아오모리 6경주: 선행4·선입0·추입3 → ⚡ 빠른 페이스
[경륜전개] 아오모리 6경주: 하이(주도권 경합) · 라인 4개 · 페어 [[1, 3], [7, 4], [6, 2]]
[각질편성] 호후 6경주: 선행5·선입0·추입2 → ⚡ 빠른 페이스
[경륜전개] 호후 6경주: 보통 · 라인 5개 · 페어 [[5, 1], [4, 2]]
[복승불일치 축교정] 호후 6경주: 축 [1, 5]로 교정(자금이탈 강등 [4]·🔴)
[경륜 추천 모순 수정] 고배당 강제조합 1건 메인→복병 이동(25배 상한)
[경륜 추천 개수] 7명 → 메인 3개(상한 3) · 복병 이동 1개
[각질편성] 중경 2경주: 선행0·선입0·추입0 → 🐌 느린 페이스
[한국이력 검역] 거부 — 파일=부산 2R / 본문 raceKey=중경 2경주 (경마장 불일치)
[placeholder 필터] 호후 5경주 복승 껍데기 배당 9조합 제외(값: [100])
[각질편성] 중경 2경주: 선행0·선입0·추입0 → 🐌 느린 페이스
[각질편성] 호후 5경주: 선행3·선입0·추입4 → ⚡ 빠른 페이스
[경륜전개] 호후 5경주: 보통 · 라인 3개 · 페어 [[5, 1], [4, 2], [3, 7]]
[한국 전적] 중경 2경주: 11두 저장(PDF, 전적 11두)
[각질편성] 중경 2경주: 선행0·선입0·추입0 → 🐌 느린 페이스
[한국이력 검역] 거부 — 파일=부산 2R / 본문 raceKey=중경 2경주 (경마장 불일치)
[placeholder 필터] 호후 5경주 복승 껍데기 배당 9조합 제외(값: [100])
[각질편성] 호후 5경주: 선행3·선입0·추입4 → ⚡ 빠른 페이스
[각질편성] 아오모리 4경주: 선행2·선입0·추입5 → 보통 페이스
[경륜전개] 호후 5경주: 보통 · 라인 3개 · 페어 [[5, 1], [4, 2], [3, 7]]
[경륜전개] 아오모리 4경주: 슬로우(단독 선행) · 라인 2개 · 페어 [[2, 7], [4, 1]]
[복승불일치 축교정] 아오모리 4경주: 축 [1, 4]로 교정(자금이탈 강등 [7]·🔴🔴)
[각질편성] 호후 4경주: 선행2·선입0·추입5 → 보통 페이스
[경륜전개] 호후 4경주: 보통 · 라인 2개 · 페어 [[2, 7], [3, 4]]
[각질편성] 아오모리 5경주: 선행2·선입0·추입5 → 보통 페이스
[경륜전개] 아오모리 5경주: 보통 · 라인 2개 · 페어 [[3, 4], [5, 1]]
[복승불일치 축교정] 아오모리 5경주: 축 [1, 3]로 교정(자금이탈 강등 [6]·🔴)
[각질편성] 호후 5경주: 선행3·선입0·추입4 → ⚡ 빠른 페이스
[경륜전개] 호후 5경주: 보통 · 라인 3개 · 페어 [[5, 1], [4, 2], [3, 7]]
[각질편성] 아오모리 6경주: 선행4·선입0·추입3 → ⚡ 빠른 페이스
[경륜전개] 아오모리 6경주: 하이(주도권 경합) · 라인 4개 · 페어 [[1, 3], [7, 4], [6, 2]]
[각질편성] 호후 6경주: 선행5·선입0·추입2 → ⚡ 빠른 페이스
[경륜전개] 호후 6경주: 보통 · 라인 5개 · 페어 [[5, 1], [4, 2]]
[복승불일치 축교정] 호후 6경주: 축 [1, 5]로 교정(자금이탈 강등 [4]·🔴)
[경륜 추천 모순 수정] 고배당 강제조합 1건 메인→복병 이동(25배 상한)
[경륜 추천 개수] 7명 → 메인 3개(상한 3) · 복병 이동 1개
[각질편성] 호후 6경주: 선행5·선입0·추입2 → ⚡ 빠른 페이스
[경륜전개] 호후 6경주: 보통 · 라인 5개 · 페어 [[5, 1], [4, 2]]
[복승불일치 축교정] 호후 6경주: 축 [1, 5]로 교정(자금이탈 강등 [4]·🔴)
[각질편성] 중경 2경주: 선행0·선입0·추입0 → 🐌 느린 페이스
[경륜 추천 모순 수정] 고배당 강제조합 1건 메인→복병 이동(25배 상한)
[경륜 추천 개수] 7명 → 메인 3개(상한 3) · 복병 이동 1개
[각질편성] 중경 2경주: 선행0·선입0·추입0 → 🐌 느린 페이스
[3종 수집] 호후 6경주: {'quinella': 21, 'exacta': 42, 'trio': 0, 'win': 0} (history 12)
[각질편성] 중경 2경주: 선행0·선입0·추입0 → 🐌 느린 페이스
[placeholder 필터] 호후 5경주 복승 껍데기 배당 9조합 제외(값: [100])
[각질편성] 호후 5경주: 선행3·선입0·추입4 → ⚡ 빠른 페이스
[경륜전개] 호후 5경주: 보통 · 라인 3개 · 페어 [[5, 1], [4, 2], [3, 7]]
[한국 전적] 중경 2경주: 11두 저장(PDF, 전적 11두)
[각질편성] 중경 2경주: 선행0·선입0·추입0 → 🐌 느린 페이스
[한국이력 검역] 거부 — 파일=부산 2R / 본문 raceKey=중경 2경주 (경마장 불일치)
[각질편성] 호후 6경주: 선행5·선입0·추입2 → ⚡ 빠른 페이스
[경륜전개] 호후 6경주: 보통 · 라인 5개 · 페어 [[5, 1], [4, 2]]
[복승불일치 축교정] 호후 6경주: 축 [1, 5]로 교정(자금이탈 강등 [7]·🔴)
[경륜 추천 개수] 7명 → 메인 3개(상한 3) · 복병 이동 1개
[각질편성] 중경 2경주: 선행0·선입0·추입0 → 🐌 느린 페이스
[placeholder 필터] 호후 5경주 복승 껍데기 배당 9조합 제외(값: [100])
[각질편성] 호후 5경주: 선행3·선입0·추입4 → ⚡ 빠른 페이스
[경륜전개] 호후 5경주: 보통 · 라인 3개 · 페어 [[5, 1], [4, 2], [3, 7]]
[각질편성] 아오모리 4경주: 선행2·선입0·추입5 → 보통 페이스
[경륜전개] 아오모리 4경주: 슬로우(단독 선행) · 라인 2개 · 페어 [[2, 7], [4, 1]]
[복승불일치 축교정] 아오모리 4경주: 축 [1, 4]로 교정(자금이탈 강등 [7]·🔴🔴)
[각질편성] 호후 4경주: 선행2·선입0·추입5 → 보통 페이스
[경륜전개] 호후 4경주: 보통 · 라인 2개 · 페어 [[2, 7], [3, 4]]
[각질편성] 아오모리 5경주: 선행2·선입0·추입5 → 보통 페이스
[경륜전개] 아오모리 5경주: 보통 · 라인 2개 · 페어 [[3, 4], [5, 1]]
[복승불일치 축교정] 아오모리 5경주: 축 [1, 3]로 교정(자금이탈 강등 [6]·🔴)
[각질편성] 호후 5경주: 선행3·선입0·추입4 → ⚡ 빠른 페이스
[경륜전개] 호후 5경주: 보통 · 라인 3개 · 페어 [[5, 1], [4, 2], [3, 7]]
[각질편성] 아오모리 6경주: 선행4·선입0·추입3 → ⚡ 빠른 페이스
[경륜전개] 아오모리 6경주: 하이(주도권 경합) · 라인 4개 · 페어 [[1, 3], [7, 4], [6, 2]]
[각질편성] 호후 6경주: 선행5·선입0·추입2 → ⚡ 빠른 페이스
[경륜전개] 호후 6경주: 보통 · 라인 5개 · 페어 [[5, 1], [4, 2]]
[복승불일치 축교정] 호후 6경주: 축 [1, 5]로 교정(자금이탈 강등 [7]·🔴)
[경륜 추천 개수] 7명 → 메인 3개(상한 3) · 복병 이동 1개
[각질편성] 중경 2경주: 선행0·선입0·추입0 → 🐌 느린 페이스
[placeholder 필터] 호후 5경주 복승 껍데기 배당 9조합 제외(값: [100])
[각질편성] 호후 5경주: 선행3·선입0·추입4 → ⚡ 빠른 페이스
[경륜전개] 호후 5경주: 보통 · 라인 3개 · 페어 [[5, 1], [4, 2], [3, 7]]
[placeholder 필터] 호후 5경주 복승 껍데기 배당 9조합 제외(값: [100])
[각질편성] 호후 5경주: 선행3·선입0·추입4 → ⚡ 빠른 페이스
[경륜전개] 호후 5경주: 보통 · 라인 3개 · 페어 [[5, 1], [4, 2], [3, 7]]
[3종 수집] 호후 6경주: {'quinella': 21, 'exacta': 42, 'trio': 0, 'win': 0} (history 12)
[카톡 변경알림·즉시] 호후 6경주 (남은 194s): 복승 추가: 5+7 / 복승 제외: 2+4
[각질편성] 중경 2경주: 선행0·선입0·추입0 → 🐌 느린 페이스
[한국 전적] 중경 2경주: 11두 저장(PDF, 전적 11두)
[각질편성] 중경 2경주: 선행0·선입0·추입0 → 🐌 느린 페이스
[placeholder 필터] 호후 5경주 복승 껍데기 배당 9조합 제외(값: [100])
[각질편성] 호후 5경주: 선행3·선입0·추입4 → ⚡ 빠른 페이스
[경륜전개] 호후 5경주: 보통 · 라인 3개 · 페어 [[5, 1], [4, 2], [3, 7]]
[한국이력 검역] 거부 — 파일=부산 2R / 본문 raceKey=중경 2경주 (경마장 불일치)
[placeholder 필터] 호후 5경주 복승 껍데기 배당 9조합 제외(값: [100])
[각질편성] 호후 5경주: 선행3·선입0·추입4 → ⚡ 빠른 페이스
[경륜전개] 호후 5경주: 보통 · 라인 3개 · 페어 [[5, 1], [4, 2], [3, 7]]
[각질편성] 아오모리 4경주: 선행2·선입0·추입5 → 보통 페이스
[경륜전개] 아오모리 4경주: 슬로우(단독 선행) · 라인 2개 · 페어 [[2, 7], [4, 1]]
[복승불일치 축교정] 아오모리 4경주: 축 [1, 4]로 교정(자금이탈 강등 [7]·🔴🔴)
[결과기록] 캐시 갱신 — 재파싱 1건 / 전체 1655건
[각질편성] 호후 4경주: 선행2·선입0·추입5 → 보통 페이스
[경륜전개] 호후 4경주: 보통 · 라인 2개 · 페어 [[2, 7], [3, 4]]
[각질편성] 아오모리 5경주: 선행2·선입0·추입5 → 보통 페이스
[경륜전개] 아오모리 5경주: 보통 · 라인 2개 · 페어 [[3, 4], [5, 1]]
[복승불일치 축교정] 아오모리 5경주: 축 [1, 3]로 교정(자금이탈 강등 [6]·🔴)
[각질편성] 호후 5경주: 선행3·선입0·추입4 → ⚡ 빠른 페이스
[경륜전개] 호후 5경주: 보통 · 라인 3개 · 페어 [[5, 1], [4, 2], [3, 7]]
[각질편성] 아오모리 6경주: 선행4·선입0·추입3 → ⚡ 빠른 페이스
[경륜전개] 아오모리 6경주: 하이(주도권 경합) · 라인 4개 · 페어 [[1, 3], [7, 4], [6, 2]]
[각질편성] 호후 6경주: 선행5·선입0·추입2 → ⚡ 빠른 페이스
[경륜전개] 호후 6경주: 보통 · 라인 5개 · 페어 [[5, 1], [4, 2]]
[복승불일치 축교정] 호후 6경주: 축 [1, 5]로 교정(자금이탈 강등 [4]·🔴)
[T-2분 왕축 동결] 호후 6경주: [1, 5] → [1, 5] 유지(cur_mb=2)
[복병 이동 상한] 1+2 168.5배 > 특별상한 50.0배 → 💎 노출 제외(참고)
[경륜 추천 모순 수정] 고배당 강제조합 2건 메인→복병 이동(25배 상한)
[경륜 추천 개수] 7명 → 메인 3개(상한 3) · 복병 이동 1개
[B라인 그물망] 호후 6경주: B라인[4, 2] 삼복승보험 [[2, 3, 4]] 추가
[각질편성] 중경 2경주: 선행0·선입0·추입0 → 🐌 느린 페이스
[placeholder 필터] 호후 5경주 복승 껍데기 배당 9조합 제외(값: [100])
[각질편성] 호후 5경주: 선행3·선입0·추입4 → ⚡ 빠른 페이스
[경륜전개] 호후 5경주: 보통 · 라인 3개 · 페어 [[5, 1], [4, 2], [3, 7]]
[각질편성] 중경 2경주: 선행0·선입0·추입0 → 🐌 느린 페이스
[placeholder 필터] 호후 5경주 복승 껍데기 배당 9조합 제외(값: [100])
[각질편성] 호후 5경주: 선행3·선입0·추입4 → ⚡ 빠른 페이스
[경륜전개] 호후 5경주: 보통 · 라인 3개 · 페어 [[5, 1], [4, 2], [3, 7]]
[한국 전적] 중경 2경주: 11두 저장(PDF, 전적 11두)
[각질편성] 중경 2경주: 선행0·선입0·추입0 → 🐌 느린 페이스
[3종 수집] 호후 6경주: {'quinella': 21, 'exacta': 42, 'trio': 0, 'win': 0} (history 12)
[각질편성] 호후 6경주: 선행5·선입0·추입2 → ⚡ 빠른 페이스
[경륜전개] 호후 6경주: 보통 · 라인 5개 · 페어 [[5, 1], [4, 2]]
[복승불일치 축교정] 호후 6경주: 축 [1, 5]로 교정(자금이탈 강등 [7]·🔴)
[T-2분 왕축 동결] 호후 6경주: [1, 5] → [1, 5] 유지(cur_mb=2)
[경륜 추천 개수] 7명 → 메인 3개(상한 3) · 복병 이동 1개
[자동분석·배경] 호후 6경주: 마감 162초 전 재분석(rec_history 누적·cycle)
[한국이력 검역] 거부 — 파일=부산 2R / 본문 raceKey=중경 2경주 (경마장 불일치)
[placeholder 필터] 호후 5경주 복승 껍데기 배당 9조합 제외(값: [100])
[각질편성] 호후 5경주: 선행3·선입0·추입4 → ⚡ 빠른 페이스
[경륜전개] 호후 5경주: 보통 · 라인 3개 · 페어 [[5, 1], [4, 2], [3, 7]]
[각질편성] 아오모리 4경주: 선행2·선입0·추입5 → 보통 페이스
[경륜전개] 아오모리 4경주: 슬로우(단독 선행) · 라인 2개 · 페어 [[2, 7], [4, 1]]
[복승불일치 축교정] 아오모리 4경주: 축 [1, 4]로 교정(자금이탈 강등 [7]·🔴🔴)
[각질편성] 호후 4경주: 선행2·선입0·추입5 → 보통 페이스
[경륜전개] 호후 4경주: 보통 · 라인 2개 · 페어 [[2, 7], [3, 4]]
[각질편성] 아오모리 5경주: 선행2·선입0·추입5 → 보통 페이스
[경륜전개] 아오모리 5경주: 보통 · 라인 2개 · 페어 [[3, 4], [5, 1]]
[복승불일치 축교정] 아오모리 5경주: 축 [1, 3]로 교정(자금이탈 강등 [6]·🔴)
[각질편성] 호후 5경주: 선행3·선입0·추입4 → ⚡ 빠른 페이스
[경륜전개] 호후 5경주: 보통 · 라인 3개 · 페어 [[5, 1], [4, 2], [3, 7]]
[각질편성] 아오모리 6경주: 선행4·선입0·추입3 → ⚡ 빠른 페이스
[경륜전개] 아오모리 6경주: 하이(주도권 경합) · 라인 4개 · 페어 [[1, 3], [7, 4], [6, 2]]
[각질편성] 호후 6경주: 선행5·선입0·추입2 → ⚡ 빠른 페이스
[경륜전개] 호후 6경주: 보통 · 라인 5개 · 페어 [[5, 1], [4, 2]]
[복승불일치 축교정] 호후 6경주: 축 [1, 5]로 교정(자금이탈 강등 [7]·🔴)
[T-2분 왕축 동결] 호후 6경주: [1, 5] → [1, 5] 유지(cur_mb=2)
[경륜 추천 개수] 7명 → 메인 3개(상한 3) · 복병 이동 1개
[각질편성] 중경 2경주: 선행0·선입0·추입0 → 🐌 느린 페이스
[placeholder 필터] 호후 5경주 복승 껍데기 배당 9조합 제외(값: [100])
[각질편성] 호후 5경주: 선행3·선입0·추입4 → ⚡ 빠른 페이스
[경륜전개] 호후 5경주: 보통 · 라인 3개 · 페어 [[5, 1], [4, 2], [3, 7]]
[placeholder 필터] 호후 5경주 복승 껍데기 배당 9조합 제외(값: [100])
[각질편성] 호후 5경주: 선행3·선입0·추입4 → ⚡ 빠른 페이스
[경륜전개] 호후 5경주: 보통 · 라인 3개 · 페어 [[5, 1], [4, 2], [3, 7]]
[3종 수집] 호후 6경주: {'quinella': 21, 'exacta': 42, 'trio': 0, 'win': 0} (history 12)
[각질편성] 호후 6경주: 선행5·선입0·추입2 → ⚡ 빠른 페이스
[경륜전개] 호후 6경주: 보통 · 라인 5개 · 페어 [[5, 1], [4, 2]]
[복승불일치 축교정] 호후 6경주: 축 [1, 5]로 교정(자금이탈 강등 [7]·🔴)
[T-2분 왕축 동결] 호후 6경주: [1, 5] → [1, 5] 유지(cur_mb=2)
[경륜 추천 모순 수정] 고배당 강제조합 1건 메인→복병 이동(25배 상한)
[경륜 추천 개수] 7명 → 메인 3개(상한 3) · 복병 이동 1개
[자동분석·배경] 호후 6경주: 마감 130초 전 재분석(rec_history 누적·cycle)
[각질편성] 아오모리 4경주: 선행2·선입0·추입5 → 보통 페이스
[경륜전개] 아오모리 4경주: 슬로우(단독 선행) · 라인 2개 · 페어 [[2, 7], [4, 1]]
[복승불일치 축교정] 아오모리 4경주: 축 [1, 4]로 교정(자금이탈 강등 [7]·🔴🔴)
[각질편성] 호후 4경주: 선행2·선입0·추입5 → 보통 페이스
[경륜전개] 호후 4경주: 보통 · 라인 2개 · 페어 [[2, 7], [3, 4]]
[결과기록] 캐시 갱신 — 재파싱 1건 / 전체 1655건
[각질편성] 아오모리 5경주: 선행2·선입0·추입5 → 보통 페이스
[경륜전개] 아오모리 5경주: 보통 · 라인 2개 · 페어 [[3, 4], [5, 1]]
[복승불일치 축교정] 아오모리 5경주: 축 [1, 3]로 교정(자금이탈 강등 [6]·🔴)
[각질편성] 호후 5경주: 선행3·선입0·추입4 → ⚡ 빠른 페이스
[경륜전개] 호후 5경주: 보통 · 라인 3개 · 페어 [[5, 1], [4, 2], [3, 7]]
[각질편성] 아오모리 6경주: 선행4·선입0·추입3 → ⚡ 빠른 페이스
[경륜전개] 아오모리 6경주: 하이(주도권 경합) · 라인 4개 · 페어 [[1, 3], [7, 4], [6, 2]]
[각질편성] 호후 6경주: 선행5·선입0·추입2 → ⚡ 빠른 페이스
[경륜전개] 호후 6경주: 보통 · 라인 5개 · 페어 [[5, 1], [4, 2]]
[복승불일치 축교정] 호후 6경주: 축 [1, 5]로 교정(자금이탈 강등 [7]·🔴)
[T-2분 왕축 동결] 호후 6경주: [1, 5] → [1, 5] 유지(cur_mb=1)
[경륜 추천 모순 수정] 고배당 강제조합 1건 메인→복병 이동(25배 상한)
[경륜 추천 개수] 7명 → 메인 3개(상한 3) · 복병 이동 1개
[각질편성] 중경 2경주: 선행0·선입0·추입0 → 🐌 느린 페이스
[3종 수집] 호후 6경주: {'quinella': 21, 'exacta': 42, 'trio': 0, 'win': 0} (history 12)
[각질편성] 호후 6경주: 선행5·선입0·추입2 → ⚡ 빠른 페이스
[경륜전개] 호후 6경주: 보통 · 라인 5개 · 페어 [[5, 1], [4, 2]]
[복승불일치 축교정] 호후 6경주: 축 [1, 5]로 교정(자금이탈 강등 [7]·🔴)
[T-2분 왕축 동결] 호후 6경주: [1, 5] → [1, 5] 유지(cur_mb=1)
[경륜 추천 모순 수정] 고배당 강제조합 1건 메인→복병 이동(25배 상한)
[경륜 추천 개수] 7명 → 메인 3개(상한 3) · 복병 이동 1개
[자동분석·배경] 호후 6경주: 마감 97초 전 재분석(rec_history 누적·cycle)
[각질편성] 아오모리 4경주: 선행2·선입0·추입5 → 보통 페이스
[경륜전개] 아오모리 4경주: 슬로우(단독 선행) · 라인 2개 · 페어 [[2, 7], [4, 1]]
[복승불일치 축교정] 아오모리 4경주: 축 [1, 4]로 교정(자금이탈 강등 [7]·🔴🔴)
[각질편성] 호후 4경주: 선행2·선입0·추입5 → 보통 페이스
[경륜전개] 호후 4경주: 보통 · 라인 2개 · 페어 [[2, 7], [3, 4]]
[각질편성] 아오모리 5경주: 선행2·선입0·추입5 → 보통 페이스
[경륜전개] 아오모리 5경주: 보통 · 라인 2개 · 페어 [[3, 4], [5, 1]]
[복승불일치 축교정] 아오모리 5경주: 축 [1, 3]로 교정(자금이탈 강등 [6]·🔴)
[각질편성] 호후 5경주: 선행3·선입0·추입4 → ⚡ 빠른 페이스
[경륜전개] 호후 5경주: 보통 · 라인 3개 · 페어 [[5, 1], [4, 2], [3, 7]]
[각질편성] 아오모리 6경주: 선행4·선입0·추입3 → ⚡ 빠른 페이스
[경륜전개] 아오모리 6경주: 하이(주도권 경합) · 라인 4개 · 페어 [[1, 3], [7, 4], [6, 2]]
[각질편성] 호후 6경주: 선행5·선입0·추입2 → ⚡ 빠른 페이스
[경륜전개] 호후 6경주: 보통 · 라인 5개 · 페어 [[5, 1], [4, 2]]
[복승불일치 축교정] 호후 6경주: 축 [1, 5]로 교정(자금이탈 강등 [7]·🔴)
[T-2분 왕축 동결] 호후 6경주: [1, 5] → [1, 5] 유지(cur_mb=1)
[경륜 추천 모순 수정] 고배당 강제조합 1건 메인→복병 이동(25배 상한)
[경륜 추천 개수] 7명 → 메인 3개(상한 3) · 복병 이동 1개
[각질편성] 중경 2경주: 선행0·선입0·추입0 → 🐌 느린 페이스
[placeholder 필터] 호후 5경주 복승 껍데기 배당 9조합 제외(값: [100])
[각질편성] 호후 5경주: 선행3·선입0·추입4 → ⚡ 빠른 페이스
[경륜전개] 호후 5경주: 보통 · 라인 3개 · 페어 [[5, 1], [4, 2], [3, 7]]
[placeholder 필터] 호후 5경주 복승 껍데기 배당 9조합 제외(값: [100])
[각질편성] 중경 2경주: 선행0·선입0·추입0 → 🐌 느린 페이스
[각질편성] 호후 5경주: 선행3·선입0·추입4 → ⚡ 빠른 페이스
[경륜전개] 호후 5경주: 보통 · 라인 3개 · 페어 [[5, 1], [4, 2], [3, 7]]
[한국 전적] 중경 2경주: 11두 저장(PDF, 전적 11두)
[각질편성] 중경 2경주: 선행0·선입0·추입0 → 🐌 느린 페이스
[한국이력 검역] 거부 — 파일=부산 2R / 본문 raceKey=중경 2경주 (경마장 불일치)
[다중경주] 하트비트 #121 · 스케줄 ymd=20260801 (-1초 전 갱신 · 트랙 12개)
[3종 수집] 호후 6경주: {'quinella': 21, 'exacta': 42, 'trio': 0, 'win': 0} (history 12)
[placeholder 필터] 호후 6경주 쌍승 껍데기 배당 3조합 제외(값: [300.2])
[각질편성] 호후 6경주: 선행5·선입0·추입2 → ⚡ 빠른 페이스
[경륜전개] 호후 6경주: 보통 · 라인 5개 · 페어 [[5, 1], [4, 2]]
[복승불일치 축교정] 호후 6경주: 축 [1, 5]로 교정(자금이탈 강등 [7]·🔴)
[T-2분 왕축 동결] 호후 6경주: [1, 5] → [1, 5] 유지(cur_mb=1)
[경륜 추천 모순 수정] 고배당 강제조합 1건 메인→복병 이동(25배 상한)
[경륜 추천 개수] 7명 → 메인 3개(상한 3) · 복병 이동 1개
[자동분석·배경] 호후 6경주: 마감 65초 전 재분석(rec_history 누적·cycle)
[각질편성] 아오모리 4경주: 선행2·선입0·추입5 → 보통 페이스
[경륜전개] 아오모리 4경주: 슬로우(단독 선행) · 라인 2개 · 페어 [[2, 7], [4, 1]]
[복승불일치 축교정] 아오모리 4경주: 축 [1, 4]로 교정(자금이탈 강등 [7]·🔴🔴)
[각질편성] 호후 4경주: 선행2·선입0·추입5 → 보통 페이스
[경륜전개] 호후 4경주: 보통 · 라인 2개 · 페어 [[2, 7], [3, 4]]
[결과기록] 캐시 갱신 — 재파싱 1건 / 전체 1655건
[각질편성] 아오모리 5경주: 선행2·선입0·추입5 → 보통 페이스
[경륜전개] 아오모리 5경주: 보통 · 라인 2개 · 페어 [[3, 4], [5, 1]]
[복승불일치 축교정] 아오모리 5경주: 축 [1, 3]로 교정(자금이탈 강등 [6]·🔴)
[각질편성] 호후 5경주: 선행3·선입0·추입4 → ⚡ 빠른 페이스
[경륜전개] 호후 5경주: 보통 · 라인 3개 · 페어 [[5, 1], [4, 2], [3, 7]]
[각질편성] 아오모리 6경주: 선행4·선입0·추입3 → ⚡ 빠른 페이스
[경륜전개] 아오모리 6경주: 하이(주도권 경합) · 라인 4개 · 페어 [[1, 3], [7, 4], [6, 2]]
[placeholder 필터] 호후 6경주 쌍승 껍데기 배당 3조합 제외(값: [300.2])
[각질편성] 호후 6경주: 선행5·선입0·추입2 → ⚡ 빠른 페이스
[경륜전개] 호후 6경주: 보통 · 라인 5개 · 페어 [[5, 1], [4, 2]]
[복승불일치 축교정] 호후 6경주: 축 [1, 5]로 교정(자금이탈 강등 [7]·🔴)
[경륜 추천 모순 수정] 고배당 강제조합 1건 메인→복병 이동(25배 상한)
[경륜 추천 개수] 7명 → 메인 3개(상한 3) · 복병 이동 1개
[각질편성] 중경 2경주: 선행0·선입0·추입0 → 🐌 느린 페이스
[3종 수집] 호후 6경주: {'quinella': 21, 'exacta': 42, 'trio': 0, 'win': 0} (history 12)
[placeholder 필터] 호후 6경주 쌍승 껍데기 배당 3조합 제외(값: [300.2])
[각질편성] 호후 6경주: 선행5·선입0·추입2 → ⚡ 빠른 페이스
[경륜전개] 호후 6경주: 보통 · 라인 5개 · 페어 [[5, 1], [4, 2]]
[복승불일치 축교정] 호후 6경주: 축 [1, 5]로 교정(자금이탈 강등 [7]·🔴)
[경륜 추천 모순 수정] 고배당 강제조합 1건 메인→복병 이동(25배 상한)
[경륜 추천 개수] 7명 → 메인 3개(상한 3) · 복병 이동 1개
[자동분석·배경] 호후 6경주: 마감 33초 전 재분석(rec_history 누적·cycle)
[각질편성] 아오모리 4경주: 선행2·선입0·추입5 → 보통 페이스
[경륜전개] 아오모리 4경주: 슬로우(단독 선행) · 라인 2개 · 페어 [[2, 7], [4, 1]]
[복승불일치 축교정] 아오모리 4경주: 축 [1, 4]로 교정(자금이탈 강등 [7]·🔴🔴)
[각질편성] 호후 4경주: 선행2·선입0·추입5 → 보통 페이스
[경륜전개] 호후 4경주: 보통 · 라인 2개 · 페어 [[2, 7], [3, 4]]
[각질편성] 아오모리 5경주: 선행2·선입0·추입5 → 보통 페이스
[경륜전개] 아오모리 5경주: 보통 · 라인 2개 · 페어 [[3, 4], [5, 1]]
[복승불일치 축교정] 아오모리 5경주: 축 [1, 3]로 교정(자금이탈 강등 [6]·🔴)
[각질편성] 호후 5경주: 선행3·선입0·추입4 → ⚡ 빠른 페이스
[경륜전개] 호후 5경주: 보통 · 라인 3개 · 페어 [[5, 1], [4, 2], [3, 7]]
[각질편성] 아오모리 6경주: 선행4·선입0·추입3 → ⚡ 빠른 페이스
[경륜전개] 아오모리 6경주: 하이(주도권 경합) · 라인 4개 · 페어 [[1, 3], [7, 4], [6, 2]]
[placeholder 필터] 호후 6경주 쌍승 껍데기 배당 3조합 제외(값: [300.2])
[각질편성] 호후 6경주: 선행5·선입0·추입2 → ⚡ 빠른 페이스
[경륜전개] 호후 6경주: 보통 · 라인 5개 · 페어 [[5, 1], [4, 2]]
[복승불일치 축교정] 호후 6경주: 축 [1, 5]로 교정(자금이탈 강등 [7]·🔴)
[경륜 추천 모순 수정] 고배당 강제조합 1건 메인→복병 이동(25배 상한)
[경륜 추천 개수] 7명 → 메인 3개(상한 3) · 복병 이동 1개
[각질편성] 중경 2경주: 선행0·선입0·추입0 → 🐌 느린 페이스
[placeholder 필터] 호후 5경주 복승 껍데기 배당 9조합 제외(값: [100])
[각질편성] 호후 5경주: 선행3·선입0·추입4 → ⚡ 빠른 페이스
[경륜전개] 호후 5경주: 보통 · 라인 3개 · 페어 [[5, 1], [4, 2], [3, 7]]
[placeholder 필터] 호후 5경주 복승 껍데기 배당 9조합 제외(값: [100])
[각질편성] 중경 2경주: 선행0·선입0·추입0 → 🐌 느린 페이스
[각질편성] 호후 5경주: 선행3·선입0·추입4 → ⚡ 빠른 페이스
[경륜전개] 호후 5경주: 보통 · 라인 3개 · 페어 [[5, 1], [4, 2], [3, 7]]
[한국 전적] 중경 2경주: 11두 저장(PDF, 전적 11두)
[각질편성] 중경 2경주: 선행0·선입0·추입0 → 🐌 느린 페이스
[한국이력 검역] 거부 — 파일=부산 2R / 본문 raceKey=중경 2경주 (경마장 불일치)
[3종 수집] 호후 6경주: {'quinella': 21, 'exacta': 42, 'trio': 0, 'win': 0} (history 12)
[각질편성] 중경 2경주: 선행0·선입0·추입0 → 🐌 느린 페이스
[각질편성] 중경 2경주: 선행0·선입0·추입0 → 🐌 느린 페이스
[경륜 전적·자동] 아오모리 7경주: 7두 수집(競走得点·절대등급 A/B/C/D·라인[4, 5, 1, 6, 2, 3, 7]) → 통합등급 자동 반영
[3종 수집] 아오모리 7경주: {'quinella': 21, 'exacta': 42, 'trio': 0, 'win': 0} (history 1)
[3종 수집] 호후 6경주: {'quinella': 21, 'exacta': 42, 'trio': 0, 'win': 0} (history 12)
🔮 [예측] 아오모리 7경주: top3=[1, 2, 6] conf=4 · 1번이 선행형이지만 '자재(양각)'으로 선언하여 라인 내 다른 선행 의향
[각질편성] 아오모리 7경주: 선행5·선입0·추입2 → ⚡ 빠른 페이스
[경륜전개] 아오모리 7경주: 슬로우(단독 선행) · 라인 5개 · 페어 [[4, 5], [3, 7]]
[라인 페어 상한] 3+7 258.7배 > 특별상한 50.0배 → 💎 편입 제외(참고)
[단통 상한] 메인 2개 · 복병이동 1개
🔎 [결정론 검수] 아오모리 7경주: B라인누락
[자동분석·배경] 아오모리 7경주: 마감 570초 전 재분석(rec_history 누적·cycle)
[각질편성] 아오모리 7경주: 선행5·선입0·추입2 → ⚡ 빠른 페이스
[경륜전개] 아오모리 7경주: 슬로우(단독 선행) · 라인 5개 · 페어 [[4, 5], [3, 7]]
[라인 페어 상한] 3+7 258.7배 > 특별상한 50.0배 → 💎 편입 제외(참고)
[단통 상한] 메인 2개 · 복병이동 1개
[혼입가드] 중경 2경주: 마감 후 다음경주 프레임 유입(발주시각 +9분) → 스냅샷 격리(이력·배당·발주시각 전부 기존 유지)
[혼입가드] 중경 2경주: 마감 후 다음경주 프레임 유입(발주시각 +9분) → 스냅샷 격리(이력·배당·발주시각 전부 기존 유지)
[혼입가드] 중경 2경주: 마감 후 다음경주 프레임 유입(발주시각 +9분) → 스냅샷 격리(이력·배당·발주시각 전부 기존 유지)
[placeholder 필터] 호후 5경주 복승 껍데기 배당 9조합 제외(값: [100])
[placeholder 필터] 호후 5경주 복승 껍데기 배당 9조합 제외(값: [100])
[각질편성] 중경 2경주: 선행0·선입0·추입0 → 🐌 느린 페이스
[각질편성] 호후 5경주: 선행3·선입0·추입4 → ⚡ 빠른 페이스
[각질편성] 아오모리 4경주: 선행2·선입0·추입5 → 보통 페이스
[각질편성] 호후 5경주: 선행3·선입0·추입4 → ⚡ 빠른 페이스
[경륜전개] 호후 5경주: 보통 · 라인 3개 · 페어 [[5, 1], [4, 2], [3, 7]]
[경륜전개] 호후 5경주: 보통 · 라인 3개 · 페어 [[5, 1], [4, 2], [3, 7]][경륜전개] 아오모리 4경주: 슬로우(단독 선행) · 라인 2개 · 페어 [[2, 7], [4, 1]]

[복승불일치 축교정] 아오모리 4경주: 축 [1, 4]로 교정(자금이탈 강등 [7]·🔴🔴)
[한국 전적] 중경 2경주: 11두 저장(PDF, 전적 11두)
[각질편성] 중경 2경주: 선행0·선입0·추입0 → 🐌 느린 페이스
[결과기록] 캐시 갱신 — 재파싱 2건 / 전체 1656건
[각질편성] 호후 4경주: 선행2·선입0·추입5 → 보통 페이스
[경륜전개] 호후 4경주: 보통 · 라인 2개 · 페어 [[2, 7], [3, 4]]
[각질편성] 아오모리 5경주: 선행2·선입0·추입5 → 보통 페이스
[경륜전개] 아오모리 5경주: 보통 · 라인 2개 · 페어 [[3, 4], [5, 1]]
[복승불일치 축교정] 아오모리 5경주: 축 [1, 3]로 교정(자금이탈 강등 [6]·🔴)
[각질편성] 호후 5경주: 선행3·선입0·추입4 → ⚡ 빠른 페이스
[경륜전개] 호후 5경주: 보통 · 라인 3개 · 페어 [[5, 1], [4, 2], [3, 7]]
[한국이력 검역] 거부 — 파일=부산 2R / 본문 raceKey=중경 2경주 (경마장 불일치)
[각질편성] 아오모리 6경주: 선행4·선입0·추입3 → ⚡ 빠른 페이스
[경륜전개] 아오모리 6경주: 하이(주도권 경합) · 라인 4개 · 페어 [[1, 3], [7, 4], [6, 2]]
[placeholder 필터] 호후 6경주 쌍승 껍데기 배당 3조합 제외(값: [300.2])
[각질편성] 호후 6경주: 선행5·선입0·추입2 → ⚡ 빠른 페이스
[경륜전개] 호후 6경주: 보통 · 라인 5개 · 페어 [[5, 1], [4, 2]]
[각질편성] 아오모리 7경주: 선행5·선입0·추입2 → ⚡ 빠른 페이스
[경륜전개] 아오모리 7경주: 슬로우(단독 선행) · 라인 5개 · 페어 [[4, 5], [3, 7]]
[라인 페어 상한] 3+7 258.7배 > 특별상한 50.0배 → 💎 편입 제외(참고)
[단통 상한] 메인 2개 · 복병이동 1개
[각질편성] 중경 2경주: 선행0·선입0·추입0 → 🐌 느린 페이스
[3종 수집] 아오모리 7경주: {'quinella': 21, 'exacta': 42, 'trio': 0, 'win': 0} (history 2)
[3종 수집] 호후 6경주: {'quinella': 21, 'exacta': 42, 'trio': 0, 'win': 0} (history 12)
[각질편성] 아오모리 7경주: 선행5·선입0·추입2 → ⚡ 빠른 페이스
[경륜전개] 아오모리 7경주: 슬로우(단독 선행) · 라인 5개 · 페어 [[4, 5], [3, 7]]
[라인 페어 상한] 3+7 291.5배 > 특별상한 50.0배 → 💎 편입 제외(참고)
[단통 상한] 메인 2개 · 복병이동 1개
[자동분석·배경] 아오모리 7경주: 마감 534초 전 재분석(rec_history 누적·cycle)
[placeholder 필터] 호후 6경주 쌍승 껍데기 배당 3조합 제외(값: [300.2])
[각질편성] 호후 6경주: 선행5·선입0·추입2 → ⚡ 빠른 페이스
[경륜전개] 호후 6경주: 보통 · 라인 5개 · 페어 [[5, 1], [4, 2]]
[카톡 변경알림] 호후 6경주 발송: 복승 제외: 5+7
[3종 수집] 아오모리 7경주: {'quinella': 21, 'exacta': 42, 'trio': 0, 'win': 0} (history 3)
[3종 수집] 호후 6경주: {'quinella': 21, 'exacta': 42, 'trio': 0, 'win': 0} (history 12)
[placeholder 필터] 아오모리 7경주 쌍승 껍데기 배당 3조합 제외(값: [230.1])
[각질편성] 아오모리 7경주: 선행5·선입0·추입2 → ⚡ 빠른 페이스
[경륜전개] 아오모리 7경주: 슬로우(단독 선행) · 라인 5개 · 페어 [[4, 5], [3, 7]]
[라인 페어 상한] 3+7 291.5배 > 특별상한 50.0배 → 💎 편입 제외(참고)
[단통 상한] 메인 2개 · 복병이동 1개
[자동분석·배경] 아오모리 7경주: 마감 501초 전 재분석(rec_history 누적·cycle)
[placeholder 필터] 호후 5경주 복승 껍데기 배당 9조합 제외(값: [100])
[각질편성] 호후 5경주: 선행3·선입0·추입4 → ⚡ 빠른 페이스
[경륜전개] 호후 5경주: 보통 · 라인 3개 · 페어 [[5, 1], [4, 2], [3, 7]]
[각질편성] 중경 2경주: 선행0·선입0·추입0 → 🐌 느린 페이스
[placeholder 필터] 호후 5경주 복승 껍데기 배당 9조합 제외(값: [100])
[각질편성] 호후 5경주: 선행3·선입0·추입4 → ⚡ 빠른 페이스
[경륜전개] 호후 5경주: 보통 · 라인 3개 · 페어 [[5, 1], [4, 2], [3, 7]]
[각질편성] 아오모리 4경주: 선행2·선입0·추입5 → 보통 페이스
[경륜전개] 아오모리 4경주: 슬로우(단독 선행) · 라인 2개 · 페어 [[2, 7], [4, 1]]
[복승불일치 축교정] 아오모리 4경주: 축 [1, 4]로 교정(자금이탈 강등 [7]·🔴🔴)
[한국 전적] 중경 2경주: 11두 저장(PDF, 전적 11두)
[각질편성] 중경 2경주: 선행0·선입0·추입0 → 🐌 느린 페이스
[각질편성] 호후 4경주: 선행2·선입0·추입5 → 보통 페이스
[경륜전개] 호후 4경주: 보통 · 라인 2개 · 페어 [[2, 7], [3, 4]]
[결과기록] 캐시 갱신 — 재파싱 1건 / 전체 1656건
[각질편성] 아오모리 5경주: 선행2·선입0·추입5 → 보통 페이스
[경륜전개] 아오모리 5경주: 보통 · 라인 2개 · 페어 [[3, 4], [5, 1]]
[복승불일치 축교정] 아오모리 5경주: 축 [1, 3]로 교정(자금이탈 강등 [6]·🔴)
[각질편성] 호후 5경주: 선행3·선입0·추입4 → ⚡ 빠른 페이스
[경륜전개] 호후 5경주: 보통 · 라인 3개 · 페어 [[5, 1], [4, 2], [3, 7]]
[한국이력 검역] 거부 — 파일=부산 2R / 본문 raceKey=중경 2경주 (경마장 불일치)
[각질편성] 아오모리 6경주: 선행4·선입0·추입3 → ⚡ 빠른 페이스
[경륜전개] 아오모리 6경주: 하이(주도권 경합) · 라인 4개 · 페어 [[1, 3], [7, 4], [6, 2]]
[placeholder 필터] 호후 6경주 쌍승 껍데기 배당 3조합 제외(값: [300.2])
[각질편성] 호후 6경주: 선행5·선입0·추입2 → ⚡ 빠른 페이스
[경륜전개] 호후 6경주: 보통 · 라인 5개 · 페어 [[5, 1], [4, 2]]
[placeholder 필터] 아오모리 7경주 쌍승 껍데기 배당 3조합 제외(값: [230.1])
[각질편성] 아오모리 7경주: 선행5·선입0·추입2 → ⚡ 빠른 페이스
[경륜전개] 아오모리 7경주: 슬로우(단독 선행) · 라인 5개 · 페어 [[4, 5], [3, 7]]
[라인 페어 상한] 3+7 291.5배 > 특별상한 50.0배 → 💎 편입 제외(참고)
[단통 상한] 메인 2개 · 복병이동 1개
[각질편성] 중경 2경주: 선행0·선입0·추입0 → 🐌 느린 페이스
[KRA 자동수집] 부산 2경주 1600M 자동해제(연속 실패 20회: 데이터 없음(발매 전·비경주일 가능)) — 할당량 보호
[활성정리] 끝난 경주 1건 제거(히스토리 보존): 아오모리 5경주
[3종 수집] 아오모리 7경주: {'quinella': 21, 'exacta': 42, 'trio': 0, 'win': 0} (history 4)
[placeholder 필터] 아오모리 7경주 쌍승 껍데기 배당 3조합 제외(값: [230.1])
[각질편성] 아오모리 7경주: 선행5·선입0·추입2 → ⚡ 빠른 페이스
[경륜전개] 아오모리 7경주: 슬로우(단독 선행) · 라인 5개 · 페어 [[4, 5], [3, 7]]
[라인 페어 상한] 3+7 291.5배 > 특별상한 50.0배 → 💎 편입 제외(참고)
[단통 상한] 메인 2개 · 복병이동 1개
[자동분석·배경] 아오모리 7경주: 마감 468초 전 재분석(rec_history 누적·cycle)
[3종 수집] 아오모리 7경주: {'quinella': 21, 'exacta': 42, 'trio': 0, 'win': 0} (history 5)
[placeholder 필터] 아오모리 7경주 쌍승 껍데기 배당 3조합 제외(값: [230.1])
[각질편성] 아오모리 7경주: 선행5·선입0·추입2 → ⚡ 빠른 페이스
[경륜전개] 아오모리 7경주: 슬로우(단독 선행) · 라인 5개 · 페어 [[4, 5], [3, 7]]
[라인 페어 상한] 3+7 299.6배 > 특별상한 50.0배 → 💎 편입 제외(참고)
[단통 상한] 메인 2개 · 복병이동 1개
[자동분석·배경] 아오모리 7경주: 마감 436초 전 재분석(rec_history 누적·cycle)
[placeholder 필터] 호후 6경주 쌍승 껍데기 배당 3조합 제외(값: [300.2])
[각질편성] 호후 6경주: 선행5·선입0·추입2 → ⚡ 빠른 페이스
[경륜전개] 호후 6경주: 보통 · 라인 5개 · 페어 [[5, 1], [4, 2]]
[placeholder 필터] 아오모리 7경주 쌍승 껍데기 배당 3조합 제외(값: [230.1])
[각질편성] 아오모리 7경주: 선행5·선입0·추입2 → ⚡ 빠른 페이스
[경륜전개] 아오모리 7경주: 슬로우(단독 선행) · 라인 5개 · 페어 [[4, 5], [3, 7]]
[라인 페어 상한] 3+7 299.6배 > 특별상한 50.0배 → 💎 편입 제외(참고)
[단통 상한] 메인 2개 · 복병이동 1개
[카카오알림] 아오모리 7경주 T-7 → 큐 적재
[placeholder 필터] 호후 5경주 복승 껍데기 배당 9조합 제외(값: [100])
[각질편성] 호후 5경주: 선행3·선입0·추입4 → ⚡ 빠른 페이스
[경륜전개] 호후 5경주: 보통 · 라인 3개 · 페어 [[5, 1], [4, 2], [3, 7]]
[각질편성] 중경 2경주: 선행0·선입0·추입0 → 🐌 느린 페이스
[placeholder 필터] 호후 5경주 복승 껍데기 배당 9조합 제외(값: [100])
[각질편성] 호후 5경주: 선행3·선입0·추입4 → ⚡ 빠른 페이스
[경륜전개] 호후 5경주: 보통 · 라인 3개 · 페어 [[5, 1], [4, 2], [3, 7]]
[각질편성] 아오모리 4경주: 선행2·선입0·추입5 → 보통 페이스
[경륜전개] 아오모리 4경주: 슬로우(단독 선행) · 라인 2개 · 페어 [[2, 7], [4, 1]]
[복승불일치 축교정] 아오모리 4경주: 축 [1, 4]로 교정(자금이탈 강등 [7]·🔴🔴)
[한국 전적] 중경 2경주: 11두 저장(PDF, 전적 11두)
[각질편성] 중경 2경주: 선행0·선입0·추입0 → 🐌 느린 페이스
[각질편성] 호후 4경주: 선행2·선입0·추입5 → 보통 페이스
[경륜전개] 호후 4경주: 보통 · 라인 2개 · 페어 [[2, 7], [3, 4]]
[결과기록] 캐시 갱신 — 재파싱 1건 / 전체 1656건
[각질편성] 아오모리 5경주: 선행2·선입0·추입5 → 보통 페이스
[경륜전개] 아오모리 5경주: 보통 · 라인 2개 · 페어 [[3, 4], [5, 1]]
[복승불일치 축교정] 아오모리 5경주: 축 [1, 3]로 교정(자금이탈 강등 [6]·🔴)
[각질편성] 호후 5경주: 선행3·선입0·추입4 → ⚡ 빠른 페이스
[경륜전개] 호후 5경주: 보통 · 라인 3개 · 페어 [[5, 1], [4, 2], [3, 7]]
[한국이력 검역] 거부 — 파일=부산 2R / 본문 raceKey=중경 2경주 (경마장 불일치)
[각질편성] 아오모리 6경주: 선행4·선입0·추입3 → ⚡ 빠른 페이스
[경륜전개] 아오모리 6경주: 하이(주도권 경합) · 라인 4개 · 페어 [[1, 3], [7, 4], [6, 2]]
[placeholder 필터] 호후 6경주 쌍승 껍데기 배당 3조합 제외(값: [300.2])
[각질편성] 호후 6경주: 선행5·선입0·추입2 → ⚡ 빠른 페이스
[경륜전개] 호후 6경주: 보통 · 라인 5개 · 페어 [[5, 1], [4, 2]]
[placeholder 필터] 아오모리 7경주 쌍승 껍데기 배당 3조합 제외(값: [230.1])
[각질편성] 아오모리 7경주: 선행5·선입0·추입2 → ⚡ 빠른 페이스
[경륜전개] 아오모리 7경주: 슬로우(단독 선행) · 라인 5개 · 페어 [[4, 5], [3, 7]]
[라인 페어 상한] 3+7 299.6배 > 특별상한 50.0배 → 💎 편입 제외(참고)
[단통 상한] 메인 2개 · 복병이동 1개
[각질편성] 중경 2경주: 선행0·선입0·추입0 → 🐌 느린 페이스
[3종 수집] 아오모리 7경주: {'quinella': 21, 'exacta': 42, 'trio': 0, 'win': 0} (history 6)
[각질편성] 아오모리 7경주: 선행5·선입0·추입2 → ⚡ 빠른 페이스
[경륜전개] 아오모리 7경주: 슬로우(단독 선행) · 라인 5개 · 페어 [[4, 5], [3, 7]]
[라인 페어 상한] 3+7 289.4배 > 특별상한 50.0배 → 💎 편입 제외(참고)
[단통 상한] 메인 2개 · 복병이동 1개
[자동분석·배경] 아오모리 7경주: 마감 404초 전 재분석(rec_history 누적·cycle)
[placeholder 필터] 호후 5경주 복승 껍데기 배당 9조합 제외(값: [100])
[각질편성] 호후 5경주: 선행3·선입0·추입4 → ⚡ 빠른 페이스
[경륜전개] 호후 5경주: 보통 · 라인 3개 · 페어 [[5, 1], [4, 2], [3, 7]]
[placeholder 필터] 호후 5경주 복승 껍데기 배당 9조합 제외(값: [100])
[각질편성] 중경 2경주: 선행0·선입0·추입0 → 🐌 느린 페이스
[각질편성] 호후 5경주: 선행3·선입0·추입4 → ⚡ 빠른 페이스
[각질편성] 아오모리 4경주: 선행2·선입0·추입5 → 보통 페이스
[경륜전개] 호후 5경주: 보통 · 라인 3개 · 페어 [[5, 1], [4, 2], [3, 7]]
[경륜전개] 아오모리 4경주: 슬로우(단독 선행) · 라인 2개 · 페어 [[2, 7], [4, 1]]
[복승불일치 축교정] 아오모리 4경주: 축 [1, 4]로 교정(자금이탈 강등 [7]·🔴🔴)
[한국 전적] 중경 2경주: 11두 저장(PDF, 전적 11두)
[각질편성] 호후 4경주: 선행2·선입0·추입5 → 보통 페이스
[경륜전개] 호후 4경주: 보통 · 라인 2개 · 페어 [[2, 7], [3, 4]]
[각질편성] 중경 2경주: 선행0·선입0·추입0 → 🐌 느린 페이스
[각질편성] 아오모리 5경주: 선행2·선입0·추입5 → 보통 페이스
[경륜전개] 아오모리 5경주: 보통 · 라인 2개 · 페어 [[3, 4], [5, 1]]
[복승불일치 축교정] 아오모리 5경주: 축 [1, 3]로 교정(자금이탈 강등 [6]·🔴)
[3종 수집] 아오모리 7경주: {'quinella': 21, 'exacta': 42, 'trio': 0, 'win': 0} (history 7)
[각질편성] 아오모리 7경주: 선행5·선입0·추입2 → ⚡ 빠른 페이스
[경륜전개] 아오모리 7경주: 슬로우(단독 선행) · 라인 5개 · 페어 [[4, 5], [3, 7]]
[라인 페어 상한] 3+7 289.4배 > 특별상한 50.0배 → 💎 편입 제외(참고)
[단통 상한] 메인 2개 · 복병이동 1개
[자동분석·배경] 아오모리 7경주: 마감 372초 전 재분석(rec_history 누적·cycle)
[결과기록] 캐시 갱신 — 재파싱 1건 / 전체 1656건
[각질편성] 호후 5경주: 선행3·선입0·추입4 → ⚡ 빠른 페이스
[경륜전개] 호후 5경주: 보통 · 라인 3개 · 페어 [[5, 1], [4, 2], [3, 7]]
[각질편성] 아오모리 6경주: 선행4·선입0·추입3 → ⚡ 빠른 페이스
[경륜전개] 아오모리 6경주: 하이(주도권 경합) · 라인 4개 · 페어 [[1, 3], [7, 4], [6, 2]]
[한국이력 검역] 거부 — 파일=부산 2R / 본문 raceKey=중경 2경주 (경마장 불일치)
[placeholder 필터] 호후 6경주 쌍승 껍데기 배당 3조합 제외(값: [300.2])
[각질편성] 호후 6경주: 선행5·선입0·추입2 → ⚡ 빠른 페이스
[경륜전개] 호후 6경주: 보통 · 라인 5개 · 페어 [[5, 1], [4, 2]]
[각질편성] 아오모리 7경주: 선행5·선입0·추입2 → ⚡ 빠른 페이스
[경륜전개] 아오모리 7경주: 슬로우(단독 선행) · 라인 5개 · 페어 [[4, 5], [3, 7]]
[라인 페어 상한] 3+7 289.4배 > 특별상한 50.0배 → 💎 편입 제외(참고)
[단통 상한] 메인 2개 · 복병이동 1개
[각질편성] 중경 2경주: 선행0·선입0·추입0 → 🐌 느린 페이스
[다중경주] 하트비트 #131 · 스케줄 ymd=20260801 (-1초 전 갱신 · 트랙 12개)
[3종 수집] 아오모리 7경주: {'quinella': 21, 'exacta': 42, 'trio': 0, 'win': 0} (history 8)
[각질편성] 아오모리 7경주: 선행5·선입0·추입2 → ⚡ 빠른 페이스
[경륜전개] 아오모리 7경주: 슬로우(단독 선행) · 라인 5개 · 페어 [[4, 5], [3, 7]]
[라인 페어 상한] 3+7 289.4배 > 특별상한 50.0배 → 💎 편입 제외(참고)
[단통 상한] 메인 2개 · 복병이동 1개
[자동분석·배경] 아오모리 7경주: 마감 340초 전 재분석(rec_history 누적·cycle)
[placeholder 필터] 호후 5경주 복승 껍데기 배당 9조합 제외(값: [100])
[각질편성] 호후 5경주: 선행3·선입0·추입4 → ⚡ 빠른 페이스
[경륜전개] 호후 5경주: 보통 · 라인 3개 · 페어 [[5, 1], [4, 2], [3, 7]]
[placeholder 필터] 호후 5경주 복승 껍데기 배당 9조합 제외(값: [100])
[각질편성] 중경 2경주: 선행0·선입0·추입0 → 🐌 느린 페이스
[각질편성] 호후 5경주: 선행3·선입0·추입4 → ⚡ 빠른 페이스
[경륜전개] 호후 5경주: 보통 · 라인 3개 · 페어 [[5, 1], [4, 2], [3, 7]]
[각질편성] 아오모리 4경주: 선행2·선입0·추입5 → 보통 페이스
[경륜전개] 아오모리 4경주: 슬로우(단독 선행) · 라인 2개 · 페어 [[2, 7], [4, 1]]
[복승불일치 축교정] 아오모리 4경주: 축 [1, 4]로 교정(자금이탈 강등 [7]·🔴🔴)
[한국 전적] 중경 2경주: 11두 저장(PDF, 전적 11두)
[각질편성] 호후 4경주: 선행2·선입0·추입5 → 보통 페이스
[경륜전개] 호후 4경주: 보통 · 라인 2개 · 페어 [[2, 7], [3, 4]]
[각질편성] 중경 2경주: 선행0·선입0·추입0 → 🐌 느린 페이스
[각질편성] 아오모리 5경주: 선행2·선입0·추입5 → 보통 페이스
[경륜전개] 아오모리 5경주: 보통 · 라인 2개 · 페어 [[3, 4], [5, 1]]
[복승불일치 축교정] 아오모리 5경주: 축 [1, 3]로 교정(자금이탈 강등 [6]·🔴)
[결과기록] 캐시 갱신 — 재파싱 1건 / 전체 1656건
[각질편성] 호후 5경주: 선행3·선입0·추입4 → ⚡ 빠른 페이스
[경륜전개] 호후 5경주: 보통 · 라인 3개 · 페어 [[5, 1], [4, 2], [3, 7]]
[각질편성] 아오모리 6경주: 선행4·선입0·추입3 → ⚡ 빠른 페이스
[경륜전개] 아오모리 6경주: 하이(주도권 경합) · 라인 4개 · 페어 [[1, 3], [7, 4], [6, 2]]
[placeholder 필터] 호후 6경주 쌍승 껍데기 배당 3조합 제외(값: [300.2])
[각질편성] 호후 6경주: 선행5·선입0·추입2 → ⚡ 빠른 페이스
[경륜전개] 호후 6경주: 보통 · 라인 5개 · 페어 [[5, 1], [4, 2]]
[각질편성] 아오모리 7경주: 선행5·선입0·추입2 → ⚡ 빠른 페이스
[경륜전개] 아오모리 7경주: 슬로우(단독 선행) · 라인 5개 · 페어 [[4, 5], [3, 7]]
[한국이력 검역] 거부 — 파일=부산 2R / 본문 raceKey=중경 2경주 (경마장 불일치)
[라인 페어 상한] 3+7 289.4배 > 특별상한 50.0배 → 💎 편입 제외(참고)
[단통 상한] 메인 2개 · 복병이동 1개
[각질편성] 중경 2경주: 선행0·선입0·추입0 → 🐌 느린 페이스
[3종 수집] 아오모리 7경주: {'quinella': 21, 'exacta': 42, 'trio': 0, 'win': 0} (history 9)
[각질편성] 아오모리 7경주: 선행5·선입0·추입2 → ⚡ 빠른 페이스
[경륜전개] 아오모리 7경주: 슬로우(단독 선행) · 라인 5개 · 페어 [[4, 5], [3, 7]]
[라인 페어 상한] 3+7 292.6배 > 특별상한 50.0배 → 💎 편입 제외(참고)
[단통 상한] 메인 2개 · 복병이동 1개
[자동분석·배경] 아오모리 7경주: 마감 307초 전 재분석(rec_history 누적·cycle)
[각질편성] 아오모리 7경주: 선행5·선입0·추입2 → ⚡ 빠른 페이스
[경륜전개] 아오모리 7경주: 슬로우(단독 선행) · 라인 5개 · 페어 [[4, 5], [3, 7]]
[라인 페어 상한] 3+7 292.6배 > 특별상한 50.0배 → 💎 편입 제외(참고)
[단통 상한] 메인 2개 · 복병이동 1개
[카카오알림] 아오모리 7경주 T-5 → 큐 적재
[3종 수집] 아오모리 7경주: {'quinella': 21, 'exacta': 42, 'trio': 0, 'win': 0} (history 10)
[각질편성] 아오모리 7경주: 선행5·선입0·추입2 → ⚡ 빠른 페이스
[경륜전개] 아오모리 7경주: 슬로우(단독 선행) · 라인 5개 · 페어 [[4, 5], [3, 7]]
[라인 페어 상한] 3+7 330.6배 > 특별상한 50.0배 → 💎 편입 제외(참고)
[단통 상한] 메인 1개 · 복병이동 1개
[자동예상] 아오모리 7경주 최종예상 저장(2026_08_01_아오모리_7경주.json)
[각질편성] 아오모리 7경주: 선행5·선입0·추입2 → ⚡ 빠른 페이스
[경륜전개] 아오모리 7경주: 슬로우(단독 선행) · 라인 5개 · 페어 [[4, 5], [3, 7]]
[라인 페어 상한] 3+7 330.6배 > 특별상한 50.0배 → 💎 편입 제외(참고)
[단통 상한] 메인 1개 · 복병이동 1개
[자동분석·배경] 아오모리 7경주: 마감 275초 전 재분석(rec_history 누적·cycle)
[카톡 변경알림·즉시] 아오모리 7경주 (남은 275s): 삼복승 제외: 1+2+3 · 1+2+4
[placeholder 필터] 호후 5경주 복승 껍데기 배당 9조합 제외(값: [100])
[각질편성] 호후 5경주: 선행3·선입0·추입4 → ⚡ 빠른 페이스
[경륜전개] 호후 5경주: 보통 · 라인 3개 · 페어 [[5, 1], [4, 2], [3, 7]]
[각질편성] 중경 2경주: 선행0·선입0·추입0 → 🐌 느린 페이스
[placeholder 필터] 호후 5경주 복승 껍데기 배당 9조합 제외(값: [100])
[각질편성] 아오모리 4경주: 선행2·선입0·추입5 → 보통 페이스
[각질편성] 호후 5경주: 선행3·선입0·추입4 → ⚡ 빠른 페이스
[경륜전개] 호후 5경주: 보통 · 라인 3개 · 페어 [[5, 1], [4, 2], [3, 7]]
[경륜전개] 아오모리 4경주: 슬로우(단독 선행) · 라인 2개 · 페어 [[2, 7], [4, 1]]
[복승불일치 축교정] 아오모리 4경주: 축 [1, 4]로 교정(자금이탈 강등 [7]·🔴🔴)
[한국 전적] 중경 2경주: 11두 저장(PDF, 전적 11두)
[각질편성] 중경 2경주: 선행0·선입0·추입0 → 🐌 느린 페이스
[각질편성] 아오모리 5경주: 선행2·선입0·추입5 → 보통 페이스
[경륜전개] 아오모리 5경주: 보통 · 라인 2개 · 페어 [[3, 4], [5, 1]]
[복승불일치 축교정] 아오모리 5경주: 축 [1, 3]로 교정(자금이탈 강등 [6]·🔴)
[각질편성] 호후 5경주: 선행3·선입0·추입4 → ⚡ 빠른 페이스
[경륜전개] 호후 5경주: 보통 · 라인 3개 · 페어 [[5, 1], [4, 2], [3, 7]]
[결과기록] 캐시 갱신 — 재파싱 1건 / 전체 1656건
[각질편성] 아오모리 6경주: 선행4·선입0·추입3 → ⚡ 빠른 페이스
[경륜전개] 아오모리 6경주: 하이(주도권 경합) · 라인 4개 · 페어 [[1, 3], [7, 4], [6, 2]]
[placeholder 필터] 호후 6경주 쌍승 껍데기 배당 3조합 제외(값: [300.2])
[각질편성] 호후 6경주: 선행5·선입0·추입2 → ⚡ 빠른 페이스
[경륜전개] 호후 6경주: 보통 · 라인 5개 · 페어 [[5, 1], [4, 2]]
[각질편성] 아오모리 7경주: 선행5·선입0·추입2 → ⚡ 빠른 페이스
[경륜전개] 아오모리 7경주: 슬로우(단독 선행) · 라인 5개 · 페어 [[4, 5], [3, 7]]
[한국이력 검역] 거부 — 파일=부산 2R / 본문 raceKey=중경 2경주 (경마장 불일치)
[라인 페어 상한] 3+7 330.6배 > 특별상한 50.0배 → 💎 편입 제외(참고)
[단통 상한] 메인 1개 · 복병이동 1개
[각질편성] 중경 2경주: 선행0·선입0·추입0 → 🐌 느린 페이스
[3종 수집] 아오모리 7경주: {'quinella': 21, 'exacta': 42, 'trio': 0, 'win': 0} (history 11)
[각질편성] 아오모리 7경주: 선행5·선입0·추입2 → ⚡ 빠른 페이스
[경륜전개] 아오모리 7경주: 슬로우(단독 선행) · 라인 5개 · 페어 [[4, 5], [3, 7]]
[라인 페어 상한] 3+7 330.6배 > 특별상한 50.0배 → 💎 편입 제외(참고)
[단통 상한] 메인 2개 · 복병이동 1개
[자동분석·배경] 아오모리 7경주: 마감 242초 전 재분석(rec_history 누적·cycle)
[3종 수집] 아오모리 7경주: {'quinella': 21, 'exacta': 42, 'trio': 0, 'win': 0} (history 12)
[각질편성] 아오모리 7경주: 선행5·선입0·추입2 → ⚡ 빠른 페이스
[경륜전개] 아오모리 7경주: 슬로우(단독 선행) · 라인 5개 · 페어 [[4, 5], [3, 7]]
[경륜 추천 모순 수정] 고배당 강제조합 1건 메인→복병 이동(25배 상한)
[라인 페어 상한] 3+7 477.9배 > 특별상한 50.0배 → 💎 편입 제외(참고)
[단통 상한] 메인 1개 · 복병이동 0개
[자동분석·배경] 아오모리 7경주: 마감 210초 전 재분석(rec_history 누적·cycle)
[placeholder 필터] 호후 5경주 복승 껍데기 배당 9조합 제외(값: [100])
[각질편성] 호후 5경주: 선행3·선입0·추입4 → ⚡ 빠른 페이스
[경륜전개] 호후 5경주: 보통 · 라인 3개 · 페어 [[5, 1], [4, 2], [3, 7]]
[placeholder 필터] 호후 5경주 복승 껍데기 배당 9조합 제외(값: [100])
[각질편성] 중경 2경주: 선행0·선입0·추입0 → 🐌 느린 페이스
[각질편성] 호후 5경주: 선행3·선입0·추입4 → ⚡ 빠른 페이스
[각질편성] 아오모리 4경주: 선행2·선입0·추입5 → 보통 페이스
[경륜전개] 호후 5경주: 보통 · 라인 3개 · 페어 [[5, 1], [4, 2], [3, 7]]
[경륜전개] 아오모리 4경주: 슬로우(단독 선행) · 라인 2개 · 페어 [[2, 7], [4, 1]]
[복승불일치 축교정] 아오모리 4경주: 축 [1, 4]로 교정(자금이탈 강등 [7]·🔴🔴)
[한국 전적] 중경 2경주: 11두 저장(PDF, 전적 11두)
[각질편성] 호후 4경주: 선행2·선입0·추입5 → 보통 페이스
[경륜전개] 호후 4경주: 보통 · 라인 2개 · 페어 [[2, 7], [3, 4]]
[각질편성] 중경 2경주: 선행0·선입0·추입0 → 🐌 느린 페이스
[각질편성] 아오모리 5경주: 선행2·선입0·추입5 → 보통 페이스
[경륜전개] 아오모리 5경주: 보통 · 라인 2개 · 페어 [[3, 4], [5, 1]]
[복승불일치 축교정] 아오모리 5경주: 축 [1, 3]로 교정(자금이탈 강등 [6]·🔴)
[각질편성] 호후 5경주: 선행3·선입0·추입4 → ⚡ 빠른 페이스
[경륜전개] 호후 5경주: 보통 · 라인 3개 · 페어 [[5, 1], [4, 2], [3, 7]]
[결과기록] 캐시 갱신 — 재파싱 1건 / 전체 1656건
[각질편성] 아오모리 6경주: 선행4·선입0·추입3 → ⚡ 빠른 페이스
[경륜전개] 아오모리 6경주: 하이(주도권 경합) · 라인 4개 · 페어 [[1, 3], [7, 4], [6, 2]]
[placeholder 필터] 호후 6경주 쌍승 껍데기 배당 3조합 제외(값: [300.2])
[각질편성] 호후 6경주: 선행5·선입0·추입2 → ⚡ 빠른 페이스
[경륜전개] 호후 6경주: 보통 · 라인 5개 · 페어 [[5, 1], [4, 2]]
[각질편성] 아오모리 7경주: 선행5·선입0·추입2 → ⚡ 빠른 페이스
[경륜전개] 아오모리 7경주: 슬로우(단독 선행) · 라인 5개 · 페어 [[4, 5], [3, 7]]
[한국이력 검역] 거부 — 파일=부산 2R / 본문 raceKey=중경 2경주 (경마장 불일치)
[경륜 추천 모순 수정] 고배당 강제조합 1건 메인→복병 이동(25배 상한)
[라인 페어 상한] 3+7 477.9배 > 특별상한 50.0배 → 💎 편입 제외(참고)
[단통 상한] 메인 1개 · 복병이동 0개
[각질편성] 중경 2경주: 선행0·선입0·추입0 → 🐌 느린 페이스
[3종 수집] 아오모리 7경주: {'quinella': 21, 'exacta': 42, 'trio': 0, 'win': 0} (history 12)
[각질편성] 아오모리 7경주: 선행5·선입0·추입2 → ⚡ 빠른 페이스
[경륜전개] 아오모리 7경주: 슬로우(단독 선행) · 라인 5개 · 페어 [[4, 5], [3, 7]]
[T-2분 왕축 동결] 아오모리 7경주: [5, 4] → [5, 4] 유지(cur_mb=2)
[경륜 추천 모순 수정] 고배당 강제조합 1건 메인→복병 이동(25배 상한)
[라인 페어 상한] 3+7 477.9배 > 특별상한 50.0배 → 💎 편입 제외(참고)
[단통 상한] 메인 2개 · 복병이동 1개
[자동분석·배경] 아오모리 7경주: 마감 178초 전 재분석(rec_history 누적·cycle)
[3종 수집] 삿포로 2경주: {'quinella': 25, 'exacta': 0, 'trio': 0, 'win': 0} (history 1)
[스냅샷] 저장: 2026_08_01_삿포로_2경주_T-2.png (630 KB · T-2)
[분석로그] 저장 실패: [WinError 32] 다른 프로세스가 파일을 사용 중이기 때문에 프로세스가 액세스 할 수 없습니다: 'C:\\Users\\Administrator\\Desktop\\경마분석서버\\data\\analysis_log\\2026_08_01_삿포로_2경주.json.tmp' -> 'C:\\Users\\Administrator\\Desktop\\경마분석서버\\data\\analysis_log\\2026_08_01_삿포로_2경주.json'
[3종 수집] 아오모리 7경주: {'quinella': 21, 'exacta': 42, 'trio': 0, 'win': 0} (history 12)
[placeholder 필터] 아오모리 7경주 쌍승 껍데기 배당 3조합 제외(값: [1660.9])
[각질편성] 아오모리 7경주: 선행5·선입0·추입2 → ⚡ 빠른 페이스
[경륜전개] 아오모리 7경주: 슬로우(단독 선행) · 라인 5개 · 페어 [[4, 5], [3, 7]]
[T-2분 왕축 동결] 아오모리 7경주: [5, 4] → [5, 4] 유지(cur_mb=2)
[경륜 추천 모순 수정] 고배당 강제조합 1건 메인→복병 이동(25배 상한)
[라인 페어 상한] 3+7 477.9배 > 특별상한 50.0배 → 💎 편입 제외(참고)
[단통 상한] 메인 2개 · 복병이동 1개
[자동분석·배경] 아오모리 7경주: 마감 146초 전 재분석(rec_history 누적·cycle)
[3종 수집] 삿포로 2경주: {'quinella': 25, 'exacta': 0, 'trio': 0, 'win': 0} (history 2)
[placeholder 필터] 호후 5경주 복승 껍데기 배당 9조합 제외(값: [100])
[각질편성] 호후 5경주: 선행3·선입0·추입4 → ⚡ 빠른 페이스
[경륜전개] 호후 5경주: 보통 · 라인 3개 · 페어 [[5, 1], [4, 2], [3, 7]]
[placeholder 필터] 호후 5경주 복승 껍데기 배당 9조합 제외(값: [100])
[각질편성] 호후 5경주: 선행3·선입0·추입4 → ⚡ 빠른 페이스
[경륜전개] 호후 5경주: 보통 · 라인 3개 · 페어 [[5, 1], [4, 2], [3, 7]]
[각질편성] 아오모리 4경주: 선행2·선입0·추입5 → 보통 페이스
[경륜전개] 아오모리 4경주: 슬로우(단독 선행) · 라인 2개 · 페어 [[2, 7], [4, 1]]
[복승불일치 축교정] 아오모리 4경주: 축 [1, 4]로 교정(자금이탈 강등 [7]·🔴🔴)
[한국 전적] 삿포로 2경주: 11두 저장(PDF, 전적 11두)
[잔존마 필터] 삿포로 2경주: 전적 11두 → 배당 출전마 8두 (배당 없는 마번 제외: [9, 10, 11])
[각질편성] 삿포로 2경주: 선행0·선입0·추입0 → 🐌 느린 페이스
[각질편성] 아오모리 5경주: 선행2·선입0·추입5 → 보통 페이스
[경륜전개] 아오모리 5경주: 보통 · 라인 2개 · 페어 [[3, 4], [5, 1]]
[복승불일치 축교정] 아오모리 5경주: 축 [1, 3]로 교정(자금이탈 강등 [6]·🔴)
[복병 이동 상한] 3+5 82.0배 > 특별상한 50.0배 → 💎 노출 제외(참고)
[복병 이동 상한] 3+6 107.9배 > 특별상한 50.0배 → 💎 노출 제외(참고)
[경륜 추천 모순 수정] 고배당 강제조합 2건 메인→복병 이동(25배 상한)
[각질편성] 호후 5경주: 선행3·선입0·추입4 → ⚡ 빠른 페이스
[경륜전개] 호후 5경주: 보통 · 라인 3개 · 페어 [[5, 1], [4, 2], [3, 7]]
[결과기록] 캐시 갱신 — 재파싱 2건 / 전체 1657건
[각질편성] 아오모리 6경주: 선행4·선입0·추입3 → ⚡ 빠른 페이스
[경륜전개] 아오모리 6경주: 하이(주도권 경합) · 라인 4개 · 페어 [[1, 3], [7, 4], [6, 2]]
[placeholder 필터] 호후 6경주 쌍승 껍데기 배당 3조합 제외(값: [300.2])
[각질편성] 호후 6경주: 선행5·선입0·추입2 → ⚡ 빠른 페이스
[경륜전개] 호후 6경주: 보통 · 라인 5개 · 페어 [[5, 1], [4, 2]]
[한국이력 검역] 거부 — 파일=부산 2R / 본문 raceKey=삿포로 2경주 (경마장 불일치)
[placeholder 필터] 아오모리 7경주 쌍승 껍데기 배당 3조합 제외(값: [1660.9])
[각질편성] 아오모리 7경주: 선행5·선입0·추입2 → ⚡ 빠른 페이스
[경륜전개] 아오모리 7경주: 슬로우(단독 선행) · 라인 5개 · 페어 [[4, 5], [3, 7]]
[T-2분 왕축 동결] 아오모리 7경주: [5, 4] → [5, 4] 유지(cur_mb=2)
[경륜 추천 모순 수정] 고배당 강제조합 1건 메인→복병 이동(25배 상한)
[라인 페어 상한] 3+7 477.9배 > 특별상한 50.0배 → 💎 편입 제외(참고)
[단통 상한] 메인 2개 · 복병이동 1개
[각질편성] 중경 2경주: 선행0·선입0·추입0 → 🐌 느린 페이스
[잔존마 필터] 삿포로 2경주: 전적 11두 → 배당 출전마 8두 (배당 없는 마번 제외: [9, 10, 11])
[각질편성] 삿포로 2경주: 선행0·선입0·추입0 → 🐌 느린 페이스
[복병 이동 상한] 3+5 82.0배 > 특별상한 50.0배 → 💎 노출 제외(참고)
[복병 이동 상한] 3+6 107.9배 > 특별상한 50.0배 → 💎 노출 제외(참고)
[경륜 추천 모순 수정] 고배당 강제조합 2건 메인→복병 이동(25배 상한)
[placeholder 필터] 호후 5경주 복승 껍데기 배당 9조합 제외(값: [100])
[잔존마 필터] 삿포로 2경주: 전적 11두 → 배당 출전마 8두 (배당 없는 마번 제외: [9, 10, 11])
[각질편성] 호후 5경주: 선행3·선입0·추입4 → ⚡ 빠른 페이스
[각질편성] 삿포로 2경주: 선행0·선입0·추입0 → 🐌 느린 페이스
[경륜전개] 호후 5경주: 보통 · 라인 3개 · 페어 [[5, 1], [4, 2], [3, 7]]
[복병 이동 상한] 3+5 82.0배 > 특별상한 50.0배 → 💎 노출 제외(참고)
[복병 이동 상한] 3+6 107.9배 > 특별상한 50.0배 → 💎 노출 제외(참고)
[경륜 추천 모순 수정] 고배당 강제조합 2건 메인→복병 이동(25배 상한)
[한국 전적] 삿포로 2경주: 11두 저장(PDF, 전적 11두)
[잔존마 필터] 삿포로 2경주: 전적 11두 → 배당 출전마 8두 (배당 없는 마번 제외: [9, 10, 11])
[각질편성] 삿포로 2경주: 선행0·선입0·추입0 → 🐌 느린 페이스
[복병 이동 상한] 3+5 82.0배 > 특별상한 50.0배 → 💎 노출 제외(참고)
[복병 이동 상한] 3+6 107.9배 > 특별상한 50.0배 → 💎 노출 제외(참고)
[경륜 추천 모순 수정] 고배당 강제조합 2건 메인→복병 이동(25배 상한)
[한국이력 검역] 거부 — 파일=부산 2R / 본문 raceKey=삿포로 2경주 (경마장 불일치)
[잔존마 필터] 삿포로 2경주: 전적 11두 → 배당 출전마 8두 (배당 없는 마번 제외: [9, 10, 11])
[각질편성] 삿포로 2경주: 선행0·선입0·추입0 → 🐌 느린 페이스
[복병 이동 상한] 3+5 82.0배 > 특별상한 50.0배 → 💎 노출 제외(참고)
[복병 이동 상한] 3+6 107.9배 > 특별상한 50.0배 → 💎 노출 제외(참고)
[경륜 추천 모순 수정] 고배당 강제조합 2건 메인→복병 이동(25배 상한)
[placeholder 필터] 호후 5경주 복승 껍데기 배당 9조합 제외(값: [100])
[각질편성] 호후 5경주: 선행3·선입0·추입4 → ⚡ 빠른 페이스
[경륜전개] 호후 5경주: 보통 · 라인 3개 · 페어 [[5, 1], [4, 2], [3, 7]]
[각질편성] 아오모리 4경주: 선행2·선입0·추입5 → 보통 페이스
[경륜전개] 아오모리 4경주: 슬로우(단독 선행) · 라인 2개 · 페어 [[2, 7], [4, 1]]
[복승불일치 축교정] 아오모리 4경주: 축 [1, 4]로 교정(자금이탈 강등 [7]·🔴🔴)
[각질편성] 호후 4경주: 선행2·선입0·추입5 → 보통 페이스
[경륜전개] 호후 4경주: 보통 · 라인 2개 · 페어 [[2, 7], [3, 4]]
[잔존마 필터] 삿포로 2경주: 전적 11두 → 배당 출전마 8두 (배당 없는 마번 제외: [9, 10, 11])
[각질편성] 삿포로 2경주: 선행0·선입0·추입0 → 🐌 느린 페이스
[잔존마 필터] 삿포로 2경주: 전적 11두 → 배당 출전마 8두 (배당 없는 마번 제외: [9, 10, 11])
[각질편성] 삿포로 2경주: 선행0·선입0·추입0 → 🐌 느린 페이스
[복병 이동 상한] 3+5 82.0배 > 특별상한 50.0배 → 💎 노출 제외(참고)
[복병 이동 상한] 3+6 107.9배 > 특별상한 50.0배 → 💎 노출 제외(참고)
[경륜 추천 모순 수정] 고배당 강제조합 2건 메인→복병 이동(25배 상한)
[복병 이동 상한] 3+5 82.0배 > 특별상한 50.0배 → 💎 노출 제외(참고)
[복병 이동 상한] 3+6 107.9배 > 특별상한 50.0배 → 💎 노출 제외(참고)
[경륜 추천 모순 수정] 고배당 강제조합 2건 메인→복병 이동(25배 상한)
[분석로그] 저장 실패: [WinError 32] 다른 프로세스가 파일을 사용 중이기 때문에 프로세스가 액세스 할 수 없습니다: 'C:\\Users\\Administrator\\Desktop\\경마분석서버\\data\\analysis_log\\2026_08_01_삿포로_2경주.json.tmp' -> 'C:\\Users\\Administrator\\Desktop\\경마분석서버\\data\\analysis_log\\2026_08_01_삿포로_2경주.json'
[3종 수집] 아오모리 7경주: {'quinella': 21, 'exacta': 42, 'trio': 0, 'win': 0} (history 12)
[placeholder 필터] 아오모리 7경주 쌍승 껍데기 배당 3조합 제외(값: [1703.0])
[각질편성] 아오모리 7경주: 선행5·선입0·추입2 → ⚡ 빠른 페이스
[경륜전개] 아오모리 7경주: 슬로우(단독 선행) · 라인 5개 · 페어 [[4, 5], [3, 7]]
[T-2분 왕축 동결] 아오모리 7경주: [5, 4] → [5, 4] 유지(cur_mb=1)
[경륜 추천 모순 수정] 고배당 강제조합 1건 메인→복병 이동(25배 상한)
[라인 페어 상한] 3+7 509.7배 > 특별상한 50.0배 → 💎 편입 제외(참고)
[단통 상한] 메인 1개 · 복병이동 1개
[자동분석·배경] 아오모리 7경주: 마감 114초 전 재분석(rec_history 누적·cycle)
[placeholder 필터] 호후 5경주 복승 껍데기 배당 9조합 제외(값: [100])
[각질편성] 호후 5경주: 선행3·선입0·추입4 → ⚡ 빠른 페이스
[경륜전개] 호후 5경주: 보통 · 라인 3개 · 페어 [[5, 1], [4, 2], [3, 7]]
[잔존마 필터] 삿포로 2경주: 전적 11두 → 배당 출전마 8두 (배당 없는 마번 제외: [9, 10, 11])
[각질편성] 삿포로 2경주: 선행0·선입0·추입0 → 🐌 느린 페이스
[복병 이동 상한] 3+5 82.0배 > 특별상한 50.0배 → 💎 노출 제외(참고)
[복병 이동 상한] 3+6 107.9배 > 특별상한 50.0배 → 💎 노출 제외(참고)
[경륜 추천 모순 수정] 고배당 강제조합 2건 메인→복병 이동(25배 상한)
[잔존마 필터] 삿포로 2경주: 전적 11두 → 배당 출전마 8두 (배당 없는 마번 제외: [9, 10, 11])
[각질편성] 삿포로 2경주: 선행0·선입0·추입0 → 🐌 느린 페이스
[복병 이동 상한] 3+5 82.0배 > 특별상한 50.0배 → 💎 노출 제외(참고)
[복병 이동 상한] 3+6 107.9배 > 특별상한 50.0배 → 💎 노출 제외(참고)
[경륜 추천 모순 수정] 고배당 강제조합 2건 메인→복병 이동(25배 상한)
[잔존마 필터] 삿포로 2경주: 전적 11두 → 배당 출전마 8두 (배당 없는 마번 제외: [9, 10, 11])
[각질편성] 삿포로 2경주: 선행0·선입0·추입0 → 🐌 느린 페이스
[placeholder 필터] 호후 5경주 복승 껍데기 배당 9조합 제외(값: [100])
[각질편성] 호후 5경주: 선행3·선입0·추입4 → ⚡ 빠른 페이스
[경륜전개] 호후 5경주: 보통 · 라인 3개 · 페어 [[5, 1], [4, 2], [3, 7]]
[복병 이동 상한] 3+5 82.0배 > 특별상한 50.0배 → 💎 노출 제외(참고)
[복병 이동 상한] 3+6 107.9배 > 특별상한 50.0배 → 💎 노출 제외(참고)
[경륜 추천 모순 수정] 고배당 강제조합 2건 메인→복병 이동(25배 상한)
[한국 전적] 삿포로 2경주: 11두 저장(PDF, 전적 11두)
[잔존마 필터] 삿포로 2경주: 전적 11두 → 배당 출전마 8두 (배당 없는 마번 제외: [9, 10, 11])
[각질편성] 삿포로 2경주: 선행0·선입0·추입0 → 🐌 느린 페이스
[복병 이동 상한] 3+5 82.0배 > 특별상한 50.0배 → 💎 노출 제외(참고)
[복병 이동 상한] 3+6 107.9배 > 특별상한 50.0배 → 💎 노출 제외(참고)
[경륜 추천 모순 수정] 고배당 강제조합 2건 메인→복병 이동(25배 상한)
[한국이력 검역] 거부 — 파일=부산 2R / 본문 raceKey=삿포로 2경주 (경마장 불일치)
[3종 수집] 삿포로 2경주: {'quinella': 25, 'exacta': 0, 'trio': 0, 'win': 0} (history 3)
[잔존마 필터] 삿포로 2경주: 전적 11두 → 배당 출전마 8두 (배당 없는 마번 제외: [9, 10, 11])
[각질편성] 삿포로 2경주: 선행0·선입0·추입0 → 🐌 느린 페이스
[복병 이동 상한] 3+5 82.0배 > 특별상한 50.0배 → 💎 노출 제외(참고)
[복병 이동 상한] 3+6 107.9배 > 특별상한 50.0배 → 💎 노출 제외(참고)
[경륜 추천 모순 수정] 고배당 강제조합 2건 메인→복병 이동(25배 상한)
[잔존마 필터] 삿포로 2경주: 전적 11두 → 배당 출전마 8두 (배당 없는 마번 제외: [9, 10, 11])
[각질편성] 삿포로 2경주: 선행0·선입0·추입0 → 🐌 느린 페이스
[복병 이동 상한] 3+5 82.0배 > 특별상한 50.0배 → 💎 노출 제외(참고)
[복병 이동 상한] 3+6 107.9배 > 특별상한 50.0배 → 💎 노출 제외(참고)
[경륜 추천 모순 수정] 고배당 강제조합 2건 메인→복병 이동(25배 상한)
[placeholder 필터] 호후 5경주 복승 껍데기 배당 9조합 제외(값: [100])
[각질편성] 호후 5경주: 선행3·선입0·추입4 → ⚡ 빠른 페이스
[경륜전개] 호후 5경주: 보통 · 라인 3개 · 페어 [[5, 1], [4, 2], [3, 7]]
[스냅샷] 저장: 2026_08_01_삿포로_2경주_마감후.png (672 KB · close)
[각질편성] 아오모리 4경주: 선행2·선입0·추입5 → 보통 페이스
[경륜전개] 아오모리 4경주: 슬로우(단독 선행) · 라인 2개 · 페어 [[2, 7], [4, 1]]
[복승불일치 축교정] 아오모리 4경주: 축 [1, 4]로 교정(자금이탈 강등 [7]·🔴🔴)
[각질편성] 호후 4경주: 선행2·선입0·추입5 → 보통 페이스
[경륜전개] 호후 4경주: 보통 · 라인 2개 · 페어 [[2, 7], [3, 4]]
[각질편성] 아오모리 5경주: 선행2·선입0·추입5 → 보통 페이스
[경륜전개] 아오모리 5경주: 보통 · 라인 2개 · 페어 [[3, 4], [5, 1]]
[복승불일치 축교정] 아오모리 5경주: 축 [1, 3]로 교정(자금이탈 강등 [6]·🔴)
[각질편성] 호후 5경주: 선행3·선입0·추입4 → ⚡ 빠른 페이스
[경륜전개] 호후 5경주: 보통 · 라인 3개 · 페어 [[5, 1], [4, 2], [3, 7]]
[각질편성] 아오모리 6경주: 선행4·선입0·추입3 → ⚡ 빠른 페이스
[경륜전개] 아오모리 6경주: 하이(주도권 경합) · 라인 4개 · 페어 [[1, 3], [7, 4], [6, 2]]
[placeholder 필터] 호후 6경주 쌍승 껍데기 배당 3조합 제외(값: [300.2])
[각질편성] 호후 6경주: 선행5·선입0·추입2 → ⚡ 빠른 페이스
[경륜전개] 호후 6경주: 보통 · 라인 5개 · 페어 [[5, 1], [4, 2]]
[placeholder 필터] 아오모리 7경주 쌍승 껍데기 배당 3조합 제외(값: [1703.0])
[각질편성] 아오모리 7경주: 선행5·선입0·추입2 → ⚡ 빠른 페이스
[경륜전개] 아오모리 7경주: 슬로우(단독 선행) · 라인 5개 · 페어 [[4, 5], [3, 7]]
[T-2분 왕축 동결] 아오모리 7경주: [5, 4] → [5, 4] 유지(cur_mb=1)
[경륜 추천 모순 수정] 고배당 강제조합 1건 메인→복병 이동(25배 상한)
[라인 페어 상한] 3+7 509.7배 > 특별상한 50.0배 → 💎 편입 제외(참고)
[단통 상한] 메인 1개 · 복병이동 1개
[각질편성] 중경 2경주: 선행0·선입0·추입0 → 🐌 느린 페이스
[잔존마 필터] 삿포로 2경주: 전적 11두 → 배당 출전마 8두 (배당 없는 마번 제외: [9, 10, 11])
[각질편성] 삿포로 2경주: 선행0·선입0·추입0 → 🐌 느린 페이스
[잔존마 필터] 삿포로 2경주: 전적 11두 → 배당 출전마 8두 (배당 없는 마번 제외: [9, 10, 11])
[각질편성] 삿포로 2경주: 선행0·선입0·추입0 → 🐌 느린 페이스
[잔존마 필터] 삿포로 2경주: 전적 11두 → 배당 출전마 8두 (배당 없는 마번 제외: [9, 10, 11])
[각질편성] 삿포로 2경주: 선행0·선입0·추입0 → 🐌 느린 페이스
[readonly 잠금] 삿포로 2경주: 마감 확정 파일 — corePicks/시계열 보존, result/hit만 업데이트 허용
[readonly 잠금] 삿포로 2경주: 마감 확정 파일 — corePicks/시계열 보존, result/hit만 업데이트 허용
[마감 동결] 삿포로 2경주: 확정본 복원(출처 closed_row · 기준 10:28:26)
[마감 동결] 삿포로 2경주: 확정본 복원(출처 closed_row · 기준 10:28:26)
[placeholder 필터] 호후 5경주 복승 껍데기 배당 9조합 제외(값: [100])
[각질편성] 호후 5경주: 선행3·선입0·추입4 → ⚡ 빠른 페이스
[경륜전개] 호후 5경주: 보통 · 라인 3개 · 페어 [[5, 1], [4, 2], [3, 7]]
[3종 수집] 아오모리 7경주: {'quinella': 21, 'exacta': 42, 'trio': 0, 'win': 0} (history 12)
[placeholder 필터] 아오모리 7경주 쌍승 껍데기 배당 3조합 제외(값: [1660.9])
[각질편성] 아오모리 7경주: 선행5·선입0·추입2 → ⚡ 빠른 페이스
[경륜전개] 아오모리 7경주: 슬로우(단독 선행) · 라인 5개 · 페어 [[4, 5], [3, 7]]
[T-2분 왕축 동결] 아오모리 7경주: [5, 4] → [5, 4] 유지(cur_mb=1)
[경륜 추천 모순 수정] 고배당 강제조합 1건 메인→복병 이동(25배 상한)
[라인 페어 상한] 3+7 509.7배 > 특별상한 50.0배 → 💎 편입 제외(참고)
[단통 상한] 메인 2개 · 복병이동 1개
[자동분석·배경] 아오모리 7경주: 마감 82초 전 재분석(rec_history 누적·cycle)
[잔존마 필터] 삿포로 2경주: 전적 11두 → 배당 출전마 8두 (배당 없는 마번 제외: [9, 10, 11])
[각질편성] 삿포로 2경주: 선행0·선입0·추입0 → 🐌 느린 페이스
⏸ [폴링 저장 가드] 삿포로 2경주: 마감 후 readonly → 로그 저장 생략(분석·표시는 정상)
[잔존마 필터] 삿포로 2경주: 전적 11두 → 배당 출전마 8두 (배당 없는 마번 제외: [9, 10, 11])
[각질편성] 삿포로 2경주: 선행0·선입0·추입0 → 🐌 느린 페이스
[placeholder 필터] 호후 5경주 복승 껍데기 배당 9조합 제외(값: [100])
[각질편성] 호후 5경주: 선행3·선입0·추입4 → ⚡ 빠른 페이스
[경륜전개] 호후 5경주: 보통 · 라인 3개 · 페어 [[5, 1], [4, 2], [3, 7]]
[3종 수집] 삿포로 2경주: {'quinella': 25, 'exacta': 0, 'trio': 0, 'win': 0} (history 4)
[잔존마 필터] 삿포로 2경주: 전적 11두 → 배당 출전마 8두 (배당 없는 마번 제외: [9, 10, 11])
[각질편성] 삿포로 2경주: 선행0·선입0·추입0 → 🐌 느린 페이스
[잔존마 필터] 삿포로 2경주: 전적 11두 → 배당 출전마 8두 (배당 없는 마번 제외: [9, 10, 11])
[각질편성] 삿포로 2경주: 선행0·선입0·추입0 → 🐌 느린 페이스
[잔존마 필터] 삿포로 2경주: 전적 11두 → 배당 출전마 8두 (배당 없는 마번 제외: [9, 10, 11])
[잔존마 필터] 삿포로 2경주: 전적 11두 → 배당 출전마 8두 (배당 없는 마번 제외: [9, 10, 11])
[각질편성] 삿포로 2경주: 선행0·선입0·추입0 → 🐌 느린 페이스
[각질편성] 삿포로 2경주: 선행0·선입0·추입0 → 🐌 느린 페이스
[3종 수집] 아오모리 7경주: {'quinella': 21, 'exacta': 42, 'trio': 0, 'win': 0} (history 12)
[placeholder 필터] 아오모리 7경주 쌍승 껍데기 배당 3조합 제외(값: [1703.0])
[각질편성] 아오모리 7경주: 선행5·선입0·추입2 → ⚡ 빠른 페이스
[경륜전개] 아오모리 7경주: 슬로우(단독 선행) · 라인 5개 · 페어 [[4, 5], [3, 7]]
[경륜 추천 모순 수정] 고배당 강제조합 1건 메인→복병 이동(25배 상한)
[라인 페어 상한] 3+7 509.7배 > 특별상한 50.0배 → 💎 편입 제외(참고)
[단통 상한] 메인 2개 · 복병이동 1개
[자동분석·배경] 아오모리 7경주: 마감 50초 전 재분석(rec_history 누적·cycle)
[잔존마 필터] 삿포로 2경주: 전적 11두 → 배당 출전마 8두 (배당 없는 마번 제외: [9, 10, 11])
[각질편성] 삿포로 2경주: 선행0·선입0·추입0 → 🐌 느린 페이스
[3종 수집] 삿포로 2경주: {'quinella': 25, 'exacta': 0, 'trio': 0, 'win': 0} (history 5)
[잔존마 필터] 삿포로 2경주: 전적 11두 → 배당 출전마 8두 (배당 없는 마번 제외: [9, 10, 11])
[각질편성] 삿포로 2경주: 선행0·선입0·추입0 → 🐌 느린 페이스
[잔존마 필터] 삿포로 2경주: 전적 11두 → 배당 출전마 8두 (배당 없는 마번 제외: [9, 10, 11])
[각질편성] 삿포로 2경주: 선행0·선입0·추입0 → 🐌 느린 페이스
[잔존마 필터] 삿포로 2경주: 전적 11두 → 배당 출전마 8두 (배당 없는 마번 제외: [9, 10, 11])
[잔존마 필터] 삿포로 2경주: 전적 11두 → 배당 출전마 8두 (배당 없는 마번 제외: [9, 10, 11])[각질편성] 삿포로 2경주: 선행0·선입0·추입0 → 🐌 느린 페이스

[각질편성] 삿포로 2경주: 선행0·선입0·추입0 → 🐌 느린 페이스
🔴 [joCode 미등록] 삿포로 — 결과 백필·경주 흐름 수집이 **통째로 스킵**됩니다. RaceKekka.do 를 joCode 01~89 로 조회해 <title>의 ○○競輪 로 확정 후 KEIRIN_JO 에 추가하십시오.
📊 [채점] 호후 6경주: Gemini 2/3 ↔ 시장 2/3 · 놓침 [3]
📝 [복기] 호후 6경주: 4번 森川 康輔는 최근 연승 기세가 돋보였으나, D등급의 3번 早川 成矢의 최근 성적이 무 → 규칙(4): 등급이 낮은 선수라도 최근 성적에서 우승권에 꾸준히 드는 흐름을 보인다면 상위권에 들어올 가능성을 고려해야 
[placeholder 필터] 호후 6경주 쌍승 껍데기 배당 3조합 제외(값: [300.2])
[각질편성] 호후 6경주: 선행5·선입0·추입2 → ⚡ 빠른 페이스
[경륜전개] 호후 6경주: 보통 · 라인 5개 · 페어 [[5, 1], [4, 2]]
[신호별학습] 호후 6경주 · 활성신호 ['스마트머니', '급락', '전적이중수렴'] · 유력마적중 복승=True 삼복승=True
[결과 수정] 호후 6경주: 기존 레코드 교체(재입력)
[스마트머니학습] 호후 6경주 · 스마트머니 [6, 5] → 입상 [5] · 누적 601건(적중률 81.5%)
[복병케이스] 호후 6경주: 복병 6두 저장(입상 3)
[placeholder 필터] 호후 6경주 쌍승 껍데기 배당 3조합 제외(값: [300.2])
[각질편성] 호후 6경주: 선행5·선입0·추입2 → ⚡ 빠른 페이스
[경륜전개] 호후 6경주: 보통 · 라인 5개 · 페어 [[5, 1], [4, 2]]
[readonly 잠금] 호후 6경주: 마감 확정 파일 — corePicks/시계열 보존, result/hit만 업데이트 허용
[마감 동결] 호후 6경주: 확정본 복원(출처 closed_row · 기준 10:19:28)
[다중경주] 하트비트 #141 · 스케줄 ymd=20260801 (-1초 전 갱신 · 트랙 12개)
[패턴발견] 결과 1518경주 스캔 → 발견 패턴 10개(기준 적중률 35.2%)
[자동학습] 호후 6경주 결과 [5, 1, 3] → 추천적중 True, 급락적중 False, 전적유력마 1(적중), 제거적중 False
📊 [채점] 아오모리 6경주: Gemini 2/3 ↔ 시장 2/3 · 놓침 [2]
[3종 수집] 아오모리 7경주: {'quinella': 21, 'exacta': 42, 'trio': 0, 'win': 0} (history 12)
📝 [복기] 아오모리 6경주: 2번 川村 昭弘 선수의 최근 착순 기록이 비어있어 분석에서 제외했지만, 실제로는 꾸준히 2 → 규칙(4): 선수의 최근 착순 정보가 불완전해도 이전 경기 기록에서 일관된 상위권 성적을 보인다면 상위권 진입 가능성을 
[각질편성] 아오모리 6경주: 선행4·선입0·추입3 → ⚡ 빠른 페이스
[경륜전개] 아오모리 6경주: 하이(주도권 경합) · 라인 4개 · 페어 [[1, 3], [7, 4], [6, 2]]
[보조조합 적중] 아오모리 6경주 · 2+5+6 (삼복승 보험) — 승격 후보 표본 누적
[신호별학습] 아오모리 6경주 · 활성신호 ['급락', '전적이중수렴'] · 유력마적중 복승=True 삼복승=False
[결과 수정] 아오모리 6경주: 기존 레코드 교체(재입력)
[3종 수집] 삿포로 2경주: {'quinella': 25, 'exacta': 0, 'trio': 0, 'win': 0} (history 6)
[잔존마 필터] 삿포로 2경주: 전적 11두 → 배당 출전마 8두 (배당 없는 마번 제외: [9, 10, 11])
[각질편성] 삿포로 2경주: 선행0·선입0·추입0 → 🐌 느린 페이스
[복승불일치 축교정] 삿포로 2경주: 축 [2, 3]로 교정(자금이탈 강등 [4]·🔴🔴)
[잔존마 필터] 삿포로 2경주: 전적 11두 → 배당 출전마 8두 (배당 없는 마번 제외: [9, 10, 11])
[각질편성] 삿포로 2경주: 선행0·선입0·추입0 → 🐌 느린 페이스
[복승불일치 축교정] 삿포로 2경주: 축 [2, 3]로 교정(자금이탈 강등 [4]·🔴🔴)
[복병케이스] 아오모리 6경주: 복병 1두 저장(입상 0)
[placeholder 필터] 호후 5경주 복승 껍데기 배당 9조합 제외(값: [100])
[각질편성] 호후 5경주: 선행3·선입0·추입4 → ⚡ 빠른 페이스
[경륜전개] 호후 5경주: 보통 · 라인 3개 · 페어 [[5, 1], [4, 2], [3, 7]]
[placeholder 필터] 호후 5경주 복승 껍데기 배당 9조합 제외(값: [100])
[잔존마 필터] 삿포로 2경주: 전적 11두 → 배당 출전마 8두 (배당 없는 마번 제외: [9, 10, 11])
[각질편성] 삿포로 2경주: 선행0·선입0·추입0 → 🐌 느린 페이스
[각질편성] 호후 5경주: 선행3·선입0·추입4 → ⚡ 빠른 페이스
[경륜전개] 호후 5경주: 보통 · 라인 3개 · 페어 [[5, 1], [4, 2], [3, 7]]
[각질편성] 아오모리 4경주: 선행2·선입0·추입5 → 보통 페이스
[복승불일치 축교정] 삿포로 2경주: 축 [2, 3]로 교정(자금이탈 강등 [4]·🔴🔴)
[경륜전개] 아오모리 4경주: 슬로우(단독 선행) · 라인 2개 · 페어 [[2, 7], [4, 1]]
[복승불일치 축교정] 아오모리 4경주: 축 [1, 4]로 교정(자금이탈 강등 [7]·🔴🔴)
[잔존마 필터] 삿포로 2경주: 전적 11두 → 배당 출전마 8두 (배당 없는 마번 제외: [9, 10, 11])
[각질편성] 삿포로 2경주: 선행0·선입0·추입0 → 🐌 느린 페이스
[복승불일치 축교정] 삿포로 2경주: 축 [2, 3]로 교정(자금이탈 강등 [4]·🔴🔴)
[한국 전적] 삿포로 2경주: 11두 저장(PDF, 전적 11두)
[잔존마 필터] 삿포로 2경주: 전적 11두 → 배당 출전마 8두 (배당 없는 마번 제외: [9, 10, 11])
[각질편성] 삿포로 2경주: 선행0·선입0·추입0 → 🐌 느린 페이스
[복승불일치 축교정] 삿포로 2경주: 축 [2, 3]로 교정(자금이탈 강등 [4]·🔴🔴)
[결과기록] 캐시 갱신 — 재파싱 3건 / 전체 1657건
[각질편성] 호후 4경주: 선행2·선입0·추입5 → 보통 페이스
[경륜전개] 호후 4경주: 보통 · 라인 2개 · 페어 [[2, 7], [3, 4]]
[각질편성] 아오모리 5경주: 선행2·선입0·추입5 → 보통 페이스
[경륜전개] 아오모리 5경주: 보통 · 라인 2개 · 페어 [[3, 4], [5, 1]]
[복승불일치 축교정] 아오모리 5경주: 축 [1, 3]로 교정(자금이탈 강등 [6]·🔴)
[각질편성] 호후 5경주: 선행3·선입0·추입4 → ⚡ 빠른 페이스
[경륜전개] 호후 5경주: 보통 · 라인 3개 · 페어 [[5, 1], [4, 2], [3, 7]]
[한국이력 검역] 거부 — 파일=부산 2R / 본문 raceKey=삿포로 2경주 (경마장 불일치)
[각질편성] 아오모리 6경주: 선행4·선입0·추입3 → ⚡ 빠른 페이스
[경륜전개] 아오모리 6경주: 하이(주도권 경합) · 라인 4개 · 페어 [[1, 3], [7, 4], [6, 2]]
[placeholder 필터] 호후 6경주 쌍승 껍데기 배당 3조합 제외(값: [300.2])
[각질편성] 호후 6경주: 선행5·선입0·추입2 → ⚡ 빠른 페이스
[경륜전개] 호후 6경주: 보통 · 라인 5개 · 페어 [[5, 1], [4, 2]]
[placeholder 필터] 아오모리 7경주 쌍승 껍데기 배당 3조합 제외(값: [1703.0])
[각질편성] 아오모리 7경주: 선행5·선입0·추입2 → ⚡ 빠른 페이스
[경륜전개] 아오모리 7경주: 슬로우(단독 선행) · 라인 5개 · 페어 [[4, 5], [3, 7]]
[경륜 추천 모순 수정] 고배당 강제조합 1건 메인→복병 이동(25배 상한)
[라인 페어 상한] 3+7 509.7배 > 특별상한 50.0배 → 💎 편입 제외(참고)
[단통 상한] 메인 2개 · 복병이동 1개
[각질편성] 중경 2경주: 선행0·선입0·추입0 → 🐌 느린 페이스
[잔존마 필터] 삿포로 2경주: 전적 11두 → 배당 출전마 8두 (배당 없는 마번 제외: [9, 10, 11])
[각질편성] 삿포로 2경주: 선행0·선입0·추입0 → 🐌 느린 페이스
[복승불일치 축교정] 삿포로 2경주: 축 [2, 3]로 교정(자금이탈 강등 [4]·🔴🔴)
[각질편성] 아오모리 6경주: 선행4·선입0·추입3 → ⚡ 빠른 페이스
[경륜전개] 아오모리 6경주: 하이(주도권 경합) · 라인 4개 · 페어 [[1, 3], [7, 4], [6, 2]]
[readonly 잠금] 아오모리 6경주: 마감 확정 파일 — corePicks/시계열 보존, result/hit만 업데이트 허용
[패턴발견] 결과 1519경주 스캔 → 발견 패턴 10개(기준 적중률 35.2%)
[자동학습] 아오모리 6경주 결과 [6, 5, 2] → 추천적중 False, 급락적중 False, 전적유력마 1(실패), 제거적중 False
📊 [채점] 호후 5경주: Gemini 2/3 ↔ 시장 2/3 · 놓침 [3]
[잔존마 필터] 삿포로 2경주: 전적 11두 → 배당 출전마 8두 (배당 없는 마번 제외: [9, 10, 11])
[각질편성] 삿포로 2경주: 선행0·선입0·추입0 → 🐌 느린 페이스
[복승불일치 축교정] 삿포로 2경주: 축 [2, 3]로 교정(자금이탈 강등 [4]·🔴🔴)
📝 [복기] 호후 5경주: 3번 중천비륭은 D등급임에도 불구하고, 7/31 예선에서 9.9초의 좋은 기록으로 3착을  → 규칙(3): 선행형 D등급이라도 최근 경기에서 짧은 시간에 3착 이내를 기록한 경우, 잠재력을 높게 평가한다.
[placeholder 필터] 호후 5경주 복승 껍데기 배당 9조합 제외(값: [100])
[각질편성] 호후 5경주: 선행3·선입0·추입4 → ⚡ 빠른 페이스
[경륜전개] 호후 5경주: 보통 · 라인 3개 · 페어 [[5, 1], [4, 2], [3, 7]]
[신호별학습] 호후 5경주 · 활성신호 ['역배열', '급락', '전적이중수렴', '크로스역배열'] · 유력마적중 복승=True 삼복승=False
[결과 수정] 호후 5경주: 기존 레코드 교체(재입력)
[복병케이스] 호후 5경주: 복병 4두 저장(입상 2)
[placeholder 필터] 호후 5경주 복승 껍데기 배당 9조합 제외(값: [100])
[각질편성] 호후 5경주: 선행3·선입0·추입4 → ⚡ 빠른 페이스
[경륜전개] 호후 5경주: 보통 · 라인 3개 · 페어 [[5, 1], [4, 2], [3, 7]]
[readonly 잠금] 호후 5경주: 마감 확정 파일 — corePicks/시계열 보존, result/hit만 업데이트 허용
[패턴발견] 결과 1520경주 스캔 → 발견 패턴 10개(기준 적중률 35.2%)
[자동학습] 호후 5경주 결과 [5, 3, 4] → 추천적중 False, 급락적중 False, 전적유력마 1(실패), 제거적중 False
[경륜 결과 백필] 2026-08-01: 시도 4 · 성공 3 · 실패 1
  ↳ 실패: 아오모리 7경주 - 결과 미게시/파싱 실패
[데이터백업] ✅ GitHub 반영: 결과 자동백업: 호후 6경주 5-1-3
[잔존마 필터] 삿포로 2경주: 전적 11두 → 배당 출전마 8두 (배당 없는 마번 제외: [9, 10, 11])
[잔존마 필터] 삿포로 2경주: 전적 11두 → 배당 출전마 8두 (배당 없는 마번 제외: [9, 10, 11])
[각질편성] 삿포로 2경주: 선행0·선입0·추입0 → 🐌 느린 페이스
[각질편성] 삿포로 2경주: 선행0·선입0·추입0 → 🐌 느린 페이스
[복승불일치 축교정] 삿포로 2경주: 축 [2, 3]로 교정(자금이탈 강등 [4]·🔴🔴)
[복승불일치 축교정] 삿포로 2경주: 축 [2, 3]로 교정(자금이탈 강등 [4]·🔴🔴)
[경륜 전적·자동] 호후 7경주: 7두 수집(競走得点·절대등급 A/B/C/D·라인[5, 2, 6, 1, 4, 3, 7]) → 통합등급 자동 반영
[3종 수집] 호후 7경주: {'quinella': 21, 'exacta': 42, 'trio': 0, 'win': 0} (history 1)
[3종 수집] 아오모리 7경주: {'quinella': 21, 'exacta': 42, 'trio': 0, 'win': 0} (history 12)
[잔존마 필터] 삿포로 2경주: 전적 11두 → 배당 출전마 8두 (배당 없는 마번 제외: [9, 10, 11])
[각질편성] 삿포로 2경주: 선행0·선입0·추입0 → 🐌 느린 페이스
[복승불일치 축교정] 삿포로 2경주: 축 [2, 3]로 교정(자금이탈 강등 [4]·🔴🔴)
🔮 [예측] 호후 7경주: top3=[5, 2, 7] conf=4 · 선행형이 다수(1, 3, 6번) 포진해 있어 초반 선행 싸움으로 인한 체
[각질편성] 호후 7경주: 선행5·선입0·추입2 → ⚡ 빠른 페이스
[경륜전개] 호후 7경주: 하이(주도권 경합) · 라인 5개 · 페어 [[5, 2], [3, 7]]
[복병 이동 상한] 2+3 56.3배 > 특별상한 50.0배 → 💎 노출 제외(참고)
[경륜 추천 모순 수정] 고배당 강제조합 1건 메인→복병 이동(25배 상한)
🔎 [결정론 검수] 호후 7경주: B라인누락
[자동분석·배경] 호후 7경주: 마감 586초 전 재분석(rec_history 누적·cycle)
[각질편성] 호후 7경주: 선행5·선입0·추입2 → ⚡ 빠른 페이스
[경륜전개] 호후 7경주: 하이(주도권 경합) · 라인 5개 · 페어 [[5, 2], [3, 7]]
[복병 이동 상한] 2+3 56.3배 > 특별상한 50.0배 → 💎 노출 제외(참고)
[경륜 추천 모순 수정] 고배당 강제조합 1건 메인→복병 이동(25배 상한)
[데이터백업] ✅ GitHub 반영: 결과 자동백업: 호후 5경주 5-3-4
[3종 수집] 삿포로 2경주: {'quinella': 25, 'exacta': 0, 'trio': 0, 'win': 0} (history 7)
[잔존마 필터] 삿포로 2경주: 전적 11두 → 배당 출전마 8두 (배당 없는 마번 제외: [9, 10, 11])
[각질편성] 삿포로 2경주: 선행0·선입0·추입0 → 🐌 느린 페이스
[복승불일치 축교정] 삿포로 2경주: 축 [2, 3]로 교정(자금이탈 강등 [4]·🔴🔴)
[잔존마 필터] 삿포로 2경주: 전적 11두 → 배당 출전마 8두 (배당 없는 마번 제외: [9, 10, 11])
[각질편성] 삿포로 2경주: 선행0·선입0·추입0 → 🐌 느린 페이스
[복승불일치 축교정] 삿포로 2경주: 축 [2, 3]로 교정(자금이탈 강등 [4]·🔴🔴)
[잔존마 필터] 삿포로 2경주: 전적 11두 → 배당 출전마 8두 (배당 없는 마번 제외: [9, 10, 11])
[각질편성] 삿포로 2경주: 선행0·선입0·추입0 → 🐌 느린 페이스
[복승불일치 축교정] 삿포로 2경주: 축 [2, 3]로 교정(자금이탈 강등 [4]·🔴🔴)
[잔존마 필터] 삿포로 2경주: 전적 11두 → 배당 출전마 8두 (배당 없는 마번 제외: [9, 10, 11])
[잔존마 필터] 삿포로 2경주: 전적 11두 → 배당 출전마 8두 (배당 없는 마번 제외: [9, 10, 11])
[각질편성] 삿포로 2경주: 선행0·선입0·추입0 → 🐌 느린 페이스
[각질편성] 삿포로 2경주: 선행0·선입0·추입0 → 🐌 느린 페이스
[복승불일치 축교정] 삿포로 2경주: 축 [2, 3]로 교정(자금이탈 강등 [4]·🔴🔴)
[복승불일치 축교정] 삿포로 2경주: 축 [2, 3]로 교정(자금이탈 강등 [4]·🔴🔴)
[placeholder 필터] 호후 5경주 복승 껍데기 배당 9조합 제외(값: [100])
[placeholder 필터] 호후 5경주 복승 껍데기 배당 9조합 제외(값: [100])
[잔존마 필터] 삿포로 2경주: 전적 11두 → 배당 출전마 8두 (배당 없는 마번 제외: [9, 10, 11])
[각질편성] 삿포로 2경주: 선행0·선입0·추입0 → 🐌 느린 페이스
[각질편성] 호후 5경주: 선행3·선입0·추입4 → ⚡ 빠른 페이스
[각질편성] 호후 5경주: 선행3·선입0·추입4 → ⚡ 빠른 페이스
[경륜전개] 호후 5경주: 보통 · 라인 3개 · 페어 [[5, 1], [4, 2], [3, 7]]
[경륜전개] 호후 5경주: 보통 · 라인 3개 · 페어 [[5, 1], [4, 2], [3, 7]]
[각질편성] 아오모리 4경주: 선행2·선입0·추입5 → 보통 페이스
[복승불일치 축교정] 삿포로 2경주: 축 [2, 3]로 교정(자금이탈 강등 [4]·🔴🔴)
[경륜전개] 아오모리 4경주: 슬로우(단독 선행) · 라인 2개 · 페어 [[2, 7], [4, 1]]
[잔존마 필터] 삿포로 2경주: 전적 11두 → 배당 출전마 8두 (배당 없는 마번 제외: [9, 10, 11])
[복승불일치 축교정] 아오모리 4경주: 축 [1, 4]로 교정(자금이탈 강등 [7]·🔴🔴)
[각질편성] 삿포로 2경주: 선행0·선입0·추입0 → 🐌 느린 페이스
[복승불일치 축교정] 삿포로 2경주: 축 [2, 3]로 교정(자금이탈 강등 [4]·🔴🔴)
[한국 전적] 삿포로 2경주: 11두 저장(PDF, 전적 11두)
[각질편성] 호후 4경주: 선행2·선입0·추입5 → 보통 페이스
[경륜전개] 호후 4경주: 보통 · 라인 2개 · 페어 [[2, 7], [3, 4]]
[잔존마 필터] 삿포로 2경주: 전적 11두 → 배당 출전마 8두 (배당 없는 마번 제외: [9, 10, 11])
[각질편성] 삿포로 2경주: 선행0·선입0·추입0 → 🐌 느린 페이스
[복승불일치 축교정] 삿포로 2경주: 축 [2, 3]로 교정(자금이탈 강등 [4]·🔴🔴)
[각질편성] 아오모리 5경주: 선행2·선입0·추입5 → 보통 페이스
[경륜전개] 아오모리 5경주: 보통 · 라인 2개 · 페어 [[3, 4], [5, 1]]
[복승불일치 축교정] 아오모리 5경주: 축 [1, 3]로 교정(자금이탈 강등 [6]·🔴)
[결과기록] 캐시 갱신 — 재파싱 3건 / 전체 1658건
[각질편성] 호후 5경주: 선행3·선입0·추입4 → ⚡ 빠른 페이스
[경륜전개] 호후 5경주: 보통 · 라인 3개 · 페어 [[5, 1], [4, 2], [3, 7]]
[각질편성] 아오모리 6경주: 선행4·선입0·추입3 → ⚡ 빠른 페이스
[경륜전개] 아오모리 6경주: 하이(주도권 경합) · 라인 4개 · 페어 [[1, 3], [7, 4], [6, 2]]
[placeholder 필터] 호후 6경주 쌍승 껍데기 배당 3조합 제외(값: [300.2])
[각질편성] 호후 6경주: 선행5·선입0·추입2 → ⚡ 빠른 페이스
[경륜전개] 호후 6경주: 보통 · 라인 5개 · 페어 [[5, 1], [4, 2]]
[한국이력 검역] 거부 — 파일=부산 2R / 본문 raceKey=삿포로 2경주 (경마장 불일치)
[3종 수집] 삿포로 2경주: {'quinella': 25, 'exacta': 0, 'trio': 0, 'win': 0} (history 8)
[placeholder 필터] 아오모리 7경주 쌍승 껍데기 배당 3조합 제외(값: [1703.0])
[각질편성] 아오모리 7경주: 선행5·선입0·추입2 → ⚡ 빠른 페이스
[경륜전개] 아오모리 7경주: 슬로우(단독 선행) · 라인 5개 · 페어 [[4, 5], [3, 7]]
[잔존마 필터] 삿포로 2경주: 전적 11두 → 배당 출전마 8두 (배당 없는 마번 제외: [9, 10, 11])
[3종 수집] 호후 7경주: {'quinella': 21, 'exacta': 42, 'trio': 0, 'win': 0} (history 2)
[각질편성] 삿포로 2경주: 선행0·선입0·추입0 → 🐌 느린 페이스
[3종 수집] 아오모리 7경주: {'quinella': 21, 'exacta': 42, 'trio': 0, 'win': 0} (history 12)
[각질편성] 호후 7경주: 선행5·선입0·추입2 → ⚡ 빠른 페이스
[경륜전개] 호후 7경주: 하이(주도권 경합) · 라인 5개 · 페어 [[5, 2], [3, 7]]
[복병 이동 상한] 2+3 56.3배 > 특별상한 50.0배 → 💎 노출 제외(참고)
[경륜 추천 모순 수정] 고배당 강제조합 1건 메인→복병 이동(25배 상한)
[각질편성] 호후 7경주: 선행5·선입0·추입2 → ⚡ 빠른 페이스
[경륜전개] 호후 7경주: 하이(주도권 경합) · 라인 5개 · 페어 [[5, 2], [3, 7]]
[각질편성] 중경 2경주: 선행0·선입0·추입0 → 🐌 느린 페이스
[복병 이동 상한] 2+3 56.3배 > 특별상한 50.0배 → 💎 노출 제외(참고)
[경륜 추천 모순 수정] 고배당 강제조합 2건 메인→복병 이동(25배 상한)
[자동분석·배경] 호후 7경주: 마감 551초 전 재분석(rec_history 누적·cycle)
[placeholder 필터] 아오모리 7경주 쌍승 껍데기 배당 3조합 제외(값: [1703.0])
[각질편성] 아오모리 7경주: 선행5·선입0·추입2 → ⚡ 빠른 페이스
[경륜전개] 아오모리 7경주: 슬로우(단독 선행) · 라인 5개 · 페어 [[4, 5], [3, 7]]
[잔존마 필터] 삿포로 2경주: 전적 11두 → 배당 출전마 8두 (배당 없는 마번 제외: [9, 10, 11])
[각질편성] 삿포로 2경주: 선행0·선입0·추입0 → 🐌 느린 페이스
[잔존마 필터] 삿포로 2경주: 전적 11두 → 배당 출전마 8두 (배당 없는 마번 제외: [9, 10, 11])
[각질편성] 삿포로 2경주: 선행0·선입0·추입0 → 🐌 느린 페이스
[잔존마 필터] 삿포로 2경주: 전적 11두 → 배당 출전마 8두 (배당 없는 마번 제외: [9, 10, 11])
[각질편성] 삿포로 2경주: 선행0·선입0·추입0 → 🐌 느린 페이스
[잔존마 필터] 삿포로 2경주: 전적 11두 → 배당 출전마 8두 (배당 없는 마번 제외: [9, 10, 11])
[잔존마 필터] 삿포로 2경주: 전적 11두 → 배당 출전마 8두 (배당 없는 마번 제외: [9, 10, 11])
[각질편성] 삿포로 2경주: 선행0·선입0·추입0 → 🐌 느린 페이스
[각질편성] 삿포로 2경주: 선행0·선입0·추입0 → 🐌 느린 페이스
[3종 수집] 아오모리 7경주: {'quinella': 21, 'exacta': 42, 'trio': 0, 'win': 0} (history 12)
[3종 수집] 호후 7경주: {'quinella': 21, 'exacta': 42, 'trio': 0, 'win': 0} (history 3)
[각질편성] 호후 7경주: 선행5·선입0·추입2 → ⚡ 빠른 페이스
[경륜전개] 호후 7경주: 하이(주도권 경합) · 라인 5개 · 페어 [[5, 2], [3, 7]]
[복병 이동 상한] 2+3 56.3배 > 특별상한 50.0배 → 💎 노출 제외(참고)
[경륜 추천 모순 수정] 고배당 강제조합 2건 메인→복병 이동(25배 상한)
[자동분석·배경] 호후 7경주: 마감 516초 전 재분석(rec_history 누적·cycle)
[잔존마 필터] 삿포로 2경주: 전적 11두 → 배당 출전마 8두 (배당 없는 마번 제외: [9, 10, 11])
[각질편성] 삿포로 2경주: 선행0·선입0·추입0 → 🐌 느린 페이스
[3종 수집] 삿포로 2경주: {'quinella': 25, 'exacta': 0, 'trio': 0, 'win': 0} (history 9)
[잔존마 필터] 삿포로 2경주: 전적 11두 → 배당 출전마 8두 (배당 없는 마번 제외: [9, 10, 11])
[각질편성] 삿포로 2경주: 선행0·선입0·추입0 → 🐌 느린 페이스
[잔존마 필터] 삿포로 2경주: 전적 11두 → 배당 출전마 8두 (배당 없는 마번 제외: [9, 10, 11])
[각질편성] 삿포로 2경주: 선행0·선입0·추입0 → 🐌 느린 페이스
[잔존마 필터] 삿포로 2경주: 전적 11두 → 배당 출전마 8두 (배당 없는 마번 제외: [9, 10, 11])
[잔존마 필터] 삿포로 2경주: 전적 11두 → 배당 출전마 8두 (배당 없는 마번 제외: [9, 10, 11])
[각질편성] 삿포로 2경주: 선행0·선입0·추입0 → 🐌 느린 페이스
[각질편성] 삿포로 2경주: 선행0·선입0·추입0 → 🐌 느린 페이스
[잔존마 필터] 삿포로 2경주: 전적 11두 → 배당 출전마 8두 (배당 없는 마번 제외: [9, 10, 11])
[placeholder 필터] 호후 5경주 복승 껍데기 배당 9조합 제외(값: [100])
[placeholder 필터] 호후 5경주 복승 껍데기 배당 9조합 제외(값: [100])
[각질편성] 삿포로 2경주: 선행0·선입0·추입0 → 🐌 느린 페이스
[각질편성] 호후 5경주: 선행3·선입0·추입4 → ⚡ 빠른 페이스
[경륜전개] 호후 5경주: 보통 · 라인 3개 · 페어 [[5, 1], [4, 2], [3, 7]]
[각질편성] 호후 5경주: 선행3·선입0·추입4 → ⚡ 빠른 페이스
[경륜전개] 호후 5경주: 보통 · 라인 3개 · 페어 [[5, 1], [4, 2], [3, 7]]
[각질편성] 아오모리 4경주: 선행2·선입0·추입5 → 보통 페이스
[경륜전개] 아오모리 4경주: 슬로우(단독 선행) · 라인 2개 · 페어 [[2, 7], [4, 1]]
[복승불일치 축교정] 아오모리 4경주: 축 [1, 4]로 교정(자금이탈 강등 [7]·🔴🔴)
[잔존마 필터] 삿포로 2경주: 전적 11두 → 배당 출전마 8두 (배당 없는 마번 제외: [9, 10, 11])
[각질편성] 삿포로 2경주: 선행0·선입0·추입0 → 🐌 느린 페이스
[한국 전적] 삿포로 2경주: 11두 저장(PDF, 전적 11두)
[잔존마 필터] 삿포로 2경주: 전적 11두 → 배당 출전마 8두 (배당 없는 마번 제외: [9, 10, 11])
[각질편성] 삿포로 2경주: 선행0·선입0·추입0 → 🐌 느린 페이스
[각질편성] 아오모리 5경주: 선행2·선입0·추입5 → 보통 페이스
[경륜전개] 아오모리 5경주: 보통 · 라인 2개 · 페어 [[3, 4], [5, 1]]
[복승불일치 축교정] 아오모리 5경주: 축 [1, 3]로 교정(자금이탈 강등 [6]·🔴)
[결과기록] 캐시 갱신 — 재파싱 1건 / 전체 1658건
[각질편성] 호후 5경주: 선행3·선입0·추입4 → ⚡ 빠른 페이스
[경륜전개] 호후 5경주: 보통 · 라인 3개 · 페어 [[5, 1], [4, 2], [3, 7]]
[각질편성] 아오모리 6경주: 선행4·선입0·추입3 → ⚡ 빠른 페이스
[경륜전개] 아오모리 6경주: 하이(주도권 경합) · 라인 4개 · 페어 [[1, 3], [7, 4], [6, 2]]
[placeholder 필터] 호후 6경주 쌍승 껍데기 배당 3조합 제외(값: [300.2])
[각질편성] 호후 6경주: 선행5·선입0·추입2 → ⚡ 빠른 페이스
[경륜전개] 호후 6경주: 보통 · 라인 5개 · 페어 [[5, 1], [4, 2]]
[placeholder 필터] 아오모리 7경주 쌍승 껍데기 배당 3조합 제외(값: [1703.0])
[각질편성] 아오모리 7경주: 선행5·선입0·추입2 → ⚡ 빠른 페이스
[경륜전개] 아오모리 7경주: 슬로우(단독 선행) · 라인 5개 · 페어 [[4, 5], [3, 7]]
[한국이력 검역] 거부 — 파일=부산 2R / 본문 raceKey=삿포로 2경주 (경마장 불일치)
[각질편성] 호후 7경주: 선행5·선입0·추입2 → ⚡ 빠른 페이스
[경륜전개] 호후 7경주: 하이(주도권 경합) · 라인 5개 · 페어 [[5, 2], [3, 7]]
[복병 이동 상한] 2+3 56.3배 > 특별상한 50.0배 → 💎 노출 제외(참고)
[경륜 추천 모순 수정] 고배당 강제조합 2건 메인→복병 이동(25배 상한)
[각질편성] 중경 2경주: 선행0·선입0·추입0 → 🐌 느린 페이스
[잔존마 필터] 삿포로 2경주: 전적 11두 → 배당 출전마 8두 (배당 없는 마번 제외: [9, 10, 11])
[각질편성] 삿포로 2경주: 선행0·선입0·추입0 → 🐌 느린 페이스
[잔존마 필터] 삿포로 2경주: 전적 11두 → 배당 출전마 8두 (배당 없는 마번 제외: [9, 10, 11])
[각질편성] 삿포로 2경주: 선행0·선입0·추입0 → 🐌 느린 페이스
[3종 수집] 호후 7경주: {'quinella': 21, 'exacta': 42, 'trio': 0, 'win': 0} (history 4)
[3종 수집] 아오모리 7경주: {'quinella': 21, 'exacta': 42, 'trio': 0, 'win': 0} (history 12)
[각질편성] 호후 7경주: 선행5·선입0·추입2 → ⚡ 빠른 페이스
[경륜전개] 호후 7경주: 하이(주도권 경합) · 라인 5개 · 페어 [[5, 2], [3, 7]]
[복병 이동 상한] 2+3 62.4배 > 특별상한 50.0배 → 💎 노출 제외(참고)
[경륜 추천 모순 수정] 고배당 강제조합 2건 메인→복병 이동(25배 상한)
[단통 상한] 메인 2개 · 복병이동 1개
[자동분석·배경] 호후 7경주: 마감 484초 전 재분석(rec_history 누적·cycle)
[3종 수집] 삿포로 2경주: {'quinella': 25, 'exacta': 0, 'trio': 0, 'win': 0} (history 10)
[잔존마 필터] 삿포로 2경주: 전적 11두 → 배당 출전마 8두 (배당 없는 마번 제외: [9, 10, 11])
[각질편성] 삿포로 2경주: 선행0·선입0·추입0 → 🐌 느린 페이스
[잔존마 필터] 삿포로 2경주: 전적 11두 → 배당 출전마 8두 (배당 없는 마번 제외: [9, 10, 11])
[각질편성] 삿포로 2경주: 선행0·선입0·추입0 → 🐌 느린 페이스
[잔존마 필터] 삿포로 2경주: 전적 11두 → 배당 출전마 8두 (배당 없는 마번 제외: [9, 10, 11])
[잔존마 필터] 삿포로 2경주: 전적 11두 → 배당 출전마 8두 (배당 없는 마번 제외: [9, 10, 11])
[각질편성] 삿포로 2경주: 선행0·선입0·추입0 → 🐌 느린 페이스
[각질편성] 삿포로 2경주: 선행0·선입0·추입0 → 🐌 느린 페이스
[잔존마 필터] 삿포로 2경주: 전적 11두 → 배당 출전마 8두 (배당 없는 마번 제외: [9, 10, 11])
[각질편성] 삿포로 2경주: 선행0·선입0·추입0 → 🐌 느린 페이스
[3종 수집] 호후 7경주: {'quinella': 21, 'exacta': 42, 'trio': 0, 'win': 0} (history 5)
[각질편성] 호후 7경주: 선행5·선입0·추입2 → ⚡ 빠른 페이스
[경륜전개] 호후 7경주: 하이(주도권 경합) · 라인 5개 · 페어 [[5, 2], [3, 7]]
[복병 이동 상한] 2+3 62.4배 > 특별상한 50.0배 → 💎 노출 제외(참고)
[경륜 추천 모순 수정] 고배당 강제조합 2건 메인→복병 이동(25배 상한)
[단통 상한] 메인 2개 · 복병이동 0개
[자동분석·배경] 호후 7경주: 마감 452초 전 재분석(rec_history 누적·cycle)
[3종 수집] 삿포로 2경주: {'quinella': 25, 'exacta': 0, 'trio': 0, 'win': 0} (history 11)
[잔존마 필터] 삿포로 2경주: 전적 11두 → 배당 출전마 8두 (배당 없는 마번 제외: [9, 10, 11])
[각질편성] 삿포로 2경주: 선행0·선입0·추입0 → 🐌 느린 페이스
[복승불일치 축교정] 삿포로 2경주: 축 [2, 8]로 교정(자금이탈 강등 [4]·🔴🔴)
[잔존마 필터] 삿포로 2경주: 전적 11두 → 배당 출전마 8두 (배당 없는 마번 제외: [9, 10, 11])
[각질편성] 삿포로 2경주: 선행0·선입0·추입0 → 🐌 느린 페이스
[복승불일치 축교정] 삿포로 2경주: 축 [2, 8]로 교정(자금이탈 강등 [4]·🔴🔴)
[잔존마 필터] 삿포로 2경주: 전적 11두 → 배당 출전마 8두 (배당 없는 마번 제외: [9, 10, 11])
[잔존마 필터] 삿포로 2경주: 전적 11두 → 배당 출전마 8두 (배당 없는 마번 제외: [9, 10, 11])
[각질편성] 삿포로 2경주: 선행0·선입0·추입0 → 🐌 느린 페이스
[각질편성] 삿포로 2경주: 선행0·선입0·추입0 → 🐌 느린 페이스
[복승불일치 축교정] 삿포로 2경주: 축 [2, 8]로 교정(자금이탈 강등 [4]·🔴🔴)
[복승불일치 축교정] 삿포로 2경주: 축 [2, 8]로 교정(자금이탈 강등 [4]·🔴🔴)
[placeholder 필터] 호후 5경주 복승 껍데기 배당 9조합 제외(값: [100])
[각질편성] 호후 5경주: 선행3·선입0·추입4 → ⚡ 빠른 페이스
[잔존마 필터] 삿포로 2경주: 전적 11두 → 배당 출전마 8두 (배당 없는 마번 제외: [9, 10, 11])
[경륜전개] 호후 5경주: 보통 · 라인 3개 · 페어 [[5, 1], [4, 2], [3, 7]]
[각질편성] 삿포로 2경주: 선행0·선입0·추입0 → 🐌 느린 페이스
[placeholder 필터] 호후 5경주 복승 껍데기 배당 9조합 제외(값: [100])
[복승불일치 축교정] 삿포로 2경주: 축 [2, 8]로 교정(자금이탈 강등 [4]·🔴🔴)
[각질편성] 호후 5경주: 선행3·선입0·추입4 → ⚡ 빠른 페이스
[각질편성] 아오모리 4경주: 선행2·선입0·추입5 → 보통 페이스
[경륜전개] 호후 5경주: 보통 · 라인 3개 · 페어 [[5, 1], [4, 2], [3, 7]]
[경륜전개] 아오모리 4경주: 슬로우(단독 선행) · 라인 2개 · 페어 [[2, 7], [4, 1]]
[복승불일치 축교정] 아오모리 4경주: 축 [1, 4]로 교정(자금이탈 강등 [7]·🔴🔴)
[잔존마 필터] 삿포로 2경주: 전적 11두 → 배당 출전마 8두 (배당 없는 마번 제외: [9, 10, 11])
[각질편성] 삿포로 2경주: 선행0·선입0·추입0 → 🐌 느린 페이스
[복승불일치 축교정] 삿포로 2경주: 축 [2, 8]로 교정(자금이탈 강등 [4]·🔴🔴)
[한국 전적] 삿포로 2경주: 11두 저장(PDF, 전적 11두)
[잔존마 필터] 삿포로 2경주: 전적 11두 → 배당 출전마 8두 (배당 없는 마번 제외: [9, 10, 11])
[각질편성] 삿포로 2경주: 선행0·선입0·추입0 → 🐌 느린 페이스
[복승불일치 축교정] 삿포로 2경주: 축 [2, 8]로 교정(자금이탈 강등 [4]·🔴🔴)
[placeholder 필터] 호후 5경주 복승 껍데기 배당 9조합 제외(값: [100])
[잔존마 필터] 삿포로 2경주: 전적 11두 → 배당 출전마 8두 (배당 없는 마번 제외: [9, 10, 11])
[각질편성] 삿포로 2경주: 선행0·선입0·추입0 → 🐌 느린 페이스
[각질편성] 호후 5경주: 선행3·선입0·추입4 → ⚡ 빠른 페이스
[경륜전개] 호후 5경주: 보통 · 라인 3개 · 페어 [[5, 1], [4, 2], [3, 7]]
[복승불일치 축교정] 삿포로 2경주: 축 [2, 8]로 교정(자금이탈 강등 [4]·🔴🔴)
[각질편성] 아오모리 5경주: 선행2·선입0·추입5 → 보통 페이스
[경륜전개] 아오모리 5경주: 보통 · 라인 2개 · 페어 [[3, 4], [5, 1]]
[복승불일치 축교정] 아오모리 5경주: 축 [1, 3]로 교정(자금이탈 강등 [6]·🔴)
[한국 전적] 삿포로 2경주: 11두 저장(PDF, 전적 11두)
[잔존마 필터] 삿포로 2경주: 전적 11두 → 배당 출전마 8두 (배당 없는 마번 제외: [9, 10, 11])
[각질편성] 삿포로 2경주: 선행0·선입0·추입0 → 🐌 느린 페이스
[복승불일치 축교정] 삿포로 2경주: 축 [2, 8]로 교정(자금이탈 강등 [4]·🔴🔴)
[결과기록] 캐시 갱신 — 재파싱 1건 / 전체 1658건
[각질편성] 호후 5경주: 선행3·선입0·추입4 → ⚡ 빠른 페이스
[경륜전개] 호후 5경주: 보통 · 라인 3개 · 페어 [[5, 1], [4, 2], [3, 7]]
[각질편성] 아오모리 6경주: 선행4·선입0·추입3 → ⚡ 빠른 페이스
[경륜전개] 아오모리 6경주: 하이(주도권 경합) · 라인 4개 · 페어 [[1, 3], [7, 4], [6, 2]]
[placeholder 필터] 호후 6경주 쌍승 껍데기 배당 3조합 제외(값: [300.2])
[한국이력 검역] 거부 — 파일=부산 2R / 본문 raceKey=삿포로 2경주 (경마장 불일치)
[각질편성] 호후 6경주: 선행5·선입0·추입2 → ⚡ 빠른 페이스
[경륜전개] 호후 6경주: 보통 · 라인 5개 · 페어 [[5, 1], [4, 2]]
[placeholder 필터] 아오모리 7경주 쌍승 껍데기 배당 3조합 제외(값: [1703.0])
[각질편성] 아오모리 7경주: 선행5·선입0·추입2 → ⚡ 빠른 페이스
[경륜전개] 아오모리 7경주: 슬로우(단독 선행) · 라인 5개 · 페어 [[4, 5], [3, 7]]
[각질편성] 호후 7경주: 선행5·선입0·추입2 → ⚡ 빠른 페이스
[경륜전개] 호후 7경주: 하이(주도권 경합) · 라인 5개 · 페어 [[5, 2], [3, 7]]
[복병 이동 상한] 2+3 62.4배 > 특별상한 50.0배 → 💎 노출 제외(참고)
[경륜 추천 모순 수정] 고배당 강제조합 2건 메인→복병 이동(25배 상한)
[단통 상한] 메인 2개 · 복병이동 0개
[각질편성] 중경 2경주: 선행0·선입0·추입0 → 🐌 느린 페이스
[잔존마 필터] 삿포로 2경주: 전적 11두 → 배당 출전마 8두 (배당 없는 마번 제외: [9, 10, 11])
[각질편성] 삿포로 2경주: 선행0·선입0·추입0 → 🐌 느린 페이스
[복승불일치 축교정] 삿포로 2경주: 축 [2, 8]로 교정(자금이탈 강등 [4]·🔴🔴)
[잔존마 필터] 삿포로 2경주: 전적 11두 → 배당 출전마 8두 (배당 없는 마번 제외: [9, 10, 11])
[각질편성] 삿포로 2경주: 선행0·선입0·추입0 → 🐌 느린 페이스
[복승불일치 축교정] 삿포로 2경주: 축 [2, 8]로 교정(자금이탈 강등 [4]·🔴🔴)
[placeholder 필터] 호후 5경주 복승 껍데기 배당 9조합 제외(값: [100])
[각질편성] 호후 5경주: 선행3·선입0·추입4 → ⚡ 빠른 페이스
[경륜전개] 호후 5경주: 보통 · 라인 3개 · 페어 [[5, 1], [4, 2], [3, 7]]
[3종 수집] 호후 7경주: {'quinella': 21, 'exacta': 42, 'trio': 0, 'win': 0} (history 6)
[3종 수집] 삿포로 2경주: {'quinella': 25, 'exacta': 0, 'trio': 0, 'win': 0} (history 12)
[잔존마 필터] 삿포로 2경주: 전적 11두 → 배당 출전마 8두 (배당 없는 마번 제외: [9, 10, 11])
[각질편성] 삿포로 2경주: 선행0·선입0·추입0 → 🐌 느린 페이스
[복승불일치 축교정] 삿포로 2경주: 축 [2, 8]로 교정(자금이탈 강등 [4]·🔴🔴)
[각질편성] 호후 7경주: 선행5·선입0·추입2 → ⚡ 빠른 페이스
[경륜전개] 호후 7경주: 하이(주도권 경합) · 라인 5개 · 페어 [[5, 2], [3, 7]]
[복병 이동 상한] 2+3 72.3배 > 특별상한 50.0배 → 💎 노출 제외(참고)
[경륜 추천 모순 수정] 고배당 강제조합 2건 메인→복병 이동(25배 상한)
[단통 상한] 메인 2개 · 복병이동 0개
[자동분석·배경] 호후 7경주: 마감 419초 전 재분석(rec_history 누적·cycle)
[placeholder 필터] 아오모리 7경주 쌍승 껍데기 배당 3조합 제외(값: [1703.0])
[각질편성] 아오모리 7경주: 선행5·선입0·추입2 → ⚡ 빠른 페이스
[경륜전개] 아오모리 7경주: 슬로우(단독 선행) · 라인 5개 · 페어 [[4, 5], [3, 7]]
[각질편성] 호후 7경주: 선행5·선입0·추입2 → ⚡ 빠른 페이스
[경륜전개] 호후 7경주: 하이(주도권 경합) · 라인 5개 · 페어 [[5, 2], [3, 7]]
[각질편성] 호후 7경주: 선행5·선입0·추입2 → ⚡ 빠른 페이스
[경륜전개] 호후 7경주: 하이(주도권 경합) · 라인 5개 · 페어 [[5, 2], [3, 7]]
[복병 이동 상한] 2+3 72.3배 > 특별상한 50.0배 → 💎 노출 제외(참고)
[경륜 추천 모순 수정] 고배당 강제조합 2건 메인→복병 이동(25배 상한)
[단통 상한] 메인 2개 · 복병이동 0개
[복병 이동 상한] 2+3 72.3배 > 특별상한 50.0배 → 💎 노출 제외(참고)
[경륜 추천 모순 수정] 고배당 강제조합 2건 메인→복병 이동(25배 상한)
[단통 상한] 메인 2개 · 복병이동 0개
[카카오알림] 호후 7경주 T-7 → 큐 적재
[잔존마 필터] 삿포로 2경주: 전적 11두 → 배당 출전마 8두 (배당 없는 마번 제외: [9, 10, 11])
[각질편성] 삿포로 2경주: 선행0·선입0·추입0 → 🐌 느린 페이스
[복승불일치 축교정] 삿포로 2경주: 축 [2, 8]로 교정(자금이탈 강등 [4]·🔴🔴)
[잔존마 필터] 삿포로 2경주: 전적 11두 → 배당 출전마 8두 (배당 없는 마번 제외: [9, 10, 11])
[각질편성] 삿포로 2경주: 선행0·선입0·추입0 → 🐌 느린 페이스
[복승불일치 축교정] 삿포로 2경주: 축 [2, 8]로 교정(자금이탈 강등 [4]·🔴🔴)
[placeholder 필터] 호후 5경주 복승 껍데기 배당 9조합 제외(값: [100])
[각질편성] 호후 5경주: 선행3·선입0·추입4 → ⚡ 빠른 페이스
[경륜전개] 호후 5경주: 보통 · 라인 3개 · 페어 [[5, 1], [4, 2], [3, 7]]
[잔존마 필터] 삿포로 2경주: 전적 11두 → 배당 출전마 8두 (배당 없는 마번 제외: [9, 10, 11])
[각질편성] 삿포로 2경주: 선행0·선입0·추입0 → 🐌 느린 페이스
[복승불일치 축교정] 삿포로 2경주: 축 [2, 8]로 교정(자금이탈 강등 [4]·🔴🔴)
[잔존마 필터] 삿포로 2경주: 전적 11두 → 배당 출전마 8두 (배당 없는 마번 제외: [9, 10, 11])
[각질편성] 삿포로 2경주: 선행0·선입0·추입0 → 🐌 느린 페이스
[잔존마 필터] 삿포로 2경주: 전적 11두 → 배당 출전마 8두 (배당 없는 마번 제외: [9, 10, 11])
[각질편성] 삿포로 2경주: 선행0·선입0·추입0 → 🐌 느린 페이스
[복승불일치 축교정] 삿포로 2경주: 축 [2, 8]로 교정(자금이탈 강등 [4]·🔴🔴)
[복승불일치 축교정] 삿포로 2경주: 축 [2, 8]로 교정(자금이탈 강등 [4]·🔴🔴)
[잔존마 필터] 삿포로 2경주: 전적 11두 → 배당 출전마 8두 (배당 없는 마번 제외: [9, 10, 11])
[각질편성] 삿포로 2경주: 선행0·선입0·추입0 → 🐌 느린 페이스
[복승불일치 축교정] 삿포로 2경주: 축 [2, 8]로 교정(자금이탈 강등 [4]·🔴🔴)
[placeholder 필터] 호후 5경주 복승 껍데기 배당 9조합 제외(값: [100])
[각질편성] 호후 5경주: 선행3·선입0·추입4 → ⚡ 빠른 페이스
[경륜전개] 호후 5경주: 보통 · 라인 3개 · 페어 [[5, 1], [4, 2], [3, 7]]
[한국 전적] 삿포로 2경주: 11두 저장(PDF, 전적 11두)
[잔존마 필터] 삿포로 2경주: 전적 11두 → 배당 출전마 8두 (배당 없는 마번 제외: [9, 10, 11])
[각질편성] 삿포로 2경주: 선행0·선입0·추입0 → 🐌 느린 페이스
[복승불일치 축교정] 삿포로 2경주: 축 [2, 8]로 교정(자금이탈 강등 [4]·🔴🔴)
[3종 수집] 삿포로 2경주: {'quinella': 21, 'exacta': 0, 'trio': 0, 'win': 0} (history 12)
[placeholder 필터] 삿포로 2경주 복승 껍데기 배당 9조합 제외(값: [100])
[잔존마 필터] 삿포로 2경주: 전적 11두 → 배당 출전마 6두 (배당 없는 마번 제외: [2, 7, 9, 10, 11])
[각질편성] 삿포로 2경주: 선행0·선입0·추입0 → 🐌 느린 페이스
[한국이력 검역] 거부 — 파일=부산 2R / 본문 raceKey=삿포로 2경주 (경마장 불일치)
[placeholder 필터] 삿포로 2경주 복승 껍데기 배당 9조합 제외(값: [100])
[잔존마 필터] 삿포로 2경주: 전적 11두 → 배당 출전마 6두 (배당 없는 마번 제외: [2, 7, 9, 10, 11])
[각질편성] 삿포로 2경주: 선행0·선입0·추입0 → 🐌 느린 페이스
[3종 수집] 호후 7경주: {'quinella': 21, 'exacta': 42, 'trio': 0, 'win': 0} (history 7)
[각질편성] 호후 7경주: 선행5·선입0·추입2 → ⚡ 빠른 페이스
[경륜전개] 호후 7경주: 하이(주도권 경합) · 라인 5개 · 페어 [[5, 2], [3, 7]]
[placeholder 필터] 삿포로 2경주 복승 껍데기 배당 9조합 제외(값: [100])
[잔존마 필터] 삿포로 2경주: 전적 11두 → 배당 출전마 6두 (배당 없는 마번 제외: [2, 7, 9, 10, 11])
[각질편성] 삿포로 2경주: 선행0·선입0·추입0 → 🐌 느린 페이스
[복병 이동 상한] 2+3 72.3배 > 특별상한 50.0배 → 💎 노출 제외(참고)
[경륜 추천 모순 수정] 고배당 강제조합 2건 메인→복병 이동(25배 상한)
[단통 상한] 메인 2개 · 복병이동 0개
[자동분석·배경] 호후 7경주: 마감 386초 전 재분석(rec_history 누적·cycle)
[placeholder 필터] 호후 5경주 복승 껍데기 배당 9조합 제외(값: [100])
[각질편성] 호후 5경주: 선행3·선입0·추입4 → ⚡ 빠른 페이스
[placeholder 필터] 호후 5경주 복승 껍데기 배당 9조합 제외(값: [100])
[경륜전개] 호후 5경주: 보통 · 라인 3개 · 페어 [[5, 1], [4, 2], [3, 7]]
[각질편성] 아오모리 4경주: 선행2·선입0·추입5 → 보통 페이스
[placeholder 필터] 삿포로 2경주 복승 껍데기 배당 9조합 제외(값: [100])
[placeholder 필터] 삿포로 2경주 복승 껍데기 배당 9조합 제외(값: [100])
[각질편성] 호후 5경주: 선행3·선입0·추입4 → ⚡ 빠른 페이스
[경륜전개] 아오모리 4경주: 슬로우(단독 선행) · 라인 2개 · 페어 [[2, 7], [4, 1]]
[경륜전개] 호후 5경주: 보통 · 라인 3개 · 페어 [[5, 1], [4, 2], [3, 7]]
[잔존마 필터] 삿포로 2경주: 전적 11두 → 배당 출전마 6두 (배당 없는 마번 제외: [2, 7, 9, 10, 11])
[각질편성] 삿포로 2경주: 선행0·선입0·추입0 → 🐌 느린 페이스
[잔존마 필터] 삿포로 2경주: 전적 11두 → 배당 출전마 6두 (배당 없는 마번 제외: [2, 7, 9, 10, 11])
[복승불일치 축교정] 아오모리 4경주: 축 [1, 4]로 교정(자금이탈 강등 [7]·🔴🔴)
[각질편성] 삿포로 2경주: 선행0·선입0·추입0 → 🐌 느린 페이스
[각질편성] 호후 4경주: 선행2·선입0·추입5 → 보통 페이스
[경륜전개] 호후 4경주: 보통 · 라인 2개 · 페어 [[2, 7], [3, 4]]
[각질편성] 아오모리 5경주: 선행2·선입0·추입5 → 보통 페이스
[경륜전개] 아오모리 5경주: 보통 · 라인 2개 · 페어 [[3, 4], [5, 1]]
[복승불일치 축교정] 아오모리 5경주: 축 [1, 3]로 교정(자금이탈 강등 [6]·🔴)
[각질편성] 호후 5경주: 선행3·선입0·추입4 → ⚡ 빠른 페이스
[경륜전개] 호후 5경주: 보통 · 라인 3개 · 페어 [[5, 1], [4, 2], [3, 7]]
[각질편성] 아오모리 6경주: 선행4·선입0·추입3 → ⚡ 빠른 페이스
[경륜전개] 아오모리 6경주: 하이(주도권 경합) · 라인 4개 · 페어 [[1, 3], [7, 4], [6, 2]]
[placeholder 필터] 호후 6경주 쌍승 껍데기 배당 3조합 제외(값: [300.2])
[각질편성] 호후 6경주: 선행5·선입0·추입2 → ⚡ 빠른 페이스
[경륜전개] 호후 6경주: 보통 · 라인 5개 · 페어 [[5, 1], [4, 2]]
[placeholder 필터] 아오모리 7경주 쌍승 껍데기 배당 3조합 제외(값: [1703.0])
[각질편성] 아오모리 7경주: 선행5·선입0·추입2 → ⚡ 빠른 페이스
[경륜전개] 아오모리 7경주: 슬로우(단독 선행) · 라인 5개 · 페어 [[4, 5], [3, 7]]
[각질편성] 호후 7경주: 선행5·선입0·추입2 → ⚡ 빠른 페이스
[경륜전개] 호후 7경주: 하이(주도권 경합) · 라인 5개 · 페어 [[5, 2], [3, 7]]
[복병 이동 상한] 2+3 72.3배 > 특별상한 50.0배 → 💎 노출 제외(참고)
[경륜 추천 모순 수정] 고배당 강제조합 2건 메인→복병 이동(25배 상한)
[단통 상한] 메인 2개 · 복병이동 0개
[각질편성] 중경 2경주: 선행0·선입0·추입0 → 🐌 느린 페이스
[결과기록] 캐시 갱신 — 재파싱 1건 / 전체 1658건
[placeholder 필터] 삿포로 2경주 복승 껍데기 배당 9조합 제외(값: [100])
[잔존마 필터] 삿포로 2경주: 전적 11두 → 배당 출전마 6두 (배당 없는 마번 제외: [2, 7, 9, 10, 11])
[각질편성] 삿포로 2경주: 선행0·선입0·추입0 → 🐌 느린 페이스
[3종 수집] 호후 7경주: {'quinella': 21, 'exacta': 42, 'trio': 0, 'win': 0} (history 8)
[placeholder 필터] 호후 7경주 쌍승 껍데기 배당 3조합 제외(값: [295.5])
[각질편성] 호후 7경주: 선행5·선입0·추입2 → ⚡ 빠른 페이스
[경륜전개] 호후 7경주: 하이(주도권 경합) · 라인 5개 · 페어 [[5, 2], [3, 7]]
[복병 이동 상한] 2+3 72.3배 > 특별상한 50.0배 → 💎 노출 제외(참고)
[경륜 추천 모순 수정] 고배당 강제조합 2건 메인→복병 이동(25배 상한)
[단통 상한] 메인 3개 · 복병이동 0개
[자동분석·배경] 호후 7경주: 마감 353초 전 재분석(rec_history 누적·cycle)
[3종 수집] 호후 7경주: {'quinella': 21, 'exacta': 42, 'trio': 0, 'win': 0} (history 9)
[placeholder 필터] 호후 7경주 쌍승 껍데기 배당 3조합 제외(값: [295.5])
[각질편성] 호후 7경주: 선행5·선입0·추입2 → ⚡ 빠른 페이스
[경륜전개] 호후 7경주: 하이(주도권 경합) · 라인 5개 · 페어 [[5, 2], [3, 7]]
[복병 이동 상한] 2+3 67.0배 > 특별상한 50.0배 → 💎 노출 제외(참고)
[경륜 추천 모순 수정] 고배당 강제조합 2건 메인→복병 이동(25배 상한)
[단통 상한] 메인 3개 · 복병이동 0개
[자동분석·배경] 호후 7경주: 마감 321초 전 재분석(rec_history 누적·cycle)
[placeholder 필터] 호후 7경주 쌍승 껍데기 배당 3조합 제외(값: [295.5])
[각질편성] 호후 7경주: 선행5·선입0·추입2 → ⚡ 빠른 페이스
[경륜전개] 호후 7경주: 하이(주도권 경합) · 라인 5개 · 페어 [[5, 2], [3, 7]]
[복병 이동 상한] 2+3 67.0배 > 특별상한 50.0배 → 💎 노출 제외(참고)
[경륜 추천 모순 수정] 고배당 강제조합 2건 메인→복병 이동(25배 상한)
[단통 상한] 메인 3개 · 복병이동 0개
[카카오알림] 호후 7경주 T-5 → 큐 적재
[placeholder 필터] 호후 5경주 복승 껍데기 배당 9조합 제외(값: [100])
[각질편성] 호후 5경주: 선행3·선입0·추입4 → ⚡ 빠른 페이스
[경륜전개] 호후 5경주: 보통 · 라인 3개 · 페어 [[5, 1], [4, 2], [3, 7]]
[placeholder 필터] 호후 5경주 복승 껍데기 배당 9조합 제외(값: [100])
[각질편성] 호후 5경주: 선행3·선입0·추입4 → ⚡ 빠른 페이스
[경륜전개] 호후 5경주: 보통 · 라인 3개 · 페어 [[5, 1], [4, 2], [3, 7]]
[각질편성] 아오모리 4경주: 선행2·선입0·추입5 → 보통 페이스
[경륜전개] 아오모리 4경주: 슬로우(단독 선행) · 라인 2개 · 페어 [[2, 7], [4, 1]]
[복승불일치 축교정] 아오모리 4경주: 축 [1, 4]로 교정(자금이탈 강등 [7]·🔴🔴)
[각질편성] 호후 4경주: 선행2·선입0·추입5 → 보통 페이스
[경륜전개] 호후 4경주: 보통 · 라인 2개 · 페어 [[2, 7], [3, 4]]
[각질편성] 아오모리 5경주: 선행2·선입0·추입5 → 보통 페이스
[경륜전개] 아오모리 5경주: 보통 · 라인 2개 · 페어 [[3, 4], [5, 1]]
[복승불일치 축교정] 아오모리 5경주: 축 [1, 3]로 교정(자금이탈 강등 [6]·🔴)
[각질편성] 호후 5경주: 선행3·선입0·추입4 → ⚡ 빠른 페이스
[경륜전개] 호후 5경주: 보통 · 라인 3개 · 페어 [[5, 1], [4, 2], [3, 7]]
[각질편성] 아오모리 6경주: 선행4·선입0·추입3 → ⚡ 빠른 페이스
[경륜전개] 아오모리 6경주: 하이(주도권 경합) · 라인 4개 · 페어 [[1, 3], [7, 4], [6, 2]]
[placeholder 필터] 호후 6경주 쌍승 껍데기 배당 3조합 제외(값: [300.2])
[각질편성] 호후 6경주: 선행5·선입0·추입2 → ⚡ 빠른 페이스
[경륜전개] 호후 6경주: 보통 · 라인 5개 · 페어 [[5, 1], [4, 2]]
[placeholder 필터] 아오모리 7경주 쌍승 껍데기 배당 3조합 제외(값: [1703.0])
[각질편성] 아오모리 7경주: 선행5·선입0·추입2 → ⚡ 빠른 페이스
[경륜전개] 아오모리 7경주: 슬로우(단독 선행) · 라인 5개 · 페어 [[4, 5], [3, 7]]
[placeholder 필터] 호후 7경주 쌍승 껍데기 배당 3조합 제외(값: [295.5])
[각질편성] 호후 7경주: 선행5·선입0·추입2 → ⚡ 빠른 페이스
[경륜전개] 호후 7경주: 하이(주도권 경합) · 라인 5개 · 페어 [[5, 2], [3, 7]]
[복병 이동 상한] 2+3 67.0배 > 특별상한 50.0배 → 💎 노출 제외(참고)
[경륜 추천 모순 수정] 고배당 강제조합 2건 메인→복병 이동(25배 상한)
[단통 상한] 메인 3개 · 복병이동 0개
[각질편성] 중경 2경주: 선행0·선입0·추입0 → 🐌 느린 페이스
[placeholder 필터] 삿포로 2경주 복승 껍데기 배당 9조합 제외(값: [100])
[잔존마 필터] 삿포로 2경주: 전적 11두 → 배당 출전마 6두 (배당 없는 마번 제외: [2, 7, 9, 10, 11])
[각질편성] 삿포로 2경주: 선행0·선입0·추입0 → 🐌 느린 페이스
[다중경주] 하트비트 #151 · 스케줄 ymd=20260801 (-1초 전 갱신 · 트랙 12개)
[3종 수집] 호후 7경주: {'quinella': 21, 'exacta': 42, 'trio': 0, 'win': 0} (history 10)
[경륜 전적·자동] 사세보 1경주: 7두 수집(競走得点·절대등급 A/B/C/D·라인[1, 5, 7, 3, 4, 6, 2]) → 통합등급 자동 반영
[3종 수집] 사세보 1경주: {'quinella': 21, 'exacta': 42, 'trio': 0, 'win': 0} (history 1)
🔮 [예측] 사세보 1경주: top3=[7, 3, 5] conf=4 · 이 경주는 7번 평산 유태의 '자재' 각질이 독특하게 작용할 것으로 예상
[각질편성] 호후 7경주: 선행5·선입0·추입2 → ⚡ 빠른 페이스
[경륜전개] 호후 7경주: 하이(주도권 경합) · 라인 5개 · 페어 [[5, 2], [3, 7]]
[복병 이동 상한] 2+3 73.5배 > 특별상한 50.0배 → 💎 노출 제외(참고)
[경륜 추천 모순 수정] 고배당 강제조합 2건 메인→복병 이동(25배 상한)
[단통 상한] 메인 3개 · 복병이동 0개
[자동예상] 호후 7경주 최종예상 저장(2026_08_01_호후_7경주.json)
[각질편성] 호후 7경주: 선행5·선입0·추입2 → ⚡ 빠른 페이스
[경륜전개] 호후 7경주: 하이(주도권 경합) · 라인 5개 · 페어 [[5, 2], [3, 7]]
[복병 이동 상한] 2+3 73.5배 > 특별상한 50.0배 → 💎 노출 제외(참고)
[경륜 추천 모순 수정] 고배당 강제조합 2건 메인→복병 이동(25배 상한)
[단통 상한] 메인 3개 · 복병이동 0개
[자동분석·배경] 호후 7경주: 마감 290초 전 재분석(rec_history 누적·cycle)
[각질편성] 사세보 1경주: 선행2·선입0·추입5 → 보통 페이스
[경륜전개] 사세보 1경주: 보통 · 라인 2개 · 페어 [[1, 5], [6, 2]]
[라인 페어 상한] 2+6 51.5배 > 특별상한 50.0배 → 💎 편입 제외(참고)
🔎 [결정론 검수] 사세보 1경주: B라인누락
[자동분석·배경] 사세보 1경주: 마감 590초 전 재분석(rec_history 누적·cycle)
[각질편성] 사세보 1경주: 선행2·선입0·추입5 → 보통 페이스
[경륜전개] 사세보 1경주: 보통 · 라인 2개 · 페어 [[1, 5], [6, 2]]
[라인 페어 상한] 2+6 51.5배 > 특별상한 50.0배 → 💎 편입 제외(참고)
[placeholder 필터] 호후 5경주 복승 껍데기 배당 9조합 제외(값: [100])
[각질편성] 호후 5경주: 선행3·선입0·추입4 → ⚡ 빠른 페이스
[경륜전개] 호후 5경주: 보통 · 라인 3개 · 페어 [[5, 1], [4, 2], [3, 7]]
[placeholder 필터] 호후 5경주 복승 껍데기 배당 9조합 제외(값: [100])
[각질편성] 아오모리 4경주: 선행2·선입0·추입5 → 보통 페이스
[경륜전개] 아오모리 4경주: 슬로우(단독 선행) · 라인 2개 · 페어 [[2, 7], [4, 1]]
[각질편성] 호후 5경주: 선행3·선입0·추입4 → ⚡ 빠른 페이스
[경륜전개] 호후 5경주: 보통 · 라인 3개 · 페어 [[5, 1], [4, 2], [3, 7]]
[복승불일치 축교정] 아오모리 4경주: 축 [1, 4]로 교정(자금이탈 강등 [7]·🔴🔴)
[활성정리] 끝난 경주 1건 제거(히스토리 보존): 호후 5경주
[3종 수집] 사세보 1경주: {'quinella': 21, 'exacta': 42, 'trio': 0, 'win': 0} (history 2)
[3종 수집] 호후 7경주: {'quinella': 21, 'exacta': 42, 'trio': 0, 'win': 0} (history 11)
[각질편성] 호후 7경주: 선행5·선입0·추입2 → ⚡ 빠른 페이스
[경륜전개] 호후 7경주: 하이(주도권 경합) · 라인 5개 · 페어 [[5, 2], [3, 7]]
[복병 이동 상한] 2+3 73.5배 > 특별상한 50.0배 → 💎 노출 제외(참고)
[경륜 추천 모순 수정] 고배당 강제조합 2건 메인→복병 이동(25배 상한)
[단통 상한] 메인 3개 · 복병이동 0개
[자동분석·배경] 호후 7경주: 마감 254초 전 재분석(rec_history 누적·cycle)
[각질편성] 사세보 1경주: 선행2·선입0·추입5 → 보통 페이스
[결과기록] 캐시 갱신 — 재파싱 2건 / 전체 1659건
[경륜전개] 사세보 1경주: 보통 · 라인 2개 · 페어 [[1, 5], [6, 2]]
[각질편성] 호후 4경주: 선행2·선입0·추입5 → 보통 페이스
[경륜전개] 호후 4경주: 보통 · 라인 2개 · 페어 [[2, 7], [3, 4]]
[라인 페어 상한] 2+6 51.5배 > 특별상한 50.0배 → 💎 편입 제외(참고)
[자동분석·배경] 사세보 1경주: 마감 554초 전 재분석(rec_history 누적·cycle)
[각질편성] 아오모리 5경주: 선행2·선입0·추입5 → 보통 페이스
[경륜전개] 아오모리 5경주: 보통 · 라인 2개 · 페어 [[3, 4], [5, 1]]
[복승불일치 축교정] 아오모리 5경주: 축 [1, 3]로 교정(자금이탈 강등 [6]·🔴)
[카톡 변경알림·즉시] 호후 7경주 (남은 254s): 삼복승 제외: 1+2+5 · 2+5+6
[각질편성] 호후 5경주: 선행3·선입0·추입4 → ⚡ 빠른 페이스
[경륜전개] 호후 5경주: 보통 · 라인 3개 · 페어 [[5, 1], [4, 2], [3, 7]]
[각질편성] 아오모리 6경주: 선행4·선입0·추입3 → ⚡ 빠른 페이스
[경륜전개] 아오모리 6경주: 하이(주도권 경합) · 라인 4개 · 페어 [[1, 3], [7, 4], [6, 2]]
[placeholder 필터] 호후 6경주 쌍승 껍데기 배당 3조합 제외(값: [300.2])
[각질편성] 호후 6경주: 선행5·선입0·추입2 → ⚡ 빠른 페이스
[경륜전개] 호후 6경주: 보통 · 라인 5개 · 페어 [[5, 1], [4, 2]]
[placeholder 필터] 아오모리 7경주 쌍승 껍데기 배당 3조합 제외(값: [1703.0])
[각질편성] 아오모리 7경주: 선행5·선입0·추입2 → ⚡ 빠른 페이스
[경륜전개] 아오모리 7경주: 슬로우(단독 선행) · 라인 5개 · 페어 [[4, 5], [3, 7]]
[각질편성] 호후 7경주: 선행5·선입0·추입2 → ⚡ 빠른 페이스
[경륜전개] 호후 7경주: 하이(주도권 경합) · 라인 5개 · 페어 [[5, 2], [3, 7]]
[복병 이동 상한] 2+3 73.5배 > 특별상한 50.0배 → 💎 노출 제외(참고)
[경륜 추천 모순 수정] 고배당 강제조합 2건 메인→복병 이동(25배 상한)
[단통 상한] 메인 3개 · 복병이동 0개
[각질편성] 사세보 1경주: 선행2·선입0·추입5 → 보통 페이스
[경륜전개] 사세보 1경주: 보통 · 라인 2개 · 페어 [[1, 5], [6, 2]]
[라인 페어 상한] 2+6 51.5배 > 특별상한 50.0배 → 💎 편입 제외(참고)
[각질편성] 중경 2경주: 선행0·선입0·추입0 → 🐌 느린 페이스
[placeholder 필터] 삿포로 2경주 복승 껍데기 배당 9조합 제외(값: [100])
[잔존마 필터] 삿포로 2경주: 전적 11두 → 배당 출전마 6두 (배당 없는 마번 제외: [2, 7, 9, 10, 11])
[각질편성] 삿포로 2경주: 선행0·선입0·추입0 → 🐌 느린 페이스
[3종 수집] 사세보 1경주: {'quinella': 21, 'exacta': 42, 'trio': 0, 'win': 0} (history 3)
[3종 수집] 호후 7경주: {'quinella': 21, 'exacta': 42, 'trio': 0, 'win': 0} (history 12)
[각질편성] 호후 7경주: 선행5·선입0·추입2 → ⚡ 빠른 페이스
[경륜전개] 호후 7경주: 하이(주도권 경합) · 라인 5개 · 페어 [[5, 2], [3, 7]]
[복승불일치 축교정] 호후 7경주: 축 [2, 5]로 교정(자금이탈 강등 [1]·🔴🔴)
[단통 상한] 메인 3개 · 복병이동 0개
[B라인 그물망] 호후 7경주: B라인[3, 7] 삼복승보험 [[3, 5, 7]] 추가
[자동분석·배경] 호후 7경주: 마감 220초 전 재분석(rec_history 누적·cycle)
[각질편성] 사세보 1경주: 선행2·선입0·추입5 → 보통 페이스
[경륜전개] 사세보 1경주: 보통 · 라인 2개 · 페어 [[1, 5], [6, 2]]
[라인 페어 상한] 2+6 51.5배 > 특별상한 50.0배 → 💎 편입 제외(참고)
[자동분석·배경] 사세보 1경주: 마감 520초 전 재분석(rec_history 누적·cycle)
[각질편성] 아오모리 4경주: 선행2·선입0·추입5 → 보통 페이스
[경륜전개] 아오모리 4경주: 슬로우(단독 선행) · 라인 2개 · 페어 [[2, 7], [4, 1]]
[복승불일치 축교정] 아오모리 4경주: 축 [1, 4]로 교정(자금이탈 강등 [7]·🔴🔴)
[각질편성] 호후 4경주: 선행2·선입0·추입5 → 보통 페이스
[경륜전개] 호후 4경주: 보통 · 라인 2개 · 페어 [[2, 7], [3, 4]]
[각질편성] 아오모리 5경주: 선행2·선입0·추입5 → 보통 페이스
[경륜전개] 아오모리 5경주: 보통 · 라인 2개 · 페어 [[3, 4], [5, 1]]
[복승불일치 축교정] 아오모리 5경주: 축 [1, 3]로 교정(자금이탈 강등 [6]·🔴)
[결과기록] 캐시 갱신 — 재파싱 2건 / 전체 1659건
[각질편성] 호후 5경주: 선행3·선입0·추입4 → ⚡ 빠른 페이스
[경륜전개] 호후 5경주: 보통 · 라인 3개 · 페어 [[5, 1], [4, 2], [3, 7]]
[각질편성] 아오모리 6경주: 선행4·선입0·추입3 → ⚡ 빠른 페이스
[경륜전개] 아오모리 6경주: 하이(주도권 경합) · 라인 4개 · 페어 [[1, 3], [7, 4], [6, 2]]
[placeholder 필터] 호후 6경주 쌍승 껍데기 배당 3조합 제외(값: [300.2])
[각질편성] 호후 6경주: 선행5·선입0·추입2 → ⚡ 빠른 페이스
[경륜전개] 호후 6경주: 보통 · 라인 5개 · 페어 [[5, 1], [4, 2]]
[placeholder 필터] 아오모리 7경주 쌍승 껍데기 배당 3조합 제외(값: [1703.0])
[각질편성] 아오모리 7경주: 선행5·선입0·추입2 → ⚡ 빠른 페이스
[경륜전개] 아오모리 7경주: 슬로우(단독 선행) · 라인 5개 · 페어 [[4, 5], [3, 7]]
[각질편성] 호후 7경주: 선행5·선입0·추입2 → ⚡ 빠른 페이스
[경륜전개] 호후 7경주: 하이(주도권 경합) · 라인 5개 · 페어 [[5, 2], [3, 7]]
[복승불일치 축교정] 호후 7경주: 축 [2, 5]로 교정(자금이탈 강등 [1]·🔴🔴)
[단통 상한] 메인 3개 · 복병이동 0개
[B라인 그물망] 호후 7경주: B라인[3, 7] 삼복승보험 [[3, 5, 7]] 추가
[각질편성] 사세보 1경주: 선행2·선입0·추입5 → 보통 페이스
[경륜전개] 사세보 1경주: 보통 · 라인 2개 · 페어 [[1, 5], [6, 2]]
[라인 페어 상한] 2+6 51.5배 > 특별상한 50.0배 → 💎 편입 제외(참고)
[각질편성] 중경 2경주: 선행0·선입0·추입0 → 🐌 느린 페이스
[placeholder 필터] 삿포로 2경주 복승 껍데기 배당 9조합 제외(값: [100])
[잔존마 필터] 삿포로 2경주: 전적 11두 → 배당 출전마 6두 (배당 없는 마번 제외: [2, 7, 9, 10, 11])
[각질편성] 삿포로 2경주: 선행0·선입0·추입0 → 🐌 느린 페이스
[3종 수집] 사세보 1경주: {'quinella': 21, 'exacta': 42, 'trio': 0, 'win': 0} (history 4)
[3종 수집] 호후 7경주: {'quinella': 21, 'exacta': 42, 'trio': 0, 'win': 0} (history 12)
[각질편성] 호후 7경주: 선행5·선입0·추입2 → ⚡ 빠른 페이스
[경륜전개] 호후 7경주: 하이(주도권 경합) · 라인 5개 · 페어 [[5, 2], [3, 7]]
[복승불일치 축교정] 호후 7경주: 축 [2, 5]로 교정(자금이탈 강등 [1]·🔴🔴)
[단통 상한] 메인 3개 · 복병이동 0개
[B라인 그물망] 호후 7경주: B라인[3, 7] 삼복승보험 [[3, 5, 7]] 추가
[자동분석·배경] 호후 7경주: 마감 188초 전 재분석(rec_history 누적·cycle)
[각질편성] 사세보 1경주: 선행2·선입0·추입5 → 보통 페이스
[경륜전개] 사세보 1경주: 보통 · 라인 2개 · 페어 [[1, 5], [6, 2]]
[라인 페어 상한] 2+6 51.5배 > 특별상한 50.0배 → 💎 편입 제외(참고)
[경륜 추천 개수] 7명 → 메인 3개(상한 3) · 복병 이동 1개
[자동분석·배경] 사세보 1경주: 마감 488초 전 재분석(rec_history 누적·cycle)
[3종 수집] 호후 7경주: {'quinella': 21, 'exacta': 42, 'trio': 0, 'win': 0} (history 12)
[3종 수집] 사세보 1경주: {'quinella': 21, 'exacta': 42, 'trio': 0, 'win': 0} (history 5)
[각질편성] 호후 7경주: 선행5·선입0·추입2 → ⚡ 빠른 페이스
[경륜전개] 호후 7경주: 하이(주도권 경합) · 라인 5개 · 페어 [[5, 2], [3, 7]]
[복승불일치 축교정] 호후 7경주: 축 [2, 5]로 교정(자금이탈 강등 [1]·🔴🔴)
[T-2분 왕축 동결] 호후 7경주: [2, 5] → [2, 5] 유지(cur_mb=2)
[단통 상한] 메인 3개 · 복병이동 0개
[B라인 그물망] 호후 7경주: B라인[3, 7] 삼복승보험 [[3, 5, 7]] 추가
[자동분석·배경] 호후 7경주: 마감 155초 전 재분석(rec_history 누적·cycle)
[placeholder 필터] 사세보 1경주 쌍승 껍데기 배당 3조합 제외(값: [257.5])
[각질편성] 사세보 1경주: 선행2·선입0·추입5 → 보통 페이스
[경륜전개] 사세보 1경주: 보통 · 라인 2개 · 페어 [[1, 5], [6, 2]]
[라인 페어 상한] 2+6 55.8배 > 특별상한 50.0배 → 💎 편입 제외(참고)
[자동분석·배경] 사세보 1경주: 마감 455초 전 재분석(rec_history 누적·cycle)
[각질편성] 아오모리 4경주: 선행2·선입0·추입5 → 보통 페이스
[경륜전개] 아오모리 4경주: 슬로우(단독 선행) · 라인 2개 · 페어 [[2, 7], [4, 1]]
[복승불일치 축교정] 아오모리 4경주: 축 [1, 4]로 교정(자금이탈 강등 [7]·🔴🔴)
[각질편성] 호후 4경주: 선행2·선입0·추입5 → 보통 페이스
[경륜전개] 호후 4경주: 보통 · 라인 2개 · 페어 [[2, 7], [3, 4]]
[각질편성] 아오모리 5경주: 선행2·선입0·추입5 → 보통 페이스
[경륜전개] 아오모리 5경주: 보통 · 라인 2개 · 페어 [[3, 4], [5, 1]]
[복승불일치 축교정] 아오모리 5경주: 축 [1, 3]로 교정(자금이탈 강등 [6]·🔴)
[각질편성] 호후 5경주: 선행3·선입0·추입4 → ⚡ 빠른 페이스
[경륜전개] 호후 5경주: 보통 · 라인 3개 · 페어 [[5, 1], [4, 2], [3, 7]]
[결과기록] 캐시 갱신 — 재파싱 2건 / 전체 1659건
[각질편성] 아오모리 6경주: 선행4·선입0·추입3 → ⚡ 빠른 페이스
[경륜전개] 아오모리 6경주: 하이(주도권 경합) · 라인 4개 · 페어 [[1, 3], [7, 4], [6, 2]]
[placeholder 필터] 호후 6경주 쌍승 껍데기 배당 3조합 제외(값: [300.2])
[각질편성] 호후 6경주: 선행5·선입0·추입2 → ⚡ 빠른 페이스
[경륜전개] 호후 6경주: 보통 · 라인 5개 · 페어 [[5, 1], [4, 2]]
[placeholder 필터] 아오모리 7경주 쌍승 껍데기 배당 3조합 제외(값: [1703.0])
[각질편성] 아오모리 7경주: 선행5·선입0·추입2 → ⚡ 빠른 페이스
[경륜전개] 아오모리 7경주: 슬로우(단독 선행) · 라인 5개 · 페어 [[4, 5], [3, 7]]
[각질편성] 호후 7경주: 선행5·선입0·추입2 → ⚡ 빠른 페이스
[경륜전개] 호후 7경주: 하이(주도권 경합) · 라인 5개 · 페어 [[5, 2], [3, 7]]
[복승불일치 축교정] 호후 7경주: 축 [2, 5]로 교정(자금이탈 강등 [1]·🔴🔴)
[T-2분 왕축 동결] 호후 7경주: [2, 5] → [2, 5] 유지(cur_mb=2)
[단통 상한] 메인 3개 · 복병이동 0개
[B라인 그물망] 호후 7경주: B라인[3, 7] 삼복승보험 [[3, 5, 7]] 추가
[placeholder 필터] 사세보 1경주 쌍승 껍데기 배당 3조합 제외(값: [257.5])
[각질편성] 사세보 1경주: 선행2·선입0·추입5 → 보통 페이스
[경륜전개] 사세보 1경주: 보통 · 라인 2개 · 페어 [[1, 5], [6, 2]]
[라인 페어 상한] 2+6 55.8배 > 특별상한 50.0배 → 💎 편입 제외(참고)
[각질편성] 중경 2경주: 선행0·선입0·추입0 → 🐌 느린 페이스
[placeholder 필터] 삿포로 2경주 복승 껍데기 배당 9조합 제외(값: [100])
[잔존마 필터] 삿포로 2경주: 전적 11두 → 배당 출전마 6두 (배당 없는 마번 제외: [2, 7, 9, 10, 11])
[각질편성] 삿포로 2경주: 선행0·선입0·추입0 → 🐌 느린 페이스
[3종 수집] 호후 7경주: {'quinella': 21, 'exacta': 42, 'trio': 0, 'win': 0} (history 12)
[3종 수집] 사세보 1경주: {'quinella': 21, 'exacta': 42, 'trio': 0, 'win': 0} (history 6)
[각질편성] 호후 7경주: 선행5·선입0·추입2 → ⚡ 빠른 페이스
[경륜전개] 호후 7경주: 하이(주도권 경합) · 라인 5개 · 페어 [[5, 2], [3, 7]]
[복승불일치 축교정] 호후 7경주: 축 [2, 5]로 교정(자금이탈 강등 [1]·🔴🔴)
[T-2분 왕축 동결] 호후 7경주: [2, 5] → [2, 5] 유지(cur_mb=2)
[단통 상한] 메인 3개 · 복병이동 0개
[B라인 그물망] 호후 7경주: B라인[3, 7] 삼복승보험 [[3, 5, 7]] 추가
[자동분석·배경] 호후 7경주: 마감 123초 전 재분석(rec_history 누적·cycle)
[placeholder 필터] 사세보 1경주 쌍승 껍데기 배당 3조합 제외(값: [257.5])
[각질편성] 사세보 1경주: 선행2·선입0·추입5 → 보통 페이스
[경륜전개] 사세보 1경주: 보통 · 라인 2개 · 페어 [[1, 5], [6, 2]]
[라인 페어 상한] 2+6 55.8배 > 특별상한 50.0배 → 💎 편입 제외(참고)
[자동분석·배경] 사세보 1경주: 마감 423초 전 재분석(rec_history 누적·cycle)
[placeholder 필터] 사세보 1경주 쌍승 껍데기 배당 3조합 제외(값: [257.5])
[각질편성] 사세보 1경주: 선행2·선입0·추입5 → 보통 페이스
[경륜전개] 사세보 1경주: 보통 · 라인 2개 · 페어 [[1, 5], [6, 2]]
[라인 페어 상한] 2+6 55.8배 > 특별상한 50.0배 → 💎 편입 제외(참고)
[카카오알림] 사세보 1경주 T-7 → 큐 적재
[각질편성] 아오모리 4경주: 선행2·선입0·추입5 → 보통 페이스
[경륜전개] 아오모리 4경주: 슬로우(단독 선행) · 라인 2개 · 페어 [[2, 7], [4, 1]]
[복승불일치 축교정] 아오모리 4경주: 축 [1, 4]로 교정(자금이탈 강등 [7]·🔴🔴)
[각질편성] 호후 4경주: 선행2·선입0·추입5 → 보통 페이스
[경륜전개] 호후 4경주: 보통 · 라인 2개 · 페어 [[2, 7], [3, 4]]
[각질편성] 아오모리 5경주: 선행2·선입0·추입5 → 보통 페이스
[경륜전개] 아오모리 5경주: 보통 · 라인 2개 · 페어 [[3, 4], [5, 1]]
[복승불일치 축교정] 아오모리 5경주: 축 [1, 3]로 교정(자금이탈 강등 [6]·🔴)
[각질편성] 호후 5경주: 선행3·선입0·추입4 → ⚡ 빠른 페이스
[경륜전개] 호후 5경주: 보통 · 라인 3개 · 페어 [[5, 1], [4, 2], [3, 7]]
[각질편성] 아오모리 6경주: 선행4·선입0·추입3 → ⚡ 빠른 페이스
[경륜전개] 아오모리 6경주: 하이(주도권 경합) · 라인 4개 · 페어 [[1, 3], [7, 4], [6, 2]]
[placeholder 필터] 호후 6경주 쌍승 껍데기 배당 3조합 제외(값: [300.2])
[각질편성] 호후 6경주: 선행5·선입0·추입2 → ⚡ 빠른 페이스
[경륜전개] 호후 6경주: 보통 · 라인 5개 · 페어 [[5, 1], [4, 2]]
[placeholder 필터] 아오모리 7경주 쌍승 껍데기 배당 3조합 제외(값: [1703.0])
[각질편성] 아오모리 7경주: 선행5·선입0·추입2 → ⚡ 빠른 페이스
[경륜전개] 아오모리 7경주: 슬로우(단독 선행) · 라인 5개 · 페어 [[4, 5], [3, 7]]
[각질편성] 호후 7경주: 선행5·선입0·추입2 → ⚡ 빠른 페이스
[경륜전개] 호후 7경주: 하이(주도권 경합) · 라인 5개 · 페어 [[5, 2], [3, 7]]
[복승불일치 축교정] 호후 7경주: 축 [2, 5]로 교정(자금이탈 강등 [1]·🔴🔴)
[T-2분 왕축 동결] 호후 7경주: [2, 5] → [2, 5] 유지(cur_mb=1)
[단통 상한] 메인 3개 · 복병이동 0개
[B라인 그물망] 호후 7경주: B라인[3, 7] 삼복승보험 [[3, 5, 7]] 추가
[placeholder 필터] 사세보 1경주 쌍승 껍데기 배당 3조합 제외(값: [257.5])
[각질편성] 사세보 1경주: 선행2·선입0·추입5 → 보통 페이스
[경륜전개] 사세보 1경주: 보통 · 라인 2개 · 페어 [[1, 5], [6, 2]]
[라인 페어 상한] 2+6 55.8배 > 특별상한 50.0배 → 💎 편입 제외(참고)
[각질편성] 중경 2경주: 선행0·선입0·추입0 → 🐌 느린 페이스
[placeholder 필터] 삿포로 2경주 복승 껍데기 배당 9조합 제외(값: [100])
[잔존마 필터] 삿포로 2경주: 전적 11두 → 배당 출전마 6두 (배당 없는 마번 제외: [2, 7, 9, 10, 11])
[각질편성] 삿포로 2경주: 선행0·선입0·추입0 → 🐌 느린 페이스
[3종 수집] 호후 7경주: {'quinella': 21, 'exacta': 42, 'trio': 0, 'win': 0} (history 12)
[3종 수집] 사세보 1경주: {'quinella': 21, 'exacta': 42, 'trio': 0, 'win': 0} (history 7)
[각질편성] 호후 7경주: 선행5·선입0·추입2 → ⚡ 빠른 페이스
[경륜전개] 호후 7경주: 하이(주도권 경합) · 라인 5개 · 페어 [[5, 2], [3, 7]]
[복승불일치 축교정] 호후 7경주: 축 [2, 5]로 교정(자금이탈 강등 [1]·🔴🔴)
[T-2분 왕축 동결] 호후 7경주: [2, 5] → [2, 5] 유지(cur_mb=1)
[단통 상한] 메인 3개 · 복병이동 0개
[B라인 그물망] 호후 7경주: B라인[3, 7] 삼복승보험 [[3, 5, 7]] 추가
[자동분석·배경] 호후 7경주: 마감 91초 전 재분석(rec_history 누적·cycle)
[placeholder 필터] 사세보 1경주 쌍승 껍데기 배당 3조합 제외(값: [115.8])
[각질편성] 사세보 1경주: 선행2·선입0·추입5 → 보통 페이스
[경륜전개] 사세보 1경주: 보통 · 라인 2개 · 페어 [[1, 5], [6, 2]]
[라인 페어 상한] 2+6 55.8배 > 특별상한 50.0배 → 💎 편입 제외(참고)
[자동분석·배경] 사세보 1경주: 마감 391초 전 재분석(rec_history 누적·cycle)
[각질편성] 아오모리 4경주: 선행2·선입0·추입5 → 보통 페이스
[경륜전개] 아오모리 4경주: 슬로우(단독 선행) · 라인 2개 · 페어 [[2, 7], [4, 1]]
[복승불일치 축교정] 아오모리 4경주: 축 [1, 4]로 교정(자금이탈 강등 [7]·🔴🔴)
[각질편성] 호후 4경주: 선행2·선입0·추입5 → 보통 페이스
[경륜전개] 호후 4경주: 보통 · 라인 2개 · 페어 [[2, 7], [3, 4]]
[각질편성] 아오모리 5경주: 선행2·선입0·추입5 → 보통 페이스
[경륜전개] 아오모리 5경주: 보통 · 라인 2개 · 페어 [[3, 4], [5, 1]]
[복승불일치 축교정] 아오모리 5경주: 축 [1, 3]로 교정(자금이탈 강등 [6]·🔴)
[각질편성] 호후 5경주: 선행3·선입0·추입4 → ⚡ 빠른 페이스
[경륜전개] 호후 5경주: 보통 · 라인 3개 · 페어 [[5, 1], [4, 2], [3, 7]]
[결과기록] 캐시 갱신 — 재파싱 2건 / 전체 1659건
[각질편성] 아오모리 6경주: 선행4·선입0·추입3 → ⚡ 빠른 페이스
[경륜전개] 아오모리 6경주: 하이(주도권 경합) · 라인 4개 · 페어 [[1, 3], [7, 4], [6, 2]]
[placeholder 필터] 호후 6경주 쌍승 껍데기 배당 3조합 제외(값: [300.2])
[각질편성] 호후 6경주: 선행5·선입0·추입2 → ⚡ 빠른 페이스
[경륜전개] 호후 6경주: 보통 · 라인 5개 · 페어 [[5, 1], [4, 2]]
[placeholder 필터] 아오모리 7경주 쌍승 껍데기 배당 3조합 제외(값: [1703.0])
[각질편성] 아오모리 7경주: 선행5·선입0·추입2 → ⚡ 빠른 페이스
[경륜전개] 아오모리 7경주: 슬로우(단독 선행) · 라인 5개 · 페어 [[4, 5], [3, 7]]
[각질편성] 호후 7경주: 선행5·선입0·추입2 → ⚡ 빠른 페이스
[경륜전개] 호후 7경주: 하이(주도권 경합) · 라인 5개 · 페어 [[5, 2], [3, 7]]
[복승불일치 축교정] 호후 7경주: 축 [2, 5]로 교정(자금이탈 강등 [1]·🔴🔴)
[T-2분 왕축 동결] 호후 7경주: [2, 5] → [2, 5] 유지(cur_mb=1)
[단통 상한] 메인 3개 · 복병이동 0개
[B라인 그물망] 호후 7경주: B라인[3, 7] 삼복승보험 [[3, 5, 7]] 추가
[placeholder 필터] 사세보 1경주 쌍승 껍데기 배당 3조합 제외(값: [115.8])
[각질편성] 사세보 1경주: 선행2·선입0·추입5 → 보통 페이스
[경륜전개] 사세보 1경주: 보통 · 라인 2개 · 페어 [[1, 5], [6, 2]]
[라인 페어 상한] 2+6 55.8배 > 특별상한 50.0배 → 💎 편입 제외(참고)
[각질편성] 중경 2경주: 선행0·선입0·추입0 → 🐌 느린 페이스
[placeholder 필터] 삿포로 2경주 복승 껍데기 배당 9조합 제외(값: [100])
[잔존마 필터] 삿포로 2경주: 전적 11두 → 배당 출전마 6두 (배당 없는 마번 제외: [2, 7, 9, 10, 11])
[각질편성] 삿포로 2경주: 선행0·선입0·추입0 → 🐌 느린 페이스
[3종 수집] 사세보 1경주: {'quinella': 21, 'exacta': 42, 'trio': 0, 'win': 0} (history 8)
[3종 수집] 호후 7경주: {'quinella': 21, 'exacta': 42, 'trio': 0, 'win': 0} (history 12)
[각질편성] 호후 7경주: 선행5·선입0·추입2 → ⚡ 빠른 페이스
[경륜전개] 호후 7경주: 하이(주도권 경합) · 라인 5개 · 페어 [[5, 2], [3, 7]]
[복승불일치 축교정] 호후 7경주: 축 [2, 5]로 교정(자금이탈 강등 [1]·🔴🔴)
[복병 이동 상한] 2+3 103.0배 > 특별상한 50.0배 → 💎 노출 제외(참고)
[경륜 추천 모순 수정] 고배당 강제조합 1건 메인→복병 이동(25배 상한)
[단통 상한] 메인 2개 · 복병이동 0개
[자동분석·배경] 호후 7경주: 마감 58초 전 재분석(rec_history 누적·cycle)
[placeholder 필터] 사세보 1경주 쌍승 껍데기 배당 3조합 제외(값: [115.8])
[각질편성] 사세보 1경주: 선행2·선입0·추입5 → 보통 페이스
[경륜전개] 사세보 1경주: 보통 · 라인 2개 · 페어 [[1, 5], [6, 2]]
[복승불일치 축교정] 사세보 1경주: 축 [3, 7]로 교정(자금이탈 강등 [5]·🔴🔴)
[라인 페어 상한] 2+6 59.5배 > 특별상한 50.0배 → 💎 편입 제외(참고)
[자동분석·배경] 사세보 1경주: 마감 358초 전 재분석(rec_history 누적·cycle)
[3종 수집] 사세보 1경주: {'quinella': 21, 'exacta': 42, 'trio': 0, 'win': 0} (history 9)
[3종 수집] 호후 7경주: {'quinella': 21, 'exacta': 42, 'trio': 0, 'win': 0} (history 12)
[각질편성] 사세보 1경주: 선행2·선입0·추입5 → 보통 페이스
[경륜전개] 사세보 1경주: 보통 · 라인 2개 · 페어 [[1, 5], [6, 2]]
[복승불일치 축교정] 사세보 1경주: 축 [3, 7]로 교정(자금이탈 강등 [5]·🔴🔴)
[라인 페어 상한] 2+6 59.5배 > 특별상한 50.0배 → 💎 편입 제외(참고)
[자동분석·배경] 사세보 1경주: 마감 325초 전 재분석(rec_history 누적·cycle)
[각질편성] 사세보 1경주: 선행2·선입0·추입5 → 보통 페이스
[경륜전개] 사세보 1경주: 보통 · 라인 2개 · 페어 [[1, 5], [6, 2]]
[복승불일치 축교정] 사세보 1경주: 축 [3, 7]로 교정(자금이탈 강등 [5]·🔴🔴)
[라인 페어 상한] 2+6 59.5배 > 특별상한 50.0배 → 💎 편입 제외(참고)
[카카오알림] 사세보 1경주 T-5 → 큐 적재
[각질편성] 아오모리 4경주: 선행2·선입0·추입5 → 보통 페이스
[경륜전개] 아오모리 4경주: 슬로우(단독 선행) · 라인 2개 · 페어 [[2, 7], [4, 1]]
[복승불일치 축교정] 아오모리 4경주: 축 [1, 4]로 교정(자금이탈 강등 [7]·🔴🔴)
[결과기록] 캐시 갱신 — 재파싱 2건 / 전체 1659건
[각질편성] 호후 4경주: 선행2·선입0·추입5 → 보통 페이스
[경륜전개] 호후 4경주: 보통 · 라인 2개 · 페어 [[2, 7], [3, 4]]
[각질편성] 아오모리 5경주: 선행2·선입0·추입5 → 보통 페이스
[경륜전개] 아오모리 5경주: 보통 · 라인 2개 · 페어 [[3, 4], [5, 1]]
[복승불일치 축교정] 아오모리 5경주: 축 [1, 3]로 교정(자금이탈 강등 [6]·🔴)
[각질편성] 호후 5경주: 선행3·선입0·추입4 → ⚡ 빠른 페이스
[경륜전개] 호후 5경주: 보통 · 라인 3개 · 페어 [[5, 1], [4, 2], [3, 7]]
[각질편성] 아오모리 6경주: 선행4·선입0·추입3 → ⚡ 빠른 페이스
[경륜전개] 아오모리 6경주: 하이(주도권 경합) · 라인 4개 · 페어 [[1, 3], [7, 4], [6, 2]]
[placeholder 필터] 호후 6경주 쌍승 껍데기 배당 3조합 제외(값: [300.2])
[각질편성] 호후 6경주: 선행5·선입0·추입2 → ⚡ 빠른 페이스
[경륜전개] 호후 6경주: 보통 · 라인 5개 · 페어 [[5, 1], [4, 2]]
[placeholder 필터] 아오모리 7경주 쌍승 껍데기 배당 3조합 제외(값: [1703.0])
[각질편성] 아오모리 7경주: 선행5·선입0·추입2 → ⚡ 빠른 페이스
[경륜전개] 아오모리 7경주: 슬로우(단독 선행) · 라인 5개 · 페어 [[4, 5], [3, 7]]
[각질편성] 호후 7경주: 선행5·선입0·추입2 → ⚡ 빠른 페이스
[경륜전개] 호후 7경주: 하이(주도권 경합) · 라인 5개 · 페어 [[5, 2], [3, 7]]
[복승불일치 축교정] 호후 7경주: 축 [2, 5]로 교정(자금이탈 강등 [1]·🔴🔴)
[복병 이동 상한] 2+3 103.0배 > 특별상한 50.0배 → 💎 노출 제외(참고)
[경륜 추천 모순 수정] 고배당 강제조합 1건 메인→복병 이동(25배 상한)
[단통 상한] 메인 2개 · 복병이동 0개
🔎 [결정론 검수] 호후 7경주: B라인누락
[각질편성] 사세보 1경주: 선행2·선입0·추입5 → 보통 페이스
[경륜전개] 사세보 1경주: 보통 · 라인 2개 · 페어 [[1, 5], [6, 2]]
[복승불일치 축교정] 사세보 1경주: 축 [3, 7]로 교정(자금이탈 강등 [5]·🔴🔴)
[라인 페어 상한] 2+6 59.5배 > 특별상한 50.0배 → 💎 편입 제외(참고)
[각질편성] 중경 2경주: 선행0·선입0·추입0 → 🐌 느린 페이스
[placeholder 필터] 삿포로 2경주 복승 껍데기 배당 9조합 제외(값: [100])
[잔존마 필터] 삿포로 2경주: 전적 11두 → 배당 출전마 6두 (배당 없는 마번 제외: [2, 7, 9, 10, 11])
[각질편성] 삿포로 2경주: 선행0·선입0·추입0 → 🐌 느린 페이스
[3종 수집] 사세보 1경주: {'quinella': 21, 'exacta': 42, 'trio': 0, 'win': 0} (history 10)
[3종 수집] 호후 7경주: {'quinella': 21, 'exacta': 42, 'trio': 0, 'win': 0} (history 12)
[각질편성] 사세보 1경주: 선행2·선입0·추입5 → 보통 페이스
[경륜전개] 사세보 1경주: 보통 · 라인 2개 · 페어 [[1, 5], [6, 2]]
[복승불일치 축교정] 사세보 1경주: 축 [3, 7]로 교정(자금이탈 강등 [5]·🔴🔴)
[라인 페어 상한] 2+6 61.9배 > 특별상한 50.0배 → 💎 편입 제외(참고)
[자동예상] 사세보 1경주 최종예상 저장(2026_08_01_사세보_1경주.json)
[각질편성] 사세보 1경주: 선행2·선입0·추입5 → 보통 페이스
[경륜전개] 사세보 1경주: 보통 · 라인 2개 · 페어 [[1, 5], [6, 2]]
[복승불일치 축교정] 사세보 1경주: 축 [3, 7]로 교정(자금이탈 강등 [5]·🔴🔴)
[라인 페어 상한] 2+6 61.9배 > 특별상한 50.0배 → 💎 편입 제외(참고)
[자동분석·배경] 사세보 1경주: 마감 293초 전 재분석(rec_history 누적·cycle)
[다중경주] 하트비트 #161 · 스케줄 ymd=20260801 (-1초 전 갱신 · 트랙 12개)
[3종 수집] 호후 7경주: {'quinella': 21, 'exacta': 42, 'trio': 0, 'win': 0} (history 12)
[3종 수집] 사세보 1경주: {'quinella': 21, 'exacta': 42, 'trio': 0, 'win': 0} (history 11)
[각질편성] 사세보 1경주: 선행2·선입0·추입5 → 보통 페이스
[경륜전개] 사세보 1경주: 보통 · 라인 2개 · 페어 [[1, 5], [6, 2]]
[복승불일치 축교정] 사세보 1경주: 축 [3, 7]로 교정(자금이탈 강등 [5]·🔴🔴)
[라인 페어 상한] 2+6 61.9배 > 특별상한 50.0배 → 💎 편입 제외(참고)
[자동분석·배경] 사세보 1경주: 마감 260초 전 재분석(rec_history 누적·cycle)
[각질편성] 호후 7경주: 선행5·선입0·추입2 → ⚡ 빠른 페이스
[경륜전개] 호후 7경주: 하이(주도권 경합) · 라인 5개 · 페어 [[5, 2], [3, 7]]
[카톡 변경알림·즉시] 사세보 1경주 (남은 260s): 삼복승 제외: 2+3+7 · 3+4+7
[각질편성] 아오모리 4경주: 선행2·선입0·추입5 → 보통 페이스
[경륜전개] 아오모리 4경주: 슬로우(단독 선행) · 라인 2개 · 페어 [[2, 7], [4, 1]]
[복승불일치 축교정] 아오모리 4경주: 축 [1, 4]로 교정(자금이탈 강등 [7]·🔴🔴)
[각질편성] 호후 4경주: 선행2·선입0·추입5 → 보통 페이스
[경륜전개] 호후 4경주: 보통 · 라인 2개 · 페어 [[2, 7], [3, 4]]
[각질편성] 아오모리 5경주: 선행2·선입0·추입5 → 보통 페이스
[경륜전개] 아오모리 5경주: 보통 · 라인 2개 · 페어 [[3, 4], [5, 1]]
[복승불일치 축교정] 아오모리 5경주: 축 [1, 3]로 교정(자금이탈 강등 [6]·🔴)
[각질편성] 호후 5경주: 선행3·선입0·추입4 → ⚡ 빠른 페이스
[경륜전개] 호후 5경주: 보통 · 라인 3개 · 페어 [[5, 1], [4, 2], [3, 7]]
[각질편성] 아오모리 6경주: 선행4·선입0·추입3 → ⚡ 빠른 페이스
[경륜전개] 아오모리 6경주: 하이(주도권 경합) · 라인 4개 · 페어 [[1, 3], [7, 4], [6, 2]]
[placeholder 필터] 호후 6경주 쌍승 껍데기 배당 3조합 제외(값: [300.2])
[각질편성] 호후 6경주: 선행5·선입0·추입2 → ⚡ 빠른 페이스
[경륜전개] 호후 6경주: 보통 · 라인 5개 · 페어 [[5, 1], [4, 2]]
[placeholder 필터] 아오모리 7경주 쌍승 껍데기 배당 3조합 제외(값: [1703.0])
[각질편성] 아오모리 7경주: 선행5·선입0·추입2 → ⚡ 빠른 페이스
[경륜전개] 아오모리 7경주: 슬로우(단독 선행) · 라인 5개 · 페어 [[4, 5], [3, 7]]
[각질편성] 호후 7경주: 선행5·선입0·추입2 → ⚡ 빠른 페이스
[경륜전개] 호후 7경주: 하이(주도권 경합) · 라인 5개 · 페어 [[5, 2], [3, 7]]
[각질편성] 사세보 1경주: 선행2·선입0·추입5 → 보통 페이스
[경륜전개] 사세보 1경주: 보통 · 라인 2개 · 페어 [[1, 5], [6, 2]]
[복승불일치 축교정] 사세보 1경주: 축 [3, 7]로 교정(자금이탈 강등 [5]·🔴🔴)
[라인 페어 상한] 2+6 61.9배 > 특별상한 50.0배 → 💎 편입 제외(참고)
[각질편성] 중경 2경주: 선행0·선입0·추입0 → 🐌 느린 페이스
[placeholder 필터] 삿포로 2경주 복승 껍데기 배당 9조합 제외(값: [100])
[잔존마 필터] 삿포로 2경주: 전적 11두 → 배당 출전마 6두 (배당 없는 마번 제외: [2, 7, 9, 10, 11])
[각질편성] 삿포로 2경주: 선행0·선입0·추입0 → 🐌 느린 페이스
[3종 수집] 호후 7경주: {'quinella': 21, 'exacta': 42, 'trio': 0, 'win': 0} (history 12)
[3종 수집] 사세보 1경주: {'quinella': 21, 'exacta': 42, 'trio': 0, 'win': 0} (history 12)
[placeholder 필터] 사세보 1경주 쌍승 껍데기 배당 3조합 제외(값: [150.8])
[각질편성] 사세보 1경주: 선행2·선입0·추입5 → 보통 페이스
[경륜전개] 사세보 1경주: 보통 · 라인 2개 · 페어 [[1, 5], [6, 2]]
[라인 페어 상한] 2+6 69.0배 > 특별상한 50.0배 → 💎 편입 제외(참고)
[경륜 추천 개수] 7명 → 메인 3개(상한 3) · 복병 이동 1개
[자동분석·배경] 사세보 1경주: 마감 228초 전 재분석(rec_history 누적·cycle)
[3종 수집] 사세보 1경주: {'quinella': 21, 'exacta': 42, 'trio': 0, 'win': 0} (history 12)
[3종 수집] 호후 7경주: {'quinella': 21, 'exacta': 42, 'trio': 0, 'win': 0} (history 12)
[placeholder 필터] 사세보 1경주 쌍승 껍데기 배당 3조합 제외(값: [150.8])
[각질편성] 사세보 1경주: 선행2·선입0·추입5 → 보통 페이스
[경륜전개] 사세보 1경주: 보통 · 라인 2개 · 페어 [[1, 5], [6, 2]]
[라인 페어 상한] 2+6 69.0배 > 특별상한 50.0배 → 💎 편입 제외(참고)
[자동분석·배경] 사세보 1경주: 마감 196초 전 재분석(rec_history 누적·cycle)
[각질편성] 아오모리 4경주: 선행2·선입0·추입5 → 보통 페이스
[경륜전개] 아오모리 4경주: 슬로우(단독 선행) · 라인 2개 · 페어 [[2, 7], [4, 1]]
[복승불일치 축교정] 아오모리 4경주: 축 [1, 4]로 교정(자금이탈 강등 [7]·🔴🔴)
[결과기록] 캐시 갱신 — 재파싱 1건 / 전체 1659건
[각질편성] 호후 4경주: 선행2·선입0·추입5 → 보통 페이스
[경륜전개] 호후 4경주: 보통 · 라인 2개 · 페어 [[2, 7], [3, 4]]
[각질편성] 아오모리 5경주: 선행2·선입0·추입5 → 보통 페이스
[경륜전개] 아오모리 5경주: 보통 · 라인 2개 · 페어 [[3, 4], [5, 1]]
[복승불일치 축교정] 아오모리 5경주: 축 [1, 3]로 교정(자금이탈 강등 [6]·🔴)
[각질편성] 호후 5경주: 선행3·선입0·추입4 → ⚡ 빠른 페이스
[경륜전개] 호후 5경주: 보통 · 라인 3개 · 페어 [[5, 1], [4, 2], [3, 7]]
[각질편성] 아오모리 6경주: 선행4·선입0·추입3 → ⚡ 빠른 페이스
[경륜전개] 아오모리 6경주: 하이(주도권 경합) · 라인 4개 · 페어 [[1, 3], [7, 4], [6, 2]]
[placeholder 필터] 호후 6경주 쌍승 껍데기 배당 3조합 제외(값: [300.2])
[각질편성] 호후 6경주: 선행5·선입0·추입2 → ⚡ 빠른 페이스
[경륜전개] 호후 6경주: 보통 · 라인 5개 · 페어 [[5, 1], [4, 2]]
[placeholder 필터] 아오모리 7경주 쌍승 껍데기 배당 3조합 제외(값: [1703.0])
[각질편성] 아오모리 7경주: 선행5·선입0·추입2 → ⚡ 빠른 페이스
[경륜전개] 아오모리 7경주: 슬로우(단독 선행) · 라인 5개 · 페어 [[4, 5], [3, 7]]
[각질편성] 호후 7경주: 선행5·선입0·추입2 → ⚡ 빠른 페이스
[경륜전개] 호후 7경주: 하이(주도권 경합) · 라인 5개 · 페어 [[5, 2], [3, 7]]
[placeholder 필터] 사세보 1경주 쌍승 껍데기 배당 3조합 제외(값: [150.8])
[각질편성] 사세보 1경주: 선행2·선입0·추입5 → 보통 페이스
[경륜전개] 사세보 1경주: 보통 · 라인 2개 · 페어 [[1, 5], [6, 2]]
[라인 페어 상한] 2+6 69.0배 > 특별상한 50.0배 → 💎 편입 제외(참고)
[각질편성] 중경 2경주: 선행0·선입0·추입0 → 🐌 느린 페이스
[placeholder 필터] 삿포로 2경주 복승 껍데기 배당 9조합 제외(값: [100])
[잔존마 필터] 삿포로 2경주: 전적 11두 → 배당 출전마 6두 (배당 없는 마번 제외: [2, 7, 9, 10, 11])
[각질편성] 삿포로 2경주: 선행0·선입0·추입0 → 🐌 느린 페이스
[활성정리] 끝난 경주 1건 제거(히스토리 보존): 아오모리 6경주
[3종 수집] 사세보 1경주: {'quinella': 21, 'exacta': 42, 'trio': 0, 'win': 0} (history 12)
[각질편성] 사세보 1경주: 선행2·선입0·추입5 → 보통 페이스
[경륜전개] 사세보 1경주: 보통 · 라인 2개 · 페어 [[1, 5], [6, 2]]
[T-2분 왕축 동결] 사세보 1경주: [4, 7] → [4, 7] 유지(cur_mb=2)
[라인 페어 상한] 2+6 69.0배 > 특별상한 50.0배 → 💎 편입 제외(참고)
[자동분석·배경] 사세보 1경주: 마감 163초 전 재분석(rec_history 누적·cycle)
[각질편성] 아오모리 4경주: 선행2·선입0·추입5 → 보통 페이스
[경륜전개] 아오모리 4경주: 슬로우(단독 선행) · 라인 2개 · 페어 [[2, 7], [4, 1]]
[복승불일치 축교정] 아오모리 4경주: 축 [1, 4]로 교정(자금이탈 강등 [7]·🔴🔴)
[각질편성] 호후 4경주: 선행2·선입0·추입5 → 보통 페이스
[경륜전개] 호후 4경주: 보통 · 라인 2개 · 페어 [[2, 7], [3, 4]]
[결과기록] 캐시 갱신 — 재파싱 1건 / 전체 1659건
[각질편성] 아오모리 5경주: 선행2·선입0·추입5 → 보통 페이스
[경륜전개] 아오모리 5경주: 보통 · 라인 2개 · 페어 [[3, 4], [5, 1]]
[복승불일치 축교정] 아오모리 5경주: 축 [1, 3]로 교정(자금이탈 강등 [6]·🔴)
[각질편성] 호후 5경주: 선행3·선입0·추입4 → ⚡ 빠른 페이스
[경륜전개] 호후 5경주: 보통 · 라인 3개 · 페어 [[5, 1], [4, 2], [3, 7]]
[각질편성] 아오모리 6경주: 선행4·선입0·추입3 → ⚡ 빠른 페이스
[경륜전개] 아오모리 6경주: 하이(주도권 경합) · 라인 4개 · 페어 [[1, 3], [7, 4], [6, 2]]
[placeholder 필터] 호후 6경주 쌍승 껍데기 배당 3조합 제외(값: [300.2])
[각질편성] 호후 6경주: 선행5·선입0·추입2 → ⚡ 빠른 페이스
[경륜전개] 호후 6경주: 보통 · 라인 5개 · 페어 [[5, 1], [4, 2]]
[placeholder 필터] 아오모리 7경주 쌍승 껍데기 배당 3조합 제외(값: [1703.0])
[각질편성] 아오모리 7경주: 선행5·선입0·추입2 → ⚡ 빠른 페이스
[경륜전개] 아오모리 7경주: 슬로우(단독 선행) · 라인 5개 · 페어 [[4, 5], [3, 7]]
[각질편성] 호후 7경주: 선행5·선입0·추입2 → ⚡ 빠른 페이스
[경륜전개] 호후 7경주: 하이(주도권 경합) · 라인 5개 · 페어 [[5, 2], [3, 7]]
[각질편성] 사세보 1경주: 선행2·선입0·추입5 → 보통 페이스
[경륜전개] 사세보 1경주: 보통 · 라인 2개 · 페어 [[1, 5], [6, 2]]
[T-2분 왕축 동결] 사세보 1경주: [4, 7] → [4, 7] 유지(cur_mb=2)
[라인 페어 상한] 2+6 69.0배 > 특별상한 50.0배 → 💎 편입 제외(참고)
[3종 수집] 사세보 1경주: {'quinella': 21, 'exacta': 42, 'trio': 0, 'win': 0} (history 12)
[각질편성] 중경 2경주: 선행0·선입0·추입0 → 🐌 느린 페이스
[placeholder 필터] 삿포로 2경주 복승 껍데기 배당 9조합 제외(값: [100])
[잔존마 필터] 삿포로 2경주: 전적 11두 → 배당 출전마 6두 (배당 없는 마번 제외: [2, 7, 9, 10, 11])
[각질편성] 삿포로 2경주: 선행0·선입0·추입0 → 🐌 느린 페이스
[각질편성] 사세보 1경주: 선행2·선입0·추입5 → 보통 페이스
[경륜전개] 사세보 1경주: 보통 · 라인 2개 · 페어 [[1, 5], [6, 2]]
[T-2분 왕축 동결] 사세보 1경주: [4, 7] → [4, 7] 유지(cur_mb=2)
[라인 페어 상한] 2+6 69.2배 > 특별상한 50.0배 → 💎 편입 제외(참고)
[자동분석·배경] 사세보 1경주: 마감 131초 전 재분석(rec_history 누적·cycle)
[각질편성] 호후 7경주: 선행5·선입0·추입2 → ⚡ 빠른 페이스
[경륜전개] 호후 7경주: 하이(주도권 경합) · 라인 5개 · 페어 [[5, 2], [3, 7]]
[각질편성] 아오모리 4경주: 선행2·선입0·추입5 → 보통 페이스
[경륜전개] 아오모리 4경주: 슬로우(단독 선행) · 라인 2개 · 페어 [[2, 7], [4, 1]]
[복승불일치 축교정] 아오모리 4경주: 축 [1, 4]로 교정(자금이탈 강등 [7]·🔴🔴)
[각질편성] 호후 4경주: 선행2·선입0·추입5 → 보통 페이스
[경륜전개] 호후 4경주: 보통 · 라인 2개 · 페어 [[2, 7], [3, 4]]
[각질편성] 아오모리 5경주: 선행2·선입0·추입5 → 보통 페이스
[경륜전개] 아오모리 5경주: 보통 · 라인 2개 · 페어 [[3, 4], [5, 1]]
[복승불일치 축교정] 아오모리 5경주: 축 [1, 3]로 교정(자금이탈 강등 [6]·🔴)
[각질편성] 호후 5경주: 선행3·선입0·추입4 → ⚡ 빠른 페이스
[경륜전개] 호후 5경주: 보통 · 라인 3개 · 페어 [[5, 1], [4, 2], [3, 7]]
[각질편성] 아오모리 6경주: 선행4·선입0·추입3 → ⚡ 빠른 페이스
[경륜전개] 아오모리 6경주: 하이(주도권 경합) · 라인 4개 · 페어 [[1, 3], [7, 4], [6, 2]]
[placeholder 필터] 호후 6경주 쌍승 껍데기 배당 3조합 제외(값: [300.2])
[각질편성] 호후 6경주: 선행5·선입0·추입2 → ⚡ 빠른 페이스
[경륜전개] 호후 6경주: 보통 · 라인 5개 · 페어 [[5, 1], [4, 2]]
[placeholder 필터] 아오모리 7경주 쌍승 껍데기 배당 3조합 제외(값: [1703.0])
[각질편성] 아오모리 7경주: 선행5·선입0·추입2 → ⚡ 빠른 페이스
[경륜전개] 아오모리 7경주: 슬로우(단독 선행) · 라인 5개 · 페어 [[4, 5], [3, 7]]
[각질편성] 호후 7경주: 선행5·선입0·추입2 → ⚡ 빠른 페이스
[경륜전개] 호후 7경주: 하이(주도권 경합) · 라인 5개 · 페어 [[5, 2], [3, 7]]
[각질편성] 사세보 1경주: 선행2·선입0·추입5 → 보통 페이스
[경륜전개] 사세보 1경주: 보통 · 라인 2개 · 페어 [[1, 5], [6, 2]]
[T-2분 왕축 동결] 사세보 1경주: [4, 7] → [4, 7] 유지(cur_mb=1)
[라인 페어 상한] 2+6 69.2배 > 특별상한 50.0배 → 💎 편입 제외(참고)
[각질편성] 중경 2경주: 선행0·선입0·추입0 → 🐌 느린 페이스
[3종 수집] 사세보 1경주: {'quinella': 21, 'exacta': 42, 'trio': 0, 'win': 0} (history 12)
[경륜 득점갭] 오다와라 1경주: 5번 득점 1위 갭 3.9 → +5 가점
[경륜 전적·자동] 오다와라 1경주: 9두 수집(競走得点·절대등급 A/B/C/D·라인[1, 5, 9, 7, 3, 2, 6, 4, 8]) → 통합등급 자동 반영
[3종 수집] 오다와라 1경주: {'quinella': 36, 'exacta': 72, 'trio': 0, 'win': 0} (history 1)
🔮 [예측] 오다와라 1경주: top3=[1, 5, 3] conf=4 · 코멘트에 1번 북이 유우키가 최근 G2에서 부진했으나, 오다와라 기념 및
[각질편성] 사세보 1경주: 선행2·선입0·추입5 → 보통 페이스
[경륜전개] 사세보 1경주: 보통 · 라인 2개 · 페어 [[1, 5], [6, 2]]
[T-2분 왕축 동결] 사세보 1경주: [4, 7] → [4, 7] 유지(cur_mb=1)
[라인 페어 상한] 2+6 69.2배 > 특별상한 50.0배 → 💎 편입 제외(참고)
[자동분석·배경] 사세보 1경주: 마감 98초 전 재분석(rec_history 누적·cycle)
[placeholder 필터] 오다와라 1경주 복승 껍데기 배당 3조합 제외(값: [146.8])
[placeholder 필터] 오다와라 1경주 쌍승 껍데기 배당 6조합 제외(값: [527.4, 671.2])
[각질편성] 오다와라 1경주: 선행5·선입0·추입4 → ⚡ 빠른 페이스
[경륜전개] 오다와라 1경주: 보통 · 라인 5개 · 페어 [[1, 5], [7, 3]]
[경륜 추천 모순 수정] 고배당 강제조합 1건 메인→복병 이동(25배 상한)
[단통 상한] 메인 2개 · 복병이동 0개
🔎 [결정론 검수] 오다와라 1경주: B라인누락
[자동분석·배경] 오다와라 1경주: 마감 578초 전 재분석(rec_history 누적·cycle)
[placeholder 필터] 오다와라 1경주 복승 껍데기 배당 3조합 제외(값: [146.8])
[placeholder 필터] 오다와라 1경주 쌍승 껍데기 배당 6조합 제외(값: [527.4, 671.2])
[각질편성] 오다와라 1경주: 선행5·선입0·추입4 → ⚡ 빠른 페이스
[경륜전개] 오다와라 1경주: 보통 · 라인 5개 · 페어 [[1, 5], [7, 3]]
[경륜 추천 모순 수정] 고배당 강제조합 1건 메인→복병 이동(25배 상한)
[단통 상한] 메인 2개 · 복병이동 0개
[각질편성] 아오모리 4경주: 선행2·선입0·추입5 → 보통 페이스
[경륜전개] 아오모리 4경주: 슬로우(단독 선행) · 라인 2개 · 페어 [[2, 7], [4, 1]]
[복승불일치 축교정] 아오모리 4경주: 축 [1, 4]로 교정(자금이탈 강등 [7]·🔴🔴)
[각질편성] 호후 4경주: 선행2·선입0·추입5 → 보통 페이스
[경륜전개] 호후 4경주: 보통 · 라인 2개 · 페어 [[2, 7], [3, 4]]
[각질편성] 아오모리 5경주: 선행2·선입0·추입5 → 보통 페이스
[경륜전개] 아오모리 5경주: 보통 · 라인 2개 · 페어 [[3, 4], [5, 1]]
[복승불일치 축교정] 아오모리 5경주: 축 [1, 3]로 교정(자금이탈 강등 [6]·🔴)
[결과기록] 캐시 갱신 — 재파싱 2건 / 전체 1660건
[각질편성] 호후 5경주: 선행3·선입0·추입4 → ⚡ 빠른 페이스
[경륜전개] 호후 5경주: 보통 · 라인 3개 · 페어 [[5, 1], [4, 2], [3, 7]]
[각질편성] 아오모리 6경주: 선행4·선입0·추입3 → ⚡ 빠른 페이스
[경륜전개] 아오모리 6경주: 하이(주도권 경합) · 라인 4개 · 페어 [[1, 3], [7, 4], [6, 2]]
[placeholder 필터] 호후 6경주 쌍승 껍데기 배당 3조합 제외(값: [300.2])
[각질편성] 호후 6경주: 선행5·선입0·추입2 → ⚡ 빠른 페이스
[경륜전개] 호후 6경주: 보통 · 라인 5개 · 페어 [[5, 1], [4, 2]]
[placeholder 필터] 아오모리 7경주 쌍승 껍데기 배당 3조합 제외(값: [1703.0])
[각질편성] 아오모리 7경주: 선행5·선입0·추입2 → ⚡ 빠른 페이스
[경륜전개] 아오모리 7경주: 슬로우(단독 선행) · 라인 5개 · 페어 [[4, 5], [3, 7]]
[각질편성] 호후 7경주: 선행5·선입0·추입2 → ⚡ 빠른 페이스
[경륜전개] 호후 7경주: 하이(주도권 경합) · 라인 5개 · 페어 [[5, 2], [3, 7]]
[각질편성] 사세보 1경주: 선행2·선입0·추입5 → 보통 페이스
[경륜전개] 사세보 1경주: 보통 · 라인 2개 · 페어 [[1, 5], [6, 2]]
[T-2분 왕축 동결] 사세보 1경주: [4, 7] → [4, 7] 유지(cur_mb=1)
[라인 페어 상한] 2+6 69.2배 > 특별상한 50.0배 → 💎 편입 제외(참고)
[placeholder 필터] 오다와라 1경주 복승 껍데기 배당 3조합 제외(값: [146.8])
[placeholder 필터] 오다와라 1경주 쌍승 껍데기 배당 6조합 제외(값: [527.4, 671.2])
[각질편성] 오다와라 1경주: 선행5·선입0·추입4 → ⚡ 빠른 페이스
[경륜전개] 오다와라 1경주: 보통 · 라인 5개 · 페어 [[1, 5], [7, 3]]
[경륜 추천 모순 수정] 고배당 강제조합 1건 메인→복병 이동(25배 상한)
[단통 상한] 메인 2개 · 복병이동 0개
[각질편성] 중경 2경주: 선행0·선입0·추입0 → 🐌 느린 페이스
[placeholder 필터] 삿포로 2경주 복승 껍데기 배당 9조합 제외(값: [100])
[잔존마 필터] 삿포로 2경주: 전적 11두 → 배당 출전마 6두 (배당 없는 마번 제외: [2, 7, 9, 10, 11])
[각질편성] 삿포로 2경주: 선행0·선입0·추입0 → 🐌 느린 페이스
[3종 수집] 사세보 1경주: {'quinella': 21, 'exacta': 42, 'trio': 0, 'win': 0} (history 12)
[3종 수집] 오다와라 1경주: {'quinella': 36, 'exacta': 72, 'trio': 0, 'win': 0} (history 2)
[각질편성] 사세보 1경주: 선행2·선입0·추입5 → 보통 페이스
[경륜전개] 사세보 1경주: 보통 · 라인 2개 · 페어 [[1, 5], [6, 2]]
[T-2분 왕축 동결] 사세보 1경주: [4, 7] → [4, 7] 유지(cur_mb=1)
[라인 페어 상한] 2+6 69.2배 > 특별상한 50.0배 → 💎 편입 제외(참고)
[자동분석·배경] 사세보 1경주: 마감 61초 전 재분석(rec_history 누적·cycle)
[placeholder 필터] 오다와라 1경주 복승 껍데기 배당 3조합 제외(값: [146.8])
[placeholder 필터] 오다와라 1경주 쌍승 껍데기 배당 6조합 제외(값: [527.4, 671.2])
[각질편성] 오다와라 1경주: 선행5·선입0·추입4 → ⚡ 빠른 페이스
[경륜전개] 오다와라 1경주: 보통 · 라인 5개 · 페어 [[1, 5], [7, 3]]
[경륜 추천 모순 수정] 고배당 강제조합 1건 메인→복병 이동(25배 상한)
[단통 상한] 메인 2개 · 복병이동 0개
[자동분석·배경] 오다와라 1경주: 마감 541초 전 재분석(rec_history 누적·cycle)
[활성정리] 끝난 경주 1건 제거(히스토리 보존): 중경 2경주
[3종 수집] 사세보 1경주: {'quinella': 21, 'exacta': 42, 'trio': 0, 'win': 0} (history 12)
[3종 수집] 오다와라 1경주: {'quinella': 36, 'exacta': 72, 'trio': 0, 'win': 0} (history 3)
[placeholder 필터] 오다와라 1경주 복승 껍데기 배당 3조합 제외(값: [146.8])
[placeholder 필터] 오다와라 1경주 쌍승 껍데기 배당 7조합 제외(값: [174.7, 540.3])
[각질편성] 오다와라 1경주: 선행5·선입0·추입4 → ⚡ 빠른 페이스
[경륜전개] 오다와라 1경주: 보통 · 라인 5개 · 페어 [[1, 5], [7, 3]]
[경륜 추천 모순 수정] 고배당 강제조합 1건 메인→복병 이동(25배 상한)
[단통 상한] 메인 2개 · 복병이동 0개
[자동분석·배경] 오다와라 1경주: 마감 509초 전 재분석(rec_history 누적·cycle)
[각질편성] 아오모리 4경주: 선행2·선입0·추입5 → 보통 페이스
[경륜전개] 아오모리 4경주: 슬로우(단독 선행) · 라인 2개 · 페어 [[2, 7], [4, 1]]
[복승불일치 축교정] 아오모리 4경주: 축 [1, 4]로 교정(자금이탈 강등 [7]·🔴🔴)
[각질편성] 호후 4경주: 선행2·선입0·추입5 → 보통 페이스
[경륜전개] 호후 4경주: 보통 · 라인 2개 · 페어 [[2, 7], [3, 4]]
[각질편성] 아오모리 5경주: 선행2·선입0·추입5 → 보통 페이스
[경륜전개] 아오모리 5경주: 보통 · 라인 2개 · 페어 [[3, 4], [5, 1]]
[복승불일치 축교정] 아오모리 5경주: 축 [1, 3]로 교정(자금이탈 강등 [6]·🔴)
[결과기록] 캐시 갱신 — 재파싱 2건 / 전체 1660건
[각질편성] 호후 5경주: 선행3·선입0·추입4 → ⚡ 빠른 페이스
[경륜전개] 호후 5경주: 보통 · 라인 3개 · 페어 [[5, 1], [4, 2], [3, 7]]
[각질편성] 아오모리 6경주: 선행4·선입0·추입3 → ⚡ 빠른 페이스
[경륜전개] 아오모리 6경주: 하이(주도권 경합) · 라인 4개 · 페어 [[1, 3], [7, 4], [6, 2]]
[placeholder 필터] 호후 6경주 쌍승 껍데기 배당 3조합 제외(값: [300.2])
[각질편성] 호후 6경주: 선행5·선입0·추입2 → ⚡ 빠른 페이스
[경륜전개] 호후 6경주: 보통 · 라인 5개 · 페어 [[5, 1], [4, 2]]
[placeholder 필터] 아오모리 7경주 쌍승 껍데기 배당 3조합 제외(값: [1703.0])
[각질편성] 아오모리 7경주: 선행5·선입0·추입2 → ⚡ 빠른 페이스
[경륜전개] 아오모리 7경주: 슬로우(단독 선행) · 라인 5개 · 페어 [[4, 5], [3, 7]]
[각질편성] 호후 7경주: 선행5·선입0·추입2 → ⚡ 빠른 페이스
[경륜전개] 호후 7경주: 하이(주도권 경합) · 라인 5개 · 페어 [[5, 2], [3, 7]]
[각질편성] 사세보 1경주: 선행2·선입0·추입5 → 보통 페이스
[경륜전개] 사세보 1경주: 보통 · 라인 2개 · 페어 [[1, 5], [6, 2]]
[라인 페어 상한] 2+6 69.2배 > 특별상한 50.0배 → 💎 편입 제외(참고)
[placeholder 필터] 오다와라 1경주 복승 껍데기 배당 3조합 제외(값: [146.8])
[placeholder 필터] 오다와라 1경주 쌍승 껍데기 배당 7조합 제외(값: [174.7, 540.3])
[각질편성] 오다와라 1경주: 선행5·선입0·추입4 → ⚡ 빠른 페이스
[경륜전개] 오다와라 1경주: 보통 · 라인 5개 · 페어 [[1, 5], [7, 3]]
[경륜 추천 모순 수정] 고배당 강제조합 1건 메인→복병 이동(25배 상한)
[단통 상한] 메인 2개 · 복병이동 0개
[placeholder 필터] 삿포로 2경주 복승 껍데기 배당 9조합 제외(값: [100])
[잔존마 필터] 삿포로 2경주: 전적 11두 → 배당 출전마 6두 (배당 없는 마번 제외: [2, 7, 9, 10, 11])
[각질편성] 삿포로 2경주: 선행0·선입0·추입0 → 🐌 느린 페이스
[KRA 자동수집] 부산 3경주 1400M 자동해제(연속 실패 20회: 데이터 없음(발매 전·비경주일 가능)) — 할당량 보호
[3종 수집] 사세보 1경주: {'quinella': 21, 'exacta': 42, 'trio': 0, 'win': 0} (history 12)
[3종 수집] 오다와라 1경주: {'quinella': 36, 'exacta': 72, 'trio': 0, 'win': 0} (history 4)
[placeholder 필터] 오다와라 1경주 복승 껍데기 배당 3조합 제외(값: [259.9])
[placeholder 필터] 오다와라 1경주 쌍승 껍데기 배당 7조합 제외(값: [174.7, 540.3])
[각질편성] 오다와라 1경주: 선행5·선입0·추입4 → ⚡ 빠른 페이스
[경륜전개] 오다와라 1경주: 보통 · 라인 5개 · 페어 [[1, 5], [7, 3]]
[경륜 추천 모순 수정] 고배당 강제조합 1건 메인→복병 이동(25배 상한)
[단통 상한] 메인 2개 · 복병이동 0개
[자동분석·배경] 오다와라 1경주: 마감 477초 전 재분석(rec_history 누적·cycle)
[다중경주 스케줄] 20260801: 트랙 12곳(경륜 10·한국 0 포함) · 경주 118개
[3종 수집] 사세보 1경주: {'quinella': 21, 'exacta': 42, 'trio': 0, 'win': 0} (history 12)
[3종 수집] 오다와라 1경주: {'quinella': 36, 'exacta': 72, 'trio': 0, 'win': 0} (history 5)
[placeholder 필터] 오다와라 1경주 쌍승 껍데기 배당 3조합 제외(값: [583.2])
[각질편성] 오다와라 1경주: 선행5·선입0·추입4 → ⚡ 빠른 페이스
[경륜전개] 오다와라 1경주: 보통 · 라인 5개 · 페어 [[1, 5], [7, 3]]
[경륜 추천 모순 수정] 고배당 강제조합 1건 메인→복병 이동(25배 상한)
[단통 상한] 메인 2개 · 복병이동 0개
[자동분석·배경] 오다와라 1경주: 마감 445초 전 재분석(rec_history 누적·cycle)
[각질편성] 사세보 1경주: 선행2·선입0·추입5 → 보통 페이스
[경륜전개] 사세보 1경주: 보통 · 라인 2개 · 페어 [[1, 5], [6, 2]]
[placeholder 필터] 오다와라 1경주 쌍승 껍데기 배당 3조합 제외(값: [583.2])
[각질편성] 오다와라 1경주: 선행5·선입0·추입4 → ⚡ 빠른 페이스
[경륜전개] 오다와라 1경주: 보통 · 라인 5개 · 페어 [[1, 5], [7, 3]]
[경륜 추천 모순 수정] 고배당 강제조합 1건 메인→복병 이동(25배 상한)
[단통 상한] 메인 2개 · 복병이동 0개
[카카오알림] 오다와라 1경주 T-7 → 큐 적재
[각질편성] 아오모리 4경주: 선행2·선입0·추입5 → 보통 페이스
[경륜전개] 아오모리 4경주: 슬로우(단독 선행) · 라인 2개 · 페어 [[2, 7], [4, 1]]
[복승불일치 축교정] 아오모리 4경주: 축 [1, 4]로 교정(자금이탈 강등 [7]·🔴🔴)
[각질편성] 호후 4경주: 선행2·선입0·추입5 → 보통 페이스
[경륜전개] 호후 4경주: 보통 · 라인 2개 · 페어 [[2, 7], [3, 4]]
[각질편성] 아오모리 5경주: 선행2·선입0·추입5 → 보통 페이스
[경륜전개] 아오모리 5경주: 보통 · 라인 2개 · 페어 [[3, 4], [5, 1]]
[복승불일치 축교정] 아오모리 5경주: 축 [1, 3]로 교정(자금이탈 강등 [6]·🔴)
[각질편성] 호후 5경주: 선행3·선입0·추입4 → ⚡ 빠른 페이스
[경륜전개] 호후 5경주: 보통 · 라인 3개 · 페어 [[5, 1], [4, 2], [3, 7]]
[결과기록] 캐시 갱신 — 재파싱 1건 / 전체 1660건
[각질편성] 아오모리 6경주: 선행4·선입0·추입3 → ⚡ 빠른 페이스
[경륜전개] 아오모리 6경주: 하이(주도권 경합) · 라인 4개 · 페어 [[1, 3], [7, 4], [6, 2]]
[placeholder 필터] 호후 6경주 쌍승 껍데기 배당 3조합 제외(값: [300.2])
[각질편성] 호후 6경주: 선행5·선입0·추입2 → ⚡ 빠른 페이스
[경륜전개] 호후 6경주: 보통 · 라인 5개 · 페어 [[5, 1], [4, 2]]
[placeholder 필터] 아오모리 7경주 쌍승 껍데기 배당 3조합 제외(값: [1703.0])
[각질편성] 아오모리 7경주: 선행5·선입0·추입2 → ⚡ 빠른 페이스
[경륜전개] 아오모리 7경주: 슬로우(단독 선행) · 라인 5개 · 페어 [[4, 5], [3, 7]]
[각질편성] 호후 7경주: 선행5·선입0·추입2 → ⚡ 빠른 페이스
[경륜전개] 호후 7경주: 하이(주도권 경합) · 라인 5개 · 페어 [[5, 2], [3, 7]]
[각질편성] 사세보 1경주: 선행2·선입0·추입5 → 보통 페이스
[경륜전개] 사세보 1경주: 보통 · 라인 2개 · 페어 [[1, 5], [6, 2]]
[placeholder 필터] 오다와라 1경주 쌍승 껍데기 배당 3조합 제외(값: [583.2])
[각질편성] 오다와라 1경주: 선행5·선입0·추입4 → ⚡ 빠른 페이스
[경륜전개] 오다와라 1경주: 보통 · 라인 5개 · 페어 [[1, 5], [7, 3]]
[경륜 추천 모순 수정] 고배당 강제조합 1건 메인→복병 이동(25배 상한)
[단통 상한] 메인 2개 · 복병이동 0개
[placeholder 필터] 삿포로 2경주 복승 껍데기 배당 9조합 제외(값: [100])
[잔존마 필터] 삿포로 2경주: 전적 11두 → 배당 출전마 6두 (배당 없는 마번 제외: [2, 7, 9, 10, 11])
[각질편성] 삿포로 2경주: 선행0·선입0·추입0 → 🐌 느린 페이스
[다중경주] 하트비트 #171 · 스케줄 ymd=20260801 (-1초 전 갱신 · 트랙 12개)
[3종 수집] 오다와라 1경주: {'quinella': 36, 'exacta': 72, 'trio': 0, 'win': 0} (history 6)
[3종 수집] 사세보 1경주: {'quinella': 21, 'exacta': 42, 'trio': 0, 'win': 0} (history 12)
[placeholder 필터] 오다와라 1경주 쌍승 껍데기 배당 3조합 제외(값: [583.2])
[각질편성] 오다와라 1경주: 선행5·선입0·추입4 → ⚡ 빠른 페이스
[경륜전개] 오다와라 1경주: 보통 · 라인 5개 · 페어 [[1, 5], [7, 3]]
[경륜 추천 모순 수정] 고배당 강제조합 1건 메인→복병 이동(25배 상한)
[단통 상한] 메인 2개 · 복병이동 0개
[자동분석·배경] 오다와라 1경주: 마감 412초 전 재분석(rec_history 누적·cycle)
[3종 수집] 오다와라 1경주: {'quinella': 36, 'exacta': 72, 'trio': 0, 'win': 0} (history 7)
[3종 수집] 사세보 1경주: {'quinella': 21, 'exacta': 42, 'trio': 0, 'win': 0} (history 12)
[placeholder 필터] 오다와라 1경주 쌍승 껍데기 배당 3조합 제외(값: [270.4])
[각질편성] 오다와라 1경주: 선행5·선입0·추입4 → ⚡ 빠른 페이스
[경륜전개] 오다와라 1경주: 보통 · 라인 5개 · 페어 [[1, 5], [7, 3]]
[경륜 추천 모순 수정] 고배당 강제조합 1건 메인→복병 이동(25배 상한)
[단통 상한] 메인 3개 · 복병이동 0개
[자동분석·배경] 오다와라 1경주: 마감 380초 전 재분석(rec_history 누적·cycle)
[각질편성] 아오모리 4경주: 선행2·선입0·추입5 → 보통 페이스
[경륜전개] 아오모리 4경주: 슬로우(단독 선행) · 라인 2개 · 페어 [[2, 7], [4, 1]]
[복승불일치 축교정] 아오모리 4경주: 축 [1, 4]로 교정(자금이탈 강등 [7]·🔴🔴)
[각질편성] 호후 4경주: 선행2·선입0·추입5 → 보통 페이스
[경륜전개] 호후 4경주: 보통 · 라인 2개 · 페어 [[2, 7], [3, 4]]
[각질편성] 아오모리 5경주: 선행2·선입0·추입5 → 보통 페이스
[경륜전개] 아오모리 5경주: 보통 · 라인 2개 · 페어 [[3, 4], [5, 1]]
[복승불일치 축교정] 아오모리 5경주: 축 [1, 3]로 교정(자금이탈 강등 [6]·🔴)
[각질편성] 호후 5경주: 선행3·선입0·추입4 → ⚡ 빠른 페이스
[경륜전개] 호후 5경주: 보통 · 라인 3개 · 페어 [[5, 1], [4, 2], [3, 7]]
[결과기록] 캐시 갱신 — 재파싱 1건 / 전체 1660건
[각질편성] 아오모리 6경주: 선행4·선입0·추입3 → ⚡ 빠른 페이스
[경륜전개] 아오모리 6경주: 하이(주도권 경합) · 라인 4개 · 페어 [[1, 3], [7, 4], [6, 2]]
[placeholder 필터] 호후 6경주 쌍승 껍데기 배당 3조합 제외(값: [300.2])
[각질편성] 호후 6경주: 선행5·선입0·추입2 → ⚡ 빠른 페이스
[경륜전개] 호후 6경주: 보통 · 라인 5개 · 페어 [[5, 1], [4, 2]]
[placeholder 필터] 아오모리 7경주 쌍승 껍데기 배당 3조합 제외(값: [1703.0])
[각질편성] 아오모리 7경주: 선행5·선입0·추입2 → ⚡ 빠른 페이스
[경륜전개] 아오모리 7경주: 슬로우(단독 선행) · 라인 5개 · 페어 [[4, 5], [3, 7]]
[각질편성] 호후 7경주: 선행5·선입0·추입2 → ⚡ 빠른 페이스
[경륜전개] 호후 7경주: 하이(주도권 경합) · 라인 5개 · 페어 [[5, 2], [3, 7]]
[각질편성] 사세보 1경주: 선행2·선입0·추입5 → 보통 페이스
[경륜전개] 사세보 1경주: 보통 · 라인 2개 · 페어 [[1, 5], [6, 2]]
[placeholder 필터] 오다와라 1경주 쌍승 껍데기 배당 3조합 제외(값: [270.4])
[각질편성] 오다와라 1경주: 선행5·선입0·추입4 → ⚡ 빠른 페이스
[경륜전개] 오다와라 1경주: 보통 · 라인 5개 · 페어 [[1, 5], [7, 3]]
[경륜 추천 모순 수정] 고배당 강제조합 1건 메인→복병 이동(25배 상한)
[단통 상한] 메인 3개 · 복병이동 0개
[placeholder 필터] 삿포로 2경주 복승 껍데기 배당 9조합 제외(값: [100])
[잔존마 필터] 삿포로 2경주: 전적 11두 → 배당 출전마 6두 (배당 없는 마번 제외: [2, 7, 9, 10, 11])
[각질편성] 삿포로 2경주: 선행0·선입0·추입0 → 🐌 느린 페이스
[3종 수집] 오다와라 1경주: {'quinella': 36, 'exacta': 72, 'trio': 0, 'win': 0} (history 8)
[placeholder 필터] 오다와라 1경주 쌍승 껍데기 배당 3조합 제외(값: [270.4])
[각질편성] 오다와라 1경주: 선행5·선입0·추입4 → ⚡ 빠른 페이스
[경륜전개] 오다와라 1경주: 보통 · 라인 5개 · 페어 [[1, 5], [7, 3]]
[경륜 추천 모순 수정] 고배당 강제조합 1건 메인→복병 이동(25배 상한)
[단통 상한] 메인 3개 · 복병이동 0개
🔎 [결정론 검수] 오다와라 1경주: B라인누락
[자동분석·배경] 오다와라 1경주: 마감 348초 전 재분석(rec_history 누적·cycle)
[3종 수집] 오다와라 1경주: {'quinella': 36, 'exacta': 72, 'trio': 0, 'win': 0} (history 9)
[placeholder 필터] 오다와라 1경주 쌍승 껍데기 배당 3조합 제외(값: [270.4])
[각질편성] 오다와라 1경주: 선행5·선입0·추입4 → ⚡ 빠른 페이스
[경륜전개] 오다와라 1경주: 보통 · 라인 5개 · 페어 [[1, 5], [7, 3]]
[경륜 추천 모순 수정] 고배당 강제조합 1건 메인→복병 이동(25배 상한)
[단통 상한] 메인 3개 · 복병이동 0개
[자동분석·배경] 오다와라 1경주: 마감 316초 전 재분석(rec_history 누적·cycle)
[각질편성] 사세보 1경주: 선행2·선입0·추입5 → 보통 페이스
[경륜전개] 사세보 1경주: 보통 · 라인 2개 · 페어 [[1, 5], [6, 2]]
[placeholder 필터] 오다와라 1경주 쌍승 껍데기 배당 3조합 제외(값: [270.4])
[각질편성] 오다와라 1경주: 선행5·선입0·추입4 → ⚡ 빠른 페이스
[경륜전개] 오다와라 1경주: 보통 · 라인 5개 · 페어 [[1, 5], [7, 3]]
[경륜 추천 모순 수정] 고배당 강제조합 1건 메인→복병 이동(25배 상한)
[단통 상한] 메인 3개 · 복병이동 0개
[카카오알림] 오다와라 1경주 T-5 → 큐 적재
[각질편성] 아오모리 4경주: 선행2·선입0·추입5 → 보통 페이스
[경륜전개] 아오모리 4경주: 슬로우(단독 선행) · 라인 2개 · 페어 [[2, 7], [4, 1]]
[복승불일치 축교정] 아오모리 4경주: 축 [1, 4]로 교정(자금이탈 강등 [7]·🔴🔴)
[각질편성] 호후 4경주: 선행2·선입0·추입5 → 보통 페이스
[경륜전개] 호후 4경주: 보통 · 라인 2개 · 페어 [[2, 7], [3, 4]]
[각질편성] 아오모리 5경주: 선행2·선입0·추입5 → 보통 페이스
[경륜전개] 아오모리 5경주: 보통 · 라인 2개 · 페어 [[3, 4], [5, 1]]
[복승불일치 축교정] 아오모리 5경주: 축 [1, 3]로 교정(자금이탈 강등 [6]·🔴)
[각질편성] 호후 5경주: 선행3·선입0·추입4 → ⚡ 빠른 페이스
[경륜전개] 호후 5경주: 보통 · 라인 3개 · 페어 [[5, 1], [4, 2], [3, 7]]
[결과기록] 캐시 갱신 — 재파싱 1건 / 전체 1660건
[각질편성] 아오모리 6경주: 선행4·선입0·추입3 → ⚡ 빠른 페이스
[경륜전개] 아오모리 6경주: 하이(주도권 경합) · 라인 4개 · 페어 [[1, 3], [7, 4], [6, 2]]
[placeholder 필터] 호후 6경주 쌍승 껍데기 배당 3조합 제외(값: [300.2])
[각질편성] 호후 6경주: 선행5·선입0·추입2 → ⚡ 빠른 페이스
[경륜전개] 호후 6경주: 보통 · 라인 5개 · 페어 [[5, 1], [4, 2]]
[placeholder 필터] 아오모리 7경주 쌍승 껍데기 배당 3조합 제외(값: [1703.0])
[각질편성] 아오모리 7경주: 선행5·선입0·추입2 → ⚡ 빠른 페이스
[경륜전개] 아오모리 7경주: 슬로우(단독 선행) · 라인 5개 · 페어 [[4, 5], [3, 7]]
[각질편성] 호후 7경주: 선행5·선입0·추입2 → ⚡ 빠른 페이스
[경륜전개] 호후 7경주: 하이(주도권 경합) · 라인 5개 · 페어 [[5, 2], [3, 7]]
[각질편성] 사세보 1경주: 선행2·선입0·추입5 → 보통 페이스
[경륜전개] 사세보 1경주: 보통 · 라인 2개 · 페어 [[1, 5], [6, 2]]
[placeholder 필터] 오다와라 1경주 쌍승 껍데기 배당 3조합 제외(값: [270.4])
[각질편성] 오다와라 1경주: 선행5·선입0·추입4 → ⚡ 빠른 페이스
[경륜전개] 오다와라 1경주: 보통 · 라인 5개 · 페어 [[1, 5], [7, 3]]
[경륜 추천 모순 수정] 고배당 강제조합 1건 메인→복병 이동(25배 상한)
[단통 상한] 메인 3개 · 복병이동 0개
[placeholder 필터] 삿포로 2경주 복승 껍데기 배당 9조합 제외(값: [100])
[잔존마 필터] 삿포로 2경주: 전적 11두 → 배당 출전마 6두 (배당 없는 마번 제외: [2, 7, 9, 10, 11])
[각질편성] 삿포로 2경주: 선행0·선입0·추입0 → 🐌 느린 페이스
[3종 수집] 오다와라 1경주: {'quinella': 36, 'exacta': 72, 'trio': 0, 'win': 0} (history 10)
[각질편성] 오다와라 1경주: 선행5·선입0·추입4 → ⚡ 빠른 페이스
[경륜전개] 오다와라 1경주: 보통 · 라인 5개 · 페어 [[1, 5], [7, 3]]
[경륜 추천 모순 수정] 고배당 강제조합 1건 메인→복병 이동(25배 상한)
[단통 상한] 메인 2개 · 복병이동 0개
[자동예상] 오다와라 1경주 최종예상 저장(2026_08_01_오다와라_1경주.json)
[각질편성] 오다와라 1경주: 선행5·선입0·추입4 → ⚡ 빠른 페이스
[경륜전개] 오다와라 1경주: 보통 · 라인 5개 · 페어 [[1, 5], [7, 3]]
[경륜 추천 모순 수정] 고배당 강제조합 1건 메인→복병 이동(25배 상한)
[단통 상한] 메인 2개 · 복병이동 0개
[자동분석·배경] 오다와라 1경주: 마감 283초 전 재분석(rec_history 누적·cycle)
[카톡 변경알림·즉시] 오다와라 1경주 (남은 283s): 삼복승 제외: 1+2+5 · 1+3+5
[각질편성] 아오모리 4경주: 선행2·선입0·추입5 → 보통 페이스
[경륜전개] 아오모리 4경주: 슬로우(단독 선행) · 라인 2개 · 페어 [[2, 7], [4, 1]]
[복승불일치 축교정] 아오모리 4경주: 축 [1, 4]로 교정(자금이탈 강등 [7]·🔴🔴)
[각질편성] 호후 4경주: 선행2·선입0·추입5 → 보통 페이스
[경륜전개] 호후 4경주: 보통 · 라인 2개 · 페어 [[2, 7], [3, 4]]
[각질편성] 아오모리 5경주: 선행2·선입0·추입5 → 보통 페이스
[경륜전개] 아오모리 5경주: 보통 · 라인 2개 · 페어 [[3, 4], [5, 1]]
[복승불일치 축교정] 아오모리 5경주: 축 [1, 3]로 교정(자금이탈 강등 [6]·🔴)
[각질편성] 호후 5경주: 선행3·선입0·추입4 → ⚡ 빠른 페이스
[경륜전개] 호후 5경주: 보통 · 라인 3개 · 페어 [[5, 1], [4, 2], [3, 7]]
[결과기록] 캐시 갱신 — 재파싱 1건 / 전체 1660건
[각질편성] 아오모리 6경주: 선행4·선입0·추입3 → ⚡ 빠른 페이스
[경륜전개] 아오모리 6경주: 하이(주도권 경합) · 라인 4개 · 페어 [[1, 3], [7, 4], [6, 2]]
[placeholder 필터] 호후 6경주 쌍승 껍데기 배당 3조합 제외(값: [300.2])
[각질편성] 호후 6경주: 선행5·선입0·추입2 → ⚡ 빠른 페이스
[경륜전개] 호후 6경주: 보통 · 라인 5개 · 페어 [[5, 1], [4, 2]]
[placeholder 필터] 아오모리 7경주 쌍승 껍데기 배당 3조합 제외(값: [1703.0])
[각질편성] 아오모리 7경주: 선행5·선입0·추입2 → ⚡ 빠른 페이스
[경륜전개] 아오모리 7경주: 슬로우(단독 선행) · 라인 5개 · 페어 [[4, 5], [3, 7]]
[각질편성] 호후 7경주: 선행5·선입0·추입2 → ⚡ 빠른 페이스
[경륜전개] 호후 7경주: 하이(주도권 경합) · 라인 5개 · 페어 [[5, 2], [3, 7]]
[각질편성] 사세보 1경주: 선행2·선입0·추입5 → 보통 페이스
[경륜전개] 사세보 1경주: 보통 · 라인 2개 · 페어 [[1, 5], [6, 2]]
[각질편성] 오다와라 1경주: 선행5·선입0·추입4 → ⚡ 빠른 페이스
[경륜전개] 오다와라 1경주: 보통 · 라인 5개 · 페어 [[1, 5], [7, 3]]
[경륜 추천 모순 수정] 고배당 강제조합 1건 메인→복병 이동(25배 상한)
[단통 상한] 메인 2개 · 복병이동 0개
[3종 수집] 오다와라 1경주: {'quinella': 36, 'exacta': 72, 'trio': 0, 'win': 0} (history 11)
[placeholder 필터] 삿포로 2경주 복승 껍데기 배당 9조합 제외(값: [100])
[잔존마 필터] 삿포로 2경주: 전적 11두 → 배당 출전마 6두 (배당 없는 마번 제외: [2, 7, 9, 10, 11])
[각질편성] 삿포로 2경주: 선행0·선입0·추입0 → 🐌 느린 페이스
[placeholder 필터] 오다와라 1경주 쌍승 껍데기 배당 6조합 제외(값: [712.3, 851.7])
[각질편성] 오다와라 1경주: 선행5·선입0·추입4 → ⚡ 빠른 페이스
[경륜전개] 오다와라 1경주: 보통 · 라인 5개 · 페어 [[1, 5], [7, 3]]
[경륜 추천 모순 수정] 고배당 강제조합 1건 메인→복병 이동(25배 상한)
[단통 상한] 메인 2개 · 복병이동 0개
[자동분석·배경] 오다와라 1경주: 마감 251초 전 재분석(rec_history 누적·cycle)
[3종 수집] 오다와라 1경주: {'quinella': 36, 'exacta': 72, 'trio': 0, 'win': 0} (history 12)
[placeholder 필터] 오다와라 1경주 쌍승 껍데기 배당 6조합 제외(값: [712.3, 851.7])
[각질편성] 오다와라 1경주: 선행5·선입0·추입4 → ⚡ 빠른 페이스
[경륜전개] 오다와라 1경주: 보통 · 라인 5개 · 페어 [[1, 5], [7, 3]]
[경륜 추천 모순 수정] 고배당 강제조합 1건 메인→복병 이동(25배 상한)
[단통 상한] 메인 3개 · 복병이동 0개
[자동분석·배경] 오다와라 1경주: 마감 218초 전 재분석(rec_history 누적·cycle)
📊 [채점] 아오모리 7경주: Gemini 1/3 ↔ 시장 2/3 · 놓침 [5, 4]
📝 [복기] 아오모리 7경주: 5번 말은 추입형임에도 최근 개최 예선 성적이 좋았고, 특히 'prev1'에서 결승 4착을 → 규칙(4): 추입형 말이 예선에서 준수한 성적을 유지하고 이전 개최 결승에서도 4착 이내 기록이 있다면, 잠재적 입상 가
[placeholder 필터] 아오모리 7경주 쌍승 껍데기 배당 3조합 제외(값: [1703.0])
[각질편성] 아오모리 7경주: 선행5·선입0·추입2 → ⚡ 빠른 페이스
[경륜전개] 아오모리 7경주: 슬로우(단독 선행) · 라인 5개 · 페어 [[4, 5], [3, 7]]
[보조조합 적중] 아오모리 7경주 · 1+4+5 (초기급락 보존) — 승격 후보 표본 누적
[신호별학습] 아오모리 7경주 · 활성신호 ['급락'] · 유력마적중 복승=True 삼복승=False
[결과 수정] 아오모리 7경주: 기존 레코드 교체(재입력)
[복병케이스] 아오모리 7경주: 복병 1두 저장(입상 1)
[각질편성] 아오모리 4경주: 선행2·선입0·추입5 → 보통 페이스
[경륜전개] 아오모리 4경주: 슬로우(단독 선행) · 라인 2개 · 페어 [[2, 7], [4, 1]]
[복승불일치 축교정] 아오모리 4경주: 축 [1, 4]로 교정(자금이탈 강등 [7]·🔴🔴)
[각질편성] 호후 4경주: 선행2·선입0·추입5 → 보통 페이스
[경륜전개] 호후 4경주: 보통 · 라인 2개 · 페어 [[2, 7], [3, 4]]
[각질편성] 아오모리 5경주: 선행2·선입0·추입5 → 보통 페이스
[경륜전개] 아오모리 5경주: 보통 · 라인 2개 · 페어 [[3, 4], [5, 1]]
[복승불일치 축교정] 아오모리 5경주: 축 [1, 3]로 교정(자금이탈 강등 [6]·🔴)
[각질편성] 호후 5경주: 선행3·선입0·추입4 → ⚡ 빠른 페이스
[경륜전개] 호후 5경주: 보통 · 라인 3개 · 페어 [[5, 1], [4, 2], [3, 7]]
[결과기록] 캐시 갱신 — 재파싱 1건 / 전체 1660건
[각질편성] 아오모리 6경주: 선행4·선입0·추입3 → ⚡ 빠른 페이스
[경륜전개] 아오모리 6경주: 하이(주도권 경합) · 라인 4개 · 페어 [[1, 3], [7, 4], [6, 2]]
[placeholder 필터] 호후 6경주 쌍승 껍데기 배당 3조합 제외(값: [300.2])
[각질편성] 호후 6경주: 선행5·선입0·추입2 → ⚡ 빠른 페이스
[경륜전개] 호후 6경주: 보통 · 라인 5개 · 페어 [[5, 1], [4, 2]]
[placeholder 필터] 아오모리 7경주 쌍승 껍데기 배당 3조합 제외(값: [1703.0])
[각질편성] 아오모리 7경주: 선행5·선입0·추입2 → ⚡ 빠른 페이스
[경륜전개] 아오모리 7경주: 슬로우(단독 선행) · 라인 5개 · 페어 [[4, 5], [3, 7]]
[각질편성] 호후 7경주: 선행5·선입0·추입2 → ⚡ 빠른 페이스
[경륜전개] 호후 7경주: 하이(주도권 경합) · 라인 5개 · 페어 [[5, 2], [3, 7]]
[각질편성] 사세보 1경주: 선행2·선입0·추입5 → 보통 페이스
[경륜전개] 사세보 1경주: 보통 · 라인 2개 · 페어 [[1, 5], [6, 2]]
[placeholder 필터] 오다와라 1경주 쌍승 껍데기 배당 6조합 제외(값: [712.3, 851.7])
[각질편성] 오다와라 1경주: 선행5·선입0·추입4 → ⚡ 빠른 페이스
[경륜전개] 오다와라 1경주: 보통 · 라인 5개 · 페어 [[1, 5], [7, 3]]
[경륜 추천 모순 수정] 고배당 강제조합 1건 메인→복병 이동(25배 상한)
[단통 상한] 메인 3개 · 복병이동 0개
[placeholder 필터] 삿포로 2경주 복승 껍데기 배당 9조합 제외(값: [100])
[잔존마 필터] 삿포로 2경주: 전적 11두 → 배당 출전마 6두 (배당 없는 마번 제외: [2, 7, 9, 10, 11])
[각질편성] 삿포로 2경주: 선행0·선입0·추입0 → 🐌 느린 페이스
[3종 수집] 오다와라 1경주: {'quinella': 36, 'exacta': 72, 'trio': 0, 'win': 0} (history 12)
[placeholder 필터] 오다와라 1경주 쌍승 껍데기 배당 3조합 제외(값: [804.1])
[각질편성] 오다와라 1경주: 선행5·선입0·추입4 → ⚡ 빠른 페이스
[경륜전개] 오다와라 1경주: 보통 · 라인 5개 · 페어 [[1, 5], [7, 3]]
[경륜 추천 모순 수정] 고배당 강제조합 1건 메인→복병 이동(25배 상한)
[단통 상한] 메인 3개 · 복병이동 0개
[자동분석·배경] 오다와라 1경주: 마감 186초 전 재분석(rec_history 누적·cycle)
[placeholder 필터] 아오모리 7경주 쌍승 껍데기 배당 3조합 제외(값: [1703.0])
[각질편성] 아오모리 7경주: 선행5·선입0·추입2 → ⚡ 빠른 페이스
[경륜전개] 아오모리 7경주: 슬로우(단독 선행) · 라인 5개 · 페어 [[4, 5], [3, 7]]
[readonly 잠금] 아오모리 7경주: 마감 확정 파일 — corePicks/시계열 보존, result/hit만 업데이트 허용
[마감 동결] 아오모리 7경주: 확정본 복원(출처 closed_row · 기준 10:29:11)
[패턴발견] 결과 1521경주 스캔 → 발견 패턴 10개(기준 적중률 35.2%)
[자동학습] 아오모리 7경주 결과 [5, 1, 4] → 추천적중 False, 급락적중 False, 전적유력마 1(적중), 제거적중 False
[경륜 결과 백필] 2026-08-01: 시도 4 · 성공 1 · 실패 3
  ↳ 실패: 오다와라 1경주 - 결과 미게시/파싱 실패
  ↳ 실패: 사세보 1경주 - 결과 미게시/파싱 실패
  ↳ 실패: 호후 7경주 - 결과 미게시/파싱 실패
[3종 수집] 오다와라 1경주: {'quinella': 36, 'exacta': 72, 'trio': 0, 'win': 0} (history 12)
[placeholder 필터] 오다와라 1경주 쌍승 껍데기 배당 3조합 제외(값: [831.5])
[각질편성] 오다와라 1경주: 선행5·선입0·추입4 → ⚡ 빠른 페이스
[경륜전개] 오다와라 1경주: 보통 · 라인 5개 · 페어 [[1, 5], [7, 3]]
[T-2분 왕축 동결] 오다와라 1경주: [9, 1] → [9, 1] 유지(cur_mb=2)
[경륜 추천 모순 수정] 고배당 강제조합 1건 메인→복병 이동(25배 상한)
[단통 상한] 메인 3개 · 복병이동 0개
[자동분석·배경] 오다와라 1경주: 마감 154초 전 재분석(rec_history 누적·cycle)
[각질편성] 아오모리 4경주: 선행2·선입0·추입5 → 보통 페이스
[경륜전개] 아오모리 4경주: 슬로우(단독 선행) · 라인 2개 · 페어 [[2, 7], [4, 1]]
[복승불일치 축교정] 아오모리 4경주: 축 [1, 4]로 교정(자금이탈 강등 [7]·🔴🔴)
[각질편성] 호후 4경주: 선행2·선입0·추입5 → 보통 페이스
[경륜전개] 호후 4경주: 보통 · 라인 2개 · 페어 [[2, 7], [3, 4]]
[각질편성] 아오모리 5경주: 선행2·선입0·추입5 → 보통 페이스
[경륜전개] 아오모리 5경주: 보통 · 라인 2개 · 페어 [[3, 4], [5, 1]]
[복승불일치 축교정] 아오모리 5경주: 축 [1, 3]로 교정(자금이탈 강등 [6]·🔴)
[데이터백업] ✅ GitHub 반영: 결과 자동백업: 아오모리 7경주 5-1-4
[각질편성] 호후 5경주: 선행3·선입0·추입4 → ⚡ 빠른 페이스
[경륜전개] 호후 5경주: 보통 · 라인 3개 · 페어 [[5, 1], [4, 2], [3, 7]]
[각질편성] 아오모리 6경주: 선행4·선입0·추입3 → ⚡ 빠른 페이스
[경륜전개] 아오모리 6경주: 하이(주도권 경합) · 라인 4개 · 페어 [[1, 3], [7, 4], [6, 2]]
[결과기록] 캐시 갱신 — 재파싱 2건 / 전체 1660건
[placeholder 필터] 호후 6경주 쌍승 껍데기 배당 3조합 제외(값: [300.2])
[각질편성] 호후 6경주: 선행5·선입0·추입2 → ⚡ 빠른 페이스
[경륜전개] 호후 6경주: 보통 · 라인 5개 · 페어 [[5, 1], [4, 2]]
[placeholder 필터] 아오모리 7경주 쌍승 껍데기 배당 3조합 제외(값: [1703.0])
[각질편성] 아오모리 7경주: 선행5·선입0·추입2 → ⚡ 빠른 페이스
[경륜전개] 아오모리 7경주: 슬로우(단독 선행) · 라인 5개 · 페어 [[4, 5], [3, 7]]
[각질편성] 호후 7경주: 선행5·선입0·추입2 → ⚡ 빠른 페이스
[경륜전개] 호후 7경주: 하이(주도권 경합) · 라인 5개 · 페어 [[5, 2], [3, 7]]
[각질편성] 사세보 1경주: 선행2·선입0·추입5 → 보통 페이스
[경륜전개] 사세보 1경주: 보통 · 라인 2개 · 페어 [[1, 5], [6, 2]]
[placeholder 필터] 오다와라 1경주 쌍승 껍데기 배당 3조합 제외(값: [831.5])
[각질편성] 오다와라 1경주: 선행5·선입0·추입4 → ⚡ 빠른 페이스
[경륜전개] 오다와라 1경주: 보통 · 라인 5개 · 페어 [[1, 5], [7, 3]]
[T-2분 왕축 동결] 오다와라 1경주: [9, 1] → [9, 1] 유지(cur_mb=2)
[경륜 추천 모순 수정] 고배당 강제조합 1건 메인→복병 이동(25배 상한)
[단통 상한] 메인 3개 · 복병이동 0개
[placeholder 필터] 삿포로 2경주 복승 껍데기 배당 9조합 제외(값: [100])
[잔존마 필터] 삿포로 2경주: 전적 11두 → 배당 출전마 6두 (배당 없는 마번 제외: [2, 7, 9, 10, 11])
[각질편성] 삿포로 2경주: 선행0·선입0·추입0 → 🐌 느린 페이스
[3종 수집] 오다와라 1경주: {'quinella': 36, 'exacta': 72, 'trio': 0, 'win': 0} (history 12)
[placeholder 필터] 오다와라 1경주 쌍승 껍데기 배당 3조합 제외(값: [831.5])
[각질편성] 오다와라 1경주: 선행5·선입0·추입4 → ⚡ 빠른 페이스
[경륜전개] 오다와라 1경주: 보통 · 라인 5개 · 페어 [[1, 5], [7, 3]]
[T-2분 왕축 동결] 오다와라 1경주: [9, 1] → [9, 1] 유지(cur_mb=2)
[경륜 추천 모순 수정] 고배당 강제조합 1건 메인→복병 이동(25배 상한)
[단통 상한] 메인 3개 · 복병이동 0개
[자동분석·배경] 오다와라 1경주: 마감 122초 전 재분석(rec_history 누적·cycle)
[각질편성] 아오모리 4경주: 선행2·선입0·추입5 → 보통 페이스
[경륜전개] 아오모리 4경주: 슬로우(단독 선행) · 라인 2개 · 페어 [[2, 7], [4, 1]]
[복승불일치 축교정] 아오모리 4경주: 축 [1, 4]로 교정(자금이탈 강등 [7]·🔴🔴)
[각질편성] 호후 4경주: 선행2·선입0·추입5 → 보통 페이스
[경륜전개] 호후 4경주: 보통 · 라인 2개 · 페어 [[2, 7], [3, 4]]
[각질편성] 아오모리 5경주: 선행2·선입0·추입5 → 보통 페이스
[경륜전개] 아오모리 5경주: 보통 · 라인 2개 · 페어 [[3, 4], [5, 1]]
[복승불일치 축교정] 아오모리 5경주: 축 [1, 3]로 교정(자금이탈 강등 [6]·🔴)
[각질편성] 호후 5경주: 선행3·선입0·추입4 → ⚡ 빠른 페이스
[경륜전개] 호후 5경주: 보통 · 라인 3개 · 페어 [[5, 1], [4, 2], [3, 7]]
[각질편성] 아오모리 6경주: 선행4·선입0·추입3 → ⚡ 빠른 페이스
[경륜전개] 아오모리 6경주: 하이(주도권 경합) · 라인 4개 · 페어 [[1, 3], [7, 4], [6, 2]]
[placeholder 필터] 호후 6경주 쌍승 껍데기 배당 3조합 제외(값: [300.2])
[각질편성] 호후 6경주: 선행5·선입0·추입2 → ⚡ 빠른 페이스
[경륜전개] 호후 6경주: 보통 · 라인 5개 · 페어 [[5, 1], [4, 2]]
[placeholder 필터] 아오모리 7경주 쌍승 껍데기 배당 3조합 제외(값: [1703.0])
[각질편성] 아오모리 7경주: 선행5·선입0·추입2 → ⚡ 빠른 페이스
[경륜전개] 아오모리 7경주: 슬로우(단독 선행) · 라인 5개 · 페어 [[4, 5], [3, 7]]
[각질편성] 호후 7경주: 선행5·선입0·추입2 → ⚡ 빠른 페이스
[경륜전개] 호후 7경주: 하이(주도권 경합) · 라인 5개 · 페어 [[5, 2], [3, 7]]
[각질편성] 사세보 1경주: 선행2·선입0·추입5 → 보통 페이스
[경륜전개] 사세보 1경주: 보통 · 라인 2개 · 페어 [[1, 5], [6, 2]]
[placeholder 필터] 오다와라 1경주 쌍승 껍데기 배당 3조합 제외(값: [831.5])
[각질편성] 오다와라 1경주: 선행5·선입0·추입4 → ⚡ 빠른 페이스
[경륜전개] 오다와라 1경주: 보통 · 라인 5개 · 페어 [[1, 5], [7, 3]]
[T-2분 왕축 동결] 오다와라 1경주: [9, 1] → [9, 1] 유지(cur_mb=1)
[경륜 추천 모순 수정] 고배당 강제조합 1건 메인→복병 이동(25배 상한)
[단통 상한] 메인 3개 · 복병이동 0개
[placeholder 필터] 삿포로 2경주 복승 껍데기 배당 9조합 제외(값: [100])
[잔존마 필터] 삿포로 2경주: 전적 11두 → 배당 출전마 6두 (배당 없는 마번 제외: [2, 7, 9, 10, 11])
[각질편성] 삿포로 2경주: 선행0·선입0·추입0 → 🐌 느린 페이스
[다중경주] 하트비트 #181 · 스케줄 ymd=20260801 (-1초 전 갱신 · 트랙 12개)
[3종 수집] 오다와라 1경주: {'quinella': 36, 'exacta': 72, 'trio': 0, 'win': 0} (history 12)
[경륜 득점갭] 기후 1경주: 4번 득점 1위 갭 4.1 → +5 가점
[경륜 전적·자동] 기후 1경주: 7두 수집(競走得点·절대등급 A/B/C/D·라인[1, 4, 6, 7, 3, 5, 2]) → 통합등급 자동 반영
[3종 수집] 기후 1경주: {'quinella': 21, 'exacta': 42, 'trio': 0, 'win': 0} (history 1)
🔮 [예측] 기후 1경주: top3=[7, 3, 1] conf=4 · 이 경주는 두 개의 선행형 라인이 존재하지만, 7번 라인이 두터워 선행 
[placeholder 필터] 오다와라 1경주 쌍승 껍데기 배당 3조합 제외(값: [831.5])
[각질편성] 오다와라 1경주: 선행5·선입0·추입4 → ⚡ 빠른 페이스
[경륜전개] 오다와라 1경주: 보통 · 라인 5개 · 페어 [[1, 5], [7, 3]]
[T-2분 왕축 동결] 오다와라 1경주: [9, 1] → [9, 1] 유지(cur_mb=1)
[경륜 추천 모순 수정] 고배당 강제조합 1건 메인→복병 이동(25배 상한)
[단통 상한] 메인 3개 · 복병이동 0개
[자동분석·배경] 오다와라 1경주: 마감 90초 전 재분석(rec_history 누적·cycle)
[placeholder 필터] 기후 1경주 쌍승 껍데기 배당 9조합 제외(값: [200.0, 266.7, 355.6])
[각질편성] 기후 1경주: 선행2·선입0·추입5 → 보통 페이스
[경륜전개] 기후 1경주: 보통 · 라인 2개 · 페어 [[7, 3], [1, 4]]
[경륜 추천 개수] 7명 → 메인 3개(상한 3) · 복병 이동 1개
🔎 [결정론 검수] 기후 1경주: B라인누락
[자동분석·배경] 기후 1경주: 마감 570초 전 재분석(rec_history 누적·cycle)
[placeholder 필터] 기후 1경주 쌍승 껍데기 배당 9조합 제외(값: [200.0, 266.7, 355.6])
[각질편성] 기후 1경주: 선행2·선입0·추입5 → 보통 페이스
[경륜전개] 기후 1경주: 보통 · 라인 2개 · 페어 [[7, 3], [1, 4]]
[경륜 추천 개수] 7명 → 메인 3개(상한 3) · 복병 이동 1개
[각질편성] 아오모리 4경주: 선행2·선입0·추입5 → 보통 페이스
[경륜전개] 아오모리 4경주: 슬로우(단독 선행) · 라인 2개 · 페어 [[2, 7], [4, 1]]
[복승불일치 축교정] 아오모리 4경주: 축 [1, 4]로 교정(자금이탈 강등 [7]·🔴🔴)
[각질편성] 호후 4경주: 선행2·선입0·추입5 → 보통 페이스
[경륜전개] 호후 4경주: 보통 · 라인 2개 · 페어 [[2, 7], [3, 4]]
[각질편성] 아오모리 5경주: 선행2·선입0·추입5 → 보통 페이스
[경륜전개] 아오모리 5경주: 보통 · 라인 2개 · 페어 [[3, 4], [5, 1]]
[복승불일치 축교정] 아오모리 5경주: 축 [1, 3]로 교정(자금이탈 강등 [6]·🔴)
[각질편성] 호후 5경주: 선행3·선입0·추입4 → ⚡ 빠른 페이스
[경륜전개] 호후 5경주: 보통 · 라인 3개 · 페어 [[5, 1], [4, 2], [3, 7]]
[각질편성] 아오모리 6경주: 선행4·선입0·추입3 → ⚡ 빠른 페이스
[경륜전개] 아오모리 6경주: 하이(주도권 경합) · 라인 4개 · 페어 [[1, 3], [7, 4], [6, 2]]
[placeholder 필터] 호후 6경주 쌍승 껍데기 배당 3조합 제외(값: [300.2])
[각질편성] 호후 6경주: 선행5·선입0·추입2 → ⚡ 빠른 페이스
[경륜전개] 호후 6경주: 보통 · 라인 5개 · 페어 [[5, 1], [4, 2]]
[결과기록] 캐시 갱신 — 재파싱 2건 / 전체 1661건
[placeholder 필터] 아오모리 7경주 쌍승 껍데기 배당 3조합 제외(값: [1703.0])
[각질편성] 아오모리 7경주: 선행5·선입0·추입2 → ⚡ 빠른 페이스
[경륜전개] 아오모리 7경주: 슬로우(단독 선행) · 라인 5개 · 페어 [[4, 5], [3, 7]]
[각질편성] 호후 7경주: 선행5·선입0·추입2 → ⚡ 빠른 페이스
[경륜전개] 호후 7경주: 하이(주도권 경합) · 라인 5개 · 페어 [[5, 2], [3, 7]]
[각질편성] 사세보 1경주: 선행2·선입0·추입5 → 보통 페이스
[경륜전개] 사세보 1경주: 보통 · 라인 2개 · 페어 [[1, 5], [6, 2]]
[placeholder 필터] 오다와라 1경주 쌍승 껍데기 배당 3조합 제외(값: [831.5])
[각질편성] 오다와라 1경주: 선행5·선입0·추입4 → ⚡ 빠른 페이스
[경륜전개] 오다와라 1경주: 보통 · 라인 5개 · 페어 [[1, 5], [7, 3]]
[T-2분 왕축 동결] 오다와라 1경주: [9, 1] → [9, 1] 유지(cur_mb=1)
[경륜 추천 모순 수정] 고배당 강제조합 1건 메인→복병 이동(25배 상한)
[단통 상한] 메인 3개 · 복병이동 0개
[placeholder 필터] 기후 1경주 쌍승 껍데기 배당 9조합 제외(값: [200.0, 266.7, 355.6])
[각질편성] 기후 1경주: 선행2·선입0·추입5 → 보통 페이스
[경륜전개] 기후 1경주: 보통 · 라인 2개 · 페어 [[7, 3], [1, 4]]
[경륜 추천 개수] 7명 → 메인 3개(상한 3) · 복병 이동 1개
[placeholder 필터] 삿포로 2경주 복승 껍데기 배당 9조합 제외(값: [100])
[잔존마 필터] 삿포로 2경주: 전적 11두 → 배당 출전마 6두 (배당 없는 마번 제외: [2, 7, 9, 10, 11])
[각질편성] 삿포로 2경주: 선행0·선입0·추입0 → 🐌 느린 페이스
[활성정리] 끝난 경주 1건 제거(히스토리 보존): 호후 6경주
[3종 수집] 오다와라 1경주: {'quinella': 36, 'exacta': 72, 'trio': 0, 'win': 0} (history 12)
[3종 수집] 기후 1경주: {'quinella': 21, 'exacta': 42, 'trio': 0, 'win': 0} (history 2)
[각질편성] 오다와라 1경주: 선행5·선입0·추입4 → ⚡ 빠른 페이스
[경륜전개] 오다와라 1경주: 보통 · 라인 5개 · 페어 [[1, 5], [7, 3]]
[경륜 추천 모순 수정] 고배당 강제조합 2건 메인→복병 이동(25배 상한)
[단통 상한] 메인 3개 · 복병이동 0개
[자동분석·배경] 오다와라 1경주: 마감 54초 전 재분석(rec_history 누적·cycle)
[placeholder 필터] 기후 1경주 쌍승 껍데기 배당 3조합 제외(값: [239.4])
[각질편성] 기후 1경주: 선행2·선입0·추입5 → 보통 페이스
[경륜전개] 기후 1경주: 보통 · 라인 2개 · 페어 [[7, 3], [1, 4]]
[경륜 추천 개수] 7명 → 메인 3개(상한 3) · 복병 이동 2개
[자동분석·배경] 기후 1경주: 마감 534초 전 재분석(rec_history 누적·cycle)
[3종 수집] 기후 1경주: {'quinella': 21, 'exacta': 42, 'trio': 0, 'win': 0} (history 3)
[3종 수집] 오다와라 1경주: {'quinella': 36, 'exacta': 72, 'trio': 0, 'win': 0} (history 12)
[placeholder 필터] 기후 1경주 쌍승 껍데기 배당 3조합 제외(값: [239.4])
[각질편성] 기후 1경주: 선행2·선입0·추입5 → 보통 페이스
[경륜전개] 기후 1경주: 보통 · 라인 2개 · 페어 [[7, 3], [1, 4]]
[단통 상한] 메인 3개 · 복병이동 0개
[자동분석·배경] 기후 1경주: 마감 501초 전 재분석(rec_history 누적·cycle)
[각질편성] 아오모리 4경주: 선행2·선입0·추입5 → 보통 페이스
[경륜전개] 아오모리 4경주: 슬로우(단독 선행) · 라인 2개 · 페어 [[2, 7], [4, 1]]
[복승불일치 축교정] 아오모리 4경주: 축 [1, 4]로 교정(자금이탈 강등 [7]·🔴🔴)
[각질편성] 호후 4경주: 선행2·선입0·추입5 → 보통 페이스
[경륜전개] 호후 4경주: 보통 · 라인 2개 · 페어 [[2, 7], [3, 4]]
[각질편성] 아오모리 5경주: 선행2·선입0·추입5 → 보통 페이스
[경륜전개] 아오모리 5경주: 보통 · 라인 2개 · 페어 [[3, 4], [5, 1]]
[복승불일치 축교정] 아오모리 5경주: 축 [1, 3]로 교정(자금이탈 강등 [6]·🔴)
[각질편성] 호후 5경주: 선행3·선입0·추입4 → ⚡ 빠른 페이스
[경륜전개] 호후 5경주: 보통 · 라인 3개 · 페어 [[5, 1], [4, 2], [3, 7]]
[각질편성] 아오모리 6경주: 선행4·선입0·추입3 → ⚡ 빠른 페이스
[경륜전개] 아오모리 6경주: 하이(주도권 경합) · 라인 4개 · 페어 [[1, 3], [7, 4], [6, 2]]
[placeholder 필터] 호후 6경주 쌍승 껍데기 배당 3조합 제외(값: [300.2])
[각질편성] 호후 6경주: 선행5·선입0·추입2 → ⚡ 빠른 페이스
[경륜전개] 호후 6경주: 보통 · 라인 5개 · 페어 [[5, 1], [4, 2]]
[결과기록] 캐시 갱신 — 재파싱 2건 / 전체 1661건
[placeholder 필터] 아오모리 7경주 쌍승 껍데기 배당 3조합 제외(값: [1703.0])
[각질편성] 아오모리 7경주: 선행5·선입0·추입2 → ⚡ 빠른 페이스
[경륜전개] 아오모리 7경주: 슬로우(단독 선행) · 라인 5개 · 페어 [[4, 5], [3, 7]]
[각질편성] 호후 7경주: 선행5·선입0·추입2 → ⚡ 빠른 페이스
[경륜전개] 호후 7경주: 하이(주도권 경합) · 라인 5개 · 페어 [[5, 2], [3, 7]]
[각질편성] 사세보 1경주: 선행2·선입0·추입5 → 보통 페이스
[경륜전개] 사세보 1경주: 보통 · 라인 2개 · 페어 [[1, 5], [6, 2]]
[각질편성] 오다와라 1경주: 선행5·선입0·추입4 → ⚡ 빠른 페이스
[경륜전개] 오다와라 1경주: 보통 · 라인 5개 · 페어 [[1, 5], [7, 3]]
[경륜 추천 모순 수정] 고배당 강제조합 2건 메인→복병 이동(25배 상한)
[단통 상한] 메인 3개 · 복병이동 0개
[placeholder 필터] 기후 1경주 쌍승 껍데기 배당 3조합 제외(값: [239.4])
[각질편성] 기후 1경주: 선행2·선입0·추입5 → 보통 페이스
[경륜전개] 기후 1경주: 보통 · 라인 2개 · 페어 [[7, 3], [1, 4]]
[단통 상한] 메인 3개 · 복병이동 0개
[placeholder 필터] 삿포로 2경주 복승 껍데기 배당 9조합 제외(값: [100])
[잔존마 필터] 삿포로 2경주: 전적 11두 → 배당 출전마 6두 (배당 없는 마번 제외: [2, 7, 9, 10, 11])
[각질편성] 삿포로 2경주: 선행0·선입0·추입0 → 🐌 느린 페이스
[3종 수집] 기후 1경주: {'quinella': 21, 'exacta': 42, 'trio': 0, 'win': 0} (history 4)
[3종 수집] 오다와라 1경주: {'quinella': 36, 'exacta': 72, 'trio': 0, 'win': 0} (history 12)
[placeholder 필터] 기후 1경주 쌍승 껍데기 배당 3조합 제외(값: [210.5])
[각질편성] 기후 1경주: 선행2·선입0·추입5 → 보통 페이스
[경륜전개] 기후 1경주: 보통 · 라인 2개 · 페어 [[7, 3], [1, 4]]
[단통 상한] 메인 3개 · 복병이동 0개
[자동분석·배경] 기후 1경주: 마감 469초 전 재분석(rec_history 누적·cycle)
[3종 수집] 기후 1경주: {'quinella': 21, 'exacta': 42, 'trio': 0, 'win': 0} (history 5)
[3종 수집] 오다와라 1경주: {'quinella': 36, 'exacta': 72, 'trio': 0, 'win': 0} (history 12)
[placeholder 필터] 기후 1경주 쌍승 껍데기 배당 3조합 제외(값: [407.7])
[각질편성] 기후 1경주: 선행2·선입0·추입5 → 보통 페이스
[경륜전개] 기후 1경주: 보통 · 라인 2개 · 페어 [[7, 3], [1, 4]]
[복승불일치 축교정] 기후 1경주: 축 [3, 7]로 교정(자금이탈 강등 [1]·🔴🔴)
[자동분석·배경] 기후 1경주: 마감 437초 전 재분석(rec_history 누적·cycle)
[각질편성] 오다와라 1경주: 선행5·선입0·추입4 → ⚡ 빠른 페이스
[경륜전개] 오다와라 1경주: 보통 · 라인 5개 · 페어 [[1, 5], [7, 3]]
[placeholder 필터] 기후 1경주 쌍승 껍데기 배당 3조합 제외(값: [407.7])
[각질편성] 기후 1경주: 선행2·선입0·추입5 → 보통 페이스
[경륜전개] 기후 1경주: 보통 · 라인 2개 · 페어 [[7, 3], [1, 4]]
[복승불일치 축교정] 기후 1경주: 축 [3, 7]로 교정(자금이탈 강등 [1]·🔴🔴)
[카카오알림] 기후 1경주 T-7 → 큐 적재
[각질편성] 아오모리 4경주: 선행2·선입0·추입5 → 보통 페이스
[경륜전개] 아오모리 4경주: 슬로우(단독 선행) · 라인 2개 · 페어 [[2, 7], [4, 1]]
[복승불일치 축교정] 아오모리 4경주: 축 [1, 4]로 교정(자금이탈 강등 [7]·🔴🔴)
[각질편성] 호후 4경주: 선행2·선입0·추입5 → 보통 페이스
[경륜전개] 호후 4경주: 보통 · 라인 2개 · 페어 [[2, 7], [3, 4]]
[각질편성] 아오모리 5경주: 선행2·선입0·추입5 → 보통 페이스
[경륜전개] 아오모리 5경주: 보통 · 라인 2개 · 페어 [[3, 4], [5, 1]]
[복승불일치 축교정] 아오모리 5경주: 축 [1, 3]로 교정(자금이탈 강등 [6]·🔴)
[각질편성] 호후 5경주: 선행3·선입0·추입4 → ⚡ 빠른 페이스
[경륜전개] 호후 5경주: 보통 · 라인 3개 · 페어 [[5, 1], [4, 2], [3, 7]]
[각질편성] 아오모리 6경주: 선행4·선입0·추입3 → ⚡ 빠른 페이스
[경륜전개] 아오모리 6경주: 하이(주도권 경합) · 라인 4개 · 페어 [[1, 3], [7, 4], [6, 2]]
[placeholder 필터] 호후 6경주 쌍승 껍데기 배당 3조합 제외(값: [300.2])
[각질편성] 호후 6경주: 선행5·선입0·추입2 → ⚡ 빠른 페이스
[경륜전개] 호후 6경주: 보통 · 라인 5개 · 페어 [[5, 1], [4, 2]]
[placeholder 필터] 아오모리 7경주 쌍승 껍데기 배당 3조합 제외(값: [1703.0])
[각질편성] 아오모리 7경주: 선행5·선입0·추입2 → ⚡ 빠른 페이스
[경륜전개] 아오모리 7경주: 슬로우(단독 선행) · 라인 5개 · 페어 [[4, 5], [3, 7]]
[결과기록] 캐시 갱신 — 재파싱 1건 / 전체 1661건
[각질편성] 호후 7경주: 선행5·선입0·추입2 → ⚡ 빠른 페이스
[경륜전개] 호후 7경주: 하이(주도권 경합) · 라인 5개 · 페어 [[5, 2], [3, 7]]
[각질편성] 사세보 1경주: 선행2·선입0·추입5 → 보통 페이스
[경륜전개] 사세보 1경주: 보통 · 라인 2개 · 페어 [[1, 5], [6, 2]]
[각질편성] 오다와라 1경주: 선행5·선입0·추입4 → ⚡ 빠른 페이스
[경륜전개] 오다와라 1경주: 보통 · 라인 5개 · 페어 [[1, 5], [7, 3]]
[placeholder 필터] 기후 1경주 쌍승 껍데기 배당 3조합 제외(값: [407.7])
[각질편성] 기후 1경주: 선행2·선입0·추입5 → 보통 페이스
[경륜전개] 기후 1경주: 보통 · 라인 2개 · 페어 [[7, 3], [1, 4]]
[복승불일치 축교정] 기후 1경주: 축 [3, 7]로 교정(자금이탈 강등 [1]·🔴🔴)
[placeholder 필터] 삿포로 2경주 복승 껍데기 배당 9조합 제외(값: [100])
[잔존마 필터] 삿포로 2경주: 전적 11두 → 배당 출전마 6두 (배당 없는 마번 제외: [2, 7, 9, 10, 11])
[각질편성] 삿포로 2경주: 선행0·선입0·추입0 → 🐌 느린 페이스
[3종 수집] 오다와라 1경주: {'quinella': 36, 'exacta': 72, 'trio': 0, 'win': 0} (history 12)
[3종 수집] 기후 1경주: {'quinella': 21, 'exacta': 42, 'trio': 0, 'win': 0} (history 6)
[placeholder 필터] 기후 1경주 쌍승 껍데기 배당 3조합 제외(값: [288.3])
[각질편성] 기후 1경주: 선행2·선입0·추입5 → 보통 페이스
[경륜전개] 기후 1경주: 보통 · 라인 2개 · 페어 [[7, 3], [1, 4]]
[복승불일치 축교정] 기후 1경주: 축 [3, 7]로 교정(자금이탈 강등 [1]·🔴🔴)
[자동분석·배경] 기후 1경주: 마감 404초 전 재분석(rec_history 누적·cycle)
[각질편성] 아오모리 4경주: 선행2·선입0·추입5 → 보통 페이스
[경륜전개] 아오모리 4경주: 슬로우(단독 선행) · 라인 2개 · 페어 [[2, 7], [4, 1]]
[복승불일치 축교정] 아오모리 4경주: 축 [1, 4]로 교정(자금이탈 강등 [7]·🔴🔴)
[각질편성] 호후 4경주: 선행2·선입0·추입5 → 보통 페이스
[경륜전개] 호후 4경주: 보통 · 라인 2개 · 페어 [[2, 7], [3, 4]]
[각질편성] 아오모리 5경주: 선행2·선입0·추입5 → 보통 페이스
[경륜전개] 아오모리 5경주: 보통 · 라인 2개 · 페어 [[3, 4], [5, 1]]
[복승불일치 축교정] 아오모리 5경주: 축 [1, 3]로 교정(자금이탈 강등 [6]·🔴)
[각질편성] 호후 5경주: 선행3·선입0·추입4 → ⚡ 빠른 페이스
[경륜전개] 호후 5경주: 보통 · 라인 3개 · 페어 [[5, 1], [4, 2], [3, 7]]
[각질편성] 아오모리 6경주: 선행4·선입0·추입3 → ⚡ 빠른 페이스
[경륜전개] 아오모리 6경주: 하이(주도권 경합) · 라인 4개 · 페어 [[1, 3], [7, 4], [6, 2]]
[placeholder 필터] 호후 6경주 쌍승 껍데기 배당 3조합 제외(값: [300.2])
[각질편성] 호후 6경주: 선행5·선입0·추입2 → ⚡ 빠른 페이스
[경륜전개] 호후 6경주: 보통 · 라인 5개 · 페어 [[5, 1], [4, 2]]
[placeholder 필터] 아오모리 7경주 쌍승 껍데기 배당 3조합 제외(값: [1703.0])
[각질편성] 아오모리 7경주: 선행5·선입0·추입2 → ⚡ 빠른 페이스
[경륜전개] 아오모리 7경주: 슬로우(단독 선행) · 라인 5개 · 페어 [[4, 5], [3, 7]]
[3종 수집] 오다와라 1경주: {'quinella': 36, 'exacta': 72, 'trio': 0, 'win': 0} (history 12)
[3종 수집] 기후 1경주: {'quinella': 21, 'exacta': 42, 'trio': 0, 'win': 0} (history 7)
[placeholder 필터] 기후 1경주 쌍승 껍데기 배당 3조합 제외(값: [407.7])
[각질편성] 기후 1경주: 선행2·선입0·추입5 → 보통 페이스
[경륜전개] 기후 1경주: 보통 · 라인 2개 · 페어 [[7, 3], [1, 4]]
[경륜 추천 개수] 7명 → 메인 3개(상한 3) · 복병 이동 1개
🔎 [결정론 검수] 기후 1경주: B라인누락
[자동분석·배경] 기후 1경주: 마감 373초 전 재분석(rec_history 누적·cycle)
[결과기록] 캐시 갱신 — 재파싱 1건 / 전체 1661건
[각질편성] 호후 7경주: 선행5·선입0·추입2 → ⚡ 빠른 페이스
[경륜전개] 호후 7경주: 하이(주도권 경합) · 라인 5개 · 페어 [[5, 2], [3, 7]]
[각질편성] 사세보 1경주: 선행2·선입0·추입5 → 보통 페이스
[경륜전개] 사세보 1경주: 보통 · 라인 2개 · 페어 [[1, 5], [6, 2]]
[각질편성] 오다와라 1경주: 선행5·선입0·추입4 → ⚡ 빠른 페이스
[경륜전개] 오다와라 1경주: 보통 · 라인 5개 · 페어 [[1, 5], [7, 3]]
[placeholder 필터] 기후 1경주 쌍승 껍데기 배당 3조합 제외(값: [288.3])
[각질편성] 기후 1경주: 선행2·선입0·추입5 → 보통 페이스
[경륜전개] 기후 1경주: 보통 · 라인 2개 · 페어 [[7, 3], [1, 4]]
[복승불일치 축교정] 기후 1경주: 축 [3, 7]로 교정(자금이탈 강등 [1]·🔴🔴)
[placeholder 필터] 삿포로 2경주 복승 껍데기 배당 9조합 제외(값: [100])
[잔존마 필터] 삿포로 2경주: 전적 11두 → 배당 출전마 6두 (배당 없는 마번 제외: [2, 7, 9, 10, 11])
[각질편성] 삿포로 2경주: 선행0·선입0·추입0 → 🐌 느린 페이스
[3종 수집] 기후 1경주: {'quinella': 21, 'exacta': 42, 'trio': 0, 'win': 0} (history 8)
[각질편성] 기후 1경주: 선행2·선입0·추입5 → 보통 페이스
[경륜전개] 기후 1경주: 보통 · 라인 2개 · 페어 [[7, 3], [1, 4]]
[경륜 추천 개수] 7명 → 메인 3개(상한 3) · 복병 이동 1개
🔎 [결정론 검수] 기후 1경주: B라인누락
[자동분석·배경] 기후 1경주: 마감 340초 전 재분석(rec_history 누적·cycle)
[각질편성] 아오모리 4경주: 선행2·선입0·추입5 → 보통 페이스
[경륜전개] 아오모리 4경주: 슬로우(단독 선행) · 라인 2개 · 페어 [[2, 7], [4, 1]]
[복승불일치 축교정] 아오모리 4경주: 축 [1, 4]로 교정(자금이탈 강등 [7]·🔴🔴)
[각질편성] 호후 4경주: 선행2·선입0·추입5 → 보통 페이스
[경륜전개] 호후 4경주: 보통 · 라인 2개 · 페어 [[2, 7], [3, 4]]
[각질편성] 아오모리 5경주: 선행2·선입0·추입5 → 보통 페이스
[경륜전개] 아오모리 5경주: 보통 · 라인 2개 · 페어 [[3, 4], [5, 1]]
[복승불일치 축교정] 아오모리 5경주: 축 [1, 3]로 교정(자금이탈 강등 [6]·🔴)
[각질편성] 호후 5경주: 선행3·선입0·추입4 → ⚡ 빠른 페이스
[경륜전개] 호후 5경주: 보통 · 라인 3개 · 페어 [[5, 1], [4, 2], [3, 7]]
[각질편성] 아오모리 6경주: 선행4·선입0·추입3 → ⚡ 빠른 페이스
[경륜전개] 아오모리 6경주: 하이(주도권 경합) · 라인 4개 · 페어 [[1, 3], [7, 4], [6, 2]]
[placeholder 필터] 호후 6경주 쌍승 껍데기 배당 3조합 제외(값: [300.2])
[각질편성] 호후 6경주: 선행5·선입0·추입2 → ⚡ 빠른 페이스
[경륜전개] 호후 6경주: 보통 · 라인 5개 · 페어 [[5, 1], [4, 2]]
[placeholder 필터] 아오모리 7경주 쌍승 껍데기 배당 3조합 제외(값: [1703.0])
[각질편성] 아오모리 7경주: 선행5·선입0·추입2 → ⚡ 빠른 페이스
[경륜전개] 아오모리 7경주: 슬로우(단독 선행) · 라인 5개 · 페어 [[4, 5], [3, 7]]
[각질편성] 호후 7경주: 선행5·선입0·추입2 → ⚡ 빠른 페이스
[경륜전개] 호후 7경주: 하이(주도권 경합) · 라인 5개 · 페어 [[5, 2], [3, 7]]
[각질편성] 사세보 1경주: 선행2·선입0·추입5 → 보통 페이스
[경륜전개] 사세보 1경주: 보통 · 라인 2개 · 페어 [[1, 5], [6, 2]]
[결과기록] 캐시 갱신 — 재파싱 1건 / 전체 1661건
[각질편성] 오다와라 1경주: 선행5·선입0·추입4 → ⚡ 빠른 페이스
[경륜전개] 오다와라 1경주: 보통 · 라인 5개 · 페어 [[1, 5], [7, 3]]
[각질편성] 기후 1경주: 선행2·선입0·추입5 → 보통 페이스
[경륜전개] 기후 1경주: 보통 · 라인 2개 · 페어 [[7, 3], [1, 4]]
[경륜 추천 개수] 7명 → 메인 3개(상한 3) · 복병 이동 1개
[placeholder 필터] 삿포로 2경주 복승 껍데기 배당 9조합 제외(값: [100])
[잔존마 필터] 삿포로 2경주: 전적 11두 → 배당 출전마 6두 (배당 없는 마번 제외: [2, 7, 9, 10, 11])
[각질편성] 삿포로 2경주: 선행0·선입0·추입0 → 🐌 느린 페이스
[3종 수집] 기후 1경주: {'quinella': 21, 'exacta': 42, 'trio': 0, 'win': 0} (history 9)
[각질편성] 기후 1경주: 선행2·선입0·추입5 → 보통 페이스
[경륜전개] 기후 1경주: 보통 · 라인 2개 · 페어 [[7, 3], [1, 4]]
[경륜 추천 개수] 7명 → 메인 3개(상한 3) · 복병 이동 1개
[단통 상한] 메인 3개 · 복병이동 0개
[자동분석·배경] 기후 1경주: 마감 308초 전 재분석(rec_history 누적·cycle)
[각질편성] 오다와라 1경주: 선행5·선입0·추입4 → ⚡ 빠른 페이스
[경륜전개] 오다와라 1경주: 보통 · 라인 5개 · 페어 [[1, 5], [7, 3]]
[각질편성] 기후 1경주: 선행2·선입0·추입5 → 보통 페이스
[경륜전개] 기후 1경주: 보통 · 라인 2개 · 페어 [[7, 3], [1, 4]]
[경륜 추천 개수] 7명 → 메인 3개(상한 3) · 복병 이동 1개
[단통 상한] 메인 3개 · 복병이동 0개
[카카오알림] 기후 1경주 T-5 → 큐 적재
[3종 수집] 기후 1경주: {'quinella': 21, 'exacta': 42, 'trio': 0, 'win': 0} (history 10)
[각질편성] 기후 1경주: 선행2·선입0·추입5 → 보통 페이스
[경륜전개] 기후 1경주: 보통 · 라인 2개 · 페어 [[7, 3], [1, 4]]
[경륜 추천 개수] 7명 → 메인 3개(상한 3) · 복병 이동 1개
[단통 상한] 메인 3개 · 복병이동 0개
[자동예상] 기후 1경주 최종예상 저장(2026_08_01_기후_1경주.json)
[각질편성] 기후 1경주: 선행2·선입0·추입5 → 보통 페이스
[경륜전개] 기후 1경주: 보통 · 라인 2개 · 페어 [[7, 3], [1, 4]]
[경륜 추천 개수] 7명 → 메인 3개(상한 3) · 복병 이동 1개
[단통 상한] 메인 3개 · 복병이동 0개
[자동분석·배경] 기후 1경주: 마감 275초 전 재분석(rec_history 누적·cycle)
[카톡 변경알림·즉시] 기후 1경주 (남은 275s): 삼복승 제외: 1+5+7 · 3+5+7
[각질편성] 아오모리 4경주: 선행2·선입0·추입5 → 보통 페이스
[경륜전개] 아오모리 4경주: 슬로우(단독 선행) · 라인 2개 · 페어 [[2, 7], [4, 1]]
[복승불일치 축교정] 아오모리 4경주: 축 [1, 4]로 교정(자금이탈 강등 [7]·🔴🔴)
[각질편성] 호후 4경주: 선행2·선입0·추입5 → 보통 페이스
[경륜전개] 호후 4경주: 보통 · 라인 2개 · 페어 [[2, 7], [3, 4]]
[각질편성] 아오모리 5경주: 선행2·선입0·추입5 → 보통 페이스
[경륜전개] 아오모리 5경주: 보통 · 라인 2개 · 페어 [[3, 4], [5, 1]]
[복승불일치 축교정] 아오모리 5경주: 축 [1, 3]로 교정(자금이탈 강등 [6]·🔴)
[각질편성] 호후 5경주: 선행3·선입0·추입4 → ⚡ 빠른 페이스
[경륜전개] 호후 5경주: 보통 · 라인 3개 · 페어 [[5, 1], [4, 2], [3, 7]]
[각질편성] 아오모리 6경주: 선행4·선입0·추입3 → ⚡ 빠른 페이스
[경륜전개] 아오모리 6경주: 하이(주도권 경합) · 라인 4개 · 페어 [[1, 3], [7, 4], [6, 2]]
[placeholder 필터] 호후 6경주 쌍승 껍데기 배당 3조합 제외(값: [300.2])
[각질편성] 호후 6경주: 선행5·선입0·추입2 → ⚡ 빠른 페이스
[경륜전개] 호후 6경주: 보통 · 라인 5개 · 페어 [[5, 1], [4, 2]]
[placeholder 필터] 아오모리 7경주 쌍승 껍데기 배당 3조합 제외(값: [1703.0])
[각질편성] 아오모리 7경주: 선행5·선입0·추입2 → ⚡ 빠른 페이스
[경륜전개] 아오모리 7경주: 슬로우(단독 선행) · 라인 5개 · 페어 [[4, 5], [3, 7]]
[각질편성] 호후 7경주: 선행5·선입0·추입2 → ⚡ 빠른 페이스
[경륜전개] 호후 7경주: 하이(주도권 경합) · 라인 5개 · 페어 [[5, 2], [3, 7]]
[각질편성] 사세보 1경주: 선행2·선입0·추입5 → 보통 페이스
[경륜전개] 사세보 1경주: 보통 · 라인 2개 · 페어 [[1, 5], [6, 2]]
[결과기록] 캐시 갱신 — 재파싱 1건 / 전체 1661건
[각질편성] 오다와라 1경주: 선행5·선입0·추입4 → ⚡ 빠른 페이스
[경륜전개] 오다와라 1경주: 보통 · 라인 5개 · 페어 [[1, 5], [7, 3]]
[각질편성] 기후 1경주: 선행2·선입0·추입5 → 보통 페이스
[경륜전개] 기후 1경주: 보통 · 라인 2개 · 페어 [[7, 3], [1, 4]]
[경륜 추천 개수] 7명 → 메인 3개(상한 3) · 복병 이동 1개
[단통 상한] 메인 3개 · 복병이동 0개
[placeholder 필터] 삿포로 2경주 복승 껍데기 배당 9조합 제외(값: [100])
[잔존마 필터] 삿포로 2경주: 전적 11두 → 배당 출전마 6두 (배당 없는 마번 제외: [2, 7, 9, 10, 11])
[각질편성] 삿포로 2경주: 선행0·선입0·추입0 → 🐌 느린 페이스
[다중경주] 하트비트 #191 · 스케줄 ymd=20260801 (-1초 전 갱신 · 트랙 12개)
[3종 수집] 기후 1경주: {'quinella': 21, 'exacta': 42, 'trio': 0, 'win': 0} (history 11)
[각질편성] 기후 1경주: 선행2·선입0·추입5 → 보통 페이스
[경륜전개] 기후 1경주: 보통 · 라인 2개 · 페어 [[7, 3], [1, 4]]
[단통 상한] 메인 2개 · 복병이동 2개
[자동분석·배경] 기후 1경주: 마감 243초 전 재분석(rec_history 누적·cycle)
[카톡 변경알림·즉시] 기후 1경주 (남은 243s): 복승 제외: 1+7
[3종 수집] 기후 1경주: {'quinella': 21, 'exacta': 42, 'trio': 0, 'win': 0} (history 12)
[placeholder 필터] 기후 1경주 쌍승 껍데기 배당 3조합 제외(값: [522.1])
[각질편성] 기후 1경주: 선행2·선입0·추입5 → 보통 페이스
[경륜전개] 기후 1경주: 보통 · 라인 2개 · 페어 [[7, 3], [1, 4]]
[단통 상한] 메인 2개 · 복병이동 2개
[자동분석·배경] 기후 1경주: 마감 211초 전 재분석(rec_history 누적·cycle)
[각질편성] 아오모리 4경주: 선행2·선입0·추입5 → 보통 페이스
[경륜전개] 아오모리 4경주: 슬로우(단독 선행) · 라인 2개 · 페어 [[2, 7], [4, 1]]
[복승불일치 축교정] 아오모리 4경주: 축 [1, 4]로 교정(자금이탈 강등 [7]·🔴🔴)
[각질편성] 호후 4경주: 선행2·선입0·추입5 → 보통 페이스
[경륜전개] 호후 4경주: 보통 · 라인 2개 · 페어 [[2, 7], [3, 4]]
[각질편성] 아오모리 5경주: 선행2·선입0·추입5 → 보통 페이스
[경륜전개] 아오모리 5경주: 보통 · 라인 2개 · 페어 [[3, 4], [5, 1]]
[복승불일치 축교정] 아오모리 5경주: 축 [1, 3]로 교정(자금이탈 강등 [6]·🔴)
[각질편성] 호후 5경주: 선행3·선입0·추입4 → ⚡ 빠른 페이스
[경륜전개] 호후 5경주: 보통 · 라인 3개 · 페어 [[5, 1], [4, 2], [3, 7]]
[각질편성] 아오모리 6경주: 선행4·선입0·추입3 → ⚡ 빠른 페이스
[경륜전개] 아오모리 6경주: 하이(주도권 경합) · 라인 4개 · 페어 [[1, 3], [7, 4], [6, 2]]
[placeholder 필터] 호후 6경주 쌍승 껍데기 배당 3조합 제외(값: [300.2])
[각질편성] 호후 6경주: 선행5·선입0·추입2 → ⚡ 빠른 페이스
[경륜전개] 호후 6경주: 보통 · 라인 5개 · 페어 [[5, 1], [4, 2]]
[placeholder 필터] 아오모리 7경주 쌍승 껍데기 배당 3조합 제외(값: [1703.0])
[각질편성] 아오모리 7경주: 선행5·선입0·추입2 → ⚡ 빠른 페이스
[경륜전개] 아오모리 7경주: 슬로우(단독 선행) · 라인 5개 · 페어 [[4, 5], [3, 7]]
[각질편성] 호후 7경주: 선행5·선입0·추입2 → ⚡ 빠른 페이스
[경륜전개] 호후 7경주: 하이(주도권 경합) · 라인 5개 · 페어 [[5, 2], [3, 7]]
[각질편성] 사세보 1경주: 선행2·선입0·추입5 → 보통 페이스
[경륜전개] 사세보 1경주: 보통 · 라인 2개 · 페어 [[1, 5], [6, 2]]
[각질편성] 오다와라 1경주: 선행5·선입0·추입4 → ⚡ 빠른 페이스
[경륜전개] 오다와라 1경주: 보통 · 라인 5개 · 페어 [[1, 5], [7, 3]]
[결과기록] 캐시 갱신 — 재파싱 1건 / 전체 1661건
[placeholder 필터] 기후 1경주 쌍승 껍데기 배당 3조합 제외(값: [522.1])
[각질편성] 기후 1경주: 선행2·선입0·추입5 → 보통 페이스
[경륜전개] 기후 1경주: 보통 · 라인 2개 · 페어 [[7, 3], [1, 4]]
[단통 상한] 메인 2개 · 복병이동 2개
[placeholder 필터] 삿포로 2경주 복승 껍데기 배당 9조합 제외(값: [100])
[잔존마 필터] 삿포로 2경주: 전적 11두 → 배당 출전마 6두 (배당 없는 마번 제외: [2, 7, 9, 10, 11])
[각질편성] 삿포로 2경주: 선행0·선입0·추입0 → 🐌 느린 페이스
[3종 수집] 기후 1경주: {'quinella': 21, 'exacta': 42, 'trio': 0, 'win': 0} (history 12)
[placeholder 필터] 기후 1경주 쌍승 껍데기 배당 3조합 제외(값: [522.1])
[각질편성] 기후 1경주: 선행2·선입0·추입5 → 보통 페이스
[경륜전개] 기후 1경주: 보통 · 라인 2개 · 페어 [[7, 3], [1, 4]]
[T-2분 왕축 동결] 기후 1경주: [5, 1] → [5, 1] 유지(cur_mb=2)
[단통 상한] 메인 2개 · 복병이동 2개
[자동분석·배경] 기후 1경주: 마감 179초 전 재분석(rec_history 누적·cycle)
[3종 수집] 기후 1경주: {'quinella': 21, 'exacta': 42, 'trio': 0, 'win': 0} (history 12)
[placeholder 필터] 기후 1경주 쌍승 껍데기 배당 3조합 제외(값: [522.1])
[각질편성] 기후 1경주: 선행2·선입0·추입5 → 보통 페이스
[경륜전개] 기후 1경주: 보통 · 라인 2개 · 페어 [[7, 3], [1, 4]]
[T-2분 왕축 동결] 기후 1경주: [5, 1] → [5, 1] 유지(cur_mb=2)
[단통 상한] 메인 2개 · 복병이동 2개
[자동분석·배경] 기후 1경주: 마감 146초 전 재분석(rec_history 누적·cycle)
[각질편성] 아오모리 4경주: 선행2·선입0·추입5 → 보통 페이스
[경륜전개] 아오모리 4경주: 슬로우(단독 선행) · 라인 2개 · 페어 [[2, 7], [4, 1]]
[복승불일치 축교정] 아오모리 4경주: 축 [1, 4]로 교정(자금이탈 강등 [7]·🔴🔴)
[각질편성] 호후 4경주: 선행2·선입0·추입5 → 보통 페이스
[경륜전개] 호후 4경주: 보통 · 라인 2개 · 페어 [[2, 7], [3, 4]]
[각질편성] 아오모리 5경주: 선행2·선입0·추입5 → 보통 페이스
[경륜전개] 아오모리 5경주: 보통 · 라인 2개 · 페어 [[3, 4], [5, 1]]
[복승불일치 축교정] 아오모리 5경주: 축 [1, 3]로 교정(자금이탈 강등 [6]·🔴)
[각질편성] 호후 5경주: 선행3·선입0·추입4 → ⚡ 빠른 페이스
[경륜전개] 호후 5경주: 보통 · 라인 3개 · 페어 [[5, 1], [4, 2], [3, 7]]
[각질편성] 아오모리 6경주: 선행4·선입0·추입3 → ⚡ 빠른 페이스
[경륜전개] 아오모리 6경주: 하이(주도권 경합) · 라인 4개 · 페어 [[1, 3], [7, 4], [6, 2]]
[placeholder 필터] 호후 6경주 쌍승 껍데기 배당 3조합 제외(값: [300.2])
[각질편성] 호후 6경주: 선행5·선입0·추입2 → ⚡ 빠른 페이스
[경륜전개] 호후 6경주: 보통 · 라인 5개 · 페어 [[5, 1], [4, 2]]
[placeholder 필터] 아오모리 7경주 쌍승 껍데기 배당 3조합 제외(값: [1703.0])
[각질편성] 아오모리 7경주: 선행5·선입0·추입2 → ⚡ 빠른 페이스
[경륜전개] 아오모리 7경주: 슬로우(단독 선행) · 라인 5개 · 페어 [[4, 5], [3, 7]]
[각질편성] 호후 7경주: 선행5·선입0·추입2 → ⚡ 빠른 페이스
[경륜전개] 호후 7경주: 하이(주도권 경합) · 라인 5개 · 페어 [[5, 2], [3, 7]]
[각질편성] 사세보 1경주: 선행2·선입0·추입5 → 보통 페이스
[경륜전개] 사세보 1경주: 보통 · 라인 2개 · 페어 [[1, 5], [6, 2]]
[각질편성] 오다와라 1경주: 선행5·선입0·추입4 → ⚡ 빠른 페이스
[경륜전개] 오다와라 1경주: 보통 · 라인 5개 · 페어 [[1, 5], [7, 3]]
[결과기록] 캐시 갱신 — 재파싱 1건 / 전체 1661건
[placeholder 필터] 기후 1경주 쌍승 껍데기 배당 3조합 제외(값: [522.1])
[각질편성] 기후 1경주: 선행2·선입0·추입5 → 보통 페이스
[경륜전개] 기후 1경주: 보통 · 라인 2개 · 페어 [[7, 3], [1, 4]]
[T-2분 왕축 동결] 기후 1경주: [5, 1] → [5, 1] 유지(cur_mb=2)
[단통 상한] 메인 2개 · 복병이동 2개
[placeholder 필터] 삿포로 2경주 복승 껍데기 배당 9조합 제외(값: [100])
[잔존마 필터] 삿포로 2경주: 전적 11두 → 배당 출전마 6두 (배당 없는 마번 제외: [2, 7, 9, 10, 11])
[각질편성] 삿포로 2경주: 선행0·선입0·추입0 → 🐌 느린 페이스
[각질편성] 아오모리 4경주: 선행2·선입0·추입5 → 보통 페이스
[경륜전개] 아오모리 4경주: 슬로우(단독 선행) · 라인 2개 · 페어 [[2, 7], [4, 1]]
[복승불일치 축교정] 아오모리 4경주: 축 [1, 4]로 교정(자금이탈 강등 [7]·🔴🔴)
[각질편성] 호후 4경주: 선행2·선입0·추입5 → 보통 페이스
[경륜전개] 호후 4경주: 보통 · 라인 2개 · 페어 [[2, 7], [3, 4]]
[각질편성] 아오모리 5경주: 선행2·선입0·추입5 → 보통 페이스
[경륜전개] 아오모리 5경주: 보통 · 라인 2개 · 페어 [[3, 4], [5, 1]]
[복승불일치 축교정] 아오모리 5경주: 축 [1, 3]로 교정(자금이탈 강등 [6]·🔴)
[각질편성] 호후 5경주: 선행3·선입0·추입4 → ⚡ 빠른 페이스
[경륜전개] 호후 5경주: 보통 · 라인 3개 · 페어 [[5, 1], [4, 2], [3, 7]]
[각질편성] 아오모리 6경주: 선행4·선입0·추입3 → ⚡ 빠른 페이스
[경륜전개] 아오모리 6경주: 하이(주도권 경합) · 라인 4개 · 페어 [[1, 3], [7, 4], [6, 2]]
[placeholder 필터] 호후 6경주 쌍승 껍데기 배당 3조합 제외(값: [300.2])
[각질편성] 호후 6경주: 선행5·선입0·추입2 → ⚡ 빠른 페이스
[경륜전개] 호후 6경주: 보통 · 라인 5개 · 페어 [[5, 1], [4, 2]]
[placeholder 필터] 아오모리 7경주 쌍승 껍데기 배당 3조합 제외(값: [1703.0])
[각질편성] 아오모리 7경주: 선행5·선입0·추입2 → ⚡ 빠른 페이스
[경륜전개] 아오모리 7경주: 슬로우(단독 선행) · 라인 5개 · 페어 [[4, 5], [3, 7]]
[각질편성] 호후 7경주: 선행5·선입0·추입2 → ⚡ 빠른 페이스
[경륜전개] 호후 7경주: 하이(주도권 경합) · 라인 5개 · 페어 [[5, 2], [3, 7]]
[각질편성] 사세보 1경주: 선행2·선입0·추입5 → 보통 페이스
[경륜전개] 사세보 1경주: 보통 · 라인 2개 · 페어 [[1, 5], [6, 2]]
[각질편성] 오다와라 1경주: 선행5·선입0·추입4 → ⚡ 빠른 페이스
[경륜전개] 오다와라 1경주: 보통 · 라인 5개 · 페어 [[1, 5], [7, 3]]
[placeholder 필터] 기후 1경주 쌍승 껍데기 배당 3조합 제외(값: [522.1])
[각질편성] 기후 1경주: 선행2·선입0·추입5 → 보통 페이스
[경륜전개] 기후 1경주: 보통 · 라인 2개 · 페어 [[7, 3], [1, 4]]
[T-2분 왕축 동결] 기후 1경주: [5, 1] → [5, 1] 유지(cur_mb=1)
[단통 상한] 메인 2개 · 복병이동 2개
[placeholder 필터] 삿포로 2경주 복승 껍데기 배당 9조합 제외(값: [100])
[잔존마 필터] 삿포로 2경주: 전적 11두 → 배당 출전마 6두 (배당 없는 마번 제외: [2, 7, 9, 10, 11])
[각질편성] 삿포로 2경주: 선행0·선입0·추입0 → 🐌 느린 페이스
[경륜 전적·자동] 사세보 2경주: 7두 수집(競走得点·절대등급 A/B/C/D·라인[7, 2, 4, 6, 5, 1, 3]) → 통합등급 자동 반영
[3종 수집] 사세보 2경주: {'quinella': 21, 'exacta': 42, 'trio': 0, 'win': 0} (history 1)
[3종 수집] 기후 1경주: {'quinella': 21, 'exacta': 42, 'trio': 0, 'win': 0} (history 12)
🔮 [예측] 사세보 2경주: top3=[2, 7, 1] conf=4 · 7번(B등급)과 5번(C등급) 두 선행형이 경주 초반부터 주도권 다툼을 
[placeholder 필터] 기후 1경주 쌍승 껍데기 배당 3조합 제외(값: [511.7])
[각질편성] 기후 1경주: 선행2·선입0·추입5 → 보통 페이스
[경륜전개] 기후 1경주: 보통 · 라인 2개 · 페어 [[7, 3], [1, 4]]
[T-2분 왕축 동결] 기후 1경주: [5, 1] → [5, 1] 유지(cur_mb=1)
[단통 상한] 메인 2개 · 복병이동 2개
[자동분석·배경] 기후 1경주: 마감 114초 전 재분석(rec_history 누적·cycle)
[placeholder 필터] 사세보 2경주 쌍승 껍데기 배당 3조합 제외(값: [325.3])
[각질편성] 사세보 2경주: 선행2·선입0·추입5 → 보통 페이스
[경륜전개] 사세보 2경주: 보통 · 라인 2개 · 페어 [[7, 2], [5, 1]]
[복승불일치 축교정] 사세보 2경주: 축 [2, 7]로 교정(자금이탈 강등 [1]·🔴🔴)
[단통 상한] 메인 2개 · 복병이동 0개
[자동분석·배경] 사세보 2경주: 마감 594초 전 재분석(rec_history 누적·cycle)
[placeholder 필터] 사세보 2경주 쌍승 껍데기 배당 3조합 제외(값: [325.3])
[각질편성] 사세보 2경주: 선행2·선입0·추입5 → 보통 페이스
[경륜전개] 사세보 2경주: 보통 · 라인 2개 · 페어 [[7, 2], [5, 1]]
[복승불일치 축교정] 사세보 2경주: 축 [2, 7]로 교정(자금이탈 강등 [1]·🔴🔴)
[단통 상한] 메인 2개 · 복병이동 0개
[3종 수집] 사세보 2경주: {'quinella': 21, 'exacta': 42, 'trio': 0, 'win': 0} (history 2)
[3종 수집] 기후 1경주: {'quinella': 21, 'exacta': 42, 'trio': 0, 'win': 0} (history 12)
[각질편성] 기후 1경주: 선행2·선입0·추입5 → 보통 페이스
[경륜전개] 기후 1경주: 보통 · 라인 2개 · 페어 [[7, 3], [1, 4]]
[T-2분 왕축 동결] 기후 1경주: [5, 7] → [5, 1] 유지(cur_mb=1)
[단통 상한] 메인 3개 · 복병이동 1개
[자동분석·배경] 기후 1경주: 마감 77초 전 재분석(rec_history 누적·cycle)
[placeholder 필터] 사세보 2경주 쌍승 껍데기 배당 3조합 제외(값: [325.3])
[각질편성] 사세보 2경주: 선행2·선입0·추입5 → 보통 페이스
[경륜전개] 사세보 2경주: 보통 · 라인 2개 · 페어 [[7, 2], [5, 1]]
[복승불일치 축교정] 사세보 2경주: 축 [2, 7]로 교정(자금이탈 강등 [1]·🔴🔴)
[단통 상한] 메인 2개 · 복병이동 0개
[자동분석·배경] 사세보 2경주: 마감 557초 전 재분석(rec_history 누적·cycle)
[각질편성] 아오모리 4경주: 선행2·선입0·추입5 → 보통 페이스
[경륜전개] 아오모리 4경주: 슬로우(단독 선행) · 라인 2개 · 페어 [[2, 7], [4, 1]]
[복승불일치 축교정] 아오모리 4경주: 축 [1, 4]로 교정(자금이탈 강등 [7]·🔴🔴)
[각질편성] 호후 4경주: 선행2·선입0·추입5 → 보통 페이스
[경륜전개] 호후 4경주: 보통 · 라인 2개 · 페어 [[2, 7], [3, 4]]
[각질편성] 아오모리 5경주: 선행2·선입0·추입5 → 보통 페이스
[경륜전개] 아오모리 5경주: 보통 · 라인 2개 · 페어 [[3, 4], [5, 1]]
[복승불일치 축교정] 아오모리 5경주: 축 [1, 3]로 교정(자금이탈 강등 [6]·🔴)
[각질편성] 호후 5경주: 선행3·선입0·추입4 → ⚡ 빠른 페이스
[경륜전개] 호후 5경주: 보통 · 라인 3개 · 페어 [[5, 1], [4, 2], [3, 7]]
[각질편성] 아오모리 6경주: 선행4·선입0·추입3 → ⚡ 빠른 페이스
[경륜전개] 아오모리 6경주: 하이(주도권 경합) · 라인 4개 · 페어 [[1, 3], [7, 4], [6, 2]]
[placeholder 필터] 호후 6경주 쌍승 껍데기 배당 3조합 제외(값: [300.2])
[각질편성] 호후 6경주: 선행5·선입0·추입2 → ⚡ 빠른 페이스
[경륜전개] 호후 6경주: 보통 · 라인 5개 · 페어 [[5, 1], [4, 2]]
[placeholder 필터] 아오모리 7경주 쌍승 껍데기 배당 3조합 제외(값: [1703.0])
[각질편성] 아오모리 7경주: 선행5·선입0·추입2 → ⚡ 빠른 페이스
[경륜전개] 아오모리 7경주: 슬로우(단독 선행) · 라인 5개 · 페어 [[4, 5], [3, 7]]
[각질편성] 호후 7경주: 선행5·선입0·추입2 → ⚡ 빠른 페이스
[경륜전개] 호후 7경주: 하이(주도권 경합) · 라인 5개 · 페어 [[5, 2], [3, 7]]
[각질편성] 사세보 1경주: 선행2·선입0·추입5 → 보통 페이스
[경륜전개] 사세보 1경주: 보통 · 라인 2개 · 페어 [[1, 5], [6, 2]]
[각질편성] 오다와라 1경주: 선행5·선입0·추입4 → ⚡ 빠른 페이스
[경륜전개] 오다와라 1경주: 보통 · 라인 5개 · 페어 [[1, 5], [7, 3]]
[각질편성] 기후 1경주: 선행2·선입0·추입5 → 보통 페이스
[경륜전개] 기후 1경주: 보통 · 라인 2개 · 페어 [[7, 3], [1, 4]]
[T-2분 왕축 동결] 기후 1경주: [5, 7] → [5, 1] 유지(cur_mb=1)
[단통 상한] 메인 3개 · 복병이동 1개
[결과기록] 캐시 갱신 — 재파싱 2건 / 전체 1662건
[placeholder 필터] 사세보 2경주 쌍승 껍데기 배당 3조합 제외(값: [325.3])
[각질편성] 사세보 2경주: 선행2·선입0·추입5 → 보통 페이스
[경륜전개] 사세보 2경주: 보통 · 라인 2개 · 페어 [[7, 2], [5, 1]]
[복승불일치 축교정] 사세보 2경주: 축 [2, 7]로 교정(자금이탈 강등 [1]·🔴🔴)
[단통 상한] 메인 2개 · 복병이동 0개
[placeholder 필터] 삿포로 2경주 복승 껍데기 배당 9조합 제외(값: [100])
[잔존마 필터] 삿포로 2경주: 전적 11두 → 배당 출전마 6두 (배당 없는 마번 제외: [2, 7, 9, 10, 11])
[각질편성] 삿포로 2경주: 선행0·선입0·추입0 → 🐌 느린 페이스
[3종 수집] 사세보 2경주: {'quinella': 21, 'exacta': 42, 'trio': 0, 'win': 0} (history 3)
[3종 수집] 기후 1경주: {'quinella': 21, 'exacta': 42, 'trio': 0, 'win': 0} (history 12)
[각질편성] 기후 1경주: 선행2·선입0·추입5 → 보통 페이스
[경륜전개] 기후 1경주: 보통 · 라인 2개 · 페어 [[7, 3], [1, 4]]
[단통 상한] 메인 3개 · 복병이동 1개
[자동분석·배경] 기후 1경주: 마감 45초 전 재분석(rec_history 누적·cycle)
[placeholder 필터] 사세보 2경주 쌍승 껍데기 배당 3조합 제외(값: [253.2])
[각질편성] 사세보 2경주: 선행2·선입0·추입5 → 보통 페이스
[경륜전개] 사세보 2경주: 보통 · 라인 2개 · 페어 [[7, 2], [5, 1]]
[복승불일치 축교정] 사세보 2경주: 축 [2, 7]로 교정(자금이탈 강등 [1]·🔴🔴)
[경륜 추천 모순 수정] 고배당 강제조합 1건 메인→복병 이동(25배 상한)
[단통 상한] 메인 2개 · 복병이동 0개
[자동분석·배경] 사세보 2경주: 마감 525초 전 재분석(rec_history 누적·cycle)
[각질편성] 아오모리 4경주: 선행2·선입0·추입5 → 보통 페이스
[경륜전개] 아오모리 4경주: 슬로우(단독 선행) · 라인 2개 · 페어 [[2, 7], [4, 1]]
[복승불일치 축교정] 아오모리 4경주: 축 [1, 4]로 교정(자금이탈 강등 [7]·🔴🔴)
[각질편성] 호후 4경주: 선행2·선입0·추입5 → 보통 페이스
[경륜전개] 호후 4경주: 보통 · 라인 2개 · 페어 [[2, 7], [3, 4]]
[각질편성] 아오모리 5경주: 선행2·선입0·추입5 → 보통 페이스
[경륜전개] 아오모리 5경주: 보통 · 라인 2개 · 페어 [[3, 4], [5, 1]]
[복승불일치 축교정] 아오모리 5경주: 축 [1, 3]로 교정(자금이탈 강등 [6]·🔴)
[각질편성] 호후 5경주: 선행3·선입0·추입4 → ⚡ 빠른 페이스
[경륜전개] 호후 5경주: 보통 · 라인 3개 · 페어 [[5, 1], [4, 2], [3, 7]]
[각질편성] 아오모리 6경주: 선행4·선입0·추입3 → ⚡ 빠른 페이스
[경륜전개] 아오모리 6경주: 하이(주도권 경합) · 라인 4개 · 페어 [[1, 3], [7, 4], [6, 2]]
[placeholder 필터] 호후 6경주 쌍승 껍데기 배당 3조합 제외(값: [300.2])
[각질편성] 호후 6경주: 선행5·선입0·추입2 → ⚡ 빠른 페이스
[경륜전개] 호후 6경주: 보통 · 라인 5개 · 페어 [[5, 1], [4, 2]]
[placeholder 필터] 아오모리 7경주 쌍승 껍데기 배당 3조합 제외(값: [1703.0])
[각질편성] 아오모리 7경주: 선행5·선입0·추입2 → ⚡ 빠른 페이스
[경륜전개] 아오모리 7경주: 슬로우(단독 선행) · 라인 5개 · 페어 [[4, 5], [3, 7]]
[각질편성] 호후 7경주: 선행5·선입0·추입2 → ⚡ 빠른 페이스
[경륜전개] 호후 7경주: 하이(주도권 경합) · 라인 5개 · 페어 [[5, 2], [3, 7]]
[각질편성] 사세보 1경주: 선행2·선입0·추입5 → 보통 페이스
[경륜전개] 사세보 1경주: 보통 · 라인 2개 · 페어 [[1, 5], [6, 2]]
[3종 수집] 사세보 2경주: {'quinella': 21, 'exacta': 42, 'trio': 0, 'win': 0} (history 4)
[각질편성] 오다와라 1경주: 선행5·선입0·추입4 → ⚡ 빠른 페이스
[경륜전개] 오다와라 1경주: 보통 · 라인 5개 · 페어 [[1, 5], [7, 3]]
[3종 수집] 기후 1경주: {'quinella': 21, 'exacta': 42, 'trio': 0, 'win': 0} (history 12)
[placeholder 필터] 사세보 2경주 쌍승 껍데기 배당 3조합 제외(값: [253.2])
[각질편성] 사세보 2경주: 선행2·선입0·추입5 → 보통 페이스
[경륜전개] 사세보 2경주: 보통 · 라인 2개 · 페어 [[7, 2], [5, 1]]
[복승불일치 축교정] 사세보 2경주: 축 [2, 7]로 교정(자금이탈 강등 [1]·🔴🔴)
[단통 상한] 메인 2개 · 복병이동 0개
[자동분석·배경] 사세보 2경주: 마감 491초 전 재분석(rec_history 누적·cycle)
[결과기록] 캐시 갱신 — 재파싱 2건 / 전체 1662건
[각질편성] 기후 1경주: 선행2·선입0·추입5 → 보통 페이스
[경륜전개] 기후 1경주: 보통 · 라인 2개 · 페어 [[7, 3], [1, 4]]
[단통 상한] 메인 3개 · 복병이동 1개
[placeholder 필터] 사세보 2경주 쌍승 껍데기 배당 3조합 제외(값: [253.2])
[각질편성] 사세보 2경주: 선행2·선입0·추입5 → 보통 페이스
[경륜전개] 사세보 2경주: 보통 · 라인 2개 · 페어 [[7, 2], [5, 1]]
[복승불일치 축교정] 사세보 2경주: 축 [2, 7]로 교정(자금이탈 강등 [1]·🔴🔴)
[경륜 추천 모순 수정] 고배당 강제조합 1건 메인→복병 이동(25배 상한)
[단통 상한] 메인 2개 · 복병이동 0개
[placeholder 필터] 삿포로 2경주 복승 껍데기 배당 9조합 제외(값: [100])
[잔존마 필터] 삿포로 2경주: 전적 11두 → 배당 출전마 6두 (배당 없는 마번 제외: [2, 7, 9, 10, 11])
[각질편성] 삿포로 2경주: 선행0·선입0·추입0 → 🐌 느린 페이스
[3종 수집] 사세보 2경주: {'quinella': 21, 'exacta': 42, 'trio': 0, 'win': 0} (history 5)
[3종 수집] 기후 1경주: {'quinella': 21, 'exacta': 42, 'trio': 0, 'win': 0} (history 12)
[placeholder 필터] 사세보 2경주 쌍승 껍데기 배당 3조합 제외(값: [663.9])
[각질편성] 사세보 2경주: 선행2·선입0·추입5 → 보통 페이스
[경륜전개] 사세보 2경주: 보통 · 라인 2개 · 페어 [[7, 2], [5, 1]]
[복승불일치 축교정] 사세보 2경주: 축 [2, 7]로 교정(자금이탈 강등 [1]·🔴🔴)
[단통 상한] 메인 2개 · 복병이동 0개
[자동분석·배경] 사세보 2경주: 마감 459초 전 재분석(rec_history 누적·cycle)
[각질편성] 아오모리 4경주: 선행2·선입0·추입5 → 보통 페이스
[placeholder 필터] 삿포로 2경주 복승 껍데기 배당 9조합 제외(값: [100])
[경륜전개] 아오모리 4경주: 슬로우(단독 선행) · 라인 2개 · 페어 [[2, 7], [4, 1]]
[잔존마 필터] 삿포로 2경주: 전적 11두 → 배당 출전마 6두 (배당 없는 마번 제외: [2, 7, 9, 10, 11])
[각질편성] 삿포로 2경주: 선행0·선입0·추입0 → 🐌 느린 페이스
[복승불일치 축교정] 아오모리 4경주: 축 [1, 4]로 교정(자금이탈 강등 [7]·🔴🔴)
[각질편성] 호후 4경주: 선행2·선입0·추입5 → 보통 페이스
[경륜전개] 호후 4경주: 보통 · 라인 2개 · 페어 [[2, 7], [3, 4]]
[각질편성] 아오모리 5경주: 선행2·선입0·추입5 → 보통 페이스
[경륜전개] 아오모리 5경주: 보통 · 라인 2개 · 페어 [[3, 4], [5, 1]]
[복승불일치 축교정] 아오모리 5경주: 축 [1, 3]로 교정(자금이탈 강등 [6]·🔴)
[각질편성] 호후 5경주: 선행3·선입0·추입4 → ⚡ 빠른 페이스
[경륜전개] 호후 5경주: 보통 · 라인 3개 · 페어 [[5, 1], [4, 2], [3, 7]]
[각질편성] 아오모리 6경주: 선행4·선입0·추입3 → ⚡ 빠른 페이스
[경륜전개] 아오모리 6경주: 하이(주도권 경합) · 라인 4개 · 페어 [[1, 3], [7, 4], [6, 2]]
[placeholder 필터] 호후 6경주 쌍승 껍데기 배당 3조합 제외(값: [300.2])
[각질편성] 호후 6경주: 선행5·선입0·추입2 → ⚡ 빠른 페이스
[경륜전개] 호후 6경주: 보통 · 라인 5개 · 페어 [[5, 1], [4, 2]]
[placeholder 필터] 아오모리 7경주 쌍승 껍데기 배당 3조합 제외(값: [1703.0])
[각질편성] 아오모리 7경주: 선행5·선입0·추입2 → ⚡ 빠른 페이스
[경륜전개] 아오모리 7경주: 슬로우(단독 선행) · 라인 5개 · 페어 [[4, 5], [3, 7]]
[각질편성] 호후 7경주: 선행5·선입0·추입2 → ⚡ 빠른 페이스
[경륜전개] 호후 7경주: 하이(주도권 경합) · 라인 5개 · 페어 [[5, 2], [3, 7]]
[각질편성] 사세보 1경주: 선행2·선입0·추입5 → 보통 페이스
[경륜전개] 사세보 1경주: 보통 · 라인 2개 · 페어 [[1, 5], [6, 2]]
[각질편성] 오다와라 1경주: 선행5·선입0·추입4 → ⚡ 빠른 페이스
[경륜전개] 오다와라 1경주: 보통 · 라인 5개 · 페어 [[1, 5], [7, 3]]
[각질편성] 기후 1경주: 선행2·선입0·추입5 → 보통 페이스
[경륜전개] 기후 1경주: 보통 · 라인 2개 · 페어 [[7, 3], [1, 4]]
[결과기록] 캐시 갱신 — 재파싱 1건 / 전체 1662건
[placeholder 필터] 사세보 2경주 쌍승 껍데기 배당 3조합 제외(값: [663.9])
[각질편성] 사세보 2경주: 선행2·선입0·추입5 → 보통 페이스
[경륜전개] 사세보 2경주: 보통 · 라인 2개 · 페어 [[7, 2], [5, 1]]
[복승불일치 축교정] 사세보 2경주: 축 [2, 7]로 교정(자금이탈 강등 [1]·🔴🔴)
[단통 상한] 메인 2개 · 복병이동 0개
[placeholder 필터] 삿포로 2경주 복승 껍데기 배당 9조합 제외(값: [100])
[잔존마 필터] 삿포로 2경주: 전적 11두 → 배당 출전마 6두 (배당 없는 마번 제외: [2, 7, 9, 10, 11])
[각질편성] 삿포로 2경주: 선행0·선입0·추입0 → 🐌 느린 페이스
[3종 수집] 기후 1경주: {'quinella': 21, 'exacta': 42, 'trio': 0, 'win': 0} (history 12)
[3종 수집] 사세보 2경주: {'quinella': 21, 'exacta': 42, 'trio': 0, 'win': 0} (history 6)
[placeholder 필터] 사세보 2경주 쌍승 껍데기 배당 3조합 제외(값: [663.9])
[각질편성] 사세보 2경주: 선행2·선입0·추입5 → 보통 페이스
[경륜전개] 사세보 2경주: 보통 · 라인 2개 · 페어 [[7, 2], [5, 1]]
[복승불일치 축교정] 사세보 2경주: 축 [2, 7]로 교정(자금이탈 강등 [1]·🔴🔴)
[단통 상한] 메인 2개 · 복병이동 0개
[자동분석·배경] 사세보 2경주: 마감 426초 전 재분석(rec_history 누적·cycle)
[각질편성] 기후 1경주: 선행2·선입0·추입5 → 보통 페이스
[경륜전개] 기후 1경주: 보통 · 라인 2개 · 페어 [[7, 3], [1, 4]]
[placeholder 필터] 사세보 2경주 쌍승 껍데기 배당 3조합 제외(값: [663.9])
[각질편성] 사세보 2경주: 선행2·선입0·추입5 → 보통 페이스
[경륜전개] 사세보 2경주: 보통 · 라인 2개 · 페어 [[7, 2], [5, 1]]
[복승불일치 축교정] 사세보 2경주: 축 [2, 7]로 교정(자금이탈 강등 [1]·🔴🔴)
[단통 상한] 메인 2개 · 복병이동 0개
[카카오알림] 사세보 2경주 T-7 → 큐 적재
[다중경주] 하트비트 #201 · 스케줄 ymd=20260801 (-1초 전 갱신 · 트랙 12개)
[활성정리] 끝난 경주 1건 제거(히스토리 보존): 아오모리 7경주
[3종 수집] 기후 1경주: {'quinella': 21, 'exacta': 42, 'trio': 0, 'win': 0} (history 12)
[3종 수집] 사세보 2경주: {'quinella': 21, 'exacta': 42, 'trio': 0, 'win': 0} (history 7)
[placeholder 필터] 사세보 2경주 쌍승 껍데기 배당 3조합 제외(값: [561.1])
[각질편성] 사세보 2경주: 선행2·선입0·추입5 → 보통 페이스
[경륜전개] 사세보 2경주: 보통 · 라인 2개 · 페어 [[7, 2], [5, 1]]
[복승불일치 축교정] 사세보 2경주: 축 [2, 7]로 교정(자금이탈 강등 [1]·🔴🔴)
[단통 상한] 메인 2개 · 복병이동 0개
[자동분석·배경] 사세보 2경주: 마감 394초 전 재분석(rec_history 누적·cycle)
[각질편성] 아오모리 4경주: 선행2·선입0·추입5 → 보통 페이스
[경륜전개] 아오모리 4경주: 슬로우(단독 선행) · 라인 2개 · 페어 [[2, 7], [4, 1]]
[복승불일치 축교정] 아오모리 4경주: 축 [1, 4]로 교정(자금이탈 강등 [7]·🔴🔴)
[각질편성] 호후 4경주: 선행2·선입0·추입5 → 보통 페이스
[경륜전개] 호후 4경주: 보통 · 라인 2개 · 페어 [[2, 7], [3, 4]]
[각질편성] 아오모리 5경주: 선행2·선입0·추입5 → 보통 페이스
[경륜전개] 아오모리 5경주: 보통 · 라인 2개 · 페어 [[3, 4], [5, 1]]
[복승불일치 축교정] 아오모리 5경주: 축 [1, 3]로 교정(자금이탈 강등 [6]·🔴)
[각질편성] 호후 5경주: 선행3·선입0·추입4 → ⚡ 빠른 페이스
[경륜전개] 호후 5경주: 보통 · 라인 3개 · 페어 [[5, 1], [4, 2], [3, 7]]
[각질편성] 아오모리 6경주: 선행4·선입0·추입3 → ⚡ 빠른 페이스
[경륜전개] 아오모리 6경주: 하이(주도권 경합) · 라인 4개 · 페어 [[1, 3], [7, 4], [6, 2]]
[placeholder 필터] 호후 6경주 쌍승 껍데기 배당 3조합 제외(값: [300.2])
[각질편성] 호후 6경주: 선행5·선입0·추입2 → ⚡ 빠른 페이스
[경륜전개] 호후 6경주: 보통 · 라인 5개 · 페어 [[5, 1], [4, 2]]
[placeholder 필터] 아오모리 7경주 쌍승 껍데기 배당 3조합 제외(값: [1703.0])
[각질편성] 아오모리 7경주: 선행5·선입0·추입2 → ⚡ 빠른 페이스
[경륜전개] 아오모리 7경주: 슬로우(단독 선행) · 라인 5개 · 페어 [[4, 5], [3, 7]]
[각질편성] 호후 7경주: 선행5·선입0·추입2 → ⚡ 빠른 페이스
[경륜전개] 호후 7경주: 하이(주도권 경합) · 라인 5개 · 페어 [[5, 2], [3, 7]]
[각질편성] 사세보 1경주: 선행2·선입0·추입5 → 보통 페이스
[경륜전개] 사세보 1경주: 보통 · 라인 2개 · 페어 [[1, 5], [6, 2]]
[각질편성] 오다와라 1경주: 선행5·선입0·추입4 → ⚡ 빠른 페이스
[경륜전개] 오다와라 1경주: 보통 · 라인 5개 · 페어 [[1, 5], [7, 3]]
[각질편성] 기후 1경주: 선행2·선입0·추입5 → 보통 페이스
[경륜전개] 기후 1경주: 보통 · 라인 2개 · 페어 [[7, 3], [1, 4]]
[placeholder 필터] 사세보 2경주 쌍승 껍데기 배당 3조합 제외(값: [561.1])
[각질편성] 사세보 2경주: 선행2·선입0·추입5 → 보통 페이스
[경륜전개] 사세보 2경주: 보통 · 라인 2개 · 페어 [[7, 2], [5, 1]]
[복승불일치 축교정] 사세보 2경주: 축 [2, 7]로 교정(자금이탈 강등 [1]·🔴🔴)
[단통 상한] 메인 2개 · 복병이동 0개
[결과기록] 캐시 갱신 — 재파싱 1건 / 전체 1662건
[placeholder 필터] 삿포로 2경주 복승 껍데기 배당 9조합 제외(값: [100])
[잔존마 필터] 삿포로 2경주: 전적 11두 → 배당 출전마 6두 (배당 없는 마번 제외: [2, 7, 9, 10, 11])
[각질편성] 삿포로 2경주: 선행0·선입0·추입0 → 🐌 느린 페이스
[3종 수집] 사세보 2경주: {'quinella': 21, 'exacta': 42, 'trio': 0, 'win': 0} (history 8)
[3종 수집] 기후 1경주: {'quinella': 21, 'exacta': 42, 'trio': 0, 'win': 0} (history 12)
[placeholder 필터] 사세보 2경주 쌍승 껍데기 배당 3조합 제외(값: [561.1])
[각질편성] 사세보 2경주: 선행2·선입0·추입5 → 보통 페이스
[경륜전개] 사세보 2경주: 보통 · 라인 2개 · 페어 [[7, 2], [5, 1]]
[복승불일치 축교정] 사세보 2경주: 축 [2, 7]로 교정(자금이탈 강등 [1]·🔴🔴)
[단통 상한] 메인 2개 · 복병이동 0개
[자동분석·배경] 사세보 2경주: 마감 361초 전 재분석(rec_history 누적·cycle)
[활성정리] 끝난 경주 1건 제거(히스토리 보존): 삿포로 2경주
[3종 수집] 사세보 2경주: {'quinella': 21, 'exacta': 42, 'trio': 0, 'win': 0} (history 9)
[placeholder 필터] 사세보 2경주 쌍승 껍데기 배당 3조합 제외(값: [561.1])
[각질편성] 사세보 2경주: 선행2·선입0·추입5 → 보통 페이스
[경륜전개] 사세보 2경주: 보통 · 라인 2개 · 페어 [[7, 2], [5, 1]]
[복승불일치 축교정] 사세보 2경주: 축 [2, 7]로 교정(자금이탈 강등 [1]·🔴🔴)
[단통 상한] 메인 2개 · 복병이동 0개
[자동분석·배경] 사세보 2경주: 마감 329초 전 재분석(rec_history 누적·cycle)
[각질편성] 기후 1경주: 선행2·선입0·추입5 → 보통 페이스
[경륜전개] 기후 1경주: 보통 · 라인 2개 · 페어 [[7, 3], [1, 4]]
[placeholder 필터] 사세보 2경주 쌍승 껍데기 배당 3조합 제외(값: [561.1])
[각질편성] 사세보 2경주: 선행2·선입0·추입5 → 보통 페이스
[경륜전개] 사세보 2경주: 보통 · 라인 2개 · 페어 [[7, 2], [5, 1]]
[복승불일치 축교정] 사세보 2경주: 축 [2, 7]로 교정(자금이탈 강등 [1]·🔴🔴)
[단통 상한] 메인 2개 · 복병이동 0개
[카카오알림] 사세보 2경주 T-5 → 큐 적재
[각질편성] 아오모리 4경주: 선행2·선입0·추입5 → 보통 페이스
[경륜전개] 아오모리 4경주: 슬로우(단독 선행) · 라인 2개 · 페어 [[2, 7], [4, 1]]
[복승불일치 축교정] 아오모리 4경주: 축 [1, 4]로 교정(자금이탈 강등 [7]·🔴🔴)
[각질편성] 호후 4경주: 선행2·선입0·추입5 → 보통 페이스
[경륜전개] 호후 4경주: 보통 · 라인 2개 · 페어 [[2, 7], [3, 4]]
[각질편성] 아오모리 5경주: 선행2·선입0·추입5 → 보통 페이스
[경륜전개] 아오모리 5경주: 보통 · 라인 2개 · 페어 [[3, 4], [5, 1]]
[복승불일치 축교정] 아오모리 5경주: 축 [1, 3]로 교정(자금이탈 강등 [6]·🔴)
[각질편성] 호후 5경주: 선행3·선입0·추입4 → ⚡ 빠른 페이스
[경륜전개] 호후 5경주: 보통 · 라인 3개 · 페어 [[5, 1], [4, 2], [3, 7]]
[각질편성] 아오모리 6경주: 선행4·선입0·추입3 → ⚡ 빠른 페이스
[경륜전개] 아오모리 6경주: 하이(주도권 경합) · 라인 4개 · 페어 [[1, 3], [7, 4], [6, 2]]
[placeholder 필터] 호후 6경주 쌍승 껍데기 배당 3조합 제외(값: [300.2])
[각질편성] 호후 6경주: 선행5·선입0·추입2 → ⚡ 빠른 페이스
[경륜전개] 호후 6경주: 보통 · 라인 5개 · 페어 [[5, 1], [4, 2]]
[placeholder 필터] 아오모리 7경주 쌍승 껍데기 배당 3조합 제외(값: [1703.0])
[각질편성] 아오모리 7경주: 선행5·선입0·추입2 → ⚡ 빠른 페이스
[경륜전개] 아오모리 7경주: 슬로우(단독 선행) · 라인 5개 · 페어 [[4, 5], [3, 7]]
[각질편성] 호후 7경주: 선행5·선입0·추입2 → ⚡ 빠른 페이스
[경륜전개] 호후 7경주: 하이(주도권 경합) · 라인 5개 · 페어 [[5, 2], [3, 7]]
[각질편성] 사세보 1경주: 선행2·선입0·추입5 → 보통 페이스
[경륜전개] 사세보 1경주: 보통 · 라인 2개 · 페어 [[1, 5], [6, 2]]
[각질편성] 오다와라 1경주: 선행5·선입0·추입4 → ⚡ 빠른 페이스
[경륜전개] 오다와라 1경주: 보통 · 라인 5개 · 페어 [[1, 5], [7, 3]]
[각질편성] 기후 1경주: 선행2·선입0·추입5 → 보통 페이스
[경륜전개] 기후 1경주: 보통 · 라인 2개 · 페어 [[7, 3], [1, 4]]
[placeholder 필터] 사세보 2경주 쌍승 껍데기 배당 3조합 제외(값: [561.1])
[각질편성] 사세보 2경주: 선행2·선입0·추입5 → 보통 페이스
[경륜전개] 사세보 2경주: 보통 · 라인 2개 · 페어 [[7, 2], [5, 1]]
[복승불일치 축교정] 사세보 2경주: 축 [2, 7]로 교정(자금이탈 강등 [1]·🔴🔴)
[단통 상한] 메인 2개 · 복병이동 0개
[3종 수집] 사세보 2경주: {'quinella': 21, 'exacta': 42, 'trio': 0, 'win': 0} (history 10)
[각질편성] 사세보 2경주: 선행2·선입0·추입5 → 보통 페이스
[경륜전개] 사세보 2경주: 보통 · 라인 2개 · 페어 [[7, 2], [5, 1]]
[복승불일치 축교정] 사세보 2경주: 축 [2, 7]로 교정(자금이탈 강등 [1]·🔴🔴)
[단통 상한] 메인 2개 · 복병이동 0개
[자동예상] 사세보 2경주 최종예상 저장(2026_08_01_사세보_2경주.json)
[각질편성] 사세보 2경주: 선행2·선입0·추입5 → 보통 페이스
[경륜전개] 사세보 2경주: 보통 · 라인 2개 · 페어 [[7, 2], [5, 1]]
[복승불일치 축교정] 사세보 2경주: 축 [2, 7]로 교정(자금이탈 강등 [1]·🔴🔴)
[단통 상한] 메인 2개 · 복병이동 0개
[자동분석·배경] 사세보 2경주: 마감 297초 전 재분석(rec_history 누적·cycle)
[3종 수집] 사세보 2경주: {'quinella': 21, 'exacta': 42, 'trio': 0, 'win': 0} (history 11)
[각질편성] 사세보 2경주: 선행2·선입0·추입5 → 보통 페이스
[경륜전개] 사세보 2경주: 보통 · 라인 2개 · 페어 [[7, 2], [5, 1]]
[경륜 추천 개수] 7명 → 메인 3개(상한 3) · 복병 이동 1개
[단통 상한] 메인 2개 · 복병이동 0개
[자동분석·배경] 사세보 2경주: 마감 264초 전 재분석(rec_history 누적·cycle)
[카톡 변경알림·즉시] 사세보 2경주 (남은 264s): 삼복승 제외: 2+3+7 · 2+6+7
[각질편성] 아오모리 4경주: 선행2·선입0·추입5 → 보통 페이스
[경륜전개] 아오모리 4경주: 슬로우(단독 선행) · 라인 2개 · 페어 [[2, 7], [4, 1]]
[복승불일치 축교정] 아오모리 4경주: 축 [1, 4]로 교정(자금이탈 강등 [7]·🔴🔴)
[결과기록] 캐시 갱신 — 재파싱 1건 / 전체 1662건
[각질편성] 호후 4경주: 선행2·선입0·추입5 → 보통 페이스
[경륜전개] 호후 4경주: 보통 · 라인 2개 · 페어 [[2, 7], [3, 4]]
[각질편성] 아오모리 5경주: 선행2·선입0·추입5 → 보통 페이스
[경륜전개] 아오모리 5경주: 보통 · 라인 2개 · 페어 [[3, 4], [5, 1]]
[복승불일치 축교정] 아오모리 5경주: 축 [1, 3]로 교정(자금이탈 강등 [6]·🔴)
[각질편성] 호후 5경주: 선행3·선입0·추입4 → ⚡ 빠른 페이스
[경륜전개] 호후 5경주: 보통 · 라인 3개 · 페어 [[5, 1], [4, 2], [3, 7]]
[각질편성] 아오모리 6경주: 선행4·선입0·추입3 → ⚡ 빠른 페이스
[경륜전개] 아오모리 6경주: 하이(주도권 경합) · 라인 4개 · 페어 [[1, 3], [7, 4], [6, 2]]
[placeholder 필터] 호후 6경주 쌍승 껍데기 배당 3조합 제외(값: [300.2])
[각질편성] 호후 6경주: 선행5·선입0·추입2 → ⚡ 빠른 페이스
[경륜전개] 호후 6경주: 보통 · 라인 5개 · 페어 [[5, 1], [4, 2]]
[placeholder 필터] 아오모리 7경주 쌍승 껍데기 배당 3조합 제외(값: [1703.0])
[각질편성] 아오모리 7경주: 선행5·선입0·추입2 → ⚡ 빠른 페이스
[경륜전개] 아오모리 7경주: 슬로우(단독 선행) · 라인 5개 · 페어 [[4, 5], [3, 7]]
[각질편성] 호후 7경주: 선행5·선입0·추입2 → ⚡ 빠른 페이스
[경륜전개] 호후 7경주: 하이(주도권 경합) · 라인 5개 · 페어 [[5, 2], [3, 7]]
[각질편성] 사세보 1경주: 선행2·선입0·추입5 → 보통 페이스
[경륜전개] 사세보 1경주: 보통 · 라인 2개 · 페어 [[1, 5], [6, 2]]
[각질편성] 오다와라 1경주: 선행5·선입0·추입4 → ⚡ 빠른 페이스
[경륜전개] 오다와라 1경주: 보통 · 라인 5개 · 페어 [[1, 5], [7, 3]]
[각질편성] 기후 1경주: 선행2·선입0·추입5 → 보통 페이스
[경륜전개] 기후 1경주: 보통 · 라인 2개 · 페어 [[7, 3], [1, 4]]
[각질편성] 사세보 2경주: 선행2·선입0·추입5 → 보통 페이스
[경륜전개] 사세보 2경주: 보통 · 라인 2개 · 페어 [[7, 2], [5, 1]]
[경륜 추천 개수] 7명 → 메인 3개(상한 3) · 복병 이동 1개
[단통 상한] 메인 2개 · 복병이동 0개
[3종 수집] 사세보 2경주: {'quinella': 21, 'exacta': 42, 'trio': 0, 'win': 0} (history 12)
[각질편성] 사세보 2경주: 선행2·선입0·추입5 → 보통 페이스
[경륜전개] 사세보 2경주: 보통 · 라인 2개 · 페어 [[7, 2], [5, 1]]
[복승불일치 축교정] 사세보 2경주: 축 [2, 7]로 교정(자금이탈 강등 [1]·🔴🔴)
[단통 상한] 메인 2개 · 복병이동 0개
[자동분석·배경] 사세보 2경주: 마감 232초 전 재분석(rec_history 누적·cycle)
[3종 수집] 사세보 2경주: {'quinella': 21, 'exacta': 42, 'trio': 0, 'win': 0} (history 12)
[각질편성] 사세보 2경주: 선행2·선입0·추입5 → 보통 페이스
[경륜전개] 사세보 2경주: 보통 · 라인 2개 · 페어 [[7, 2], [5, 1]]
[복승불일치 축교정] 사세보 2경주: 축 [2, 7]로 교정(자금이탈 강등 [1]·🔴🔴)
[단통 상한] 메인 3개 · 복병이동 0개
🔎 [결정론 검수] 사세보 2경주: B라인누락
[자동분석·배경] 사세보 2경주: 마감 200초 전 재분석(rec_history 누적·cycle)
[각질편성] 아오모리 4경주: 선행2·선입0·추입5 → 보통 페이스
[경륜전개] 아오모리 4경주: 슬로우(단독 선행) · 라인 2개 · 페어 [[2, 7], [4, 1]]
[복승불일치 축교정] 아오모리 4경주: 축 [1, 4]로 교정(자금이탈 강등 [7]·🔴🔴)
[각질편성] 호후 4경주: 선행2·선입0·추입5 → 보통 페이스
[경륜전개] 호후 4경주: 보통 · 라인 2개 · 페어 [[2, 7], [3, 4]]
[결과기록] 캐시 갱신 — 재파싱 1건 / 전체 1662건
[각질편성] 아오모리 5경주: 선행2·선입0·추입5 → 보통 페이스
[경륜전개] 아오모리 5경주: 보통 · 라인 2개 · 페어 [[3, 4], [5, 1]]
[복승불일치 축교정] 아오모리 5경주: 축 [1, 3]로 교정(자금이탈 강등 [6]·🔴)
[각질편성] 호후 5경주: 선행3·선입0·추입4 → ⚡ 빠른 페이스
[경륜전개] 호후 5경주: 보통 · 라인 3개 · 페어 [[5, 1], [4, 2], [3, 7]]
[각질편성] 아오모리 6경주: 선행4·선입0·추입3 → ⚡ 빠른 페이스
[경륜전개] 아오모리 6경주: 하이(주도권 경합) · 라인 4개 · 페어 [[1, 3], [7, 4], [6, 2]]
[placeholder 필터] 호후 6경주 쌍승 껍데기 배당 3조합 제외(값: [300.2])
[각질편성] 호후 6경주: 선행5·선입0·추입2 → ⚡ 빠른 페이스
[경륜전개] 호후 6경주: 보통 · 라인 5개 · 페어 [[5, 1], [4, 2]]
[placeholder 필터] 아오모리 7경주 쌍승 껍데기 배당 3조합 제외(값: [1703.0])
[각질편성] 아오모리 7경주: 선행5·선입0·추입2 → ⚡ 빠른 페이스
[경륜전개] 아오모리 7경주: 슬로우(단독 선행) · 라인 5개 · 페어 [[4, 5], [3, 7]]
[각질편성] 호후 7경주: 선행5·선입0·추입2 → ⚡ 빠른 페이스
[경륜전개] 호후 7경주: 하이(주도권 경합) · 라인 5개 · 페어 [[5, 2], [3, 7]]
[각질편성] 사세보 1경주: 선행2·선입0·추입5 → 보통 페이스
[경륜전개] 사세보 1경주: 보통 · 라인 2개 · 페어 [[1, 5], [6, 2]]
[각질편성] 오다와라 1경주: 선행5·선입0·추입4 → ⚡ 빠른 페이스
[경륜전개] 오다와라 1경주: 보통 · 라인 5개 · 페어 [[1, 5], [7, 3]]
[각질편성] 기후 1경주: 선행2·선입0·추입5 → 보통 페이스
[경륜전개] 기후 1경주: 보통 · 라인 2개 · 페어 [[7, 3], [1, 4]]
[각질편성] 사세보 2경주: 선행2·선입0·추입5 → 보통 페이스
[경륜전개] 사세보 2경주: 보통 · 라인 2개 · 페어 [[7, 2], [5, 1]]
[복승불일치 축교정] 사세보 2경주: 축 [2, 7]로 교정(자금이탈 강등 [1]·🔴🔴)
[단통 상한] 메인 3개 · 복병이동 0개
[3종 수집] 사세보 2경주: {'quinella': 21, 'exacta': 42, 'trio': 0, 'win': 0} (history 12)
[각질편성] 사세보 2경주: 선행2·선입0·추입5 → 보통 페이스
[경륜전개] 사세보 2경주: 보통 · 라인 2개 · 페어 [[7, 2], [5, 1]]
[복승불일치 축교정] 사세보 2경주: 축 [2, 7]로 교정(자금이탈 강등 [1]·🔴🔴)
[T-2분 왕축 동결] 사세보 2경주: [2, 7] → [2, 7] 유지(cur_mb=2)
[단통 상한] 메인 3개 · 복병이동 0개
[자동분석·배경] 사세보 2경주: 마감 167초 전 재분석(rec_history 누적·cycle)
[3종 수집] 사세보 2경주: {'quinella': 21, 'exacta': 42, 'trio': 0, 'win': 0} (history 12)
[각질편성] 사세보 2경주: 선행2·선입0·추입5 → 보통 페이스
[경륜전개] 사세보 2경주: 보통 · 라인 2개 · 페어 [[7, 2], [5, 1]]
[복승불일치 축교정] 사세보 2경주: 축 [2, 7]로 교정(자금이탈 강등 [1]·🔴🔴)
[T-2분 왕축 동결] 사세보 2경주: [2, 7] → [2, 7] 유지(cur_mb=2)
[단통 상한] 메인 3개 · 복병이동 0개
[자동분석·배경] 사세보 2경주: 마감 136초 전 재분석(rec_history 누적·cycle)
[각질편성] 아오모리 4경주: 선행2·선입0·추입5 → 보통 페이스
[경륜전개] 아오모리 4경주: 슬로우(단독 선행) · 라인 2개 · 페어 [[2, 7], [4, 1]]
[복승불일치 축교정] 아오모리 4경주: 축 [1, 4]로 교정(자금이탈 강등 [7]·🔴🔴)
[각질편성] 호후 4경주: 선행2·선입0·추입5 → 보통 페이스
[경륜전개] 호후 4경주: 보통 · 라인 2개 · 페어 [[2, 7], [3, 4]]
[결과기록] 캐시 갱신 — 재파싱 1건 / 전체 1662건
[각질편성] 아오모리 5경주: 선행2·선입0·추입5 → 보통 페이스
[경륜전개] 아오모리 5경주: 보통 · 라인 2개 · 페어 [[3, 4], [5, 1]]
[복승불일치 축교정] 아오모리 5경주: 축 [1, 3]로 교정(자금이탈 강등 [6]·🔴)
[각질편성] 호후 5경주: 선행3·선입0·추입4 → ⚡ 빠른 페이스
[경륜전개] 호후 5경주: 보통 · 라인 3개 · 페어 [[5, 1], [4, 2], [3, 7]]
[각질편성] 아오모리 6경주: 선행4·선입0·추입3 → ⚡ 빠른 페이스
[경륜전개] 아오모리 6경주: 하이(주도권 경합) · 라인 4개 · 페어 [[1, 3], [7, 4], [6, 2]]
[placeholder 필터] 호후 6경주 쌍승 껍데기 배당 3조합 제외(값: [300.2])
[각질편성] 호후 6경주: 선행5·선입0·추입2 → ⚡ 빠른 페이스
[경륜전개] 호후 6경주: 보통 · 라인 5개 · 페어 [[5, 1], [4, 2]]
[placeholder 필터] 아오모리 7경주 쌍승 껍데기 배당 3조합 제외(값: [1703.0])
[각질편성] 아오모리 7경주: 선행5·선입0·추입2 → ⚡ 빠른 페이스
[경륜전개] 아오모리 7경주: 슬로우(단독 선행) · 라인 5개 · 페어 [[4, 5], [3, 7]]
[각질편성] 호후 7경주: 선행5·선입0·추입2 → ⚡ 빠른 페이스
[경륜전개] 호후 7경주: 하이(주도권 경합) · 라인 5개 · 페어 [[5, 2], [3, 7]]
[각질편성] 사세보 1경주: 선행2·선입0·추입5 → 보통 페이스
[경륜전개] 사세보 1경주: 보통 · 라인 2개 · 페어 [[1, 5], [6, 2]]
[각질편성] 오다와라 1경주: 선행5·선입0·추입4 → ⚡ 빠른 페이스
[경륜전개] 오다와라 1경주: 보통 · 라인 5개 · 페어 [[1, 5], [7, 3]]
[각질편성] 기후 1경주: 선행2·선입0·추입5 → 보통 페이스
[경륜전개] 기후 1경주: 보통 · 라인 2개 · 페어 [[7, 3], [1, 4]]
[각질편성] 사세보 2경주: 선행2·선입0·추입5 → 보통 페이스
[경륜전개] 사세보 2경주: 보통 · 라인 2개 · 페어 [[7, 2], [5, 1]]
[복승불일치 축교정] 사세보 2경주: 축 [2, 7]로 교정(자금이탈 강등 [1]·🔴🔴)
[T-2분 왕축 동결] 사세보 2경주: [2, 7] → [2, 7] 유지(cur_mb=2)
[단통 상한] 메인 3개 · 복병이동 0개
[각질편성] 아오모리 4경주: 선행2·선입0·추입5 → 보통 페이스
[경륜전개] 아오모리 4경주: 슬로우(단독 선행) · 라인 2개 · 페어 [[2, 7], [4, 1]]
[복승불일치 축교정] 아오모리 4경주: 축 [1, 4]로 교정(자금이탈 강등 [7]·🔴🔴)
[각질편성] 호후 4경주: 선행2·선입0·추입5 → 보통 페이스
[경륜전개] 호후 4경주: 보통 · 라인 2개 · 페어 [[2, 7], [3, 4]]
[각질편성] 아오모리 5경주: 선행2·선입0·추입5 → 보통 페이스
[경륜전개] 아오모리 5경주: 보통 · 라인 2개 · 페어 [[3, 4], [5, 1]]
[복승불일치 축교정] 아오모리 5경주: 축 [1, 3]로 교정(자금이탈 강등 [6]·🔴)
[각질편성] 호후 5경주: 선행3·선입0·추입4 → ⚡ 빠른 페이스
[경륜전개] 호후 5경주: 보통 · 라인 3개 · 페어 [[5, 1], [4, 2], [3, 7]]
[각질편성] 아오모리 6경주: 선행4·선입0·추입3 → ⚡ 빠른 페이스
[경륜전개] 아오모리 6경주: 하이(주도권 경합) · 라인 4개 · 페어 [[1, 3], [7, 4], [6, 2]]
[placeholder 필터] 호후 6경주 쌍승 껍데기 배당 3조합 제외(값: [300.2])
[각질편성] 호후 6경주: 선행5·선입0·추입2 → ⚡ 빠른 페이스
[경륜전개] 호후 6경주: 보통 · 라인 5개 · 페어 [[5, 1], [4, 2]]
[placeholder 필터] 아오모리 7경주 쌍승 껍데기 배당 3조합 제외(값: [1703.0])
[각질편성] 아오모리 7경주: 선행5·선입0·추입2 → ⚡ 빠른 페이스
[경륜전개] 아오모리 7경주: 슬로우(단독 선행) · 라인 5개 · 페어 [[4, 5], [3, 7]]
[각질편성] 호후 7경주: 선행5·선입0·추입2 → ⚡ 빠른 페이스
[경륜전개] 호후 7경주: 하이(주도권 경합) · 라인 5개 · 페어 [[5, 2], [3, 7]]
[각질편성] 사세보 1경주: 선행2·선입0·추입5 → 보통 페이스
[경륜전개] 사세보 1경주: 보통 · 라인 2개 · 페어 [[1, 5], [6, 2]]
[각질편성] 오다와라 1경주: 선행5·선입0·추입4 → ⚡ 빠른 페이스
[경륜전개] 오다와라 1경주: 보통 · 라인 5개 · 페어 [[1, 5], [7, 3]]
[각질편성] 기후 1경주: 선행2·선입0·추입5 → 보통 페이스
[경륜전개] 기후 1경주: 보통 · 라인 2개 · 페어 [[7, 3], [1, 4]]
[각질편성] 사세보 2경주: 선행2·선입0·추입5 → 보통 페이스
[경륜전개] 사세보 2경주: 보통 · 라인 2개 · 페어 [[7, 2], [5, 1]]
[복승불일치 축교정] 사세보 2경주: 축 [2, 7]로 교정(자금이탈 강등 [1]·🔴🔴)
[T-2분 왕축 동결] 사세보 2경주: [2, 7] → [2, 7] 유지(cur_mb=1)
[단통 상한] 메인 3개 · 복병이동 0개
[3종 수집] 사세보 2경주: {'quinella': 21, 'exacta': 42, 'trio': 0, 'win': 0} (history 12)
[경륜 전적·자동] 오다와라 2경주: 9두 수집(競走得点·절대등급 A/B/C/D·라인[9, 1, 2, 7, 5, 8, 3, 6, 4]) → 통합등급 자동 반영
[3종 수집] 오다와라 2경주: {'quinella': 36, 'exacta': 72, 'trio': 0, 'win': 0} (history 1)
🔮 [예측] 오다와라 2경주: top3=[2, 7, 9] conf=4 · 이 경주는 '적극적인 자력형이 모였다'는 총평과 같이 자력형과 추입형이 
[각질편성] 사세보 2경주: 선행2·선입0·추입5 → 보통 페이스
[경륜전개] 사세보 2경주: 보통 · 라인 2개 · 페어 [[7, 2], [5, 1]]
[복승불일치 축교정] 사세보 2경주: 축 [2, 7]로 교정(자금이탈 강등 [1]·🔴🔴)
[T-2분 왕축 동결] 사세보 2경주: [2, 7] → [2, 7] 유지(cur_mb=1)
[단통 상한] 메인 3개 · 복병이동 0개
🔎 [결정론 검수] 사세보 2경주: B라인누락
[자동분석·배경] 사세보 2경주: 마감 103초 전 재분석(rec_history 누적·cycle)
[placeholder 필터] 오다와라 2경주 쌍승 껍데기 배당 10조합 제외(값: [194.4, 206.4, 239.6])
[각질편성] 오다와라 2경주: 선행4·선입0·추입5 → ⚡ 빠른 페이스
[경륜전개] 오다와라 2경주: 슬로우(단독 선행) · 라인 4개 · 페어 [[2, 7], [9, 1], [6, 4], [8, 3]]
[자동분석·배경] 오다와라 2경주: 마감 583초 전 재분석(rec_history 누적·cycle)
[placeholder 필터] 오다와라 2경주 쌍승 껍데기 배당 10조합 제외(값: [194.4, 206.4, 239.6])
[각질편성] 오다와라 2경주: 선행4·선입0·추입5 → ⚡ 빠른 페이스
[경륜전개] 오다와라 2경주: 슬로우(단독 선행) · 라인 4개 · 페어 [[2, 7], [9, 1], [6, 4], [8, 3]]
[각질편성] 아오모리 4경주: 선행2·선입0·추입5 → 보통 페이스
[경륜전개] 아오모리 4경주: 슬로우(단독 선행) · 라인 2개 · 페어 [[2, 7], [4, 1]]
[복승불일치 축교정] 아오모리 4경주: 축 [1, 4]로 교정(자금이탈 강등 [7]·🔴🔴)
[각질편성] 호후 4경주: 선행2·선입0·추입5 → 보통 페이스
[경륜전개] 호후 4경주: 보통 · 라인 2개 · 페어 [[2, 7], [3, 4]]
[각질편성] 아오모리 5경주: 선행2·선입0·추입5 → 보통 페이스
[경륜전개] 아오모리 5경주: 보통 · 라인 2개 · 페어 [[3, 4], [5, 1]]
[복승불일치 축교정] 아오모리 5경주: 축 [1, 3]로 교정(자금이탈 강등 [6]·🔴)
[각질편성] 호후 5경주: 선행3·선입0·추입4 → ⚡ 빠른 페이스
[경륜전개] 호후 5경주: 보통 · 라인 3개 · 페어 [[5, 1], [4, 2], [3, 7]]
[결과기록] 캐시 갱신 — 재파싱 2건 / 전체 1663건
[각질편성] 아오모리 6경주: 선행4·선입0·추입3 → ⚡ 빠른 페이스
[경륜전개] 아오모리 6경주: 하이(주도권 경합) · 라인 4개 · 페어 [[1, 3], [7, 4], [6, 2]]
[placeholder 필터] 호후 6경주 쌍승 껍데기 배당 3조합 제외(값: [300.2])
[각질편성] 호후 6경주: 선행5·선입0·추입2 → ⚡ 빠른 페이스
[경륜전개] 호후 6경주: 보통 · 라인 5개 · 페어 [[5, 1], [4, 2]]
[placeholder 필터] 아오모리 7경주 쌍승 껍데기 배당 3조합 제외(값: [1703.0])
[각질편성] 아오모리 7경주: 선행5·선입0·추입2 → ⚡ 빠른 페이스
[경륜전개] 아오모리 7경주: 슬로우(단독 선행) · 라인 5개 · 페어 [[4, 5], [3, 7]]
[각질편성] 호후 7경주: 선행5·선입0·추입2 → ⚡ 빠른 페이스
[경륜전개] 호후 7경주: 하이(주도권 경합) · 라인 5개 · 페어 [[5, 2], [3, 7]]
[각질편성] 사세보 1경주: 선행2·선입0·추입5 → 보통 페이스
[경륜전개] 사세보 1경주: 보통 · 라인 2개 · 페어 [[1, 5], [6, 2]]
[각질편성] 오다와라 1경주: 선행5·선입0·추입4 → ⚡ 빠른 페이스
[경륜전개] 오다와라 1경주: 보통 · 라인 5개 · 페어 [[1, 5], [7, 3]]
[각질편성] 기후 1경주: 선행2·선입0·추입5 → 보통 페이스
[경륜전개] 기후 1경주: 보통 · 라인 2개 · 페어 [[7, 3], [1, 4]]
[각질편성] 사세보 2경주: 선행2·선입0·추입5 → 보통 페이스
[경륜전개] 사세보 2경주: 보통 · 라인 2개 · 페어 [[7, 2], [5, 1]]
[복승불일치 축교정] 사세보 2경주: 축 [2, 7]로 교정(자금이탈 강등 [1]·🔴🔴)
[T-2분 왕축 동결] 사세보 2경주: [2, 7] → [2, 7] 유지(cur_mb=1)
[단통 상한] 메인 3개 · 복병이동 0개
[placeholder 필터] 오다와라 2경주 쌍승 껍데기 배당 10조합 제외(값: [194.4, 206.4, 239.6])
[각질편성] 오다와라 2경주: 선행4·선입0·추입5 → ⚡ 빠른 페이스
[경륜전개] 오다와라 2경주: 슬로우(단독 선행) · 라인 4개 · 페어 [[2, 7], [9, 1], [6, 4], [8, 3]]
[다중경주] 하트비트 #211 · 스케줄 ymd=20260801 (-1초 전 갱신 · 트랙 12개)
[3종 수집] 오다와라 2경주: {'quinella': 36, 'exacta': 72, 'trio': 0, 'win': 0} (history 2)
[3종 수집] 사세보 2경주: {'quinella': 21, 'exacta': 42, 'trio': 0, 'win': 0} (history 12)
[각질편성] 사세보 2경주: 선행2·선입0·추입5 → 보통 페이스
[경륜전개] 사세보 2경주: 보통 · 라인 2개 · 페어 [[7, 2], [5, 1]]
[복승불일치 축교정] 사세보 2경주: 축 [2, 7]로 교정(자금이탈 강등 [1]·🔴🔴)
[T-2분 왕축 동결] 사세보 2경주: [2, 7] → [2, 7] 유지(cur_mb=1)
[단통 상한] 메인 3개 · 복병이동 0개
[자동분석·배경] 사세보 2경주: 마감 67초 전 재분석(rec_history 누적·cycle)
[placeholder 필터] 오다와라 2경주 쌍승 껍데기 배당 3조합 제외(값: [235.7])
[각질편성] 오다와라 2경주: 선행4·선입0·추입5 → ⚡ 빠른 페이스
[경륜전개] 오다와라 2경주: 슬로우(단독 선행) · 라인 4개 · 페어 [[2, 7], [9, 1], [6, 4], [8, 3]]
[단통 상한] 메인 1개 · 복병이동 1개
🔎 [결정론 검수] 오다와라 2경주: B라인누락
[자동분석·배경] 오다와라 2경주: 마감 547초 전 재분석(rec_history 누적·cycle)
[3종 수집] 오다와라 2경주: {'quinella': 36, 'exacta': 72, 'trio': 0, 'win': 0} (history 3)
[3종 수집] 사세보 2경주: {'quinella': 21, 'exacta': 42, 'trio': 0, 'win': 0} (history 12)
[각질편성] 사세보 2경주: 선행2·선입0·추입5 → 보통 페이스
[경륜전개] 사세보 2경주: 보통 · 라인 2개 · 페어 [[7, 2], [5, 1]]
[복승불일치 축교정] 사세보 2경주: 축 [2, 7]로 교정(자금이탈 강등 [1]·🔴🔴)
[단통 상한] 메인 3개 · 복병이동 0개
[자동분석·배경] 사세보 2경주: 마감 34초 전 재분석(rec_history 누적·cycle)
[placeholder 필터] 오다와라 2경주 쌍승 껍데기 배당 6조합 제외(값: [128.0, 359.0])
[각질편성] 오다와라 2경주: 선행4·선입0·추입5 → ⚡ 빠른 페이스
[경륜전개] 오다와라 2경주: 슬로우(단독 선행) · 라인 4개 · 페어 [[2, 7], [9, 1], [6, 4], [8, 3]]
[단통 상한] 메인 1개 · 복병이동 1개
[자동분석·배경] 오다와라 2경주: 마감 514초 전 재분석(rec_history 누적·cycle)
[각질편성] 아오모리 4경주: 선행2·선입0·추입5 → 보통 페이스
[경륜전개] 아오모리 4경주: 슬로우(단독 선행) · 라인 2개 · 페어 [[2, 7], [4, 1]]
[복승불일치 축교정] 아오모리 4경주: 축 [1, 4]로 교정(자금이탈 강등 [7]·🔴🔴)
[각질편성] 호후 4경주: 선행2·선입0·추입5 → 보통 페이스
[경륜전개] 호후 4경주: 보통 · 라인 2개 · 페어 [[2, 7], [3, 4]]
[각질편성] 아오모리 5경주: 선행2·선입0·추입5 → 보통 페이스
[경륜전개] 아오모리 5경주: 보통 · 라인 2개 · 페어 [[3, 4], [5, 1]]
[복승불일치 축교정] 아오모리 5경주: 축 [1, 3]로 교정(자금이탈 강등 [6]·🔴)
[결과기록] 캐시 갱신 — 재파싱 2건 / 전체 1663건
[각질편성] 호후 5경주: 선행3·선입0·추입4 → ⚡ 빠른 페이스
[경륜전개] 호후 5경주: 보통 · 라인 3개 · 페어 [[5, 1], [4, 2], [3, 7]]
[각질편성] 아오모리 6경주: 선행4·선입0·추입3 → ⚡ 빠른 페이스
[경륜전개] 아오모리 6경주: 하이(주도권 경합) · 라인 4개 · 페어 [[1, 3], [7, 4], [6, 2]]
[placeholder 필터] 호후 6경주 쌍승 껍데기 배당 3조합 제외(값: [300.2])
[각질편성] 호후 6경주: 선행5·선입0·추입2 → ⚡ 빠른 페이스
[경륜전개] 호후 6경주: 보통 · 라인 5개 · 페어 [[5, 1], [4, 2]]
[placeholder 필터] 아오모리 7경주 쌍승 껍데기 배당 3조합 제외(값: [1703.0])
[각질편성] 아오모리 7경주: 선행5·선입0·추입2 → ⚡ 빠른 페이스
[경륜전개] 아오모리 7경주: 슬로우(단독 선행) · 라인 5개 · 페어 [[4, 5], [3, 7]]
[각질편성] 호후 7경주: 선행5·선입0·추입2 → ⚡ 빠른 페이스
[경륜전개] 호후 7경주: 하이(주도권 경합) · 라인 5개 · 페어 [[5, 2], [3, 7]]
[각질편성] 사세보 1경주: 선행2·선입0·추입5 → 보통 페이스
[경륜전개] 사세보 1경주: 보통 · 라인 2개 · 페어 [[1, 5], [6, 2]]
[각질편성] 오다와라 1경주: 선행5·선입0·추입4 → ⚡ 빠른 페이스
[경륜전개] 오다와라 1경주: 보통 · 라인 5개 · 페어 [[1, 5], [7, 3]]
[각질편성] 기후 1경주: 선행2·선입0·추입5 → 보통 페이스
[경륜전개] 기후 1경주: 보통 · 라인 2개 · 페어 [[7, 3], [1, 4]]
[각질편성] 사세보 2경주: 선행2·선입0·추입5 → 보통 페이스
[경륜전개] 사세보 2경주: 보통 · 라인 2개 · 페어 [[7, 2], [5, 1]]
[복승불일치 축교정] 사세보 2경주: 축 [2, 7]로 교정(자금이탈 강등 [1]·🔴🔴)
[단통 상한] 메인 3개 · 복병이동 0개
[placeholder 필터] 오다와라 2경주 쌍승 껍데기 배당 6조합 제외(값: [128.0, 359.0])
[각질편성] 오다와라 2경주: 선행4·선입0·추입5 → ⚡ 빠른 페이스
[경륜전개] 오다와라 2경주: 슬로우(단독 선행) · 라인 4개 · 페어 [[2, 7], [9, 1], [6, 4], [8, 3]]
[단통 상한] 메인 1개 · 복병이동 1개
[3종 수집] 오다와라 2경주: {'quinella': 36, 'exacta': 72, 'trio': 0, 'win': 0} (history 4)
[3종 수집] 사세보 2경주: {'quinella': 21, 'exacta': 42, 'trio': 0, 'win': 0} (history 12)
[placeholder 필터] 오다와라 2경주 쌍승 껍데기 배당 6조합 제외(값: [128.0, 359.0])
[각질편성] 오다와라 2경주: 선행4·선입0·추입5 → ⚡ 빠른 페이스
[경륜전개] 오다와라 2경주: 슬로우(단독 선행) · 라인 4개 · 페어 [[2, 7], [9, 1], [6, 4], [8, 3]]
[단통 상한] 메인 1개 · 복병이동 1개
🔎 [결정론 검수] 오다와라 2경주: B라인누락
[자동분석·배경] 오다와라 2경주: 마감 482초 전 재분석(rec_history 누적·cycle)
[3종 수집] 오다와라 2경주: {'quinella': 36, 'exacta': 72, 'trio': 0, 'win': 0} (history 5)
[3종 수집] 사세보 2경주: {'quinella': 21, 'exacta': 42, 'trio': 0, 'win': 0} (history 12)
[placeholder 필터] 오다와라 2경주 쌍승 껍데기 배당 3조합 제외(값: [224.9])
[각질편성] 오다와라 2경주: 선행4·선입0·추입5 → ⚡ 빠른 페이스
[경륜전개] 오다와라 2경주: 슬로우(단독 선행) · 라인 4개 · 페어 [[2, 7], [9, 1], [6, 4], [8, 3]]
[단통 상한] 메인 1개 · 복병이동 1개
[자동분석·배경] 오다와라 2경주: 마감 449초 전 재분석(rec_history 누적·cycle)
[각질편성] 사세보 2경주: 선행2·선입0·추입5 → 보통 페이스
[경륜전개] 사세보 2경주: 보통 · 라인 2개 · 페어 [[7, 2], [5, 1]]
[복승불일치 축교정] 사세보 2경주: 축 [2, 7]로 교정(자금이탈 강등 [1]·🔴🔴)
[placeholder 필터] 오다와라 2경주 쌍승 껍데기 배당 3조합 제외(값: [224.9])
[각질편성] 오다와라 2경주: 선행4·선입0·추입5 → ⚡ 빠른 페이스
[경륜전개] 오다와라 2경주: 슬로우(단독 선행) · 라인 4개 · 페어 [[2, 7], [9, 1], [6, 4], [8, 3]]
[단통 상한] 메인 1개 · 복병이동 1개
[카카오알림] 오다와라 2경주 T-7 → 큐 적재
📊 [채점] 오다와라 1경주: Gemini 2/3 ↔ 시장 2/3 · 놓침 [9]
📝 [복기] 오다와라 1경주: 9번 마루야마 케이이치의 최근 착순에 1착 기록이 있음에도 불구하고, 라인 내에서 1, 5 → 규칙(3): 마크 및 추입형 말의 최근 착순에 1착 기록이 있다면, 강력한 선행마 뒤에서 전개될 경우 예상치 못한 변수로
[각질편성] 오다와라 1경주: 선행5·선입0·추입4 → ⚡ 빠른 페이스
[경륜전개] 오다와라 1경주: 보통 · 라인 5개 · 페어 [[1, 5], [7, 3]]
[보조조합 적중] 오다와라 1경주 · 1+5+9 (Non-Axis 보험) — 승격 후보 표본 누적
[신호별학습] 오다와라 1경주 · 활성신호 ['급락', '전적이중수렴'] · 유력마적중 복승=True 삼복승=True
[결과 수정] 오다와라 1경주: 기존 레코드 교체(재입력)
[각질편성] 오다와라 1경주: 선행5·선입0·추입4 → ⚡ 빠른 페이스
[경륜전개] 오다와라 1경주: 보통 · 라인 5개 · 페어 [[1, 5], [7, 3]]
[readonly 잠금] 오다와라 1경주: 마감 확정 파일 — corePicks/시계열 보존, result/hit만 업데이트 허용
[마감 동결] 오다와라 1경주: 확정본 복원(출처 closed_row · 기준 10:52:07)
[패턴발견] 결과 1522경주 스캔 → 발견 패턴 10개(기준 적중률 35.2%)
[자동학습] 오다와라 1경주 결과 [5, 1, 9] → 추천적중 True, 급락적중 False, 전적유력마 1(적중), 제거적중 False
📊 [채점] 사세보 1경주: Gemini 1/3 ↔ 시장 1/3 · 놓침 [1, 4]
📝 [복기] 사세보 1경주: 예측 시 7번 평산 유태의 '자재' 각질이 공격적으로 전개될 것이라는 총평을 과신했다. 실 → 규칙(4): 총평에서 특정 선수의 공격적인 전개를 언급하더라도, 선행형 선수가 경주에 있다면 선행형 선수의 실제 전개 능
[각질편성] 사세보 1경주: 선행2·선입0·추입5 → 보통 페이스
[경륜전개] 사세보 1경주: 보통 · 라인 2개 · 페어 [[1, 5], [6, 2]]
[각질편성] 아오모리 4경주: 선행2·선입0·추입5 → 보통 페이스
[경륜전개] 아오모리 4경주: 슬로우(단독 선행) · 라인 2개 · 페어 [[2, 7], [4, 1]]
[복승불일치 축교정] 아오모리 4경주: 축 [1, 4]로 교정(자금이탈 강등 [7]·🔴🔴)
[각질편성] 호후 4경주: 선행2·선입0·추입5 → 보통 페이스
[경륜전개] 호후 4경주: 보통 · 라인 2개 · 페어 [[2, 7], [3, 4]]
[각질편성] 아오모리 5경주: 선행2·선입0·추입5 → 보통 페이스
[경륜전개] 아오모리 5경주: 보통 · 라인 2개 · 페어 [[3, 4], [5, 1]]
[복승불일치 축교정] 아오모리 5경주: 축 [1, 3]로 교정(자금이탈 강등 [6]·🔴)
[신호별학습] 사세보 1경주 · 활성신호 ['역배열', '급락', '전적이중수렴'] · 유력마적중 복승=False 삼복승=False
[결과 수정] 사세보 1경주: 기존 레코드 교체(재입력)
[복병케이스] 사세보 1경주: 복병 5두 저장(입상 2)
[결과기록] 캐시 갱신 — 재파싱 2건 / 전체 1663건
[각질편성] 호후 5경주: 선행3·선입0·추입4 → ⚡ 빠른 페이스
[경륜전개] 호후 5경주: 보통 · 라인 3개 · 페어 [[5, 1], [4, 2], [3, 7]]
[각질편성] 아오모리 6경주: 선행4·선입0·추입3 → ⚡ 빠른 페이스
[경륜전개] 아오모리 6경주: 하이(주도권 경합) · 라인 4개 · 페어 [[1, 3], [7, 4], [6, 2]]
[placeholder 필터] 호후 6경주 쌍승 껍데기 배당 3조합 제외(값: [300.2])
[각질편성] 호후 6경주: 선행5·선입0·추입2 → ⚡ 빠른 페이스
[경륜전개] 호후 6경주: 보통 · 라인 5개 · 페어 [[5, 1], [4, 2]]
[placeholder 필터] 아오모리 7경주 쌍승 껍데기 배당 3조합 제외(값: [1703.0])
[각질편성] 아오모리 7경주: 선행5·선입0·추입2 → ⚡ 빠른 페이스
[경륜전개] 아오모리 7경주: 슬로우(단독 선행) · 라인 5개 · 페어 [[4, 5], [3, 7]]
[각질편성] 호후 7경주: 선행5·선입0·추입2 → ⚡ 빠른 페이스
[경륜전개] 호후 7경주: 하이(주도권 경합) · 라인 5개 · 페어 [[5, 2], [3, 7]]
[각질편성] 사세보 1경주: 선행2·선입0·추입5 → 보통 페이스
[경륜전개] 사세보 1경주: 보통 · 라인 2개 · 페어 [[1, 5], [6, 2]]
[각질편성] 오다와라 1경주: 선행5·선입0·추입4 → ⚡ 빠른 페이스
[경륜전개] 오다와라 1경주: 보통 · 라인 5개 · 페어 [[1, 5], [7, 3]]
[각질편성] 기후 1경주: 선행2·선입0·추입5 → 보통 페이스
[경륜전개] 기후 1경주: 보통 · 라인 2개 · 페어 [[7, 3], [1, 4]]
[각질편성] 사세보 2경주: 선행2·선입0·추입5 → 보통 페이스
[경륜전개] 사세보 2경주: 보통 · 라인 2개 · 페어 [[7, 2], [5, 1]]
[복승불일치 축교정] 사세보 2경주: 축 [2, 7]로 교정(자금이탈 강등 [1]·🔴🔴)
[placeholder 필터] 오다와라 2경주 쌍승 껍데기 배당 3조합 제외(값: [224.9])
[각질편성] 오다와라 2경주: 선행4·선입0·추입5 → ⚡ 빠른 페이스
[경륜전개] 오다와라 2경주: 슬로우(단독 선행) · 라인 4개 · 페어 [[2, 7], [9, 1], [6, 4], [8, 3]]
[단통 상한] 메인 1개 · 복병이동 1개
[각질편성] 사세보 1경주: 선행2·선입0·추입5 → 보통 페이스
[경륜전개] 사세보 1경주: 보통 · 라인 2개 · 페어 [[1, 5], [6, 2]]
[readonly 잠금] 사세보 1경주: 마감 확정 파일 — corePicks/시계열 보존, result/hit만 업데이트 허용
[마감 동결] 사세보 1경주: 확정본 복원(출처 closed_row · 기준 10:44:00)
[패턴발견] 결과 1523경주 스캔 → 발견 패턴 10개(기준 적중률 35.3%)
[자동학습] 사세보 1경주 결과 [5, 1, 4] → 추천적중 True, 급락적중 False, 전적유력마 1(적중), 제거적중 False
📊 [채점] 호후 7경주: Gemini 2/3 ↔ 시장 2/3 · 놓침 [6]
📝 [복기] 호후 7경주: 6번 안본 승평의 선행 각질과 마지막 라인 구성에 주목했어야 했습니다. 특히 5번과 2번  → 규칙(3): 선행 주도권 다툼이 예상되는 경주에서, 주요 선두권 말들의 뒤에 붙은 선행형 말의 라인 배치를 다시 확인한다
[각질편성] 호후 7경주: 선행5·선입0·추입2 → ⚡ 빠른 페이스
[경륜전개] 호후 7경주: 하이(주도권 경합) · 라인 5개 · 페어 [[5, 2], [3, 7]]
[보조조합 적중] 호후 7경주 · 2+5+6 (삼복승 보험) — 승격 후보 표본 누적
[신호별학습] 호후 7경주 · 활성신호 ['급락', '전적이중수렴'] · 유력마적중 복승=True 삼복승=True
[결과 수정] 호후 7경주: 기존 레코드 교체(재입력)
[복병케이스] 호후 7경주: 복병 4두 저장(입상 3)
[각질편성] 호후 7경주: 선행5·선입0·추입2 → ⚡ 빠른 페이스
[경륜전개] 호후 7경주: 하이(주도권 경합) · 라인 5개 · 페어 [[5, 2], [3, 7]]
[readonly 잠금] 호후 7경주: 마감 확정 파일 — corePicks/시계열 보존, result/hit만 업데이트 허용
[마감 동결] 호후 7경주: 확정본 복원(출처 closed_row · 기준 10:39:03)
[패턴발견] 결과 1524경주 스캔 → 발견 패턴 10개(기준 적중률 35.3%)
[자동학습] 호후 7경주 결과 [5, 2, 6] → 추천적중 True, 급락적중 False, 전적유력마 1(실패), 제거적중 False
[경륜 결과 백필] 2026-08-01: 시도 6 · 성공 3 · 실패 3
  ↳ 실패: 오다와라 2경주 - 결과 미게시/파싱 실패
  ↳ 실패: 사세보 2경주 - 결과 미게시/파싱 실패
  ↳ 실패: 기후 1경주 - 결과 미게시/파싱 실패
[데이터백업] ✅ GitHub 반영: 결과 자동백업: 오다와라 1경주 5-1-9
[3종 수집] 오다와라 2경주: {'quinella': 36, 'exacta': 72, 'trio': 0, 'win': 0} (history 6)
[3종 수집] 사세보 2경주: {'quinella': 21, 'exacta': 42, 'trio': 0, 'win': 0} (history 12)
[placeholder 필터] 오다와라 2경주 복승 껍데기 배당 3조합 제외(값: [270.2])
[placeholder 필터] 오다와라 2경주 쌍승 껍데기 배당 6조합 제외(값: [128.0, 359.0])
[각질편성] 오다와라 2경주: 선행4·선입0·추입5 → ⚡ 빠른 페이스
[경륜전개] 오다와라 2경주: 슬로우(단독 선행) · 라인 4개 · 페어 [[2, 7], [9, 1], [6, 4], [8, 3]]
[단통 상한] 메인 1개 · 복병이동 1개
[자동분석·배경] 오다와라 2경주: 마감 416초 전 재분석(rec_history 누적·cycle)
[데이터백업] ✅ GitHub 반영: 결과 자동백업: 호후 7경주 5-2-6
[3종 수집] 오다와라 2경주: {'quinella': 36, 'exacta': 72, 'trio': 0, 'win': 0} (history 7)
[3종 수집] 사세보 2경주: {'quinella': 21, 'exacta': 42, 'trio': 0, 'win': 0} (history 12)
[placeholder 필터] 오다와라 2경주 복승 껍데기 배당 3조합 제외(값: [270.2])
[placeholder 필터] 오다와라 2경주 쌍승 껍데기 배당 3조합 제외(값: [224.9])
[각질편성] 오다와라 2경주: 선행4·선입0·추입5 → ⚡ 빠른 페이스
[경륜전개] 오다와라 2경주: 슬로우(단독 선행) · 라인 4개 · 페어 [[2, 7], [9, 1], [6, 4], [8, 3]]
[단통 상한] 메인 1개 · 복병이동 1개
[자동분석·배경] 오다와라 2경주: 마감 384초 전 재분석(rec_history 누적·cycle)
[각질편성] 아오모리 4경주: 선행2·선입0·추입5 → 보통 페이스
[경륜전개] 아오모리 4경주: 슬로우(단독 선행) · 라인 2개 · 페어 [[2, 7], [4, 1]]
[복승불일치 축교정] 아오모리 4경주: 축 [1, 4]로 교정(자금이탈 강등 [7]·🔴🔴)
[각질편성] 호후 4경주: 선행2·선입0·추입5 → 보통 페이스
[경륜전개] 호후 4경주: 보통 · 라인 2개 · 페어 [[2, 7], [3, 4]]
[각질편성] 아오모리 5경주: 선행2·선입0·추입5 → 보통 페이스
[경륜전개] 아오모리 5경주: 보통 · 라인 2개 · 페어 [[3, 4], [5, 1]]
[복승불일치 축교정] 아오모리 5경주: 축 [1, 3]로 교정(자금이탈 강등 [6]·🔴)
[각질편성] 호후 5경주: 선행3·선입0·추입4 → ⚡ 빠른 페이스
[경륜전개] 호후 5경주: 보통 · 라인 3개 · 페어 [[5, 1], [4, 2], [3, 7]]
[각질편성] 아오모리 6경주: 선행4·선입0·추입3 → ⚡ 빠른 페이스
[경륜전개] 아오모리 6경주: 하이(주도권 경합) · 라인 4개 · 페어 [[1, 3], [7, 4], [6, 2]]
[결과기록] 캐시 갱신 — 재파싱 3건 / 전체 1663건
[placeholder 필터] 호후 6경주 쌍승 껍데기 배당 3조합 제외(값: [300.2])
[각질편성] 호후 6경주: 선행5·선입0·추입2 → ⚡ 빠른 페이스
[경륜전개] 호후 6경주: 보통 · 라인 5개 · 페어 [[5, 1], [4, 2]]
[placeholder 필터] 아오모리 7경주 쌍승 껍데기 배당 3조합 제외(값: [1703.0])
[각질편성] 아오모리 7경주: 선행5·선입0·추입2 → ⚡ 빠른 페이스
[경륜전개] 아오모리 7경주: 슬로우(단독 선행) · 라인 5개 · 페어 [[4, 5], [3, 7]]
[각질편성] 호후 7경주: 선행5·선입0·추입2 → ⚡ 빠른 페이스
[경륜전개] 호후 7경주: 하이(주도권 경합) · 라인 5개 · 페어 [[5, 2], [3, 7]]
[각질편성] 사세보 1경주: 선행2·선입0·추입5 → 보통 페이스
[경륜전개] 사세보 1경주: 보통 · 라인 2개 · 페어 [[1, 5], [6, 2]]
[각질편성] 오다와라 1경주: 선행5·선입0·추입4 → ⚡ 빠른 페이스
[경륜전개] 오다와라 1경주: 보통 · 라인 5개 · 페어 [[1, 5], [7, 3]]
[각질편성] 기후 1경주: 선행2·선입0·추입5 → 보통 페이스
[경륜전개] 기후 1경주: 보통 · 라인 2개 · 페어 [[7, 3], [1, 4]]
[각질편성] 사세보 2경주: 선행2·선입0·추입5 → 보통 페이스
[경륜전개] 사세보 2경주: 보통 · 라인 2개 · 페어 [[7, 2], [5, 1]]
[복승불일치 축교정] 사세보 2경주: 축 [2, 7]로 교정(자금이탈 강등 [1]·🔴🔴)
[placeholder 필터] 오다와라 2경주 복승 껍데기 배당 3조합 제외(값: [270.2])
[placeholder 필터] 오다와라 2경주 쌍승 껍데기 배당 3조합 제외(값: [224.9])
[각질편성] 오다와라 2경주: 선행4·선입0·추입5 → ⚡ 빠른 페이스
[경륜전개] 오다와라 2경주: 슬로우(단독 선행) · 라인 4개 · 페어 [[2, 7], [9, 1], [6, 4], [8, 3]]
[단통 상한] 메인 1개 · 복병이동 1개
[3종 수집] 오다와라 2경주: {'quinella': 36, 'exacta': 72, 'trio': 0, 'win': 0} (history 8)
[placeholder 필터] 오다와라 2경주 복승 껍데기 배당 3조합 제외(값: [270.2])
[각질편성] 오다와라 2경주: 선행4·선입0·추입5 → ⚡ 빠른 페이스
[경륜전개] 오다와라 2경주: 슬로우(단독 선행) · 라인 4개 · 페어 [[2, 7], [9, 1], [6, 4], [8, 3]]
[단통 상한] 메인 1개 · 복병이동 1개
[자동분석·배경] 오다와라 2경주: 마감 352초 전 재분석(rec_history 누적·cycle)
[3종 수집] 오다와라 2경주: {'quinella': 36, 'exacta': 72, 'trio': 0, 'win': 0} (history 9)
[각질편성] 오다와라 2경주: 선행4·선입0·추입5 → ⚡ 빠른 페이스
[경륜전개] 오다와라 2경주: 슬로우(단독 선행) · 라인 4개 · 페어 [[2, 7], [9, 1], [6, 4], [8, 3]]
[단통 상한] 메인 1개 · 복병이동 1개
🔎 [결정론 검수] 오다와라 2경주: B라인누락
[자동분석·배경] 오다와라 2경주: 마감 320초 전 재분석(rec_history 누적·cycle)
[각질편성] 사세보 2경주: 선행2·선입0·추입5 → 보통 페이스
[경륜전개] 사세보 2경주: 보통 · 라인 2개 · 페어 [[7, 2], [5, 1]]
[복승불일치 축교정] 사세보 2경주: 축 [2, 7]로 교정(자금이탈 강등 [1]·🔴🔴)
[각질편성] 오다와라 2경주: 선행4·선입0·추입5 → ⚡ 빠른 페이스
[경륜전개] 오다와라 2경주: 슬로우(단독 선행) · 라인 4개 · 페어 [[2, 7], [9, 1], [6, 4], [8, 3]]
[단통 상한] 메인 1개 · 복병이동 1개
[카카오알림] 오다와라 2경주 T-5 → 큐 적재
[각질편성] 아오모리 4경주: 선행2·선입0·추입5 → 보통 페이스
[경륜전개] 아오모리 4경주: 슬로우(단독 선행) · 라인 2개 · 페어 [[2, 7], [4, 1]]
[복승불일치 축교정] 아오모리 4경주: 축 [1, 4]로 교정(자금이탈 강등 [7]·🔴🔴)
[각질편성] 호후 4경주: 선행2·선입0·추입5 → 보통 페이스
[경륜전개] 호후 4경주: 보통 · 라인 2개 · 페어 [[2, 7], [3, 4]]
[각질편성] 아오모리 5경주: 선행2·선입0·추입5 → 보통 페이스
[경륜전개] 아오모리 5경주: 보통 · 라인 2개 · 페어 [[3, 4], [5, 1]]
[복승불일치 축교정] 아오모리 5경주: 축 [1, 3]로 교정(자금이탈 강등 [6]·🔴)
[각질편성] 호후 5경주: 선행3·선입0·추입4 → ⚡ 빠른 페이스
[경륜전개] 호후 5경주: 보통 · 라인 3개 · 페어 [[5, 1], [4, 2], [3, 7]]
[각질편성] 아오모리 6경주: 선행4·선입0·추입3 → ⚡ 빠른 페이스
[경륜전개] 아오모리 6경주: 하이(주도권 경합) · 라인 4개 · 페어 [[1, 3], [7, 4], [6, 2]]
[placeholder 필터] 호후 6경주 쌍승 껍데기 배당 3조합 제외(값: [300.2])
[각질편성] 호후 6경주: 선행5·선입0·추입2 → ⚡ 빠른 페이스
[경륜전개] 호후 6경주: 보통 · 라인 5개 · 페어 [[5, 1], [4, 2]]
[결과기록] 캐시 갱신 — 재파싱 1건 / 전체 1663건
[placeholder 필터] 아오모리 7경주 쌍승 껍데기 배당 3조합 제외(값: [1703.0])
[각질편성] 아오모리 7경주: 선행5·선입0·추입2 → ⚡ 빠른 페이스
[경륜전개] 아오모리 7경주: 슬로우(단독 선행) · 라인 5개 · 페어 [[4, 5], [3, 7]]
[각질편성] 호후 7경주: 선행5·선입0·추입2 → ⚡ 빠른 페이스
[경륜전개] 호후 7경주: 하이(주도권 경합) · 라인 5개 · 페어 [[5, 2], [3, 7]]
[각질편성] 사세보 1경주: 선행2·선입0·추입5 → 보통 페이스
[경륜전개] 사세보 1경주: 보통 · 라인 2개 · 페어 [[1, 5], [6, 2]]
[각질편성] 오다와라 1경주: 선행5·선입0·추입4 → ⚡ 빠른 페이스
[경륜전개] 오다와라 1경주: 보통 · 라인 5개 · 페어 [[1, 5], [7, 3]]
[각질편성] 기후 1경주: 선행2·선입0·추입5 → 보통 페이스
[경륜전개] 기후 1경주: 보통 · 라인 2개 · 페어 [[7, 3], [1, 4]]
[각질편성] 사세보 2경주: 선행2·선입0·추입5 → 보통 페이스
[경륜전개] 사세보 2경주: 보통 · 라인 2개 · 페어 [[7, 2], [5, 1]]
[복승불일치 축교정] 사세보 2경주: 축 [2, 7]로 교정(자금이탈 강등 [1]·🔴🔴)
[각질편성] 오다와라 2경주: 선행4·선입0·추입5 → ⚡ 빠른 페이스
[경륜전개] 오다와라 2경주: 슬로우(단독 선행) · 라인 4개 · 페어 [[2, 7], [9, 1], [6, 4], [8, 3]]
[단통 상한] 메인 1개 · 복병이동 1개
[활성정리] 끝난 경주 1건 제거(히스토리 보존): 호후 7경주
[3종 수집] 오다와라 2경주: {'quinella': 36, 'exacta': 72, 'trio': 0, 'win': 0} (history 10)
[각질편성] 오다와라 2경주: 선행4·선입0·추입5 → ⚡ 빠른 페이스
[경륜전개] 오다와라 2경주: 슬로우(단독 선행) · 라인 4개 · 페어 [[2, 7], [9, 1], [6, 4], [8, 3]]
[단통 상한] 메인 1개 · 복병이동 1개
[자동예상] 오다와라 2경주 최종예상 저장(2026_08_01_오다와라_2경주.json)
[각질편성] 오다와라 2경주: 선행4·선입0·추입5 → ⚡ 빠른 페이스
[경륜전개] 오다와라 2경주: 슬로우(단독 선행) · 라인 4개 · 페어 [[2, 7], [9, 1], [6, 4], [8, 3]]
[단통 상한] 메인 1개 · 복병이동 1개
[자동분석·배경] 오다와라 2경주: 마감 287초 전 재분석(rec_history 누적·cycle)
[3종 수집] 오다와라 2경주: {'quinella': 36, 'exacta': 72, 'trio': 0, 'win': 0} (history 11)
[각질편성] 오다와라 2경주: 선행4·선입0·추입5 → ⚡ 빠른 페이스
[경륜전개] 오다와라 2경주: 슬로우(단독 선행) · 라인 4개 · 페어 [[2, 7], [9, 1], [6, 4], [8, 3]]
[단통 상한] 메인 1개 · 복병이동 1개
[각질편성] 아오모리 4경주: 선행2·선입0·추입5 → 보통 페이스
[경륜전개] 아오모리 4경주: 슬로우(단독 선행) · 라인 2개 · 페어 [[2, 7], [4, 1]]
[복승불일치 축교정] 아오모리 4경주: 축 [1, 4]로 교정(자금이탈 강등 [7]·🔴🔴)
[자동분석·배경] 오다와라 2경주: 마감 254초 전 재분석(rec_history 누적·cycle)
[각질편성] 호후 4경주: 선행2·선입0·추입5 → 보통 페이스
[경륜전개] 호후 4경주: 보통 · 라인 2개 · 페어 [[2, 7], [3, 4]]
[카톡 변경알림·즉시] 오다와라 2경주 (남은 254s): 삼복승 제외: 1+2+7 · 1+3+7
[각질편성] 아오모리 5경주: 선행2·선입0·추입5 → 보통 페이스
[경륜전개] 아오모리 5경주: 보통 · 라인 2개 · 페어 [[3, 4], [5, 1]]
[복승불일치 축교정] 아오모리 5경주: 축 [1, 3]로 교정(자금이탈 강등 [6]·🔴)
[각질편성] 호후 5경주: 선행3·선입0·추입4 → ⚡ 빠른 페이스
[경륜전개] 호후 5경주: 보통 · 라인 3개 · 페어 [[5, 1], [4, 2], [3, 7]]
[각질편성] 아오모리 6경주: 선행4·선입0·추입3 → ⚡ 빠른 페이스
[경륜전개] 아오모리 6경주: 하이(주도권 경합) · 라인 4개 · 페어 [[1, 3], [7, 4], [6, 2]]
[결과기록] 캐시 갱신 — 재파싱 1건 / 전체 1663건
[placeholder 필터] 호후 6경주 쌍승 껍데기 배당 3조합 제외(값: [300.2])
[각질편성] 호후 6경주: 선행5·선입0·추입2 → ⚡ 빠른 페이스
[경륜전개] 호후 6경주: 보통 · 라인 5개 · 페어 [[5, 1], [4, 2]]
[placeholder 필터] 아오모리 7경주 쌍승 껍데기 배당 3조합 제외(값: [1703.0])
[각질편성] 아오모리 7경주: 선행5·선입0·추입2 → ⚡ 빠른 페이스
[경륜전개] 아오모리 7경주: 슬로우(단독 선행) · 라인 5개 · 페어 [[4, 5], [3, 7]]
[각질편성] 호후 7경주: 선행5·선입0·추입2 → ⚡ 빠른 페이스
[경륜전개] 호후 7경주: 하이(주도권 경합) · 라인 5개 · 페어 [[5, 2], [3, 7]]
[각질편성] 사세보 1경주: 선행2·선입0·추입5 → 보통 페이스
[경륜전개] 사세보 1경주: 보통 · 라인 2개 · 페어 [[1, 5], [6, 2]]
[각질편성] 오다와라 1경주: 선행5·선입0·추입4 → ⚡ 빠른 페이스
[경륜전개] 오다와라 1경주: 보통 · 라인 5개 · 페어 [[1, 5], [7, 3]]
[각질편성] 기후 1경주: 선행2·선입0·추입5 → 보통 페이스
[경륜전개] 기후 1경주: 보통 · 라인 2개 · 페어 [[7, 3], [1, 4]]
[각질편성] 사세보 2경주: 선행2·선입0·추입5 → 보통 페이스
[경륜전개] 사세보 2경주: 보통 · 라인 2개 · 페어 [[7, 2], [5, 1]]
[복승불일치 축교정] 사세보 2경주: 축 [2, 7]로 교정(자금이탈 강등 [1]·🔴🔴)
[각질편성] 오다와라 2경주: 선행4·선입0·추입5 → ⚡ 빠른 페이스
[경륜전개] 오다와라 2경주: 슬로우(단독 선행) · 라인 4개 · 페어 [[2, 7], [9, 1], [6, 4], [8, 3]]
[단통 상한] 메인 1개 · 복병이동 1개
[다중경주] 하트비트 #221 · 스케줄 ymd=20260801 (-1초 전 갱신 · 트랙 12개)
[3종 수집] 오다와라 2경주: {'quinella': 36, 'exacta': 72, 'trio': 0, 'win': 0} (history 12)
[각질편성] 오다와라 2경주: 선행4·선입0·추입5 → ⚡ 빠른 페이스
[경륜전개] 오다와라 2경주: 슬로우(단독 선행) · 라인 4개 · 페어 [[2, 7], [9, 1], [6, 4], [8, 3]]
[단통 상한] 메인 1개 · 복병이동 1개
[자동분석·배경] 오다와라 2경주: 마감 222초 전 재분석(rec_history 누적·cycle)
[KRA 자동수집] 부산 4경주 1300M 자동해제(연속 실패 20회: 데이터 없음(발매 전·비경주일 가능)) — 할당량 보호
[각질편성] 아오모리 4경주: 선행2·선입0·추입5 → 보통 페이스
[경륜전개] 아오모리 4경주: 슬로우(단독 선행) · 라인 2개 · 페어 [[2, 7], [4, 1]]
[복승불일치 축교정] 아오모리 4경주: 축 [1, 4]로 교정(자금이탈 강등 [7]·🔴🔴)
[각질편성] 호후 4경주: 선행2·선입0·추입5 → 보통 페이스
[경륜전개] 호후 4경주: 보통 · 라인 2개 · 페어 [[2, 7], [3, 4]]
[각질편성] 아오모리 5경주: 선행2·선입0·추입5 → 보통 페이스
[경륜전개] 아오모리 5경주: 보통 · 라인 2개 · 페어 [[3, 4], [5, 1]]
[복승불일치 축교정] 아오모리 5경주: 축 [1, 3]로 교정(자금이탈 강등 [6]·🔴)
[각질편성] 호후 5경주: 선행3·선입0·추입4 → ⚡ 빠른 페이스
[경륜전개] 호후 5경주: 보통 · 라인 3개 · 페어 [[5, 1], [4, 2], [3, 7]]
[각질편성] 아오모리 6경주: 선행4·선입0·추입3 → ⚡ 빠른 페이스
[경륜전개] 아오모리 6경주: 하이(주도권 경합) · 라인 4개 · 페어 [[1, 3], [7, 4], [6, 2]]
[placeholder 필터] 호후 6경주 쌍승 껍데기 배당 3조합 제외(값: [300.2])
[각질편성] 호후 6경주: 선행5·선입0·추입2 → ⚡ 빠른 페이스
[경륜전개] 호후 6경주: 보통 · 라인 5개 · 페어 [[5, 1], [4, 2]]
[결과기록] 캐시 갱신 — 재파싱 1건 / 전체 1663건
[placeholder 필터] 아오모리 7경주 쌍승 껍데기 배당 3조합 제외(값: [1703.0])
[각질편성] 아오모리 7경주: 선행5·선입0·추입2 → ⚡ 빠른 페이스
[경륜전개] 아오모리 7경주: 슬로우(단독 선행) · 라인 5개 · 페어 [[4, 5], [3, 7]]
[각질편성] 호후 7경주: 선행5·선입0·추입2 → ⚡ 빠른 페이스
[경륜전개] 호후 7경주: 하이(주도권 경합) · 라인 5개 · 페어 [[5, 2], [3, 7]]
[각질편성] 사세보 1경주: 선행2·선입0·추입5 → 보통 페이스
[경륜전개] 사세보 1경주: 보통 · 라인 2개 · 페어 [[1, 5], [6, 2]]
[각질편성] 오다와라 1경주: 선행5·선입0·추입4 → ⚡ 빠른 페이스
[경륜전개] 오다와라 1경주: 보통 · 라인 5개 · 페어 [[1, 5], [7, 3]]
[각질편성] 기후 1경주: 선행2·선입0·추입5 → 보통 페이스
[경륜전개] 기후 1경주: 보통 · 라인 2개 · 페어 [[7, 3], [1, 4]]
[각질편성] 사세보 2경주: 선행2·선입0·추입5 → 보통 페이스
[경륜전개] 사세보 2경주: 보통 · 라인 2개 · 페어 [[7, 2], [5, 1]]
[복승불일치 축교정] 사세보 2경주: 축 [2, 7]로 교정(자금이탈 강등 [1]·🔴🔴)
[각질편성] 오다와라 2경주: 선행4·선입0·추입5 → ⚡ 빠른 페이스
[경륜전개] 오다와라 2경주: 슬로우(단독 선행) · 라인 4개 · 페어 [[2, 7], [9, 1], [6, 4], [8, 3]]
[단통 상한] 메인 1개 · 복병이동 1개
[3종 수집] 오다와라 2경주: {'quinella': 36, 'exacta': 72, 'trio': 0, 'win': 0} (history 12)
[각질편성] 오다와라 2경주: 선행4·선입0·추입5 → ⚡ 빠른 페이스
[경륜전개] 오다와라 2경주: 슬로우(단독 선행) · 라인 4개 · 페어 [[2, 7], [9, 1], [6, 4], [8, 3]]
[단통 상한] 메인 1개 · 복병이동 1개
[자동분석·배경] 오다와라 2경주: 마감 190초 전 재분석(rec_history 누적·cycle)
[3종 수집] 오다와라 2경주: {'quinella': 36, 'exacta': 72, 'trio': 0, 'win': 0} (history 12)
[각질편성] 오다와라 2경주: 선행4·선입0·추입5 → ⚡ 빠른 페이스
[경륜전개] 오다와라 2경주: 슬로우(단독 선행) · 라인 4개 · 페어 [[2, 7], [9, 1], [6, 4], [8, 3]]
[T-2분 왕축 동결] 오다와라 2경주: [7, 1] → [7, 1] 유지(cur_mb=2)
[단통 상한] 메인 1개 · 복병이동 1개
[자동분석·배경] 오다와라 2경주: 마감 157초 전 재분석(rec_history 누적·cycle)
[각질편성] 아오모리 4경주: 선행2·선입0·추입5 → 보통 페이스
[경륜전개] 아오모리 4경주: 슬로우(단독 선행) · 라인 2개 · 페어 [[2, 7], [4, 1]]
[복승불일치 축교정] 아오모리 4경주: 축 [1, 4]로 교정(자금이탈 강등 [7]·🔴🔴)
[각질편성] 호후 4경주: 선행2·선입0·추입5 → 보통 페이스
[경륜전개] 호후 4경주: 보통 · 라인 2개 · 페어 [[2, 7], [3, 4]]
[각질편성] 아오모리 5경주: 선행2·선입0·추입5 → 보통 페이스
[경륜전개] 아오모리 5경주: 보통 · 라인 2개 · 페어 [[3, 4], [5, 1]]
[복승불일치 축교정] 아오모리 5경주: 축 [1, 3]로 교정(자금이탈 강등 [6]·🔴)
[각질편성] 호후 5경주: 선행3·선입0·추입4 → ⚡ 빠른 페이스
[경륜전개] 호후 5경주: 보통 · 라인 3개 · 페어 [[5, 1], [4, 2], [3, 7]]
[각질편성] 아오모리 6경주: 선행4·선입0·추입3 → ⚡ 빠른 페이스
[경륜전개] 아오모리 6경주: 하이(주도권 경합) · 라인 4개 · 페어 [[1, 3], [7, 4], [6, 2]]
[placeholder 필터] 호후 6경주 쌍승 껍데기 배당 3조합 제외(값: [300.2])
[각질편성] 호후 6경주: 선행5·선입0·추입2 → ⚡ 빠른 페이스
[경륜전개] 호후 6경주: 보통 · 라인 5개 · 페어 [[5, 1], [4, 2]]
[결과기록] 캐시 갱신 — 재파싱 1건 / 전체 1663건
[placeholder 필터] 아오모리 7경주 쌍승 껍데기 배당 3조합 제외(값: [1703.0])
[각질편성] 아오모리 7경주: 선행5·선입0·추입2 → ⚡ 빠른 페이스
[경륜전개] 아오모리 7경주: 슬로우(단독 선행) · 라인 5개 · 페어 [[4, 5], [3, 7]]
[각질편성] 호후 7경주: 선행5·선입0·추입2 → ⚡ 빠른 페이스
[경륜전개] 호후 7경주: 하이(주도권 경합) · 라인 5개 · 페어 [[5, 2], [3, 7]]
[각질편성] 사세보 1경주: 선행2·선입0·추입5 → 보통 페이스
[경륜전개] 사세보 1경주: 보통 · 라인 2개 · 페어 [[1, 5], [6, 2]]
[각질편성] 오다와라 1경주: 선행5·선입0·추입4 → ⚡ 빠른 페이스
[경륜전개] 오다와라 1경주: 보통 · 라인 5개 · 페어 [[1, 5], [7, 3]]
[각질편성] 기후 1경주: 선행2·선입0·추입5 → 보통 페이스
[경륜전개] 기후 1경주: 보통 · 라인 2개 · 페어 [[7, 3], [1, 4]]
[각질편성] 사세보 2경주: 선행2·선입0·추입5 → 보통 페이스
[경륜전개] 사세보 2경주: 보통 · 라인 2개 · 페어 [[7, 2], [5, 1]]
[복승불일치 축교정] 사세보 2경주: 축 [2, 7]로 교정(자금이탈 강등 [1]·🔴🔴)
[각질편성] 오다와라 2경주: 선행4·선입0·추입5 → ⚡ 빠른 페이스
[경륜전개] 오다와라 2경주: 슬로우(단독 선행) · 라인 4개 · 페어 [[2, 7], [9, 1], [6, 4], [8, 3]]
[T-2분 왕축 동결] 오다와라 2경주: [7, 1] → [7, 1] 유지(cur_mb=2)
[단통 상한] 메인 1개 · 복병이동 1개
[3종 수집] 오다와라 2경주: {'quinella': 36, 'exacta': 72, 'trio': 0, 'win': 0} (history 12)
[각질편성] 오다와라 2경주: 선행4·선입0·추입5 → ⚡ 빠른 페이스
[경륜전개] 오다와라 2경주: 슬로우(단독 선행) · 라인 4개 · 페어 [[2, 7], [9, 1], [6, 4], [8, 3]]
[T-2분 왕축 동결] 오다와라 2경주: [7, 1] → [7, 1] 유지(cur_mb=2)
[단통 상한] 메인 1개 · 복병이동 1개
[자동분석·배경] 오다와라 2경주: 마감 125초 전 재분석(rec_history 누적·cycle)
[각질편성] 아오모리 4경주: 선행2·선입0·추입5 → 보통 페이스
[경륜전개] 아오모리 4경주: 슬로우(단독 선행) · 라인 2개 · 페어 [[2, 7], [4, 1]]
[복승불일치 축교정] 아오모리 4경주: 축 [1, 4]로 교정(자금이탈 강등 [7]·🔴🔴)
[각질편성] 호후 4경주: 선행2·선입0·추입5 → 보통 페이스
[경륜전개] 호후 4경주: 보통 · 라인 2개 · 페어 [[2, 7], [3, 4]]
[각질편성] 아오모리 5경주: 선행2·선입0·추입5 → 보통 페이스
[경륜전개] 아오모리 5경주: 보통 · 라인 2개 · 페어 [[3, 4], [5, 1]]
[복승불일치 축교정] 아오모리 5경주: 축 [1, 3]로 교정(자금이탈 강등 [6]·🔴)
[각질편성] 호후 5경주: 선행3·선입0·추입4 → ⚡ 빠른 페이스
[경륜전개] 호후 5경주: 보통 · 라인 3개 · 페어 [[5, 1], [4, 2], [3, 7]]
[각질편성] 아오모리 6경주: 선행4·선입0·추입3 → ⚡ 빠른 페이스
[경륜전개] 아오모리 6경주: 하이(주도권 경합) · 라인 4개 · 페어 [[1, 3], [7, 4], [6, 2]]
[placeholder 필터] 호후 6경주 쌍승 껍데기 배당 3조합 제외(값: [300.2])
[각질편성] 호후 6경주: 선행5·선입0·추입2 → ⚡ 빠른 페이스
[경륜전개] 호후 6경주: 보통 · 라인 5개 · 페어 [[5, 1], [4, 2]]
[placeholder 필터] 아오모리 7경주 쌍승 껍데기 배당 3조합 제외(값: [1703.0])
[각질편성] 아오모리 7경주: 선행5·선입0·추입2 → ⚡ 빠른 페이스
[경륜전개] 아오모리 7경주: 슬로우(단독 선행) · 라인 5개 · 페어 [[4, 5], [3, 7]]
[각질편성] 호후 7경주: 선행5·선입0·추입2 → ⚡ 빠른 페이스
[경륜전개] 호후 7경주: 하이(주도권 경합) · 라인 5개 · 페어 [[5, 2], [3, 7]]
[각질편성] 사세보 1경주: 선행2·선입0·추입5 → 보통 페이스
[경륜전개] 사세보 1경주: 보통 · 라인 2개 · 페어 [[1, 5], [6, 2]]
[각질편성] 오다와라 1경주: 선행5·선입0·추입4 → ⚡ 빠른 페이스
[경륜전개] 오다와라 1경주: 보통 · 라인 5개 · 페어 [[1, 5], [7, 3]]
[각질편성] 기후 1경주: 선행2·선입0·추입5 → 보통 페이스
[경륜전개] 기후 1경주: 보통 · 라인 2개 · 페어 [[7, 3], [1, 4]]
[각질편성] 사세보 2경주: 선행2·선입0·추입5 → 보통 페이스
[경륜전개] 사세보 2경주: 보통 · 라인 2개 · 페어 [[7, 2], [5, 1]]
[복승불일치 축교정] 사세보 2경주: 축 [2, 7]로 교정(자금이탈 강등 [1]·🔴🔴)
[각질편성] 오다와라 2경주: 선행4·선입0·추입5 → ⚡ 빠른 페이스
[경륜전개] 오다와라 2경주: 슬로우(단독 선행) · 라인 4개 · 페어 [[2, 7], [9, 1], [6, 4], [8, 3]]
[T-2분 왕축 동결] 오다와라 2경주: [7, 1] → [7, 1] 유지(cur_mb=1)
[단통 상한] 메인 1개 · 복병이동 1개
[경륜 득점갭] 기후 2경주: 5번 득점 1위 갭 6.4 → +5 가점
[경륜 전적·자동] 기후 2경주: 7두 수집(競走得点·절대등급 A/B/C/D·라인[6, 1, 7, 2, 3, 4, 5]) → 통합등급 자동 반영
[3종 수집] 기후 2경주: {'quinella': 21, 'exacta': 42, 'trio': 0, 'win': 0} (history 1)
[3종 수집] 오다와라 2경주: {'quinella': 36, 'exacta': 72, 'trio': 0, 'win': 0} (history 12)
🔮 [예측] 기후 2경주: top3=[3, 4, 5] conf=4 · 출주마 7두 중 선행형이 3두로, 선행마 간의 경쟁이 과열되어 페이스가 
[각질편성] 오다와라 2경주: 선행4·선입0·추입5 → ⚡ 빠른 페이스
[경륜전개] 오다와라 2경주: 슬로우(단독 선행) · 라인 4개 · 페어 [[2, 7], [9, 1], [6, 4], [8, 3]]
[T-2분 왕축 동결] 오다와라 2경주: [7, 1] → [7, 1] 유지(cur_mb=1)
[단통 상한] 메인 1개 · 복병이동 1개
[자동분석·배경] 오다와라 2경주: 마감 92초 전 재분석(rec_history 누적·cycle)
[각질편성] 기후 2경주: 선행3·선입0·추입4 → ⚡ 빠른 페이스
[경륜전개] 기후 2경주: 하이(주도권 경합) · 라인 3개 · 페어 [[3, 4], [7, 2], [6, 1]]
🔎 [결정론 검수] 기후 2경주: B라인누락
[자동분석·배경] 기후 2경주: 마감 572초 전 재분석(rec_history 누적·cycle)
[각질편성] 기후 2경주: 선행3·선입0·추입4 → ⚡ 빠른 페이스
[경륜전개] 기후 2경주: 하이(주도권 경합) · 라인 3개 · 페어 [[3, 4], [7, 2], [6, 1]]
[각질편성] 아오모리 4경주: 선행2·선입0·추입5 → 보통 페이스
[경륜전개] 아오모리 4경주: 슬로우(단독 선행) · 라인 2개 · 페어 [[2, 7], [4, 1]]
[복승불일치 축교정] 아오모리 4경주: 축 [1, 4]로 교정(자금이탈 강등 [7]·🔴🔴)
[각질편성] 호후 4경주: 선행2·선입0·추입5 → 보통 페이스
[경륜전개] 호후 4경주: 보통 · 라인 2개 · 페어 [[2, 7], [3, 4]]
[각질편성] 아오모리 5경주: 선행2·선입0·추입5 → 보통 페이스
[경륜전개] 아오모리 5경주: 보통 · 라인 2개 · 페어 [[3, 4], [5, 1]]
[복승불일치 축교정] 아오모리 5경주: 축 [1, 3]로 교정(자금이탈 강등 [6]·🔴)
[각질편성] 호후 5경주: 선행3·선입0·추입4 → ⚡ 빠른 페이스
[경륜전개] 호후 5경주: 보통 · 라인 3개 · 페어 [[5, 1], [4, 2], [3, 7]]
[한국경마 스케줄] 20260801: 경마장 0곳 · 경주 0개(KRA API 감지·발주시각 미제공)
[다중경주 스케줄] 20260801: 트랙 12곳(경륜 10·한국 0 포함) · 경주 118개
[각질편성] 아오모리 6경주: 선행4·선입0·추입3 → ⚡ 빠른 페이스
[경륜전개] 아오모리 6경주: 하이(주도권 경합) · 라인 4개 · 페어 [[1, 3], [7, 4], [6, 2]]
[placeholder 필터] 호후 6경주 쌍승 껍데기 배당 3조합 제외(값: [300.2])
[각질편성] 호후 6경주: 선행5·선입0·추입2 → ⚡ 빠른 페이스
[경륜전개] 호후 6경주: 보통 · 라인 5개 · 페어 [[5, 1], [4, 2]]
[placeholder 필터] 아오모리 7경주 쌍승 껍데기 배당 3조합 제외(값: [1703.0])
[각질편성] 아오모리 7경주: 선행5·선입0·추입2 → ⚡ 빠른 페이스
[경륜전개] 아오모리 7경주: 슬로우(단독 선행) · 라인 5개 · 페어 [[4, 5], [3, 7]]
[결과기록] 캐시 갱신 — 재파싱 2건 / 전체 1664건
[각질편성] 호후 7경주: 선행5·선입0·추입2 → ⚡ 빠른 페이스
[경륜전개] 호후 7경주: 하이(주도권 경합) · 라인 5개 · 페어 [[5, 2], [3, 7]]
[각질편성] 사세보 1경주: 선행2·선입0·추입5 → 보통 페이스
[경륜전개] 사세보 1경주: 보통 · 라인 2개 · 페어 [[1, 5], [6, 2]]
[각질편성] 오다와라 1경주: 선행5·선입0·추입4 → ⚡ 빠른 페이스
[경륜전개] 오다와라 1경주: 보통 · 라인 5개 · 페어 [[1, 5], [7, 3]]
[각질편성] 기후 1경주: 선행2·선입0·추입5 → 보통 페이스
[경륜전개] 기후 1경주: 보통 · 라인 2개 · 페어 [[7, 3], [1, 4]]
[각질편성] 사세보 2경주: 선행2·선입0·추입5 → 보통 페이스
[경륜전개] 사세보 2경주: 보통 · 라인 2개 · 페어 [[7, 2], [5, 1]]
[복승불일치 축교정] 사세보 2경주: 축 [2, 7]로 교정(자금이탈 강등 [1]·🔴🔴)
[각질편성] 오다와라 2경주: 선행4·선입0·추입5 → ⚡ 빠른 페이스
[경륜전개] 오다와라 2경주: 슬로우(단독 선행) · 라인 4개 · 페어 [[2, 7], [9, 1], [6, 4], [8, 3]]
[T-2분 왕축 동결] 오다와라 2경주: [7, 1] → [7, 1] 유지(cur_mb=1)
[단통 상한] 메인 1개 · 복병이동 1개
[각질편성] 기후 2경주: 선행3·선입0·추입4 → ⚡ 빠른 페이스
[경륜전개] 기후 2경주: 하이(주도권 경합) · 라인 3개 · 페어 [[3, 4], [7, 2], [6, 1]]
[3종 수집] 오다와라 2경주: {'quinella': 36, 'exacta': 72, 'trio': 0, 'win': 0} (history 12)
⚠️ [수신값 검증] 기후 2경주 · 배당 열 밀림 의심(인접 조합 값 일치) → 이 틱 급락 계산 보류(배당은 저장)
[3종 수집] 기후 2경주: {'quinella': 21, 'exacta': 42, 'trio': 0, 'win': 0} (history 2)
[각질편성] 오다와라 2경주: 선행4·선입0·추입5 → ⚡ 빠른 페이스
[경륜전개] 오다와라 2경주: 슬로우(단독 선행) · 라인 4개 · 페어 [[2, 7], [9, 1], [6, 4], [8, 3]]
[단통 상한] 메인 1개 · 복병이동 1개
[자동분석·배경] 오다와라 2경주: 마감 57초 전 재분석(rec_history 누적·cycle)
[각질편성] 기후 2경주: 선행3·선입0·추입4 → ⚡ 빠른 페이스
[경륜전개] 기후 2경주: 하이(주도권 경합) · 라인 3개 · 페어 [[3, 4], [7, 2], [6, 1]]
[자동분석·배경] 기후 2경주: 마감 537초 전 재분석(rec_history 누적·cycle)
[3종 수집] 기후 2경주: {'quinella': 21, 'exacta': 42, 'trio': 0, 'win': 0} (history 3)
[3종 수집] 오다와라 2경주: {'quinella': 36, 'exacta': 72, 'trio': 0, 'win': 0} (history 12)
[각질편성] 기후 2경주: 선행3·선입0·추입4 → ⚡ 빠른 페이스
[경륜전개] 기후 2경주: 하이(주도권 경합) · 라인 3개 · 페어 [[3, 4], [7, 2], [6, 1]]
[경륜 추천 모순 수정] 고배당 강제조합 2건 메인→복병 이동(25배 상한)
[자동분석·배경] 기후 2경주: 마감 504초 전 재분석(rec_history 누적·cycle)
[각질편성] 오다와라 2경주: 선행4·선입0·추입5 → ⚡ 빠른 페이스
[경륜전개] 오다와라 2경주: 슬로우(단독 선행) · 라인 4개 · 페어 [[2, 7], [9, 1], [6, 4], [8, 3]]
[단통 상한] 메인 1개 · 복병이동 1개
[각질편성] 아오모리 4경주: 선행2·선입0·추입5 → 보통 페이스
[각질편성] 오다와라 2경주: 선행4·선입0·추입5 → ⚡ 빠른 페이스
[경륜전개] 아오모리 4경주: 슬로우(단독 선행) · 라인 2개 · 페어 [[2, 7], [4, 1]]
[경륜전개] 오다와라 2경주: 슬로우(단독 선행) · 라인 4개 · 페어 [[2, 7], [9, 1], [6, 4], [8, 3]]
[복승불일치 축교정] 아오모리 4경주: 축 [1, 4]로 교정(자금이탈 강등 [7]·🔴🔴)
[단통 상한] 메인 1개 · 복병이동 1개
[각질편성] 호후 4경주: 선행2·선입0·추입5 → 보통 페이스
[경륜전개] 호후 4경주: 보통 · 라인 2개 · 페어 [[2, 7], [3, 4]]
[각질편성] 아오모리 5경주: 선행2·선입0·추입5 → 보통 페이스
[경륜전개] 아오모리 5경주: 보통 · 라인 2개 · 페어 [[3, 4], [5, 1]]
[복승불일치 축교정] 아오모리 5경주: 축 [1, 3]로 교정(자금이탈 강등 [6]·🔴)
[각질편성] 호후 5경주: 선행3·선입0·추입4 → ⚡ 빠른 페이스
[경륜전개] 호후 5경주: 보통 · 라인 3개 · 페어 [[5, 1], [4, 2], [3, 7]]
[각질편성] 아오모리 6경주: 선행4·선입0·추입3 → ⚡ 빠른 페이스
[경륜전개] 아오모리 6경주: 하이(주도권 경합) · 라인 4개 · 페어 [[1, 3], [7, 4], [6, 2]]
[placeholder 필터] 호후 6경주 쌍승 껍데기 배당 3조합 제외(값: [300.2])
[각질편성] 호후 6경주: 선행5·선입0·추입2 → ⚡ 빠른 페이스
[경륜전개] 호후 6경주: 보통 · 라인 5개 · 페어 [[5, 1], [4, 2]]
[placeholder 필터] 아오모리 7경주 쌍승 껍데기 배당 3조합 제외(값: [1703.0])
[각질편성] 아오모리 7경주: 선행5·선입0·추입2 → ⚡ 빠른 페이스
[경륜전개] 아오모리 7경주: 슬로우(단독 선행) · 라인 5개 · 페어 [[4, 5], [3, 7]]
[각질편성] 호후 7경주: 선행5·선입0·추입2 → ⚡ 빠른 페이스
[경륜전개] 호후 7경주: 하이(주도권 경합) · 라인 5개 · 페어 [[5, 2], [3, 7]]
[각질편성] 오다와라 2경주: 선행4·선입0·추입5 → ⚡ 빠른 페이스
[경륜전개] 오다와라 2경주: 슬로우(단독 선행) · 라인 4개 · 페어 [[2, 7], [9, 1], [6, 4], [8, 3]]
[각질편성] 오다와라 2경주: 선행4·선입0·추입5 → ⚡ 빠른 페이스
[각질편성] 오다와라 2경주: 선행4·선입0·추입5 → ⚡ 빠른 페이스
[경륜전개] 오다와라 2경주: 슬로우(단독 선행) · 라인 4개 · 페어 [[2, 7], [9, 1], [6, 4], [8, 3]]
[경륜전개] 오다와라 2경주: 슬로우(단독 선행) · 라인 4개 · 페어 [[2, 7], [9, 1], [6, 4], [8, 3]]
[각질편성] 사세보 1경주: 선행2·선입0·추입5 → 보통 페이스
[경륜전개] 사세보 1경주: 보통 · 라인 2개 · 페어 [[1, 5], [6, 2]]
[단통 상한] 메인 1개 · 복병이동 1개
[단통 상한] 메인 1개 · 복병이동 1개
[단통 상한] 메인 1개 · 복병이동 1개
[각질편성] 오다와라 1경주: 선행5·선입0·추입4 → ⚡ 빠른 페이스
[경륜전개] 오다와라 1경주: 보통 · 라인 5개 · 페어 [[1, 5], [7, 3]]
[분석로그] 저장 실패: [WinError 32] 다른 프로세스가 파일을 사용 중이기 때문에 프로세스가 액세스 할 수 없습니다: 'C:\\Users\\Administrator\\Desktop\\경마분석서버\\data\\analysis_log\\2026_08_01_오다와라_2경주.json.tmp' -> 'C:\\Users\\Administrator\\Desktop\\경마분석서버\\data\\analysis_log\\2026_08_01_오다와라_2경주.json'
[각질편성] 기후 1경주: 선행2·선입0·추입5 → 보통 페이스
[경륜전개] 기후 1경주: 보통 · 라인 2개 · 페어 [[7, 3], [1, 4]]
[각질편성] 기후 2경주: 선행3·선입0·추입4 → ⚡ 빠른 페이스
[경륜전개] 기후 2경주: 하이(주도권 경합) · 라인 3개 · 페어 [[3, 4], [7, 2], [6, 1]]
[각질편성] 오다와라 2경주: 선행4·선입0·추입5 → ⚡ 빠른 페이스
[경륜전개] 오다와라 2경주: 슬로우(단독 선행) · 라인 4개 · 페어 [[2, 7], [9, 1], [6, 4], [8, 3]]
[경륜 추천 모순 수정] 고배당 강제조합 2건 메인→복병 이동(25배 상한)
[단통 상한] 메인 1개 · 복병이동 1개
[결과기록] 캐시 갱신 — 재파싱 2건 / 전체 1664건
[각질편성] 사세보 2경주: 선행2·선입0·추입5 → 보통 페이스
[경륜전개] 사세보 2경주: 보통 · 라인 2개 · 페어 [[7, 2], [5, 1]]
[복승불일치 축교정] 사세보 2경주: 축 [2, 7]로 교정(자금이탈 강등 [1]·🔴🔴)
[각질편성] 오다와라 2경주: 선행4·선입0·추입5 → ⚡ 빠른 페이스
[경륜전개] 오다와라 2경주: 슬로우(단독 선행) · 라인 4개 · 페어 [[2, 7], [9, 1], [6, 4], [8, 3]]
[단통 상한] 메인 1개 · 복병이동 1개
[각질편성] 기후 2경주: 선행3·선입0·추입4 → ⚡ 빠른 페이스
[경륜전개] 기후 2경주: 하이(주도권 경합) · 라인 3개 · 페어 [[3, 4], [7, 2], [6, 1]]
[경륜 추천 모순 수정] 고배당 강제조합 2건 메인→복병 이동(25배 상한)
[각질편성] 기후 2경주: 선행3·선입0·추입4 → ⚡ 빠른 페이스
[경륜전개] 기후 2경주: 하이(주도권 경합) · 라인 3개 · 페어 [[3, 4], [7, 2], [6, 1]]
[각질편성] 오다와라 2경주: 선행4·선입0·추입5 → ⚡ 빠른 페이스
[경륜 추천 모순 수정] 고배당 강제조합 2건 메인→복병 이동(25배 상한)
[경륜전개] 오다와라 2경주: 슬로우(단독 선행) · 라인 4개 · 페어 [[2, 7], [9, 1], [6, 4], [8, 3]]
[각질편성] 오다와라 2경주: 선행4·선입0·추입5 → ⚡ 빠른 페이스
[경륜전개] 오다와라 2경주: 슬로우(단독 선행) · 라인 4개 · 페어 [[2, 7], [9, 1], [6, 4], [8, 3]]
[단통 상한] 메인 1개 · 복병이동 1개
[단통 상한] 메인 1개 · 복병이동 1개
[각질편성] 아오모리 4경주: 선행2·선입0·추입5 → 보통 페이스
[경륜전개] 아오모리 4경주: 슬로우(단독 선행) · 라인 2개 · 페어 [[2, 7], [4, 1]]
[복승불일치 축교정] 아오모리 4경주: 축 [1, 4]로 교정(자금이탈 강등 [7]·🔴🔴)
[각질편성] 호후 4경주: 선행2·선입0·추입5 → 보통 페이스
[경륜전개] 호후 4경주: 보통 · 라인 2개 · 페어 [[2, 7], [3, 4]]
[각질편성] 아오모리 5경주: 선행2·선입0·추입5 → 보통 페이스
[경륜전개] 아오모리 5경주: 보통 · 라인 2개 · 페어 [[3, 4], [5, 1]]
[복승불일치 축교정] 아오모리 5경주: 축 [1, 3]로 교정(자금이탈 강등 [6]·🔴)
[각질편성] 호후 5경주: 선행3·선입0·추입4 → ⚡ 빠른 페이스
[경륜전개] 호후 5경주: 보통 · 라인 3개 · 페어 [[5, 1], [4, 2], [3, 7]]
[각질편성] 아오모리 6경주: 선행4·선입0·추입3 → ⚡ 빠른 페이스
[경륜전개] 아오모리 6경주: 하이(주도권 경합) · 라인 4개 · 페어 [[1, 3], [7, 4], [6, 2]]
[placeholder 필터] 호후 6경주 쌍승 껍데기 배당 3조합 제외(값: [300.2])
[각질편성] 호후 6경주: 선행5·선입0·추입2 → ⚡ 빠른 페이스
[경륜전개] 호후 6경주: 보통 · 라인 5개 · 페어 [[5, 1], [4, 2]]
[placeholder 필터] 아오모리 7경주 쌍승 껍데기 배당 3조합 제외(값: [1703.0])
[각질편성] 아오모리 7경주: 선행5·선입0·추입2 → ⚡ 빠른 페이스
[경륜전개] 아오모리 7경주: 슬로우(단독 선행) · 라인 5개 · 페어 [[4, 5], [3, 7]]
[각질편성] 호후 7경주: 선행5·선입0·추입2 → ⚡ 빠른 페이스
[경륜전개] 호후 7경주: 하이(주도권 경합) · 라인 5개 · 페어 [[5, 2], [3, 7]]
[각질편성] 사세보 1경주: 선행2·선입0·추입5 → 보통 페이스
[경륜전개] 사세보 1경주: 보통 · 라인 2개 · 페어 [[1, 5], [6, 2]]
[각질편성] 오다와라 1경주: 선행5·선입0·추입4 → ⚡ 빠른 페이스
[경륜전개] 오다와라 1경주: 보통 · 라인 5개 · 페어 [[1, 5], [7, 3]]
[각질편성] 기후 1경주: 선행2·선입0·추입5 → 보통 페이스
[경륜전개] 기후 1경주: 보통 · 라인 2개 · 페어 [[7, 3], [1, 4]]
[각질편성] 사세보 2경주: 선행2·선입0·추입5 → 보통 페이스
[경륜전개] 사세보 2경주: 보통 · 라인 2개 · 페어 [[7, 2], [5, 1]]
[복승불일치 축교정] 사세보 2경주: 축 [2, 7]로 교정(자금이탈 강등 [1]·🔴🔴)
[각질편성] 오다와라 2경주: 선행4·선입0·추입5 → ⚡ 빠른 페이스
[경륜전개] 오다와라 2경주: 슬로우(단독 선행) · 라인 4개 · 페어 [[2, 7], [9, 1], [6, 4], [8, 3]]
[각질편성] 기후 2경주: 선행3·선입0·추입4 → ⚡ 빠른 페이스
[경륜전개] 기후 2경주: 하이(주도권 경합) · 라인 3개 · 페어 [[3, 4], [7, 2], [6, 1]]
[경륜 추천 모순 수정] 고배당 강제조합 2건 메인→복병 이동(25배 상한)
[각질편성] 기후 2경주: 선행3·선입0·추입4 → ⚡ 빠른 페이스
[경륜전개] 기후 2경주: 하이(주도권 경합) · 라인 3개 · 페어 [[3, 4], [7, 2], [6, 1]]
[각질편성] 오다와라 2경주: 선행4·선입0·추입5 → ⚡ 빠른 페이스
[경륜전개] 오다와라 2경주: 슬로우(단독 선행) · 라인 4개 · 페어 [[2, 7], [9, 1], [6, 4], [8, 3]]
[경륜 추천 모순 수정] 고배당 강제조합 2건 메인→복병 이동(25배 상한)
[readonly 잠금] 오다와라 2경주: 마감 확정 파일 — corePicks/시계열 보존, result/hit만 업데이트 허용
[마감 동결] 오다와라 2경주: 확정본 복원(출처 closed_row · 기준 11:16:59)
[활성정리] 끝난 경주 1건 제거(히스토리 보존): 사세보 1경주
[3종 수집] 기후 2경주: {'quinella': 21, 'exacta': 42, 'trio': 0, 'win': 0} (history 4)
[3종 수집] 오다와라 2경주: {'quinella': 36, 'exacta': 72, 'trio': 0, 'win': 0} (history 12)
[각질편성] 오다와라 2경주: 선행4·선입0·추입5 → ⚡ 빠른 페이스
[경륜전개] 오다와라 2경주: 슬로우(단독 선행) · 라인 4개 · 페어 [[2, 7], [9, 1], [6, 4], [8, 3]]
⏸ [폴링 저장 가드] 오다와라 2경주: 마감 후 readonly → 로그 저장 생략(분석·표시는 정상)
[각질편성] 기후 2경주: 선행3·선입0·추입4 → ⚡ 빠른 페이스
[경륜전개] 기후 2경주: 하이(주도권 경합) · 라인 3개 · 페어 [[3, 4], [7, 2], [6, 1]]
[각질편성] 오다와라 2경주: 선행4·선입0·추입5 → ⚡ 빠른 페이스
[경륜전개] 오다와라 2경주: 슬로우(단독 선행) · 라인 4개 · 페어 [[2, 7], [9, 1], [6, 4], [8, 3]]
[각질편성] 기후 2경주: 선행3·선입0·추입4 → ⚡ 빠른 페이스
[경륜전개] 기후 2경주: 하이(주도권 경합) · 라인 3개 · 페어 [[3, 4], [7, 2], [6, 1]]
[각질편성] 기후 2경주: 선행3·선입0·추입4 → ⚡ 빠른 페이스
[경륜전개] 기후 2경주: 하이(주도권 경합) · 라인 3개 · 페어 [[3, 4], [7, 2], [6, 1]]
[각질편성] 오다와라 2경주: 선행4·선입0·추입5 → ⚡ 빠른 페이스
[경륜전개] 오다와라 2경주: 슬로우(단독 선행) · 라인 4개 · 페어 [[2, 7], [9, 1], [6, 4], [8, 3]]
[분석로그] 저장 실패: [WinError 32] 다른 프로세스가 파일을 사용 중이기 때문에 프로세스가 액세스 할 수 없습니다: 'C:\\Users\\Administrator\\Desktop\\경마분석서버\\data\\analysis_log\\2026_08_01_기후_2경주.json.tmp' -> 'C:\\Users\\Administrator\\Desktop\\경마분석서버\\data\\analysis_log\\2026_08_01_기후_2경주.json'
[각질편성] 아오모리 4경주: 선행2·선입0·추입5 → 보통 페이스
[경륜전개] 아오모리 4경주: 슬로우(단독 선행) · 라인 2개 · 페어 [[2, 7], [4, 1]]
[복승불일치 축교정] 아오모리 4경주: 축 [1, 4]로 교정(자금이탈 강등 [7]·🔴🔴)
[각질편성] 호후 4경주: 선행2·선입0·추입5 → 보통 페이스
[경륜전개] 호후 4경주: 보통 · 라인 2개 · 페어 [[2, 7], [3, 4]]
[각질편성] 아오모리 5경주: 선행2·선입0·추입5 → 보통 페이스
[경륜전개] 아오모리 5경주: 보통 · 라인 2개 · 페어 [[3, 4], [5, 1]]
[복승불일치 축교정] 아오모리 5경주: 축 [1, 3]로 교정(자금이탈 강등 [6]·🔴)
[각질편성] 호후 5경주: 선행3·선입0·추입4 → ⚡ 빠른 페이스
[경륜전개] 호후 5경주: 보통 · 라인 3개 · 페어 [[5, 1], [4, 2], [3, 7]]
[각질편성] 아오모리 6경주: 선행4·선입0·추입3 → ⚡ 빠른 페이스
[경륜전개] 아오모리 6경주: 하이(주도권 경합) · 라인 4개 · 페어 [[1, 3], [7, 4], [6, 2]]
[placeholder 필터] 호후 6경주 쌍승 껍데기 배당 3조합 제외(값: [300.2])
[각질편성] 호후 6경주: 선행5·선입0·추입2 → ⚡ 빠른 페이스
[경륜전개] 호후 6경주: 보통 · 라인 5개 · 페어 [[5, 1], [4, 2]]
[placeholder 필터] 아오모리 7경주 쌍승 껍데기 배당 3조합 제외(값: [1703.0])
[각질편성] 아오모리 7경주: 선행5·선입0·추입2 → ⚡ 빠른 페이스
[경륜전개] 아오모리 7경주: 슬로우(단독 선행) · 라인 5개 · 페어 [[4, 5], [3, 7]]
[각질편성] 호후 7경주: 선행5·선입0·추입2 → ⚡ 빠른 페이스
[경륜전개] 호후 7경주: 하이(주도권 경합) · 라인 5개 · 페어 [[5, 2], [3, 7]]
[각질편성] 사세보 1경주: 선행2·선입0·추입5 → 보통 페이스
[경륜전개] 사세보 1경주: 보통 · 라인 2개 · 페어 [[1, 5], [6, 2]]
[각질편성] 오다와라 1경주: 선행5·선입0·추입4 → ⚡ 빠른 페이스
[경륜전개] 오다와라 1경주: 보통 · 라인 5개 · 페어 [[1, 5], [7, 3]]
[각질편성] 기후 1경주: 선행2·선입0·추입5 → 보통 페이스
[경륜전개] 기후 1경주: 보통 · 라인 2개 · 페어 [[7, 3], [1, 4]]
[각질편성] 사세보 2경주: 선행2·선입0·추입5 → 보통 페이스
[경륜전개] 사세보 2경주: 보통 · 라인 2개 · 페어 [[7, 2], [5, 1]]
[복승불일치 축교정] 사세보 2경주: 축 [2, 7]로 교정(자금이탈 강등 [1]·🔴🔴)
[각질편성] 오다와라 2경주: 선행4·선입0·추입5 → ⚡ 빠른 페이스
[경륜전개] 오다와라 2경주: 슬로우(단독 선행) · 라인 4개 · 페어 [[2, 7], [9, 1], [6, 4], [8, 3]]
[각질편성] 기후 2경주: 선행3·선입0·추입4 → ⚡ 빠른 페이스
[경륜전개] 기후 2경주: 하이(주도권 경합) · 라인 3개 · 페어 [[3, 4], [7, 2], [6, 1]]
[각질편성] 기후 2경주: 선행3·선입0·추입4 → ⚡ 빠른 페이스
[경륜전개] 기후 2경주: 하이(주도권 경합) · 라인 3개 · 페어 [[3, 4], [7, 2], [6, 1]]
[각질편성] 오다와라 2경주: 선행4·선입0·추입5 → ⚡ 빠른 페이스
[경륜전개] 오다와라 2경주: 슬로우(단독 선행) · 라인 4개 · 페어 [[2, 7], [9, 1], [6, 4], [8, 3]]
[3종 수집] 오다와라 2경주: {'quinella': 36, 'exacta': 72, 'trio': 0, 'win': 0} (history 12)
[3종 수집] 기후 2경주: {'quinella': 21, 'exacta': 42, 'trio': 0, 'win': 0} (history 5)
[각질편성] 오다와라 2경주: 선행4·선입0·추입5 → ⚡ 빠른 페이스
[경륜전개] 오다와라 2경주: 슬로우(단독 선행) · 라인 4개 · 페어 [[2, 7], [9, 1], [6, 4], [8, 3]]
[각질편성] 기후 2경주: 선행3·선입0·추입4 → ⚡ 빠른 페이스
[경륜전개] 기후 2경주: 하이(주도권 경합) · 라인 3개 · 페어 [[3, 4], [7, 2], [6, 1]]
[카카오알림] 기후 2경주 T-7 → 큐 적재
[각질편성] 오다와라 2경주: 선행4·선입0·추입5 → ⚡ 빠른 페이스
[경륜전개] 오다와라 2경주: 슬로우(단독 선행) · 라인 4개 · 페어 [[2, 7], [9, 1], [6, 4], [8, 3]]
[각질편성] 오다와라 2경주: 선행4·선입0·추입5 → ⚡ 빠른 페이스
[경륜전개] 오다와라 2경주: 슬로우(단독 선행) · 라인 4개 · 페어 [[2, 7], [9, 1], [6, 4], [8, 3]]
[각질편성] 기후 2경주: 선행3·선입0·추입4 → ⚡ 빠른 페이스
[경륜전개] 기후 2경주: 하이(주도권 경합) · 라인 3개 · 페어 [[3, 4], [7, 2], [6, 1]]
[각질편성] 오다와라 2경주: 선행4·선입0·추입5 → ⚡ 빠른 페이스
[경륜전개] 오다와라 2경주: 슬로우(단독 선행) · 라인 4개 · 페어 [[2, 7], [9, 1], [6, 4], [8, 3]]
[각질편성] 오다와라 2경주: 선행4·선입0·추입5 → ⚡ 빠른 페이스
[경륜전개] 오다와라 2경주: 슬로우(단독 선행) · 라인 4개 · 페어 [[2, 7], [9, 1], [6, 4], [8, 3]]
[각질편성] 아오모리 4경주: 선행2·선입0·추입5 → 보통 페이스
[경륜전개] 아오모리 4경주: 슬로우(단독 선행) · 라인 2개 · 페어 [[2, 7], [4, 1]]
[복승불일치 축교정] 아오모리 4경주: 축 [1, 4]로 교정(자금이탈 강등 [7]·🔴🔴)
[결과기록] 캐시 갱신 — 재파싱 2건 / 전체 1664건
[각질편성] 호후 4경주: 선행2·선입0·추입5 → 보통 페이스
[경륜전개] 호후 4경주: 보통 · 라인 2개 · 페어 [[2, 7], [3, 4]]
[각질편성] 아오모리 5경주: 선행2·선입0·추입5 → 보통 페이스
[경륜전개] 아오모리 5경주: 보통 · 라인 2개 · 페어 [[3, 4], [5, 1]]
[복승불일치 축교정] 아오모리 5경주: 축 [1, 3]로 교정(자금이탈 강등 [6]·🔴)
[각질편성] 호후 5경주: 선행3·선입0·추입4 → ⚡ 빠른 페이스
[경륜전개] 호후 5경주: 보통 · 라인 3개 · 페어 [[5, 1], [4, 2], [3, 7]]
[각질편성] 아오모리 6경주: 선행4·선입0·추입3 → ⚡ 빠른 페이스
[경륜전개] 아오모리 6경주: 하이(주도권 경합) · 라인 4개 · 페어 [[1, 3], [7, 4], [6, 2]]
[placeholder 필터] 호후 6경주 쌍승 껍데기 배당 3조합 제외(값: [300.2])
[각질편성] 호후 6경주: 선행5·선입0·추입2 → ⚡ 빠른 페이스
[경륜전개] 호후 6경주: 보통 · 라인 5개 · 페어 [[5, 1], [4, 2]]
[placeholder 필터] 아오모리 7경주 쌍승 껍데기 배당 3조합 제외(값: [1703.0])
[각질편성] 아오모리 7경주: 선행5·선입0·추입2 → ⚡ 빠른 페이스
[경륜전개] 아오모리 7경주: 슬로우(단독 선행) · 라인 5개 · 페어 [[4, 5], [3, 7]]
[각질편성] 호후 7경주: 선행5·선입0·추입2 → ⚡ 빠른 페이스
[경륜전개] 호후 7경주: 하이(주도권 경합) · 라인 5개 · 페어 [[5, 2], [3, 7]]
[각질편성] 사세보 1경주: 선행2·선입0·추입5 → 보통 페이스
[경륜전개] 사세보 1경주: 보통 · 라인 2개 · 페어 [[1, 5], [6, 2]]
[각질편성] 오다와라 1경주: 선행5·선입0·추입4 → ⚡ 빠른 페이스
[경륜전개] 오다와라 1경주: 보통 · 라인 5개 · 페어 [[1, 5], [7, 3]]
[각질편성] 기후 1경주: 선행2·선입0·추입5 → 보통 페이스
[경륜전개] 기후 1경주: 보통 · 라인 2개 · 페어 [[7, 3], [1, 4]]
[각질편성] 사세보 2경주: 선행2·선입0·추입5 → 보통 페이스
[경륜전개] 사세보 2경주: 보통 · 라인 2개 · 페어 [[7, 2], [5, 1]]
[복승불일치 축교정] 사세보 2경주: 축 [2, 7]로 교정(자금이탈 강등 [1]·🔴🔴)
[각질편성] 오다와라 2경주: 선행4·선입0·추입5 → ⚡ 빠른 페이스
[경륜전개] 오다와라 2경주: 슬로우(단독 선행) · 라인 4개 · 페어 [[2, 7], [9, 1], [6, 4], [8, 3]]
[각질편성] 기후 2경주: 선행3·선입0·추입4 → ⚡ 빠른 페이스
[경륜전개] 기후 2경주: 하이(주도권 경합) · 라인 3개 · 페어 [[3, 4], [7, 2], [6, 1]]
[각질편성] 오다와라 2경주: 선행4·선입0·추입5 → ⚡ 빠른 페이스
[경륜전개] 오다와라 2경주: 슬로우(단독 선행) · 라인 4개 · 페어 [[2, 7], [9, 1], [6, 4], [8, 3]]
[각질편성] 기후 2경주: 선행3·선입0·추입4 → ⚡ 빠른 페이스
[경륜전개] 기후 2경주: 하이(주도권 경합) · 라인 3개 · 페어 [[3, 4], [7, 2], [6, 1]]
[각질편성] 기후 2경주: 선행3·선입0·추입4 → ⚡ 빠른 페이스
[경륜전개] 기후 2경주: 하이(주도권 경합) · 라인 3개 · 페어 [[3, 4], [7, 2], [6, 1]]
[분석로그] 저장 실패: [WinError 32] 다른 프로세스가 파일을 사용 중이기 때문에 프로세스가 액세스 할 수 없습니다: 'C:\\Users\\Administrator\\Desktop\\경마분석서버\\data\\analysis_log\\2026_08_01_기후_2경주.json.tmp' -> 'C:\\Users\\Administrator\\Desktop\\경마분석서버\\data\\analysis_log\\2026_08_01_기후_2경주.json'
[3종 수집] 오다와라 2경주: {'quinella': 36, 'exacta': 72, 'trio': 0, 'win': 0} (history 12)
[3종 수집] 기후 2경주: {'quinella': 21, 'exacta': 42, 'trio': 0, 'win': 0} (history 6)
[각질편성] 기후 2경주: 선행3·선입0·추입4 → ⚡ 빠른 페이스
[경륜전개] 기후 2경주: 하이(주도권 경합) · 라인 3개 · 페어 [[3, 4], [7, 2], [6, 1]]
[각질편성] 오다와라 2경주: 선행4·선입0·추입5 → ⚡ 빠른 페이스
[경륜전개] 오다와라 2경주: 슬로우(단독 선행) · 라인 4개 · 페어 [[2, 7], [9, 1], [6, 4], [8, 3]]
[각질편성] 기후 2경주: 선행3·선입0·추입4 → ⚡ 빠른 페이스
[경륜전개] 기후 2경주: 하이(주도권 경합) · 라인 3개 · 페어 [[3, 4], [7, 2], [6, 1]]
[각질편성] 오다와라 2경주: 선행4·선입0·추입5 → ⚡ 빠른 페이스
[경륜전개] 오다와라 2경주: 슬로우(단독 선행) · 라인 4개 · 페어 [[2, 7], [9, 1], [6, 4], [8, 3]]
[각질편성] 아오모리 4경주: 선행2·선입0·추입5 → 보통 페이스
[경륜전개] 아오모리 4경주: 슬로우(단독 선행) · 라인 2개 · 페어 [[2, 7], [4, 1]]
[복승불일치 축교정] 아오모리 4경주: 축 [1, 4]로 교정(자금이탈 강등 [7]·🔴🔴)
[각질편성] 호후 4경주: 선행2·선입0·추입5 → 보통 페이스
[경륜전개] 호후 4경주: 보통 · 라인 2개 · 페어 [[2, 7], [3, 4]]
[각질편성] 아오모리 5경주: 선행2·선입0·추입5 → 보통 페이스
[경륜전개] 아오모리 5경주: 보통 · 라인 2개 · 페어 [[3, 4], [5, 1]]
[복승불일치 축교정] 아오모리 5경주: 축 [1, 3]로 교정(자금이탈 강등 [6]·🔴)
[각질편성] 호후 5경주: 선행3·선입0·추입4 → ⚡ 빠른 페이스
[경륜전개] 호후 5경주: 보통 · 라인 3개 · 페어 [[5, 1], [4, 2], [3, 7]]
[각질편성] 아오모리 6경주: 선행4·선입0·추입3 → ⚡ 빠른 페이스
[경륜전개] 아오모리 6경주: 하이(주도권 경합) · 라인 4개 · 페어 [[1, 3], [7, 4], [6, 2]]
[placeholder 필터] 호후 6경주 쌍승 껍데기 배당 3조합 제외(값: [300.2])
[각질편성] 호후 6경주: 선행5·선입0·추입2 → ⚡ 빠른 페이스
[경륜전개] 호후 6경주: 보통 · 라인 5개 · 페어 [[5, 1], [4, 2]]
[placeholder 필터] 아오모리 7경주 쌍승 껍데기 배당 3조합 제외(값: [1703.0])
[각질편성] 아오모리 7경주: 선행5·선입0·추입2 → ⚡ 빠른 페이스
[경륜전개] 아오모리 7경주: 슬로우(단독 선행) · 라인 5개 · 페어 [[4, 5], [3, 7]]
[각질편성] 호후 7경주: 선행5·선입0·추입2 → ⚡ 빠른 페이스
[경륜전개] 호후 7경주: 하이(주도권 경합) · 라인 5개 · 페어 [[5, 2], [3, 7]]
[각질편성] 사세보 1경주: 선행2·선입0·추입5 → 보통 페이스
[경륜전개] 사세보 1경주: 보통 · 라인 2개 · 페어 [[1, 5], [6, 2]]
[각질편성] 오다와라 1경주: 선행5·선입0·추입4 → ⚡ 빠른 페이스
[경륜전개] 오다와라 1경주: 보통 · 라인 5개 · 페어 [[1, 5], [7, 3]]
[각질편성] 기후 1경주: 선행2·선입0·추입5 → 보통 페이스
[경륜전개] 기후 1경주: 보통 · 라인 2개 · 페어 [[7, 3], [1, 4]]
[각질편성] 사세보 2경주: 선행2·선입0·추입5 → 보통 페이스
[경륜전개] 사세보 2경주: 보통 · 라인 2개 · 페어 [[7, 2], [5, 1]]
[복승불일치 축교정] 사세보 2경주: 축 [2, 7]로 교정(자금이탈 강등 [1]·🔴🔴)
[각질편성] 오다와라 2경주: 선행4·선입0·추입5 → ⚡ 빠른 페이스
[경륜전개] 오다와라 2경주: 슬로우(단독 선행) · 라인 4개 · 페어 [[2, 7], [9, 1], [6, 4], [8, 3]]
[각질편성] 기후 2경주: 선행3·선입0·추입4 → ⚡ 빠른 페이스
[경륜전개] 기후 2경주: 하이(주도권 경합) · 라인 3개 · 페어 [[3, 4], [7, 2], [6, 1]]
[각질편성] 기후 2경주: 선행3·선입0·추입4 → ⚡ 빠른 페이스
[경륜전개] 기후 2경주: 하이(주도권 경합) · 라인 3개 · 페어 [[3, 4], [7, 2], [6, 1]]
[각질편성] 오다와라 2경주: 선행4·선입0·추입5 → ⚡ 빠른 페이스
[경륜전개] 오다와라 2경주: 슬로우(단독 선행) · 라인 4개 · 페어 [[2, 7], [9, 1], [6, 4], [8, 3]]
[다중경주] 하트비트 #231 · 스케줄 ymd=20260801 (-1초 전 갱신 · 트랙 12개)
[각질편성] 오다와라 2경주: 선행4·선입0·추입5 → ⚡ 빠른 페이스
[경륜전개] 오다와라 2경주: 슬로우(단독 선행) · 라인 4개 · 페어 [[2, 7], [9, 1], [6, 4], [8, 3]]
[3종 수집] 오다와라 2경주: {'quinella': 36, 'exacta': 72, 'trio': 0, 'win': 0} (history 12)
[3종 수집] 기후 2경주: {'quinella': 21, 'exacta': 42, 'trio': 0, 'win': 0} (history 7)
[각질편성] 기후 2경주: 선행3·선입0·추입4 → ⚡ 빠른 페이스
[각질편성] 기후 2경주: 선행3·선입0·추입4 → ⚡ 빠른 페이스
[경륜전개] 기후 2경주: 하이(주도권 경합) · 라인 3개 · 페어 [[3, 4], [7, 2], [6, 1]]
[경륜전개] 기후 2경주: 하이(주도권 경합) · 라인 3개 · 페어 [[3, 4], [7, 2], [6, 1]]
[각질편성] 오다와라 2경주: 선행4·선입0·추입5 → ⚡ 빠른 페이스
[경륜전개] 오다와라 2경주: 슬로우(단독 선행) · 라인 4개 · 페어 [[2, 7], [9, 1], [6, 4], [8, 3]]
[각질편성] 기후 2경주: 선행3·선입0·추입4 → ⚡ 빠른 페이스
[경륜전개] 기후 2경주: 하이(주도권 경합) · 라인 3개 · 페어 [[3, 4], [7, 2], [6, 1]]
[각질편성] 오다와라 2경주: 선행4·선입0·추입5 → ⚡ 빠른 페이스
[경륜전개] 오다와라 2경주: 슬로우(단독 선행) · 라인 4개 · 페어 [[2, 7], [9, 1], [6, 4], [8, 3]]
[각질편성] 아오모리 4경주: 선행2·선입0·추입5 → 보통 페이스
[경륜전개] 아오모리 4경주: 슬로우(단독 선행) · 라인 2개 · 페어 [[2, 7], [4, 1]]
[복승불일치 축교정] 아오모리 4경주: 축 [1, 4]로 교정(자금이탈 강등 [7]·🔴🔴)
[각질편성] 호후 4경주: 선행2·선입0·추입5 → 보통 페이스
[경륜전개] 호후 4경주: 보통 · 라인 2개 · 페어 [[2, 7], [3, 4]]
[결과기록] 캐시 갱신 — 재파싱 1건 / 전체 1664건
[각질편성] 아오모리 5경주: 선행2·선입0·추입5 → 보통 페이스
[경륜전개] 아오모리 5경주: 보통 · 라인 2개 · 페어 [[3, 4], [5, 1]]
[복승불일치 축교정] 아오모리 5경주: 축 [1, 3]로 교정(자금이탈 강등 [6]·🔴)
[각질편성] 호후 5경주: 선행3·선입0·추입4 → ⚡ 빠른 페이스
[경륜전개] 호후 5경주: 보통 · 라인 3개 · 페어 [[5, 1], [4, 2], [3, 7]]
[각질편성] 아오모리 6경주: 선행4·선입0·추입3 → ⚡ 빠른 페이스
[경륜전개] 아오모리 6경주: 하이(주도권 경합) · 라인 4개 · 페어 [[1, 3], [7, 4], [6, 2]]
[placeholder 필터] 호후 6경주 쌍승 껍데기 배당 3조합 제외(값: [300.2])
[각질편성] 호후 6경주: 선행5·선입0·추입2 → ⚡ 빠른 페이스
[경륜전개] 호후 6경주: 보통 · 라인 5개 · 페어 [[5, 1], [4, 2]]
[placeholder 필터] 아오모리 7경주 쌍승 껍데기 배당 3조합 제외(값: [1703.0])
[각질편성] 아오모리 7경주: 선행5·선입0·추입2 → ⚡ 빠른 페이스
[경륜전개] 아오모리 7경주: 슬로우(단독 선행) · 라인 5개 · 페어 [[4, 5], [3, 7]]
[각질편성] 호후 7경주: 선행5·선입0·추입2 → ⚡ 빠른 페이스
[경륜전개] 호후 7경주: 하이(주도권 경합) · 라인 5개 · 페어 [[5, 2], [3, 7]]
[각질편성] 사세보 1경주: 선행2·선입0·추입5 → 보통 페이스
[경륜전개] 사세보 1경주: 보통 · 라인 2개 · 페어 [[1, 5], [6, 2]]
[각질편성] 오다와라 1경주: 선행5·선입0·추입4 → ⚡ 빠른 페이스
[경륜전개] 오다와라 1경주: 보통 · 라인 5개 · 페어 [[1, 5], [7, 3]]
[각질편성] 기후 1경주: 선행2·선입0·추입5 → 보통 페이스
[경륜전개] 기후 1경주: 보통 · 라인 2개 · 페어 [[7, 3], [1, 4]]
[각질편성] 사세보 2경주: 선행2·선입0·추입5 → 보통 페이스
[경륜전개] 사세보 2경주: 보통 · 라인 2개 · 페어 [[7, 2], [5, 1]]
[복승불일치 축교정] 사세보 2경주: 축 [2, 7]로 교정(자금이탈 강등 [1]·🔴🔴)
[각질편성] 오다와라 2경주: 선행4·선입0·추입5 → ⚡ 빠른 페이스
[경륜전개] 오다와라 2경주: 슬로우(단독 선행) · 라인 4개 · 페어 [[2, 7], [9, 1], [6, 4], [8, 3]]
[각질편성] 기후 2경주: 선행3·선입0·추입4 → ⚡ 빠른 페이스
[경륜전개] 기후 2경주: 하이(주도권 경합) · 라인 3개 · 페어 [[3, 4], [7, 2], [6, 1]]
[각질편성] 기후 2경주: 선행3·선입0·추입4 → ⚡ 빠른 페이스
[경륜전개] 기후 2경주: 하이(주도권 경합) · 라인 3개 · 페어 [[3, 4], [7, 2], [6, 1]]
[각질편성] 오다와라 2경주: 선행4·선입0·추입5 → ⚡ 빠른 페이스
[경륜전개] 오다와라 2경주: 슬로우(단독 선행) · 라인 4개 · 페어 [[2, 7], [9, 1], [6, 4], [8, 3]]
[각질편성] 오다와라 2경주: 선행4·선입0·추입5 → ⚡ 빠른 페이스
[경륜전개] 오다와라 2경주: 슬로우(단독 선행) · 라인 4개 · 페어 [[2, 7], [9, 1], [6, 4], [8, 3]]
[각질편성] 기후 2경주: 선행3·선입0·추입4 → ⚡ 빠른 페이스
[경륜전개] 기후 2경주: 하이(주도권 경합) · 라인 3개 · 페어 [[3, 4], [7, 2], [6, 1]]
[3종 수집] 기후 2경주: {'quinella': 21, 'exacta': 42, 'trio': 0, 'win': 0} (history 8)
[각질편성] 오다와라 2경주: 선행4·선입0·추입5 → ⚡ 빠른 페이스
[경륜전개] 오다와라 2경주: 슬로우(단독 선행) · 라인 4개 · 페어 [[2, 7], [9, 1], [6, 4], [8, 3]]
[각질편성] 아오모리 4경주: 선행2·선입0·추입5 → 보통 페이스
[경륜전개] 아오모리 4경주: 슬로우(단독 선행) · 라인 2개 · 페어 [[2, 7], [4, 1]]
[복승불일치 축교정] 아오모리 4경주: 축 [1, 4]로 교정(자금이탈 강등 [7]·🔴🔴)
[각질편성] 호후 4경주: 선행2·선입0·추입5 → 보통 페이스
[경륜전개] 호후 4경주: 보통 · 라인 2개 · 페어 [[2, 7], [3, 4]]
[각질편성] 아오모리 5경주: 선행2·선입0·추입5 → 보통 페이스
[경륜전개] 아오모리 5경주: 보통 · 라인 2개 · 페어 [[3, 4], [5, 1]]
[복승불일치 축교정] 아오모리 5경주: 축 [1, 3]로 교정(자금이탈 강등 [6]·🔴)
[각질편성] 호후 5경주: 선행3·선입0·추입4 → ⚡ 빠른 페이스
[경륜전개] 호후 5경주: 보통 · 라인 3개 · 페어 [[5, 1], [4, 2], [3, 7]]
[각질편성] 아오모리 6경주: 선행4·선입0·추입3 → ⚡ 빠른 페이스
[경륜전개] 아오모리 6경주: 하이(주도권 경합) · 라인 4개 · 페어 [[1, 3], [7, 4], [6, 2]]
[placeholder 필터] 호후 6경주 쌍승 껍데기 배당 3조합 제외(값: [300.2])
[각질편성] 호후 6경주: 선행5·선입0·추입2 → ⚡ 빠른 페이스
[경륜전개] 호후 6경주: 보통 · 라인 5개 · 페어 [[5, 1], [4, 2]]
[placeholder 필터] 아오모리 7경주 쌍승 껍데기 배당 3조합 제외(값: [1703.0])
[각질편성] 아오모리 7경주: 선행5·선입0·추입2 → ⚡ 빠른 페이스
[경륜전개] 아오모리 7경주: 슬로우(단독 선행) · 라인 5개 · 페어 [[4, 5], [3, 7]]
[각질편성] 호후 7경주: 선행5·선입0·추입2 → ⚡ 빠른 페이스
[경륜전개] 호후 7경주: 하이(주도권 경합) · 라인 5개 · 페어 [[5, 2], [3, 7]]
[각질편성] 사세보 1경주: 선행2·선입0·추입5 → 보통 페이스
[경륜전개] 사세보 1경주: 보통 · 라인 2개 · 페어 [[1, 5], [6, 2]]
[각질편성] 오다와라 1경주: 선행5·선입0·추입4 → ⚡ 빠른 페이스
[경륜전개] 오다와라 1경주: 보통 · 라인 5개 · 페어 [[1, 5], [7, 3]]
[각질편성] 기후 1경주: 선행2·선입0·추입5 → 보통 페이스
[경륜전개] 기후 1경주: 보통 · 라인 2개 · 페어 [[7, 3], [1, 4]]
[각질편성] 사세보 2경주: 선행2·선입0·추입5 → 보통 페이스
[경륜전개] 사세보 2경주: 보통 · 라인 2개 · 페어 [[7, 2], [5, 1]]
[복승불일치 축교정] 사세보 2경주: 축 [2, 7]로 교정(자금이탈 강등 [1]·🔴🔴)
[각질편성] 오다와라 2경주: 선행4·선입0·추입5 → ⚡ 빠른 페이스
[경륜전개] 오다와라 2경주: 슬로우(단독 선행) · 라인 4개 · 페어 [[2, 7], [9, 1], [6, 4], [8, 3]]
[각질편성] 기후 2경주: 선행3·선입0·추입4 → ⚡ 빠른 페이스
[경륜전개] 기후 2경주: 하이(주도권 경합) · 라인 3개 · 페어 [[3, 4], [7, 2], [6, 1]]
[각질편성] 오다와라 2경주: 선행4·선입0·추입5 → ⚡ 빠른 페이스
[경륜전개] 오다와라 2경주: 슬로우(단독 선행) · 라인 4개 · 페어 [[2, 7], [9, 1], [6, 4], [8, 3]]
서버 시작: http://127.0.0.1:8011 (debug=True, 로컬은 자동 리로드 ON)
  · Gemini 검수 호출 : ⏸️ 꺼짐 — 일시 중단 (GEMINI_REVIEW_ENABLED)
  · Gemini 카카오발송: ⏸️ 꺼짐 — 일시 중단 (GEMINI_KAKAO_ENABLED)
  · 결정론 검수(②④) : 🟢 항상 동작 (logs/det_review/) · 경주 추천 카카오: 🟢 정상
  · Gemini 독립예측  : ✅ 켜짐
  · 선택 모듈 로드          ✅ 전부 정상
  --- 환경 플래그(자동 수집) ---
  · GEMINI_FORECAST_ENABLED    🟢 켜짐
[주기백업] 6시간 주기 데이터 안전 백업 스레드 시작
[학습일지] 매일 22:00 학습 일지 자동 생성 스케줄러 시작
[체크리스트 카카오] 자동 발송 스케줄러 시작(매일 21:00 · 60초 폴링 · HEALTH_KAKAO_HOUR)
[다중경주] 백그라운드 시작(스케줄 30분·수집 30초·실패격리·워치독 60초)
[다중경주] 하트비트 #1 · 스케줄 ymd=20260801 (-1초 전 갱신 · 트랙 12개)
[날씨] 자동수집 데몬 시작(30분 캐시· 키 없음→더미)
[결과 백필] 데몬 시작(20분 주기·당일 미입력 자동수집 — 한국:KRA rcTime · 일본NAR:keiba RaceMarkTable·watch 무관)
[부팅] 백그라운드 작업 기동 완료(자동수집·백업·학습·날짜정리)
[각질편성] 오다와라 2경주: 선행4·선입0·추입5 → ⚡ 빠른 페이스
[각질편성] 기후 2경주: 선행3·선입0·추입4 → ⚡ 빠른 페이스
[각질편성] 기후 2경주: 선행3·선입0·추입4 → ⚡ 빠른 페이스
[경륜전개] 오다와라 2경주: 슬로우(단독 선행) · 라인 4개 · 페어 [[2, 7], [9, 1], [6, 4], [8, 3]]
[경륜전개] 기후 2경주: 하이(주도권 경합) · 라인 3개 · 페어 [[3, 4], [7, 2], [6, 1]]
[경륜전개] 기후 2경주: 하이(주도권 경합) · 라인 3개 · 페어 [[3, 4], [7, 2], [6, 1]]
[각질편성] 기후 2경주: 선행3·선입0·추입4 → ⚡ 빠른 페이스
[각질편성] 기후 2경주: 선행3·선입0·추입4 → ⚡ 빠른 페이스
[경륜전개] 기후 2경주: 하이(주도권 경합) · 라인 3개 · 페어 [[3, 4], [7, 2], [6, 1]]
[경륜전개] 기후 2경주: 하이(주도권 경합) · 라인 3개 · 페어 [[3, 4], [7, 2], [6, 1]]
🔎 [결정론 검수] 기후 2경주: B라인누락
[각질편성] 오다와라 2경주: 선행4·선입0·추입5 → ⚡ 빠른 페이스
[경륜전개] 오다와라 2경주: 슬로우(단독 선행) · 라인 4개 · 페어 [[2, 7], [9, 1], [6, 4], [8, 3]]
⏸ [폴링 저장 가드] 오다와라 2경주: 마감 후 readonly → 로그 저장 생략(분석·표시는 정상)
[복기저장] 실패: [WinError 5] 액세스가 거부되었습니다: 'C:\\Users\\Administrator\\Desktop\\경마분석서버\\data\\odds_history\\2026_08_01_기후_2경주.json.tmp16704_21380' -> 'C:\\Users\\Administrator\\Desktop\\경마분석서버\\data\\odds_history\\2026_08_01_기후_2경주.json'
[3종 수집] 기후 2경주: {'quinella': 21, 'exacta': 42, 'trio': 0, 'win': 0} (history 9)
[분석로그] 저장 실패: [WinError 2] 지정된 파일을 찾을 수 없습니다: 'C:\\Users\\Administrator\\Desktop\\경마분석서버\\data\\analysis_log\\2026_08_01_기후_2경주.json.tmp' -> 'C:\\Users\\Administrator\\Desktop\\경마분석서버\\data\\analysis_log\\2026_08_01_기후_2경주.json'
🔮 [예측] 기후 2경주: top3=[3, 4, 5] conf=4 · 이 경주는 선행형 3번(岡崎 克政)이 명확하게 도주(선행)를 선언하고 최
[각질편성] 오다와라 2경주: 선행4·선입0·추입5 → ⚡ 빠른 페이스
[경륜전개] 오다와라 2경주: 슬로우(단독 선행) · 라인 4개 · 페어 [[2, 7], [9, 1], [6, 4], [8, 3]]
[각질편성] 기후 2경주: 선행3·선입0·추입4 → ⚡ 빠른 페이스
[경륜전개] 기후 2경주: 하이(주도권 경합) · 라인 3개 · 페어 [[3, 4], [7, 2], [6, 1]]
[카카오알림] 기후 2경주 T-5 → 큐 적재
[각질편성] 오다와라 2경주: 선행4·선입0·추입5 → ⚡ 빠른 페이스
[경륜전개] 오다와라 2경주: 슬로우(단독 선행) · 라인 4개 · 페어 [[2, 7], [9, 1], [6, 4], [8, 3]]
[각질편성] 아오모리 4경주: 선행2·선입0·추입5 → 보통 페이스
[경륜전개] 아오모리 4경주: 슬로우(단독 선행) · 라인 2개 · 페어 [[2, 7], [4, 1]]
[복승불일치 축교정] 아오모리 4경주: 축 [1, 4]로 교정(자금이탈 강등 [7]·🔴🔴)
[경륜 스케줄] 20260801: 경륜장 10곳 · 경주 94개(서버 직접수집·로그인 불필요)
[결과기록] 캐시 갱신 — 재파싱 1664건 / 전체 1664건
[각질편성] 호후 4경주: 선행2·선입0·추입5 → 보통 페이스
[경륜전개] 호후 4경주: 보통 · 라인 2개 · 페어 [[2, 7], [3, 4]]
[각질편성] 아오모리 5경주: 선행2·선입0·추입5 → 보통 페이스
[경륜전개] 아오모리 5경주: 보통 · 라인 2개 · 페어 [[3, 4], [5, 1]]
[복승불일치 축교정] 아오모리 5경주: 축 [1, 3]로 교정(자금이탈 강등 [6]·🔴)
[각질편성] 호후 5경주: 선행3·선입0·추입4 → ⚡ 빠른 페이스
[경륜전개] 호후 5경주: 보통 · 라인 3개 · 페어 [[5, 1], [4, 2], [3, 7]]
[각질편성] 아오모리 6경주: 선행4·선입0·추입3 → ⚡ 빠른 페이스
[경륜전개] 아오모리 6경주: 하이(주도권 경합) · 라인 4개 · 페어 [[1, 3], [7, 4], [6, 2]]
[placeholder 필터] 호후 6경주 쌍승 껍데기 배당 3조합 제외(값: [300.2])
[각질편성] 호후 6경주: 선행5·선입0·추입2 → ⚡ 빠른 페이스
[경륜전개] 호후 6경주: 보통 · 라인 5개 · 페어 [[5, 1], [4, 2]]
[placeholder 필터] 아오모리 7경주 쌍승 껍데기 배당 3조합 제외(값: [1703.0])
[각질편성] 아오모리 7경주: 선행5·선입0·추입2 → ⚡ 빠른 페이스
[경륜전개] 아오모리 7경주: 슬로우(단독 선행) · 라인 5개 · 페어 [[4, 5], [3, 7]]
[각질편성] 호후 7경주: 선행5·선입0·추입2 → ⚡ 빠른 페이스
[경륜전개] 호후 7경주: 하이(주도권 경합) · 라인 5개 · 페어 [[5, 2], [3, 7]]
[각질편성] 사세보 1경주: 선행2·선입0·추입5 → 보통 페이스
[경륜전개] 사세보 1경주: 보통 · 라인 2개 · 페어 [[1, 5], [6, 2]]
[각질편성] 오다와라 1경주: 선행5·선입0·추입4 → ⚡ 빠른 페이스
[경륜전개] 오다와라 1경주: 보통 · 라인 5개 · 페어 [[1, 5], [7, 3]]
[각질편성] 기후 1경주: 선행2·선입0·추입5 → 보통 페이스
[경륜전개] 기후 1경주: 보통 · 라인 2개 · 페어 [[7, 3], [1, 4]]
[각질편성] 사세보 2경주: 선행2·선입0·추입5 → 보통 페이스
[경륜전개] 사세보 2경주: 보통 · 라인 2개 · 페어 [[7, 2], [5, 1]]
[복승불일치 축교정] 사세보 2경주: 축 [2, 7]로 교정(자금이탈 강등 [1]·🔴🔴)
[각질편성] 오다와라 2경주: 선행4·선입0·추입5 → ⚡ 빠른 페이스
[경륜전개] 오다와라 2경주: 슬로우(단독 선행) · 라인 4개 · 페어 [[2, 7], [9, 1], [6, 4], [8, 3]]
[각질편성] 기후 2경주: 선행3·선입0·추입4 → ⚡ 빠른 페이스
[경륜전개] 기후 2경주: 하이(주도권 경합) · 라인 3개 · 페어 [[3, 4], [7, 2], [6, 1]]
[각질편성] 오다와라 2경주: 선행4·선입0·추입5 → ⚡ 빠른 페이스
[경륜전개] 오다와라 2경주: 슬로우(단독 선행) · 라인 4개 · 페어 [[2, 7], [9, 1], [6, 4], [8, 3]]
[각질편성] 오다와라 2경주: 선행4·선입0·추입5 → ⚡ 빠른 페이스
[경륜전개] 오다와라 2경주: 슬로우(단독 선행) · 라인 4개 · 페어 [[2, 7], [9, 1], [6, 4], [8, 3]]
[3종 수집] 기후 2경주: {'quinella': 21, 'exacta': 42, 'trio': 0, 'win': 0} (history 10)
[각질편성] 기후 2경주: 선행3·선입0·추입4 → ⚡ 빠른 페이스
[경륜전개] 기후 2경주: 하이(주도권 경합) · 라인 3개 · 페어 [[3, 4], [7, 2], [6, 1]]
🔎 [결정론 검수] 기후 2경주: B라인누락
[자동예상] 기후 2경주 최종예상 저장(2026_08_01_기후_2경주.json)
[각질편성] 기후 2경주: 선행3·선입0·추입4 → ⚡ 빠른 페이스
[경륜전개] 기후 2경주: 하이(주도권 경합) · 라인 3개 · 페어 [[3, 4], [7, 2], [6, 1]]
[자동분석·배경] 기후 2경주: 마감 276초 전 재분석(rec_history 누적·cycle)
[카톡 변경알림·즉시] 기후 2경주 (남은 276s): 삼복승 제외: 1+3+4 · 2+3+4
[각질편성] 기후 2경주: 선행3·선입0·추입4 → ⚡ 빠른 페이스
[경륜전개] 기후 2경주: 하이(주도권 경합) · 라인 3개 · 페어 [[3, 4], [7, 2], [6, 1]]
[각질편성] 기후 2경주: 선행3·선입0·추입4 → ⚡ 빠른 페이스
[경륜전개] 기후 2경주: 하이(주도권 경합) · 라인 3개 · 페어 [[3, 4], [7, 2], [6, 1]]
[분석로그] 저장 실패: [WinError 32] 다른 프로세스가 파일을 사용 중이기 때문에 프로세스가 액세스 할 수 없습니다: 'C:\\Users\\Administrator\\Desktop\\경마분석서버\\data\\analysis_log\\2026_08_01_기후_2경주.json.tmp' -> 'C:\\Users\\Administrator\\Desktop\\경마분석서버\\data\\analysis_log\\2026_08_01_기후_2경주.json'
[각질편성] 기후 2경주: 선행3·선입0·추입4 → ⚡ 빠른 페이스
[경륜전개] 기후 2경주: 하이(주도권 경합) · 라인 3개 · 페어 [[3, 4], [7, 2], [6, 1]]
[한국경마 스케줄] 20260801: 경마장 0곳 · 경주 0개(KRA API 감지·발주시각 미제공)
[다중경주 스케줄] 20260801: 트랙 12곳(경륜 10·한국 0 포함) · 경주 118개
[각질편성] 오다와라 2경주: 선행4·선입0·추입5 → ⚡ 빠른 페이스
[경륜전개] 오다와라 2경주: 슬로우(단독 선행) · 라인 4개 · 페어 [[2, 7], [9, 1], [6, 4], [8, 3]]
[각질편성] 아오모리 4경주: 선행2·선입0·추입5 → 보통 페이스
[경륜전개] 아오모리 4경주: 슬로우(단독 선행) · 라인 2개 · 페어 [[2, 7], [4, 1]]
[복승불일치 축교정] 아오모리 4경주: 축 [1, 4]로 교정(자금이탈 강등 [7]·🔴🔴)
[각질편성] 호후 4경주: 선행2·선입0·추입5 → 보통 페이스
[경륜전개] 호후 4경주: 보통 · 라인 2개 · 페어 [[2, 7], [3, 4]]
[각질편성] 아오모리 5경주: 선행2·선입0·추입5 → 보통 페이스
[경륜전개] 아오모리 5경주: 보통 · 라인 2개 · 페어 [[3, 4], [5, 1]]
[복승불일치 축교정] 아오모리 5경주: 축 [1, 3]로 교정(자금이탈 강등 [6]·🔴)
[각질편성] 호후 5경주: 선행3·선입0·추입4 → ⚡ 빠른 페이스
[경륜전개] 호후 5경주: 보통 · 라인 3개 · 페어 [[5, 1], [4, 2], [3, 7]]
[각질편성] 아오모리 6경주: 선행4·선입0·추입3 → ⚡ 빠른 페이스
[경륜전개] 아오모리 6경주: 하이(주도권 경합) · 라인 4개 · 페어 [[1, 3], [7, 4], [6, 2]]
[placeholder 필터] 호후 6경주 쌍승 껍데기 배당 3조합 제외(값: [300.2])
[각질편성] 호후 6경주: 선행5·선입0·추입2 → ⚡ 빠른 페이스
[경륜전개] 호후 6경주: 보통 · 라인 5개 · 페어 [[5, 1], [4, 2]]
[placeholder 필터] 아오모리 7경주 쌍승 껍데기 배당 3조합 제외(값: [1703.0])
[각질편성] 아오모리 7경주: 선행5·선입0·추입2 → ⚡ 빠른 페이스
[경륜전개] 아오모리 7경주: 슬로우(단독 선행) · 라인 5개 · 페어 [[4, 5], [3, 7]]
[각질편성] 호후 7경주: 선행5·선입0·추입2 → ⚡ 빠른 페이스
[경륜전개] 호후 7경주: 하이(주도권 경합) · 라인 5개 · 페어 [[5, 2], [3, 7]]
[각질편성] 사세보 1경주: 선행2·선입0·추입5 → 보통 페이스
[경륜전개] 사세보 1경주: 보통 · 라인 2개 · 페어 [[1, 5], [6, 2]]
[각질편성] 오다와라 1경주: 선행5·선입0·추입4 → ⚡ 빠른 페이스
[경륜전개] 오다와라 1경주: 보통 · 라인 5개 · 페어 [[1, 5], [7, 3]]
[각질편성] 기후 1경주: 선행2·선입0·추입5 → 보통 페이스
[경륜전개] 기후 1경주: 보통 · 라인 2개 · 페어 [[7, 3], [1, 4]]
[각질편성] 사세보 2경주: 선행2·선입0·추입5 → 보통 페이스
[경륜전개] 사세보 2경주: 보통 · 라인 2개 · 페어 [[7, 2], [5, 1]]
[복승불일치 축교정] 사세보 2경주: 축 [2, 7]로 교정(자금이탈 강등 [1]·🔴🔴)
[각질편성] 오다와라 2경주: 선행4·선입0·추입5 → ⚡ 빠른 페이스
[경륜전개] 오다와라 2경주: 슬로우(단독 선행) · 라인 4개 · 페어 [[2, 7], [9, 1], [6, 4], [8, 3]]
[각질편성] 기후 2경주: 선행3·선입0·추입4 → ⚡ 빠른 페이스
[경륜전개] 기후 2경주: 하이(주도권 경합) · 라인 3개 · 페어 [[3, 4], [7, 2], [6, 1]]
[각질편성] 기후 2경주: 선행3·선입0·추입4 → ⚡ 빠른 페이스
[경륜전개] 기후 2경주: 하이(주도권 경합) · 라인 3개 · 페어 [[3, 4], [7, 2], [6, 1]]
[각질편성] 오다와라 2경주: 선행4·선입0·추입5 → ⚡ 빠른 페이스
[경륜전개] 오다와라 2경주: 슬로우(단독 선행) · 라인 4개 · 페어 [[2, 7], [9, 1], [6, 4], [8, 3]]
서버 시작: http://127.0.0.1:8011 (debug=True, 로컬은 자동 리로드 ON)
  · Gemini 검수 호출 : ⏸️ 꺼짐 — 일시 중단 (GEMINI_REVIEW_ENABLED)
  · Gemini 카카오발송: ⏸️ 꺼짐 — 일시 중단 (GEMINI_KAKAO_ENABLED)
  · 결정론 검수(②④) : 🟢 항상 동작 (logs/det_review/) · 경주 추천 카카오: 🟢 정상
  · Gemini 독립예측  : ✅ 켜짐
  · 선택 모듈 로드          ✅ 전부 정상
  --- 환경 플래그(자동 수집) ---
  · GEMINI_FORECAST_ENABLED    🟢 켜짐
[주기백업] 6시간 주기 데이터 안전 백업 스레드 시작
[학습일지] 매일 22:00 학습 일지 자동 생성 스케줄러 시작
[체크리스트 카카오] 자동 발송 스케줄러 시작(매일 21:00 · 60초 폴링 · HEALTH_KAKAO_HOUR)
[다중경주] 백그라운드 시작(스케줄 30분·수집 30초·실패격리·워치독 60초)
[다중경주] 하트비트 #1 · 스케줄 ymd=20260801 (-1초 전 갱신 · 트랙 12개)
[날씨] 자동수집 데몬 시작(30분 캐시· 키 없음→더미)
[결과 백필] 데몬 시작(20분 주기·당일 미입력 자동수집 — 한국:KRA rcTime · 일본NAR:keiba RaceMarkTable·watch 무관)
[부팅] 백그라운드 작업 기동 완료(자동수집·백업·학습·날짜정리)
[3종 수집] 기후 2경주: {'quinella': 21, 'exacta': 42, 'trio': 0, 'win': 0} (history 11)
[각질편성] 오다와라 2경주: 선행4·선입0·추입5 → ⚡ 빠른 페이스
[경륜전개] 오다와라 2경주: 슬로우(단독 선행) · 라인 4개 · 페어 [[2, 7], [9, 1], [6, 4], [8, 3]]
[각질편성] 기후 2경주: 선행3·선입0·추입4 → ⚡ 빠른 페이스
[각질편성] 기후 2경주: 선행3·선입0·추입4 → ⚡ 빠른 페이스
[경륜전개] 기후 2경주: 하이(주도권 경합) · 라인 3개 · 페어 [[3, 4], [7, 2], [6, 1]]
[경륜전개] 기후 2경주: 하이(주도권 경합) · 라인 3개 · 페어 [[3, 4], [7, 2], [6, 1]]
⏸ [폴링 저장 가드] 오다와라 2경주: 마감 후 readonly → 로그 저장 생략(분석·표시는 정상)
🔎 [결정론 검수] 기후 2경주: B라인누락
🔮 [예측] 기후 2경주: top3=[3, 4, 5] conf=4 · 이 경주는 3번 岡崎 克政이 명확한 선행 주자로 지목되어 선행 전개를 주
[각질편성] 기후 2경주: 선행3·선입0·추입4 → ⚡ 빠른 페이스
[경륜전개] 기후 2경주: 하이(주도권 경합) · 라인 3개 · 페어 [[3, 4], [7, 2], [6, 1]]
[자동예상] 기후 2경주 최종예상 저장(2026_08_01_기후_2경주.json)
[각질편성] 오다와라 2경주: 선행4·선입0·추입5 → ⚡ 빠른 페이스
[경륜전개] 오다와라 2경주: 슬로우(단독 선행) · 라인 4개 · 페어 [[2, 7], [9, 1], [6, 4], [8, 3]]
[각질편성] 기후 2경주: 선행3·선입0·추입4 → ⚡ 빠른 페이스
[경륜전개] 기후 2경주: 하이(주도권 경합) · 라인 3개 · 페어 [[3, 4], [7, 2], [6, 1]]
[각질편성] 기후 2경주: 선행3·선입0·추입4 → ⚡ 빠른 페이스
[경륜전개] 기후 2경주: 하이(주도권 경합) · 라인 3개 · 페어 [[3, 4], [7, 2], [6, 1]]
[경륜 스케줄] 20260801: 경륜장 10곳 · 경주 94개(서버 직접수집·로그인 불필요)
[각질편성] 오다와라 2경주: 선행4·선입0·추입5 → ⚡ 빠른 페이스
[경륜전개] 오다와라 2경주: 슬로우(단독 선행) · 라인 4개 · 페어 [[2, 7], [9, 1], [6, 4], [8, 3]]
[스냅샷] 저장: 2026_08_01_기후_2경주_T-10.png (633 KB · T-10)
[각질편성] 아오모리 4경주: 선행2·선입0·추입5 → 보통 페이스
[경륜전개] 아오모리 4경주: 슬로우(단독 선행) · 라인 2개 · 페어 [[2, 7], [4, 1]]
[복승불일치 축교정] 아오모리 4경주: 축 [1, 4]로 교정(자금이탈 강등 [7]·🔴🔴)
[각질편성] 기후 2경주: 선행3·선입0·추입4 → ⚡ 빠른 페이스
[경륜전개] 기후 2경주: 하이(주도권 경합) · 라인 3개 · 페어 [[3, 4], [7, 2], [6, 1]]
[결과기록] 캐시 갱신 — 재파싱 1664건 / 전체 1664건
[각질편성] 호후 4경주: 선행2·선입0·추입5 → 보통 페이스
[경륜전개] 호후 4경주: 보통 · 라인 2개 · 페어 [[2, 7], [3, 4]]
[각질편성] 아오모리 5경주: 선행2·선입0·추입5 → 보통 페이스
[경륜전개] 아오모리 5경주: 보통 · 라인 2개 · 페어 [[3, 4], [5, 1]]
[복승불일치 축교정] 아오모리 5경주: 축 [1, 3]로 교정(자금이탈 강등 [6]·🔴)
[각질편성] 호후 5경주: 선행3·선입0·추입4 → ⚡ 빠른 페이스
[경륜전개] 호후 5경주: 보통 · 라인 3개 · 페어 [[5, 1], [4, 2], [3, 7]]
[각질편성] 아오모리 6경주: 선행4·선입0·추입3 → ⚡ 빠른 페이스
[경륜전개] 아오모리 6경주: 하이(주도권 경합) · 라인 4개 · 페어 [[1, 3], [7, 4], [6, 2]]
[placeholder 필터] 호후 6경주 쌍승 껍데기 배당 3조합 제외(값: [300.2])
[각질편성] 호후 6경주: 선행5·선입0·추입2 → ⚡ 빠른 페이스
[경륜전개] 호후 6경주: 보통 · 라인 5개 · 페어 [[5, 1], [4, 2]]
[placeholder 필터] 아오모리 7경주 쌍승 껍데기 배당 3조합 제외(값: [1703.0])
[각질편성] 아오모리 7경주: 선행5·선입0·추입2 → ⚡ 빠른 페이스
[경륜전개] 아오모리 7경주: 슬로우(단독 선행) · 라인 5개 · 페어 [[4, 5], [3, 7]]
[각질편성] 호후 7경주: 선행5·선입0·추입2 → ⚡ 빠른 페이스
[경륜전개] 호후 7경주: 하이(주도권 경합) · 라인 5개 · 페어 [[5, 2], [3, 7]]
[각질편성] 사세보 1경주: 선행2·선입0·추입5 → 보통 페이스
[경륜전개] 사세보 1경주: 보통 · 라인 2개 · 페어 [[1, 5], [6, 2]]
[각질편성] 오다와라 1경주: 선행5·선입0·추입4 → ⚡ 빠른 페이스
[경륜전개] 오다와라 1경주: 보통 · 라인 5개 · 페어 [[1, 5], [7, 3]]
[각질편성] 기후 1경주: 선행2·선입0·추입5 → 보통 페이스
[경륜전개] 기후 1경주: 보통 · 라인 2개 · 페어 [[7, 3], [1, 4]]
[각질편성] 사세보 2경주: 선행2·선입0·추입5 → 보통 페이스
[경륜전개] 사세보 2경주: 보통 · 라인 2개 · 페어 [[7, 2], [5, 1]]
[복승불일치 축교정] 사세보 2경주: 축 [2, 7]로 교정(자금이탈 강등 [1]·🔴🔴)
[각질편성] 오다와라 2경주: 선행4·선입0·추입5 → ⚡ 빠른 페이스
[경륜전개] 오다와라 2경주: 슬로우(단독 선행) · 라인 4개 · 페어 [[2, 7], [9, 1], [6, 4], [8, 3]]
[각질편성] 기후 2경주: 선행3·선입0·추입4 → ⚡ 빠른 페이스
[경륜전개] 기후 2경주: 하이(주도권 경합) · 라인 3개 · 페어 [[3, 4], [7, 2], [6, 1]]
[각질편성] 오다와라 2경주: 선행4·선입0·추입5 → ⚡ 빠른 페이스
[경륜전개] 오다와라 2경주: 슬로우(단독 선행) · 라인 4개 · 페어 [[2, 7], [9, 1], [6, 4], [8, 3]]
[각질편성] 기후 2경주: 선행3·선입0·추입4 → ⚡ 빠른 페이스
[경륜전개] 기후 2경주: 하이(주도권 경합) · 라인 3개 · 페어 [[3, 4], [7, 2], [6, 1]]
[각질편성] 오다와라 2경주: 선행4·선입0·추입5 → ⚡ 빠른 페이스
[경륜전개] 오다와라 2경주: 슬로우(단독 선행) · 라인 4개 · 페어 [[2, 7], [9, 1], [6, 4], [8, 3]]
[3종 수집] 기후 2경주: {'quinella': 21, 'exacta': 42, 'trio': 0, 'win': 0} (history 12)
[각질편성] 기후 2경주: 선행3·선입0·추입4 → ⚡ 빠른 페이스
[경륜전개] 기후 2경주: 하이(주도권 경합) · 라인 3개 · 페어 [[3, 4], [7, 2], [6, 1]]
[단통 상한] 메인 3개 · 복병이동 0개
[한국경마 스케줄] 20260801: 경마장 0곳 · 경주 0개(KRA API 감지·발주시각 미제공)
[다중경주 스케줄] 20260801: 트랙 12곳(경륜 10·한국 0 포함) · 경주 118개
[각질편성] 기후 2경주: 선행3·선입0·추입4 → ⚡ 빠른 페이스
[경륜전개] 기후 2경주: 하이(주도권 경합) · 라인 3개 · 페어 [[3, 4], [7, 2], [6, 1]]
[각질편성] 기후 2경주: 선행3·선입0·추입4 → ⚡ 빠른 페이스
[경륜전개] 기후 2경주: 하이(주도권 경합) · 라인 3개 · 페어 [[3, 4], [7, 2], [6, 1]]
[단통 상한] 메인 3개 · 복병이동 0개
[단통 상한] 메인 3개 · 복병이동 0개
[각질편성] 기후 2경주: 선행3·선입0·추입4 → ⚡ 빠른 페이스
[경륜전개] 기후 2경주: 하이(주도권 경합) · 라인 3개 · 페어 [[3, 4], [7, 2], [6, 1]]
[단통 상한] 메인 3개 · 복병이동 0개
[각질편성] 오다와라 2경주: 선행4·선입0·추입5 → ⚡ 빠른 페이스
[각질편성] 아오모리 4경주: 선행2·선입0·추입5 → 보통 페이스
[경륜전개] 오다와라 2경주: 슬로우(단독 선행) · 라인 4개 · 페어 [[2, 7], [9, 1], [6, 4], [8, 3]]
[경륜전개] 아오모리 4경주: 슬로우(단독 선행) · 라인 2개 · 페어 [[2, 7], [4, 1]]
[각질편성] 오다와라 2경주: 선행4·선입0·추입5 → ⚡ 빠른 페이스
[경륜전개] 오다와라 2경주: 슬로우(단독 선행) · 라인 4개 · 페어 [[2, 7], [9, 1], [6, 4], [8, 3]]
[복승불일치 축교정] 아오모리 4경주: 축 [1, 4]로 교정(자금이탈 강등 [7]·🔴🔴)
[각질편성] 기후 2경주: 선행3·선입0·추입4 → ⚡ 빠른 페이스
[경륜전개] 기후 2경주: 하이(주도권 경합) · 라인 3개 · 페어 [[3, 4], [7, 2], [6, 1]]
[각질편성] 기후 2경주: 선행3·선입0·추입4 → ⚡ 빠른 페이스
[경륜전개] 기후 2경주: 하이(주도권 경합) · 라인 3개 · 페어 [[3, 4], [7, 2], [6, 1]]
[단통 상한] 메인 3개 · 복병이동 0개
[단통 상한] 메인 3개 · 복병이동 0개
[각질편성] 호후 4경주: 선행2·선입0·추입5 → 보통 페이스
[경륜전개] 호후 4경주: 보통 · 라인 2개 · 페어 [[2, 7], [3, 4]]
[스냅샷] 저장: 2026_08_01_기후_2경주_T-10.png (670 KB · T-10)
[각질편성] 아오모리 5경주: 선행2·선입0·추입5 → 보통 페이스
[경륜전개] 아오모리 5경주: 보통 · 라인 2개 · 페어 [[3, 4], [5, 1]]
[복승불일치 축교정] 아오모리 5경주: 축 [1, 3]로 교정(자금이탈 강등 [6]·🔴)
[각질편성] 호후 5경주: 선행3·선입0·추입4 → ⚡ 빠른 페이스
[경륜전개] 호후 5경주: 보통 · 라인 3개 · 페어 [[5, 1], [4, 2], [3, 7]]
[각질편성] 아오모리 6경주: 선행4·선입0·추입3 → ⚡ 빠른 페이스
[경륜전개] 아오모리 6경주: 하이(주도권 경합) · 라인 4개 · 페어 [[1, 3], [7, 4], [6, 2]]
[placeholder 필터] 호후 6경주 쌍승 껍데기 배당 3조합 제외(값: [300.2])
[각질편성] 호후 6경주: 선행5·선입0·추입2 → ⚡ 빠른 페이스
[경륜전개] 호후 6경주: 보통 · 라인 5개 · 페어 [[5, 1], [4, 2]]
[placeholder 필터] 아오모리 7경주 쌍승 껍데기 배당 3조합 제외(값: [1703.0])
[각질편성] 아오모리 7경주: 선행5·선입0·추입2 → ⚡ 빠른 페이스
[경륜전개] 아오모리 7경주: 슬로우(단독 선행) · 라인 5개 · 페어 [[4, 5], [3, 7]]
[각질편성] 호후 7경주: 선행5·선입0·추입2 → ⚡ 빠른 페이스
[경륜전개] 호후 7경주: 하이(주도권 경합) · 라인 5개 · 페어 [[5, 2], [3, 7]]
[각질편성] 사세보 1경주: 선행2·선입0·추입5 → 보통 페이스
[경륜전개] 사세보 1경주: 보통 · 라인 2개 · 페어 [[1, 5], [6, 2]]
[각질편성] 오다와라 1경주: 선행5·선입0·추입4 → ⚡ 빠른 페이스
[경륜전개] 오다와라 1경주: 보통 · 라인 5개 · 페어 [[1, 5], [7, 3]]
[각질편성] 기후 1경주: 선행2·선입0·추입5 → 보통 페이스
[경륜전개] 기후 1경주: 보통 · 라인 2개 · 페어 [[7, 3], [1, 4]]
[각질편성] 사세보 2경주: 선행2·선입0·추입5 → 보통 페이스
[경륜전개] 사세보 2경주: 보통 · 라인 2개 · 페어 [[7, 2], [5, 1]]
[복승불일치 축교정] 사세보 2경주: 축 [2, 7]로 교정(자금이탈 강등 [1]·🔴🔴)
[각질편성] 오다와라 2경주: 선행4·선입0·추입5 → ⚡ 빠른 페이스
[경륜전개] 오다와라 2경주: 슬로우(단독 선행) · 라인 4개 · 페어 [[2, 7], [9, 1], [6, 4], [8, 3]]
[각질편성] 기후 2경주: 선행3·선입0·추입4 → ⚡ 빠른 페이스
[경륜전개] 기후 2경주: 하이(주도권 경합) · 라인 3개 · 페어 [[3, 4], [7, 2], [6, 1]]
[각질편성] 기후 2경주: 선행3·선입0·추입4 → ⚡ 빠른 페이스
[경륜전개] 기후 2경주: 하이(주도권 경합) · 라인 3개 · 페어 [[3, 4], [7, 2], [6, 1]]
[단통 상한] 메인 3개 · 복병이동 0개
[단통 상한] 메인 3개 · 복병이동 0개
[3종 수집] 기후 2경주: {'quinella': 21, 'exacta': 42, 'trio': 0, 'win': 0} (history 12)
[각질편성] 기후 2경주: 선행3·선입0·추입4 → ⚡ 빠른 페이스
[경륜전개] 기후 2경주: 하이(주도권 경합) · 라인 3개 · 페어 [[3, 4], [7, 2], [6, 1]]
[T-2분 왕축 동결] 기후 2경주: [1, 4] → [1, 4] 유지(cur_mb=2)
[경륜 추천 개수] 7명 → 메인 3개(상한 3) · 복병 이동 1개
[각질편성] 기후 2경주: 선행3·선입0·추입4 → ⚡ 빠른 페이스
[경륜전개] 기후 2경주: 하이(주도권 경합) · 라인 3개 · 페어 [[3, 4], [7, 2], [6, 1]]
[T-2분 왕축 동결] 기후 2경주: [1, 4] → [1, 4] 유지(cur_mb=2)
[경륜 추천 개수] 7명 → 메인 3개(상한 3) · 복병 이동 1개
[각질편성] 기후 2경주: 선행3·선입0·추입4 → ⚡ 빠른 페이스
[경륜전개] 기후 2경주: 하이(주도권 경합) · 라인 3개 · 페어 [[3, 4], [7, 2], [6, 1]]
[각질편성] 기후 2경주: 선행3·선입0·추입4 → ⚡ 빠른 페이스
[경륜전개] 기후 2경주: 하이(주도권 경합) · 라인 3개 · 페어 [[3, 4], [7, 2], [6, 1]]
[T-2분 왕축 동결] 기후 2경주: [1, 4] → [1, 4] 유지(cur_mb=2)
[경륜 추천 개수] 7명 → 메인 3개(상한 3) · 복병 이동 1개
[T-2분 왕축 동결] 기후 2경주: [1, 4] → [1, 4] 유지(cur_mb=2)
[경륜 추천 개수] 7명 → 메인 3개(상한 3) · 복병 이동 1개
[3종 수집] 기후 2경주: {'quinella': 21, 'exacta': 42, 'trio': 0, 'win': 0} (history 12)
[카톡 변경알림·즉시] 기후 2경주 (남은 157s): 복승 제외: 1+3
[각질편성] 기후 2경주: 선행3·선입0·추입4 → ⚡ 빠른 페이스
[경륜전개] 기후 2경주: 하이(주도권 경합) · 라인 3개 · 페어 [[3, 4], [7, 2], [6, 1]]
[T-2분 왕축 동결] 기후 2경주: [1, 4] → [1, 4] 유지(cur_mb=2)
[경륜 추천 개수] 7명 → 메인 3개(상한 3) · 복병 이동 1개
[스냅샷] 저장: 2026_08_01_기후_2경주_T-2.png (612 KB · T-2)
[스냅샷] 저장: 2026_08_01_기후_2경주_T-2.png (618 KB · T-2)
[각질편성] 기후 2경주: 선행3·선입0·추입4 → ⚡ 빠른 페이스
[경륜전개] 기후 2경주: 하이(주도권 경합) · 라인 3개 · 페어 [[3, 4], [7, 2], [6, 1]]
[T-2분 왕축 동결] 기후 2경주: [1, 4] → [1, 4] 유지(cur_mb=2)
[경륜 추천 개수] 7명 → 메인 3개(상한 3) · 복병 이동 1개
[각질편성] 오다와라 2경주: 선행4·선입0·추입5 → ⚡ 빠른 페이스
[각질편성] 아오모리 4경주: 선행2·선입0·추입5 → 보통 페이스
[경륜전개] 오다와라 2경주: 슬로우(단독 선행) · 라인 4개 · 페어 [[2, 7], [9, 1], [6, 4], [8, 3]]
[경륜전개] 아오모리 4경주: 슬로우(단독 선행) · 라인 2개 · 페어 [[2, 7], [4, 1]]
[각질편성] 오다와라 2경주: 선행4·선입0·추입5 → ⚡ 빠른 페이스
[경륜전개] 오다와라 2경주: 슬로우(단독 선행) · 라인 4개 · 페어 [[2, 7], [9, 1], [6, 4], [8, 3]]
[복승불일치 축교정] 아오모리 4경주: 축 [1, 4]로 교정(자금이탈 강등 [7]·🔴🔴)
[각질편성] 기후 2경주: 선행3·선입0·추입4 → ⚡ 빠른 페이스
[각질편성] 기후 2경주: 선행3·선입0·추입4 → ⚡ 빠른 페이스
[경륜전개] 기후 2경주: 하이(주도권 경합) · 라인 3개 · 페어 [[3, 4], [7, 2], [6, 1]]
[경륜전개] 기후 2경주: 하이(주도권 경합) · 라인 3개 · 페어 [[3, 4], [7, 2], [6, 1]]
[T-2분 왕축 동결] 기후 2경주: [1, 4] → [1, 4] 유지(cur_mb=2)
[경륜 추천 개수] 7명 → 메인 3개(상한 3) · 복병 이동 1개
[T-2분 왕축 동결] 기후 2경주: [1, 4] → [1, 4] 유지(cur_mb=2)
[경륜 추천 개수] 7명 → 메인 3개(상한 3) · 복병 이동 1개
[분석로그] 저장 실패: [WinError 32] 다른 프로세스가 파일을 사용 중이기 때문에 프로세스가 액세스 할 수 없습니다: 'C:\\Users\\Administrator\\Desktop\\경마분석서버\\data\\analysis_log\\2026_08_01_기후_2경주.json.tmp' -> 'C:\\Users\\Administrator\\Desktop\\경마분석서버\\data\\analysis_log\\2026_08_01_기후_2경주.json'
[결과기록] 캐시 갱신 — 재파싱 1건 / 전체 1664건
[각질편성] 호후 4경주: 선행2·선입0·추입5 → 보통 페이스
[경륜전개] 호후 4경주: 보통 · 라인 2개 · 페어 [[2, 7], [3, 4]]
[각질편성] 아오모리 5경주: 선행2·선입0·추입5 → 보통 페이스
[경륜전개] 아오모리 5경주: 보통 · 라인 2개 · 페어 [[3, 4], [5, 1]]
[복승불일치 축교정] 아오모리 5경주: 축 [1, 3]로 교정(자금이탈 강등 [6]·🔴)
[각질편성] 호후 5경주: 선행3·선입0·추입4 → ⚡ 빠른 페이스
[경륜전개] 호후 5경주: 보통 · 라인 3개 · 페어 [[5, 1], [4, 2], [3, 7]]
[각질편성] 아오모리 6경주: 선행4·선입0·추입3 → ⚡ 빠른 페이스
[경륜전개] 아오모리 6경주: 하이(주도권 경합) · 라인 4개 · 페어 [[1, 3], [7, 4], [6, 2]]
[placeholder 필터] 호후 6경주 쌍승 껍데기 배당 3조합 제외(값: [300.2])
[각질편성] 호후 6경주: 선행5·선입0·추입2 → ⚡ 빠른 페이스
[경륜전개] 호후 6경주: 보통 · 라인 5개 · 페어 [[5, 1], [4, 2]]
[placeholder 필터] 아오모리 7경주 쌍승 껍데기 배당 3조합 제외(값: [1703.0])
[각질편성] 아오모리 7경주: 선행5·선입0·추입2 → ⚡ 빠른 페이스
[경륜전개] 아오모리 7경주: 슬로우(단독 선행) · 라인 5개 · 페어 [[4, 5], [3, 7]]
[각질편성] 호후 7경주: 선행5·선입0·추입2 → ⚡ 빠른 페이스
[경륜전개] 호후 7경주: 하이(주도권 경합) · 라인 5개 · 페어 [[5, 2], [3, 7]]
[각질편성] 사세보 1경주: 선행2·선입0·추입5 → 보통 페이스
[경륜전개] 사세보 1경주: 보통 · 라인 2개 · 페어 [[1, 5], [6, 2]]
[각질편성] 오다와라 1경주: 선행5·선입0·추입4 → ⚡ 빠른 페이스
[경륜전개] 오다와라 1경주: 보통 · 라인 5개 · 페어 [[1, 5], [7, 3]]
[각질편성] 기후 2경주: 선행3·선입0·추입4 → ⚡ 빠른 페이스
[경륜전개] 기후 2경주: 하이(주도권 경합) · 라인 3개 · 페어 [[3, 4], [7, 2], [6, 1]]
[각질편성] 기후 1경주: 선행2·선입0·추입5 → 보통 페이스
[경륜전개] 기후 1경주: 보통 · 라인 2개 · 페어 [[7, 3], [1, 4]]
[T-2분 왕축 동결] 기후 2경주: [1, 4] → [1, 4] 유지(cur_mb=2)
[경륜 추천 개수] 7명 → 메인 3개(상한 3) · 복병 이동 1개
[각질편성] 사세보 2경주: 선행2·선입0·추입5 → 보통 페이스
[경륜전개] 사세보 2경주: 보통 · 라인 2개 · 페어 [[7, 2], [5, 1]]
[복승불일치 축교정] 사세보 2경주: 축 [2, 7]로 교정(자금이탈 강등 [1]·🔴🔴)
[각질편성] 오다와라 2경주: 선행4·선입0·추입5 → ⚡ 빠른 페이스
[경륜전개] 오다와라 2경주: 슬로우(단독 선행) · 라인 4개 · 페어 [[2, 7], [9, 1], [6, 4], [8, 3]]
[각질편성] 기후 2경주: 선행3·선입0·추입4 → ⚡ 빠른 페이스
[경륜전개] 기후 2경주: 하이(주도권 경합) · 라인 3개 · 페어 [[3, 4], [7, 2], [6, 1]]
[T-2분 왕축 동결] 기후 2경주: [1, 4] → [1, 4] 유지(cur_mb=2)
[경륜 추천 개수] 7명 → 메인 3개(상한 3) · 복병 이동 1개
[각질편성] 오다와라 2경주: 선행4·선입0·추입5 → ⚡ 빠른 페이스
[경륜전개] 오다와라 2경주: 슬로우(단독 선행) · 라인 4개 · 페어 [[2, 7], [9, 1], [6, 4], [8, 3]]
[3종 수집] 기후 2경주: {'quinella': 21, 'exacta': 42, 'trio': 0, 'win': 0} (history 12)
[각질편성] 오다와라 2경주: 선행4·선입0·추입5 → ⚡ 빠른 페이스
[경륜전개] 오다와라 2경주: 슬로우(단독 선행) · 라인 4개 · 페어 [[2, 7], [9, 1], [6, 4], [8, 3]]
[각질편성] 기후 2경주: 선행3·선입0·추입4 → ⚡ 빠른 페이스
[각질편성] 기후 2경주: 선행3·선입0·추입4 → ⚡ 빠른 페이스
[경륜전개] 기후 2경주: 하이(주도권 경합) · 라인 3개 · 페어 [[3, 4], [7, 2], [6, 1]]
[경륜전개] 기후 2경주: 하이(주도권 경합) · 라인 3개 · 페어 [[3, 4], [7, 2], [6, 1]]
[T-2분 왕축 동결] 기후 2경주: [1, 4] → [1, 4] 유지(cur_mb=1)
[T-2분 왕축 동결] 기후 2경주: [1, 4] → [1, 4] 유지(cur_mb=1)
[경륜 추천 모순 수정] 고배당 강제조합 1건 메인→복병 이동(25배 상한)
[경륜 추천 모순 수정] 고배당 강제조합 1건 메인→복병 이동(25배 상한)
[분석로그] 저장 실패: [WinError 32] 다른 프로세스가 파일을 사용 중이기 때문에 프로세스가 액세스 할 수 없습니다: 'C:\\Users\\Administrator\\Desktop\\경마분석서버\\data\\analysis_log\\2026_08_01_기후_2경주.json.tmp' -> 'C:\\Users\\Administrator\\Desktop\\경마분석서버\\data\\analysis_log\\2026_08_01_기후_2경주.json'
[각질편성] 기후 2경주: 선행3·선입0·추입4 → ⚡ 빠른 페이스
[경륜전개] 기후 2경주: 하이(주도권 경합) · 라인 3개 · 페어 [[3, 4], [7, 2], [6, 1]]
[T-2분 왕축 동결] 기후 2경주: [1, 4] → [1, 4] 유지(cur_mb=1)
[경륜 추천 모순 수정] 고배당 강제조합 1건 메인→복병 이동(25배 상한)
[각질편성] 오다와라 2경주: 선행4·선입0·추입5 → ⚡ 빠른 페이스
[경륜전개] 오다와라 2경주: 슬로우(단독 선행) · 라인 4개 · 페어 [[2, 7], [9, 1], [6, 4], [8, 3]]
[각질편성] 기후 2경주: 선행3·선입0·추입4 → ⚡ 빠른 페이스
[경륜전개] 기후 2경주: 하이(주도권 경합) · 라인 3개 · 페어 [[3, 4], [7, 2], [6, 1]]
[T-2분 왕축 동결] 기후 2경주: [1, 4] → [1, 4] 유지(cur_mb=1)
[경륜 추천 모순 수정] 고배당 강제조합 1건 메인→복병 이동(25배 상한)
[경주전환 감지] 기후 2경주: 비정상 변동폭(95%+ 다수) → 기준값 재설정(이전 배당 초기화)
[3종 수집] 기후 2경주: {'quinella': 21, 'exacta': 0, 'trio': 0, 'win': 0} (history 1 · 기준재설정)
[placeholder 필터] 기후 2경주 복승 껍데기 배당 3조합 제외(값: [100])
[각질편성] 기후 2경주: 선행3·선입0·추입4 → ⚡ 빠른 페이스
[경륜전개] 기후 2경주: 하이(주도권 경합) · 라인 3개 · 페어 [[3, 4], [7, 2], [6, 1]]
[T-2분 왕축 동결] 기후 2경주: [4, 3] → [1, 4] 유지(cur_mb=1)
[단통 상한] 메인 3개 · 복병이동 0개
[각질편성] 오다와라 2경주: 선행4·선입0·추입5 → ⚡ 빠른 페이스
[경륜전개] 오다와라 2경주: 슬로우(단독 선행) · 라인 4개 · 페어 [[2, 7], [9, 1], [6, 4], [8, 3]]
[placeholder 필터] 기후 2경주 복승 껍데기 배당 3조합 제외(값: [100])
[각질편성] 기후 2경주: 선행3·선입0·추입4 → ⚡ 빠른 페이스
[경륜전개] 기후 2경주: 하이(주도권 경합) · 라인 3개 · 페어 [[3, 4], [7, 2], [6, 1]]
[T-2분 왕축 동결] 기후 2경주: [4, 3] → [1, 4] 유지(cur_mb=1)
[단통 상한] 메인 3개 · 복병이동 0개
[다중경주] 기후 2경주: 사설(확장) 수집 활성(10초 전) → 복승은 사설 유지·서버 쌍승42/삼복승0 보완
[placeholder 필터] 기후 2경주 복승 껍데기 배당 3조합 제외(값: [100])
[placeholder 필터] 기후 2경주 복승 껍데기 배당 3조합 제외(값: [100])
[각질편성] 기후 2경주: 선행3·선입0·추입4 → ⚡ 빠른 페이스
[각질편성] 기후 2경주: 선행3·선입0·추입4 → ⚡ 빠른 페이스
[경륜전개] 기후 2경주: 하이(주도권 경합) · 라인 3개 · 페어 [[3, 4], [7, 2], [6, 1]]
[경륜전개] 기후 2경주: 하이(주도권 경합) · 라인 3개 · 페어 [[3, 4], [7, 2], [6, 1]]
[단통 상한] 메인 3개 · 복병이동 0개
[단통 상한] 메인 3개 · 복병이동 0개
[placeholder 필터] 기후 2경주 복승 껍데기 배당 3조합 제외(값: [100])
[각질편성] 기후 2경주: 선행3·선입0·추입4 → ⚡ 빠른 페이스
[경륜전개] 기후 2경주: 하이(주도권 경합) · 라인 3개 · 페어 [[3, 4], [7, 2], [6, 1]]
[단통 상한] 메인 3개 · 복병이동 0개
[각질편성] 오다와라 2경주: 선행4·선입0·추입5 → ⚡ 빠른 페이스
[경륜전개] 오다와라 2경주: 슬로우(단독 선행) · 라인 4개 · 페어 [[2, 7], [9, 1], [6, 4], [8, 3]]
[각질편성] 아오모리 4경주: 선행2·선입0·추입5 → 보통 페이스
[placeholder 필터] 기후 2경주 복승 껍데기 배당 3조합 제외(값: [100])
[경륜전개] 아오모리 4경주: 슬로우(단독 선행) · 라인 2개 · 페어 [[2, 7], [4, 1]]
[placeholder 필터] 기후 2경주 복승 껍데기 배당 3조합 제외(값: [100])
[각질편성] 오다와라 2경주: 선행4·선입0·추입5 → ⚡ 빠른 페이스
[각질편성] 기후 2경주: 선행3·선입0·추입4 → ⚡ 빠른 페이스
[복승불일치 축교정] 아오모리 4경주: 축 [1, 4]로 교정(자금이탈 강등 [7]·🔴🔴)
[경륜전개] 기후 2경주: 하이(주도권 경합) · 라인 3개 · 페어 [[3, 4], [7, 2], [6, 1]]
[경륜전개] 오다와라 2경주: 슬로우(단독 선행) · 라인 4개 · 페어 [[2, 7], [9, 1], [6, 4], [8, 3]]
[각질편성] 기후 2경주: 선행3·선입0·추입4 → ⚡ 빠른 페이스
[경륜전개] 기후 2경주: 하이(주도권 경합) · 라인 3개 · 페어 [[3, 4], [7, 2], [6, 1]]
[단통 상한] 메인 3개 · 복병이동 0개
[단통 상한] 메인 3개 · 복병이동 0개
[각질편성] 호후 4경주: 선행2·선입0·추입5 → 보통 페이스
[경륜전개] 호후 4경주: 보통 · 라인 2개 · 페어 [[2, 7], [3, 4]]
[분석로그] 저장 실패: [Errno 13] Permission denied: 'C:\\Users\\Administrator\\Desktop\\경마분석서버\\data\\analysis_log\\2026_08_01_기후_2경주.json.tmp'
[각질편성] 아오모리 5경주: 선행2·선입0·추입5 → 보통 페이스
[경륜전개] 아오모리 5경주: 보통 · 라인 2개 · 페어 [[3, 4], [5, 1]]
[복승불일치 축교정] 아오모리 5경주: 축 [1, 3]로 교정(자금이탈 강등 [6]·🔴)
[결과기록] 캐시 갱신 — 재파싱 1건 / 전체 1664건
[각질편성] 호후 5경주: 선행3·선입0·추입4 → ⚡ 빠른 페이스
[경륜전개] 호후 5경주: 보통 · 라인 3개 · 페어 [[5, 1], [4, 2], [3, 7]]
[각질편성] 아오모리 6경주: 선행4·선입0·추입3 → ⚡ 빠른 페이스
[경륜전개] 아오모리 6경주: 하이(주도권 경합) · 라인 4개 · 페어 [[1, 3], [7, 4], [6, 2]]
[placeholder 필터] 호후 6경주 쌍승 껍데기 배당 3조합 제외(값: [300.2])
[각질편성] 호후 6경주: 선행5·선입0·추입2 → ⚡ 빠른 페이스
[경륜전개] 호후 6경주: 보통 · 라인 5개 · 페어 [[5, 1], [4, 2]]
[placeholder 필터] 아오모리 7경주 쌍승 껍데기 배당 3조합 제외(값: [1703.0])
[각질편성] 아오모리 7경주: 선행5·선입0·추입2 → ⚡ 빠른 페이스
[경륜전개] 아오모리 7경주: 슬로우(단독 선행) · 라인 5개 · 페어 [[4, 5], [3, 7]]
[각질편성] 호후 7경주: 선행5·선입0·추입2 → ⚡ 빠른 페이스
[경륜전개] 호후 7경주: 하이(주도권 경합) · 라인 5개 · 페어 [[5, 2], [3, 7]]
[각질편성] 사세보 1경주: 선행2·선입0·추입5 → 보통 페이스
[경륜전개] 사세보 1경주: 보통 · 라인 2개 · 페어 [[1, 5], [6, 2]]
[각질편성] 오다와라 1경주: 선행5·선입0·추입4 → ⚡ 빠른 페이스
[경륜전개] 오다와라 1경주: 보통 · 라인 5개 · 페어 [[1, 5], [7, 3]]
[각질편성] 기후 1경주: 선행2·선입0·추입5 → 보통 페이스
[경륜전개] 기후 1경주: 보통 · 라인 2개 · 페어 [[7, 3], [1, 4]]
[각질편성] 사세보 2경주: 선행2·선입0·추입5 → 보통 페이스
[경륜전개] 사세보 2경주: 보통 · 라인 2개 · 페어 [[7, 2], [5, 1]]
[복승불일치 축교정] 사세보 2경주: 축 [2, 7]로 교정(자금이탈 강등 [1]·🔴🔴)
[각질편성] 오다와라 2경주: 선행4·선입0·추입5 → ⚡ 빠른 페이스
[경륜전개] 오다와라 2경주: 슬로우(단독 선행) · 라인 4개 · 페어 [[2, 7], [9, 1], [6, 4], [8, 3]]
[placeholder 필터] 기후 2경주 복승 껍데기 배당 3조합 제외(값: [100])
[각질편성] 기후 2경주: 선행3·선입0·추입4 → ⚡ 빠른 페이스
[경륜전개] 기후 2경주: 하이(주도권 경합) · 라인 3개 · 페어 [[3, 4], [7, 2], [6, 1]]
[각질편성] 기후 2경주: 선행3·선입0·추입4 → ⚡ 빠른 페이스
[단통 상한] 메인 3개 · 복병이동 0개
[경륜전개] 기후 2경주: 하이(주도권 경합) · 라인 3개 · 페어 [[3, 4], [7, 2], [6, 1]]
[경륜 추천 모순 수정] 고배당 강제조합 1건 메인→복병 이동(25배 상한)
[다중경주] 기후 2경주: 사설(확장) 수집 활성(42초 전) → 복승은 사설 유지·서버 쌍승42/삼복승0 보완
[placeholder 필터] 기후 2경주 복승 껍데기 배당 3조합 제외(값: [100])
[각질편성] 기후 2경주: 선행3·선입0·추입4 → ⚡ 빠른 페이스
[경륜전개] 기후 2경주: 하이(주도권 경합) · 라인 3개 · 페어 [[3, 4], [7, 2], [6, 1]]
[단통 상한] 메인 3개 · 복병이동 0개
[placeholder 필터] 기후 2경주 복승 껍데기 배당 3조합 제외(값: [100])
[placeholder 필터] 기후 2경주 복승 껍데기 배당 3조합 제외(값: [100])
[각질편성] 기후 2경주: 선행3·선입0·추입4 → ⚡ 빠른 페이스
[경륜전개] 기후 2경주: 하이(주도권 경합) · 라인 3개 · 페어 [[3, 4], [7, 2], [6, 1]]
[각질편성] 기후 2경주: 선행3·선입0·추입4 → ⚡ 빠른 페이스
[경륜전개] 기후 2경주: 하이(주도권 경합) · 라인 3개 · 페어 [[3, 4], [7, 2], [6, 1]]
[단통 상한] 메인 3개 · 복병이동 0개
[단통 상한] 메인 3개 · 복병이동 0개
[분석로그] 저장 실패: [WinError 32] 다른 프로세스가 파일을 사용 중이기 때문에 프로세스가 액세스 할 수 없습니다: 'C:\\Users\\Administrator\\Desktop\\경마분석서버\\data\\analysis_log\\2026_08_01_기후_2경주.json.tmp' -> 'C:\\Users\\Administrator\\Desktop\\경마분석서버\\data\\analysis_log\\2026_08_01_기후_2경주.json'
[placeholder 필터] 기후 2경주 복승 껍데기 배당 3조합 제외(값: [100])
[각질편성] 기후 2경주: 선행3·선입0·추입4 → ⚡ 빠른 페이스
[경륜전개] 기후 2경주: 하이(주도권 경합) · 라인 3개 · 페어 [[3, 4], [7, 2], [6, 1]]
[단통 상한] 메인 3개 · 복병이동 0개
[다중경주] 기후 2경주: 사설(확장) 수집 활성(73초 전) → 복승은 사설 유지·서버 쌍승42/삼복승0 보완
[placeholder 필터] 기후 2경주 복승 껍데기 배당 3조합 제외(값: [100])
[각질편성] 기후 2경주: 선행3·선입0·추입4 → ⚡ 빠른 페이스
[경륜전개] 기후 2경주: 하이(주도권 경합) · 라인 3개 · 페어 [[3, 4], [7, 2], [6, 1]]
[스냅샷] 저장: 2026_08_01_기후_2경주_마감후.png (604 KB · close)
[readonly 잠금] 기후 2경주: 마감 확정 파일 — corePicks/시계열 보존, result/hit만 업데이트 허용
[마감 동결] 기후 2경주: 확정본 복원(출처 closed_row · 기준 11:24:22)
[경륜 전적·자동] 사세보 3경주: 7두 수집(競走得点·절대등급 A/B/C/D·라인[5, 1, 4, 6, 2, 3, 7]) → 통합등급 자동 반영
[3종 수집] 사세보 3경주: {'quinella': 21, 'exacta': 42, 'trio': 0, 'win': 0} (history 1)
[스냅샷] 저장: 2026_08_01_오다와라_2경주_마감후.png (633 KB · close)
🔮 [예측] 사세보 3경주: top3=[5, 1, 4] conf=4 · 이 경주에는 선행형이 3두(5, 3, 7번)에 젖히기형(6번)까지 있어 
[각질편성] 사세보 3경주: 선행4·선입0·추입3 → ⚡ 빠른 페이스
[경륜전개] 사세보 3경주: 하이(주도권 경합) · 라인 4개 · 페어 [[5, 1], [6, 2]]
[경륜 추천 개수] 7명 → 메인 3개(상한 3) · 복병 이동 1개
[자동분석·배경] 사세보 3경주: 마감 569초 전 재분석(rec_history 누적·cycle)
[placeholder 필터] 기후 2경주 복승 껍데기 배당 3조합 제외(값: [100])
[placeholder 필터] 기후 2경주 복승 껍데기 배당 3조합 제외(값: [100])
[각질편성] 기후 2경주: 선행3·선입0·추입4 → ⚡ 빠른 페이스
[경륜전개] 기후 2경주: 하이(주도권 경합) · 라인 3개 · 페어 [[3, 4], [7, 2], [6, 1]]
[각질편성] 기후 2경주: 선행3·선입0·추입4 → ⚡ 빠른 페이스
[경륜전개] 기후 2경주: 하이(주도권 경합) · 라인 3개 · 페어 [[3, 4], [7, 2], [6, 1]]
⏸ [폴링 저장 가드] 기후 2경주: 마감 후 readonly → 로그 저장 생략(분석·표시는 정상)
[각질편성] 아오모리 4경주: 선행2·선입0·추입5 → 보통 페이스
[경륜전개] 아오모리 4경주: 슬로우(단독 선행) · 라인 2개 · 페어 [[2, 7], [4, 1]]
[placeholder 필터] 기후 2경주 복승 껍데기 배당 3조합 제외(값: [100])
[placeholder 필터] 기후 2경주 복승 껍데기 배당 3조합 제외(값: [100])
[각질편성] 오다와라 2경주: 선행4·선입0·추입5 → ⚡ 빠른 페이스
[각질편성] 오다와라 2경주: 선행4·선입0·추입5 → ⚡ 빠른 페이스
[경륜전개] 오다와라 2경주: 슬로우(단독 선행) · 라인 4개 · 페어 [[2, 7], [9, 1], [6, 4], [8, 3]]
[복승불일치 축교정] 아오모리 4경주: 축 [1, 4]로 교정(자금이탈 강등 [7]·🔴🔴)
[경륜전개] 오다와라 2경주: 슬로우(단독 선행) · 라인 4개 · 페어 [[2, 7], [9, 1], [6, 4], [8, 3]]
[각질편성] 기후 2경주: 선행3·선입0·추입4 → ⚡ 빠른 페이스
[각질편성] 기후 2경주: 선행3·선입0·추입4 → ⚡ 빠른 페이스
[경륜전개] 기후 2경주: 하이(주도권 경합) · 라인 3개 · 페어 [[3, 4], [7, 2], [6, 1]]
[경륜전개] 기후 2경주: 하이(주도권 경합) · 라인 3개 · 페어 [[3, 4], [7, 2], [6, 1]]
[각질편성] 호후 4경주: 선행2·선입0·추입5 → 보통 페이스
[경륜전개] 호후 4경주: 보통 · 라인 2개 · 페어 [[2, 7], [3, 4]]
[결과기록] 캐시 갱신 — 재파싱 2건 / 전체 1665건
[각질편성] 아오모리 5경주: 선행2·선입0·추입5 → 보통 페이스
[경륜전개] 아오모리 5경주: 보통 · 라인 2개 · 페어 [[3, 4], [5, 1]]
[복승불일치 축교정] 아오모리 5경주: 축 [1, 3]로 교정(자금이탈 강등 [6]·🔴)
[각질편성] 호후 5경주: 선행3·선입0·추입4 → ⚡ 빠른 페이스
[경륜전개] 호후 5경주: 보통 · 라인 3개 · 페어 [[5, 1], [4, 2], [3, 7]]
[각질편성] 아오모리 6경주: 선행4·선입0·추입3 → ⚡ 빠른 페이스
[경륜전개] 아오모리 6경주: 하이(주도권 경합) · 라인 4개 · 페어 [[1, 3], [7, 4], [6, 2]]
[placeholder 필터] 호후 6경주 쌍승 껍데기 배당 3조합 제외(값: [300.2])
[각질편성] 호후 6경주: 선행5·선입0·추입2 → ⚡ 빠른 페이스
[경륜전개] 호후 6경주: 보통 · 라인 5개 · 페어 [[5, 1], [4, 2]]
[placeholder 필터] 아오모리 7경주 쌍승 껍데기 배당 3조합 제외(값: [1703.0])
[각질편성] 아오모리 7경주: 선행5·선입0·추입2 → ⚡ 빠른 페이스
[경륜전개] 아오모리 7경주: 슬로우(단독 선행) · 라인 5개 · 페어 [[4, 5], [3, 7]]
[각질편성] 호후 7경주: 선행5·선입0·추입2 → ⚡ 빠른 페이스
[경륜전개] 호후 7경주: 하이(주도권 경합) · 라인 5개 · 페어 [[5, 2], [3, 7]]
[각질편성] 사세보 1경주: 선행2·선입0·추입5 → 보통 페이스
[경륜전개] 사세보 1경주: 보통 · 라인 2개 · 페어 [[1, 5], [6, 2]]
[각질편성] 오다와라 1경주: 선행5·선입0·추입4 → ⚡ 빠른 페이스
[경륜전개] 오다와라 1경주: 보통 · 라인 5개 · 페어 [[1, 5], [7, 3]]
[각질편성] 기후 1경주: 선행2·선입0·추입5 → 보통 페이스
[경륜전개] 기후 1경주: 보통 · 라인 2개 · 페어 [[7, 3], [1, 4]]
[placeholder 필터] 기후 2경주 복승 껍데기 배당 3조합 제외(값: [100])
[각질편성] 기후 2경주: 선행3·선입0·추입4 → ⚡ 빠른 페이스
[경륜전개] 기후 2경주: 하이(주도권 경합) · 라인 3개 · 페어 [[3, 4], [7, 2], [6, 1]]
[각질편성] 사세보 2경주: 선행2·선입0·추입5 → 보통 페이스
[경륜전개] 사세보 2경주: 보통 · 라인 2개 · 페어 [[7, 2], [5, 1]]
[복승불일치 축교정] 사세보 2경주: 축 [2, 7]로 교정(자금이탈 강등 [1]·🔴🔴)
[각질편성] 오다와라 2경주: 선행4·선입0·추입5 → ⚡ 빠른 페이스
[경륜전개] 오다와라 2경주: 슬로우(단독 선행) · 라인 4개 · 페어 [[2, 7], [9, 1], [6, 4], [8, 3]]
[각질편성] 기후 2경주: 선행3·선입0·추입4 → ⚡ 빠른 페이스
[경륜전개] 기후 2경주: 하이(주도권 경합) · 라인 3개 · 페어 [[3, 4], [7, 2], [6, 1]]
[복승불일치 축교정] 기후 2경주: 축 [3, 4]로 교정(자금이탈 강등 [6]·🔴🔴)
[각질편성] 사세보 3경주: 선행4·선입0·추입3 → ⚡ 빠른 페이스
[경륜전개] 사세보 3경주: 하이(주도권 경합) · 라인 4개 · 페어 [[5, 1], [6, 2]]
[경륜 추천 개수] 7명 → 메인 3개(상한 3) · 복병 이동 1개
[placeholder 필터] 기후 2경주 복승 껍데기 배당 3조합 제외(값: [100])
[각질편성] 기후 2경주: 선행3·선입0·추입4 → ⚡ 빠른 페이스
[경륜전개] 기후 2경주: 하이(주도권 경합) · 라인 3개 · 페어 [[3, 4], [7, 2], [6, 1]]
[활성정리] 끝난 경주 1건 제거(히스토리 보존): 오다와라 1경주
[3종 수집] 사세보 3경주: {'quinella': 21, 'exacta': 42, 'trio': 0, 'win': 0} (history 2)
[사설 우선] 기후 2경주: 최근 배당판(src=https://ks1.dke-d11diw.site/user_frame.php?PLACE_TYPE=JC) 유지 → oddspark(oddspark_bg) 백업 덮어쓰기 생략
[각질편성] 사세보 3경주: 선행4·선입0·추입3 → ⚡ 빠른 페이스
[경륜전개] 사세보 3경주: 하이(주도권 경합) · 라인 4개 · 페어 [[5, 1], [6, 2]]
[경륜 추천 개수] 7명 → 메인 3개(상한 3) · 복병 이동 1개
[자동분석·배경] 사세보 3경주: 마감 533초 전 재분석(rec_history 누적·cycle)
[placeholder 필터] 기후 2경주 복승 껍데기 배당 3조합 제외(값: [100])
[각질편성] 기후 2경주: 선행3·선입0·추입4 → ⚡ 빠른 페이스
[경륜전개] 기후 2경주: 하이(주도권 경합) · 라인 3개 · 페어 [[3, 4], [7, 2], [6, 1]]
[placeholder 필터] 기후 2경주 복승 껍데기 배당 3조합 제외(값: [100])
[placeholder 필터] 기후 2경주 복승 껍데기 배당 3조합 제외(값: [100])
[각질편성] 기후 2경주: 선행3·선입0·추입4 → ⚡ 빠른 페이스
[각질편성] 기후 2경주: 선행3·선입0·추입4 → ⚡ 빠른 페이스
[경륜전개] 기후 2경주: 하이(주도권 경합) · 라인 3개 · 페어 [[3, 4], [7, 2], [6, 1]]
[경륜전개] 기후 2경주: 하이(주도권 경합) · 라인 3개 · 페어 [[3, 4], [7, 2], [6, 1]]
[placeholder 필터] 기후 2경주 복승 껍데기 배당 3조합 제외(값: [100])
[각질편성] 기후 2경주: 선행3·선입0·추입4 → ⚡ 빠른 페이스
[경륜전개] 기후 2경주: 하이(주도권 경합) · 라인 3개 · 페어 [[3, 4], [7, 2], [6, 1]]
[3종 수집] 사세보 3경주: {'quinella': 21, 'exacta': 42, 'trio': 0, 'win': 0} (history 3)
[사설 우선] 기후 2경주: 최근 배당판(src=https://ks1.dke-d11diw.site/user_frame.php?PLACE_TYPE=JC) 유지 → oddspark(oddspark_bg) 백업 덮어쓰기 생략
[각질편성] 사세보 3경주: 선행4·선입0·추입3 → ⚡ 빠른 페이스
[경륜전개] 사세보 3경주: 하이(주도권 경합) · 라인 4개 · 페어 [[5, 1], [6, 2]]
[복승불일치 축교정] 사세보 3경주: 축 [1, 5]로 교정(자금이탈 강등 [7]·🔴🔴)
🔎 [결정론 검수] 사세보 3경주: B라인누락
[자동분석·배경] 사세보 3경주: 마감 501초 전 재분석(rec_history 누적·cycle)
[placeholder 필터] 기후 2경주 복승 껍데기 배당 3조합 제외(값: [100])
[각질편성] 기후 2경주: 선행3·선입0·추입4 → ⚡ 빠른 페이스
[경륜전개] 기후 2경주: 하이(주도권 경합) · 라인 3개 · 페어 [[3, 4], [7, 2], [6, 1]]
[카톡 변경알림] 기후 2경주 발송: 복승 추가: 3+6
[placeholder 필터] 기후 2경주 복승 껍데기 배당 3조합 제외(값: [100])
[각질편성] 기후 2경주: 선행3·선입0·추입4 → ⚡ 빠른 페이스
[경륜전개] 기후 2경주: 하이(주도권 경합) · 라인 3개 · 페어 [[3, 4], [7, 2], [6, 1]]
[각질편성] 아오모리 4경주: 선행2·선입0·추입5 → 보통 페이스
[경륜전개] 아오모리 4경주: 슬로우(단독 선행) · 라인 2개 · 페어 [[2, 7], [4, 1]]
[각질편성] 오다와라 2경주: 선행4·선입0·추입5 → ⚡ 빠른 페이스
[복승불일치 축교정] 아오모리 4경주: 축 [1, 4]로 교정(자금이탈 강등 [7]·🔴🔴)
[placeholder 필터] 기후 2경주 복승 껍데기 배당 3조합 제외(값: [100])
[각질편성] 오다와라 2경주: 선행4·선입0·추입5 → ⚡ 빠른 페이스
[placeholder 필터] 기후 2경주 복승 껍데기 배당 3조합 제외(값: [100])
[경륜전개] 오다와라 2경주: 슬로우(단독 선행) · 라인 4개 · 페어 [[2, 7], [9, 1], [6, 4], [8, 3]]
[경륜전개] 오다와라 2경주: 슬로우(단독 선행) · 라인 4개 · 페어 [[2, 7], [9, 1], [6, 4], [8, 3]]
[각질편성] 기후 2경주: 선행3·선입0·추입4 → ⚡ 빠른 페이스
[각질편성] 기후 2경주: 선행3·선입0·추입4 → ⚡ 빠른 페이스
[경륜전개] 기후 2경주: 하이(주도권 경합) · 라인 3개 · 페어 [[3, 4], [7, 2], [6, 1]]
[경륜전개] 기후 2경주: 하이(주도권 경합) · 라인 3개 · 페어 [[3, 4], [7, 2], [6, 1]]
[각질편성] 호후 4경주: 선행2·선입0·추입5 → 보통 페이스
[경륜전개] 호후 4경주: 보통 · 라인 2개 · 페어 [[2, 7], [3, 4]]
[각질편성] 아오모리 5경주: 선행2·선입0·추입5 → 보통 페이스
[경륜전개] 아오모리 5경주: 보통 · 라인 2개 · 페어 [[3, 4], [5, 1]]
[복승불일치 축교정] 아오모리 5경주: 축 [1, 3]로 교정(자금이탈 강등 [6]·🔴)
[결과기록] 캐시 갱신 — 재파싱 1건 / 전체 1665건
[각질편성] 호후 5경주: 선행3·선입0·추입4 → ⚡ 빠른 페이스
[경륜전개] 호후 5경주: 보통 · 라인 3개 · 페어 [[5, 1], [4, 2], [3, 7]]
[각질편성] 아오모리 6경주: 선행4·선입0·추입3 → ⚡ 빠른 페이스
[경륜전개] 아오모리 6경주: 하이(주도권 경합) · 라인 4개 · 페어 [[1, 3], [7, 4], [6, 2]]
[placeholder 필터] 호후 6경주 쌍승 껍데기 배당 3조합 제외(값: [300.2])
[각질편성] 호후 6경주: 선행5·선입0·추입2 → ⚡ 빠른 페이스
[경륜전개] 호후 6경주: 보통 · 라인 5개 · 페어 [[5, 1], [4, 2]]
[placeholder 필터] 아오모리 7경주 쌍승 껍데기 배당 3조합 제외(값: [1703.0])
[각질편성] 아오모리 7경주: 선행5·선입0·추입2 → ⚡ 빠른 페이스
[경륜전개] 아오모리 7경주: 슬로우(단독 선행) · 라인 5개 · 페어 [[4, 5], [3, 7]]
[각질편성] 호후 7경주: 선행5·선입0·추입2 → ⚡ 빠른 페이스
[경륜전개] 호후 7경주: 하이(주도권 경합) · 라인 5개 · 페어 [[5, 2], [3, 7]]
[각질편성] 사세보 1경주: 선행2·선입0·추입5 → 보통 페이스
[경륜전개] 사세보 1경주: 보통 · 라인 2개 · 페어 [[1, 5], [6, 2]]
[각질편성] 오다와라 1경주: 선행5·선입0·추입4 → ⚡ 빠른 페이스
[경륜전개] 오다와라 1경주: 보통 · 라인 5개 · 페어 [[1, 5], [7, 3]]
[각질편성] 기후 1경주: 선행2·선입0·추입5 → 보통 페이스
[경륜전개] 기후 1경주: 보통 · 라인 2개 · 페어 [[7, 3], [1, 4]]
[각질편성] 사세보 2경주: 선행2·선입0·추입5 → 보통 페이스
[경륜전개] 사세보 2경주: 보통 · 라인 2개 · 페어 [[7, 2], [5, 1]]
[placeholder 필터] 기후 2경주 복승 껍데기 배당 3조합 제외(값: [100])
[placeholder 필터] 기후 2경주 복승 껍데기 배당 3조합 제외(값: [100])
[복승불일치 축교정] 사세보 2경주: 축 [2, 7]로 교정(자금이탈 강등 [1]·🔴🔴)
[각질편성] 기후 2경주: 선행3·선입0·추입4 → ⚡ 빠른 페이스
[각질편성] 기후 2경주: 선행3·선입0·추입4 → ⚡ 빠른 페이스
[경륜전개] 기후 2경주: 하이(주도권 경합) · 라인 3개 · 페어 [[3, 4], [7, 2], [6, 1]]
[경륜전개] 기후 2경주: 하이(주도권 경합) · 라인 3개 · 페어 [[3, 4], [7, 2], [6, 1]]
[각질편성] 오다와라 2경주: 선행4·선입0·추입5 → ⚡ 빠른 페이스
[경륜전개] 오다와라 2경주: 슬로우(단독 선행) · 라인 4개 · 페어 [[2, 7], [9, 1], [6, 4], [8, 3]]
[각질편성] 기후 2경주: 선행3·선입0·추입4 → ⚡ 빠른 페이스
[경륜전개] 기후 2경주: 하이(주도권 경합) · 라인 3개 · 페어 [[3, 4], [7, 2], [6, 1]]
[복승불일치 축교정] 기후 2경주: 축 [3, 4]로 교정(자금이탈 강등 [6]·🔴🔴)
[각질편성] 사세보 3경주: 선행4·선입0·추입3 → ⚡ 빠른 페이스
[경륜전개] 사세보 3경주: 하이(주도권 경합) · 라인 4개 · 페어 [[5, 1], [6, 2]]
[복승불일치 축교정] 사세보 3경주: 축 [1, 5]로 교정(자금이탈 강등 [7]·🔴🔴)
[placeholder 필터] 기후 2경주 복승 껍데기 배당 3조합 제외(값: [100])
[각질편성] 기후 2경주: 선행3·선입0·추입4 → ⚡ 빠른 페이스
[경륜전개] 기후 2경주: 하이(주도권 경합) · 라인 3개 · 페어 [[3, 4], [7, 2], [6, 1]]
[다중경주] 하트비트 #11 · 스케줄 ymd=20260801 (-1초 전 갱신 · 트랙 12개)
[placeholder 필터] 기후 2경주 복승 껍데기 배당 3조합 제외(값: [100])
[각질편성] 기후 2경주: 선행3·선입0·추입4 → ⚡ 빠른 페이스
[경륜전개] 기후 2경주: 하이(주도권 경합) · 라인 3개 · 페어 [[3, 4], [7, 2], [6, 1]]
[사설 우선] 기후 2경주: 최근 배당판(src=https://ks1.dke-d11diw.site/user_frame.php?PLACE_TYPE=JC) 유지 → oddspark(oddspark_bg) 백업 덮어쓰기 생략
[3종 수집] 사세보 3경주: {'quinella': 21, 'exacta': 42, 'trio': 0, 'win': 0} (history 4)
[각질편성] 사세보 3경주: 선행4·선입0·추입3 → ⚡ 빠른 페이스
[경륜전개] 사세보 3경주: 하이(주도권 경합) · 라인 4개 · 페어 [[5, 1], [6, 2]]
[복승불일치 축교정] 사세보 3경주: 축 [1, 5]로 교정(자금이탈 강등 [7]·🔴🔴)
[자동분석·배경] 사세보 3경주: 마감 468초 전 재분석(rec_history 누적·cycle)
[placeholder 필터] 기후 2경주 복승 껍데기 배당 3조합 제외(값: [100])
[placeholder 필터] 기후 2경주 복승 껍데기 배당 3조합 제외(값: [100])
[각질편성] 기후 2경주: 선행3·선입0·추입4 → ⚡ 빠른 페이스
[경륜전개] 기후 2경주: 하이(주도권 경합) · 라인 3개 · 페어 [[3, 4], [7, 2], [6, 1]]
[각질편성] 기후 2경주: 선행3·선입0·추입4 → ⚡ 빠른 페이스
[경륜전개] 기후 2경주: 하이(주도권 경합) · 라인 3개 · 페어 [[3, 4], [7, 2], [6, 1]]
[placeholder 필터] 기후 2경주 복승 껍데기 배당 3조합 제외(값: [100])
[각질편성] 기후 2경주: 선행3·선입0·추입4 → ⚡ 빠른 페이스
[경륜전개] 기후 2경주: 하이(주도권 경합) · 라인 3개 · 페어 [[3, 4], [7, 2], [6, 1]]
[placeholder 필터] 기후 2경주 복승 껍데기 배당 3조합 제외(값: [100])
[각질편성] 기후 2경주: 선행3·선입0·추입4 → ⚡ 빠른 페이스
[경륜전개] 기후 2경주: 하이(주도권 경합) · 라인 3개 · 페어 [[3, 4], [7, 2], [6, 1]]
[혼입가드] 기후 2경주: 마감 후 기준재설정 요청 무시 — 히스토리 보존(시계열 삭제 차단)
[3종 수집] 기후 2경주: {'quinella': 21, 'exacta': 42, 'trio': 0, 'win': 0} (history 2)
[3종 수집] 사세보 3경주: {'quinella': 21, 'exacta': 42, 'trio': 0, 'win': 0} (history 5)
[각질편성] 사세보 3경주: 선행4·선입0·추입3 → ⚡ 빠른 페이스
[경륜전개] 사세보 3경주: 하이(주도권 경합) · 라인 4개 · 페어 [[5, 1], [6, 2]]
[복승불일치 축교정] 사세보 3경주: 축 [1, 5]로 교정(자금이탈 강등 [7]·🔴🔴)
[자동분석·배경] 사세보 3경주: 마감 436초 전 재분석(rec_history 누적·cycle)
[각질편성] 사세보 3경주: 선행4·선입0·추입3 → ⚡ 빠른 페이스
[경륜전개] 사세보 3경주: 하이(주도권 경합) · 라인 4개 · 페어 [[5, 1], [6, 2]]
[복승불일치 축교정] 사세보 3경주: 축 [1, 5]로 교정(자금이탈 강등 [7]·🔴🔴)
[각질편성] 오다와라 2경주: 선행4·선입0·추입5 → ⚡ 빠른 페이스
[경륜전개] 오다와라 2경주: 슬로우(단독 선행) · 라인 4개 · 페어 [[2, 7], [9, 1], [6, 4], [8, 3]]
[각질편성] 오다와라 2경주: 선행4·선입0·추입5 → ⚡ 빠른 페이스
[경륜전개] 오다와라 2경주: 슬로우(단독 선행) · 라인 4개 · 페어 [[2, 7], [9, 1], [6, 4], [8, 3]]
[각질편성] 기후 2경주: 선행3·선입0·추입4 → ⚡ 빠른 페이스
[각질편성] 기후 2경주: 선행3·선입0·추입4 → ⚡ 빠른 페이스
[경륜전개] 기후 2경주: 하이(주도권 경합) · 라인 3개 · 페어 [[3, 4], [7, 2], [6, 1]]
[경륜전개] 기후 2경주: 하이(주도권 경합) · 라인 3개 · 페어 [[3, 4], [7, 2], [6, 1]]
[각질편성] 아오모리 4경주: 선행2·선입0·추입5 → 보통 페이스
[카카오알림] 사세보 3경주 T-7 → 큐 적재
[복승불일치 축교정] 기후 2경주: 축 [3, 4]로 교정(자금이탈 강등 [6]·🔴🔴)
[경륜전개] 아오모리 4경주: 슬로우(단독 선행) · 라인 2개 · 페어 [[2, 7], [4, 1]]
[복승불일치 축교정] 기후 2경주: 축 [3, 4]로 교정(자금이탈 강등 [6]·🔴🔴)
[복승불일치 축교정] 아오모리 4경주: 축 [1, 4]로 교정(자금이탈 강등 [7]·🔴🔴)
[각질편성] 호후 4경주: 선행2·선입0·추입5 → 보통 페이스
[경륜전개] 호후 4경주: 보통 · 라인 2개 · 페어 [[2, 7], [3, 4]]
[각질편성] 아오모리 5경주: 선행2·선입0·추입5 → 보통 페이스
[경륜전개] 아오모리 5경주: 보통 · 라인 2개 · 페어 [[3, 4], [5, 1]]
[복승불일치 축교정] 아오모리 5경주: 축 [1, 3]로 교정(자금이탈 강등 [6]·🔴)
[결과기록] 캐시 갱신 — 재파싱 1건 / 전체 1665건
[각질편성] 호후 5경주: 선행3·선입0·추입4 → ⚡ 빠른 페이스
[경륜전개] 호후 5경주: 보통 · 라인 3개 · 페어 [[5, 1], [4, 2], [3, 7]]
[각질편성] 아오모리 6경주: 선행4·선입0·추입3 → ⚡ 빠른 페이스
[경륜전개] 아오모리 6경주: 하이(주도권 경합) · 라인 4개 · 페어 [[1, 3], [7, 4], [6, 2]]
[placeholder 필터] 호후 6경주 쌍승 껍데기 배당 3조합 제외(값: [300.2])
[각질편성] 호후 6경주: 선행5·선입0·추입2 → ⚡ 빠른 페이스
[경륜전개] 호후 6경주: 보통 · 라인 5개 · 페어 [[5, 1], [4, 2]]
[placeholder 필터] 아오모리 7경주 쌍승 껍데기 배당 3조합 제외(값: [1703.0])
[각질편성] 아오모리 7경주: 선행5·선입0·추입2 → ⚡ 빠른 페이스
[경륜전개] 아오모리 7경주: 슬로우(단독 선행) · 라인 5개 · 페어 [[4, 5], [3, 7]]
[각질편성] 호후 7경주: 선행5·선입0·추입2 → ⚡ 빠른 페이스
[경륜전개] 호후 7경주: 하이(주도권 경합) · 라인 5개 · 페어 [[5, 2], [3, 7]]
[각질편성] 사세보 1경주: 선행2·선입0·추입5 → 보통 페이스
[경륜전개] 사세보 1경주: 보통 · 라인 2개 · 페어 [[1, 5], [6, 2]]
[각질편성] 오다와라 1경주: 선행5·선입0·추입4 → ⚡ 빠른 페이스
[경륜전개] 오다와라 1경주: 보통 · 라인 5개 · 페어 [[1, 5], [7, 3]]
[각질편성] 기후 2경주: 선행3·선입0·추입4 → ⚡ 빠른 페이스
[경륜전개] 기후 2경주: 하이(주도권 경합) · 라인 3개 · 페어 [[3, 4], [7, 2], [6, 1]]
[복승불일치 축교정] 기후 2경주: 축 [3, 4]로 교정(자금이탈 강등 [6]·🔴🔴)
[각질편성] 기후 1경주: 선행2·선입0·추입5 → 보통 페이스
[경륜전개] 기후 1경주: 보통 · 라인 2개 · 페어 [[7, 3], [1, 4]]
[각질편성] 사세보 2경주: 선행2·선입0·추입5 → 보통 페이스
[경륜전개] 사세보 2경주: 보통 · 라인 2개 · 페어 [[7, 2], [5, 1]]
[복승불일치 축교정] 사세보 2경주: 축 [2, 7]로 교정(자금이탈 강등 [1]·🔴🔴)
[각질편성] 오다와라 2경주: 선행4·선입0·추입5 → ⚡ 빠른 페이스
[경륜전개] 오다와라 2경주: 슬로우(단독 선행) · 라인 4개 · 페어 [[2, 7], [9, 1], [6, 4], [8, 3]]
[각질편성] 기후 2경주: 선행3·선입0·추입4 → ⚡ 빠른 페이스
[경륜전개] 기후 2경주: 하이(주도권 경합) · 라인 3개 · 페어 [[3, 4], [7, 2], [6, 1]]
[복승불일치 축교정] 기후 2경주: 축 [3, 4]로 교정(자금이탈 강등 [6]·🔴🔴)
[각질편성] 사세보 3경주: 선행4·선입0·추입3 → ⚡ 빠른 페이스
[경륜전개] 사세보 3경주: 하이(주도권 경합) · 라인 4개 · 페어 [[5, 1], [6, 2]]
[복승불일치 축교정] 사세보 3경주: 축 [1, 5]로 교정(자금이탈 강등 [7]·🔴🔴)
[각질편성] 기후 2경주: 선행3·선입0·추입4 → ⚡ 빠른 페이스
[경륜전개] 기후 2경주: 하이(주도권 경합) · 라인 3개 · 페어 [[3, 4], [7, 2], [6, 1]]
[각질편성] 기후 2경주: 선행3·선입0·추입4 → ⚡ 빠른 페이스
[경륜전개] 기후 2경주: 하이(주도권 경합) · 라인 3개 · 페어 [[3, 4], [7, 2], [6, 1]]
[복승불일치 축교정] 기후 2경주: 축 [3, 4]로 교정(자금이탈 강등 [6]·🔴🔴)
[복승불일치 축교정] 기후 2경주: 축 [3, 4]로 교정(자금이탈 강등 [6]·🔴🔴)
[각질편성] 기후 2경주: 선행3·선입0·추입4 → ⚡ 빠른 페이스
[경륜전개] 기후 2경주: 하이(주도권 경합) · 라인 3개 · 페어 [[3, 4], [7, 2], [6, 1]]
[복승불일치 축교정] 기후 2경주: 축 [3, 4]로 교정(자금이탈 강등 [6]·🔴🔴)
[3종 수집] 사세보 3경주: {'quinella': 21, 'exacta': 42, 'trio': 0, 'win': 0} (history 6)
[각질편성] 사세보 3경주: 선행4·선입0·추입3 → ⚡ 빠른 페이스
[경륜전개] 사세보 3경주: 하이(주도권 경합) · 라인 4개 · 페어 [[5, 1], [6, 2]]
[복승불일치 축교정] 사세보 3경주: 축 [1, 5]로 교정(자금이탈 강등 [7]·🔴🔴)
[자동분석·배경] 사세보 3경주: 마감 403초 전 재분석(rec_history 누적·cycle)
[각질편성] 기후 2경주: 선행3·선입0·추입4 → ⚡ 빠른 페이스
[경륜전개] 기후 2경주: 하이(주도권 경합) · 라인 3개 · 페어 [[3, 4], [7, 2], [6, 1]]
[복승불일치 축교정] 기후 2경주: 축 [3, 4]로 교정(자금이탈 강등 [6]·🔴🔴)
[각질편성] 기후 2경주: 선행3·선입0·추입4 → ⚡ 빠른 페이스
[각질편성] 기후 2경주: 선행3·선입0·추입4 → ⚡ 빠른 페이스
[경륜전개] 기후 2경주: 하이(주도권 경합) · 라인 3개 · 페어 [[3, 4], [7, 2], [6, 1]]
[경륜전개] 기후 2경주: 하이(주도권 경합) · 라인 3개 · 페어 [[3, 4], [7, 2], [6, 1]]
[복승불일치 축교정] 기후 2경주: 축 [3, 4]로 교정(자금이탈 강등 [6]·🔴🔴)
[복승불일치 축교정] 기후 2경주: 축 [3, 4]로 교정(자금이탈 강등 [6]·🔴🔴)
[각질편성] 기후 2경주: 선행3·선입0·추입4 → ⚡ 빠른 페이스
[경륜전개] 기후 2경주: 하이(주도권 경합) · 라인 3개 · 페어 [[3, 4], [7, 2], [6, 1]]
[복승불일치 축교정] 기후 2경주: 축 [3, 4]로 교정(자금이탈 강등 [6]·🔴🔴)
[각질편성] 오다와라 2경주: 선행4·선입0·추입5 → ⚡ 빠른 페이스
[각질편성] 아오모리 4경주: 선행2·선입0·추입5 → 보통 페이스
[경륜전개] 오다와라 2경주: 슬로우(단독 선행) · 라인 4개 · 페어 [[2, 7], [9, 1], [6, 4], [8, 3]]
[경륜전개] 아오모리 4경주: 슬로우(단독 선행) · 라인 2개 · 페어 [[2, 7], [4, 1]]
[각질편성] 오다와라 2경주: 선행4·선입0·추입5 → ⚡ 빠른 페이스
[복승불일치 축교정] 아오모리 4경주: 축 [1, 4]로 교정(자금이탈 강등 [7]·🔴🔴)
[각질편성] 기후 2경주: 선행3·선입0·추입4 → ⚡ 빠른 페이스
[경륜전개] 오다와라 2경주: 슬로우(단독 선행) · 라인 4개 · 페어 [[2, 7], [9, 1], [6, 4], [8, 3]]
[각질편성] 기후 2경주: 선행3·선입0·추입4 → ⚡ 빠른 페이스
[경륜전개] 기후 2경주: 하이(주도권 경합) · 라인 3개 · 페어 [[3, 4], [7, 2], [6, 1]]
[경륜전개] 기후 2경주: 하이(주도권 경합) · 라인 3개 · 페어 [[3, 4], [7, 2], [6, 1]]
[복승불일치 축교정] 기후 2경주: 축 [3, 4]로 교정(자금이탈 강등 [6]·🔴🔴)
[복승불일치 축교정] 기후 2경주: 축 [3, 4]로 교정(자금이탈 강등 [6]·🔴🔴)
[각질편성] 호후 4경주: 선행2·선입0·추입5 → 보통 페이스
[경륜전개] 호후 4경주: 보통 · 라인 2개 · 페어 [[2, 7], [3, 4]]
[각질편성] 아오모리 5경주: 선행2·선입0·추입5 → 보통 페이스
[경륜전개] 아오모리 5경주: 보통 · 라인 2개 · 페어 [[3, 4], [5, 1]]
[복승불일치 축교정] 아오모리 5경주: 축 [1, 3]로 교정(자금이탈 강등 [6]·🔴)
[각질편성] 호후 5경주: 선행3·선입0·추입4 → ⚡ 빠른 페이스
[경륜전개] 호후 5경주: 보통 · 라인 3개 · 페어 [[5, 1], [4, 2], [3, 7]]
[각질편성] 아오모리 6경주: 선행4·선입0·추입3 → ⚡ 빠른 페이스
[경륜전개] 아오모리 6경주: 하이(주도권 경합) · 라인 4개 · 페어 [[1, 3], [7, 4], [6, 2]]
[3종 수집] 사세보 3경주: {'quinella': 21, 'exacta': 42, 'trio': 0, 'win': 0} (history 7)
[결과기록] 캐시 갱신 — 재파싱 1건 / 전체 1665건
[placeholder 필터] 호후 6경주 쌍승 껍데기 배당 3조합 제외(값: [300.2])
[각질편성] 호후 6경주: 선행5·선입0·추입2 → ⚡ 빠른 페이스
[경륜전개] 호후 6경주: 보통 · 라인 5개 · 페어 [[5, 1], [4, 2]]
[placeholder 필터] 아오모리 7경주 쌍승 껍데기 배당 3조합 제외(값: [1703.0])
[각질편성] 아오모리 7경주: 선행5·선입0·추입2 → ⚡ 빠른 페이스
[경륜전개] 아오모리 7경주: 슬로우(단독 선행) · 라인 5개 · 페어 [[4, 5], [3, 7]]
[각질편성] 호후 7경주: 선행5·선입0·추입2 → ⚡ 빠른 페이스
[각질편성] 사세보 3경주: 선행4·선입0·추입3 → ⚡ 빠른 페이스
[경륜전개] 호후 7경주: 하이(주도권 경합) · 라인 5개 · 페어 [[5, 2], [3, 7]]
[경륜전개] 사세보 3경주: 하이(주도권 경합) · 라인 4개 · 페어 [[5, 1], [6, 2]]
[복승불일치 축교정] 사세보 3경주: 축 [1, 5]로 교정(자금이탈 강등 [7]·🔴🔴)
[각질편성] 사세보 1경주: 선행2·선입0·추입5 → 보통 페이스
[경륜전개] 사세보 1경주: 보통 · 라인 2개 · 페어 [[1, 5], [6, 2]]
[자동분석·배경] 사세보 3경주: 마감 371초 전 재분석(rec_history 누적·cycle)
[각질편성] 기후 2경주: 선행3·선입0·추입4 → ⚡ 빠른 페이스
[경륜전개] 기후 2경주: 하이(주도권 경합) · 라인 3개 · 페어 [[3, 4], [7, 2], [6, 1]]
[복승불일치 축교정] 기후 2경주: 축 [3, 4]로 교정(자금이탈 강등 [6]·🔴🔴)
[각질편성] 기후 2경주: 선행3·선입0·추입4 → ⚡ 빠른 페이스
[경륜전개] 기후 2경주: 하이(주도권 경합) · 라인 3개 · 페어 [[3, 4], [7, 2], [6, 1]]
[복승불일치 축교정] 기후 2경주: 축 [3, 4]로 교정(자금이탈 강등 [6]·🔴🔴)
[각질편성] 오다와라 1경주: 선행5·선입0·추입4 → ⚡ 빠른 페이스
[경륜전개] 오다와라 1경주: 보통 · 라인 5개 · 페어 [[1, 5], [7, 3]]
[각질편성] 기후 1경주: 선행2·선입0·추입5 → 보통 페이스
[경륜전개] 기후 1경주: 보통 · 라인 2개 · 페어 [[7, 3], [1, 4]]
[각질편성] 사세보 2경주: 선행2·선입0·추입5 → 보통 페이스
[경륜전개] 사세보 2경주: 보통 · 라인 2개 · 페어 [[7, 2], [5, 1]]
[복승불일치 축교정] 사세보 2경주: 축 [2, 7]로 교정(자금이탈 강등 [1]·🔴🔴)
[각질편성] 오다와라 2경주: 선행4·선입0·추입5 → ⚡ 빠른 페이스
[경륜전개] 오다와라 2경주: 슬로우(단독 선행) · 라인 4개 · 페어 [[2, 7], [9, 1], [6, 4], [8, 3]]
[각질편성] 기후 2경주: 선행3·선입0·추입4 → ⚡ 빠른 페이스
[경륜전개] 기후 2경주: 하이(주도권 경합) · 라인 3개 · 페어 [[3, 4], [7, 2], [6, 1]]
[복승불일치 축교정] 기후 2경주: 축 [3, 4]로 교정(자금이탈 강등 [6]·🔴🔴)
[각질편성] 사세보 3경주: 선행4·선입0·추입3 → ⚡ 빠른 페이스
[경륜전개] 사세보 3경주: 하이(주도권 경합) · 라인 4개 · 페어 [[5, 1], [6, 2]]
[복승불일치 축교정] 사세보 3경주: 축 [1, 5]로 교정(자금이탈 강등 [7]·🔴🔴)
[각질편성] 기후 2경주: 선행3·선입0·추입4 → ⚡ 빠른 페이스
[경륜전개] 기후 2경주: 하이(주도권 경합) · 라인 3개 · 페어 [[3, 4], [7, 2], [6, 1]]
[각질편성] 기후 2경주: 선행3·선입0·추입4 → ⚡ 빠른 페이스
[경륜전개] 기후 2경주: 하이(주도권 경합) · 라인 3개 · 페어 [[3, 4], [7, 2], [6, 1]]
[복승불일치 축교정] 기후 2경주: 축 [3, 4]로 교정(자금이탈 강등 [6]·🔴🔴)
[복승불일치 축교정] 기후 2경주: 축 [3, 4]로 교정(자금이탈 강등 [6]·🔴🔴)
[각질편성] 기후 2경주: 선행3·선입0·추입4 → ⚡ 빠른 페이스
[경륜전개] 기후 2경주: 하이(주도권 경합) · 라인 3개 · 페어 [[3, 4], [7, 2], [6, 1]]
[복승불일치 축교정] 기후 2경주: 축 [3, 4]로 교정(자금이탈 강등 [6]·🔴🔴)
[각질편성] 기후 2경주: 선행3·선입0·추입4 → ⚡ 빠른 페이스
[경륜전개] 기후 2경주: 하이(주도권 경합) · 라인 3개 · 페어 [[3, 4], [7, 2], [6, 1]]
[복승불일치 축교정] 기후 2경주: 축 [3, 4]로 교정(자금이탈 강등 [6]·🔴🔴)
[3종 수집] 사세보 3경주: {'quinella': 21, 'exacta': 42, 'trio': 0, 'win': 0} (history 8)
[각질편성] 사세보 3경주: 선행4·선입0·추입3 → ⚡ 빠른 페이스
[경륜전개] 사세보 3경주: 하이(주도권 경합) · 라인 4개 · 페어 [[5, 1], [6, 2]]
[복승불일치 축교정] 사세보 3경주: 축 [1, 5]로 교정(자금이탈 강등 [7]·🔴🔴)
[자동분석·배경] 사세보 3경주: 마감 337초 전 재분석(rec_history 누적·cycle)
[각질편성] 기후 2경주: 선행3·선입0·추입4 → ⚡ 빠른 페이스
[경륜전개] 기후 2경주: 하이(주도권 경합) · 라인 3개 · 페어 [[3, 4], [7, 2], [6, 1]]
[복승불일치 축교정] 기후 2경주: 축 [3, 4]로 교정(자금이탈 강등 [6]·🔴🔴)
[각질편성] 기후 2경주: 선행3·선입0·추입4 → ⚡ 빠른 페이스
[각질편성] 기후 2경주: 선행3·선입0·추입4 → ⚡ 빠른 페이스
[경륜전개] 기후 2경주: 하이(주도권 경합) · 라인 3개 · 페어 [[3, 4], [7, 2], [6, 1]]
[경륜전개] 기후 2경주: 하이(주도권 경합) · 라인 3개 · 페어 [[3, 4], [7, 2], [6, 1]]
[복승불일치 축교정] 기후 2경주: 축 [3, 4]로 교정(자금이탈 강등 [6]·🔴🔴)
[복승불일치 축교정] 기후 2경주: 축 [3, 4]로 교정(자금이탈 강등 [6]·🔴🔴)
[각질편성] 오다와라 2경주: 선행4·선입0·추입5 → ⚡ 빠른 페이스
[경륜전개] 오다와라 2경주: 슬로우(단독 선행) · 라인 4개 · 페어 [[2, 7], [9, 1], [6, 4], [8, 3]]
[각질편성] 오다와라 2경주: 선행4·선입0·추입5 → ⚡ 빠른 페이스
[각질편성] 아오모리 4경주: 선행2·선입0·추입5 → 보통 페이스
[경륜전개] 오다와라 2경주: 슬로우(단독 선행) · 라인 4개 · 페어 [[2, 7], [9, 1], [6, 4], [8, 3]]
[경륜전개] 아오모리 4경주: 슬로우(단독 선행) · 라인 2개 · 페어 [[2, 7], [4, 1]]
[각질편성] 기후 2경주: 선행3·선입0·추입4 → ⚡ 빠른 페이스
[각질편성] 기후 2경주: 선행3·선입0·추입4 → ⚡ 빠른 페이스
[경륜전개] 기후 2경주: 하이(주도권 경합) · 라인 3개 · 페어 [[3, 4], [7, 2], [6, 1]]
[경륜전개] 기후 2경주: 하이(주도권 경합) · 라인 3개 · 페어 [[3, 4], [7, 2], [6, 1]]
[복승불일치 축교정] 아오모리 4경주: 축 [1, 4]로 교정(자금이탈 강등 [7]·🔴🔴)
[복승불일치 축교정] 기후 2경주: 축 [3, 4]로 교정(자금이탈 강등 [6]·🔴🔴)
[복승불일치 축교정] 기후 2경주: 축 [3, 4]로 교정(자금이탈 강등 [6]·🔴🔴)
[각질편성] 호후 4경주: 선행2·선입0·추입5 → 보통 페이스
[경륜전개] 호후 4경주: 보통 · 라인 2개 · 페어 [[2, 7], [3, 4]]
[각질편성] 아오모리 5경주: 선행2·선입0·추입5 → 보통 페이스
[경륜전개] 아오모리 5경주: 보통 · 라인 2개 · 페어 [[3, 4], [5, 1]]
[복승불일치 축교정] 아오모리 5경주: 축 [1, 3]로 교정(자금이탈 강등 [6]·🔴)
[각질편성] 호후 5경주: 선행3·선입0·추입4 → ⚡ 빠른 페이스
[경륜전개] 호후 5경주: 보통 · 라인 3개 · 페어 [[5, 1], [4, 2], [3, 7]]
[각질편성] 아오모리 6경주: 선행4·선입0·추입3 → ⚡ 빠른 페이스
[경륜전개] 아오모리 6경주: 하이(주도권 경합) · 라인 4개 · 페어 [[1, 3], [7, 4], [6, 2]]
[결과기록] 캐시 갱신 — 재파싱 1건 / 전체 1665건
[placeholder 필터] 호후 6경주 쌍승 껍데기 배당 3조합 제외(값: [300.2])
[각질편성] 호후 6경주: 선행5·선입0·추입2 → ⚡ 빠른 페이스
[경륜전개] 호후 6경주: 보통 · 라인 5개 · 페어 [[5, 1], [4, 2]]
[placeholder 필터] 아오모리 7경주 쌍승 껍데기 배당 3조합 제외(값: [1703.0])
[각질편성] 아오모리 7경주: 선행5·선입0·추입2 → ⚡ 빠른 페이스
[경륜전개] 아오모리 7경주: 슬로우(단독 선행) · 라인 5개 · 페어 [[4, 5], [3, 7]]
[각질편성] 호후 7경주: 선행5·선입0·추입2 → ⚡ 빠른 페이스
[경륜전개] 호후 7경주: 하이(주도권 경합) · 라인 5개 · 페어 [[5, 2], [3, 7]]
[각질편성] 사세보 1경주: 선행2·선입0·추입5 → 보통 페이스
[경륜전개] 사세보 1경주: 보통 · 라인 2개 · 페어 [[1, 5], [6, 2]]
[각질편성] 오다와라 1경주: 선행5·선입0·추입4 → ⚡ 빠른 페이스
[경륜전개] 오다와라 1경주: 보통 · 라인 5개 · 페어 [[1, 5], [7, 3]]
[각질편성] 기후 1경주: 선행2·선입0·추입5 → 보통 페이스
[경륜전개] 기후 1경주: 보통 · 라인 2개 · 페어 [[7, 3], [1, 4]]
[각질편성] 기후 2경주: 선행3·선입0·추입4 → ⚡ 빠른 페이스
[경륜전개] 기후 2경주: 하이(주도권 경합) · 라인 3개 · 페어 [[3, 4], [7, 2], [6, 1]]
[복승불일치 축교정] 기후 2경주: 축 [3, 4]로 교정(자금이탈 강등 [6]·🔴🔴)
[각질편성] 사세보 2경주: 선행2·선입0·추입5 → 보통 페이스
[경륜전개] 사세보 2경주: 보통 · 라인 2개 · 페어 [[7, 2], [5, 1]]
[복승불일치 축교정] 사세보 2경주: 축 [2, 7]로 교정(자금이탈 강등 [1]·🔴🔴)
[각질편성] 오다와라 2경주: 선행4·선입0·추입5 → ⚡ 빠른 페이스
[경륜전개] 오다와라 2경주: 슬로우(단독 선행) · 라인 4개 · 페어 [[2, 7], [9, 1], [6, 4], [8, 3]]
[각질편성] 기후 2경주: 선행3·선입0·추입4 → ⚡ 빠른 페이스
[경륜전개] 기후 2경주: 하이(주도권 경합) · 라인 3개 · 페어 [[3, 4], [7, 2], [6, 1]]
[복승불일치 축교정] 기후 2경주: 축 [3, 4]로 교정(자금이탈 강등 [6]·🔴🔴)
[각질편성] 사세보 3경주: 선행4·선입0·추입3 → ⚡ 빠른 페이스
[경륜전개] 사세보 3경주: 하이(주도권 경합) · 라인 4개 · 페어 [[5, 1], [6, 2]]
[복승불일치 축교정] 사세보 3경주: 축 [1, 5]로 교정(자금이탈 강등 [7]·🔴🔴)
[3종 수집] 사세보 3경주: {'quinella': 21, 'exacta': 42, 'trio': 0, 'win': 0} (history 9)
[각질편성] 사세보 3경주: 선행4·선입0·추입3 → ⚡ 빠른 페이스
[경륜전개] 사세보 3경주: 하이(주도권 경합) · 라인 4개 · 페어 [[5, 1], [6, 2]]
[복승불일치 축교정] 사세보 3경주: 축 [1, 5]로 교정(자금이탈 강등 [7]·🔴🔴)
[자동분석·배경] 사세보 3경주: 마감 305초 전 재분석(rec_history 누적·cycle)
[각질편성] 사세보 3경주: 선행4·선입0·추입3 → ⚡ 빠른 페이스
[경륜전개] 사세보 3경주: 하이(주도권 경합) · 라인 4개 · 페어 [[5, 1], [6, 2]]
[복승불일치 축교정] 사세보 3경주: 축 [1, 5]로 교정(자금이탈 강등 [7]·🔴🔴)
[카카오알림] 사세보 3경주 T-5 → 큐 적재
[각질편성] 기후 2경주: 선행3·선입0·추입4 → ⚡ 빠른 페이스
[경륜전개] 기후 2경주: 하이(주도권 경합) · 라인 3개 · 페어 [[3, 4], [7, 2], [6, 1]]
[복승불일치 축교정] 기후 2경주: 축 [3, 4]로 교정(자금이탈 강등 [6]·🔴🔴)
[각질편성] 기후 2경주: 선행3·선입0·추입4 → ⚡ 빠른 페이스
[각질편성] 기후 2경주: 선행3·선입0·추입4 → ⚡ 빠른 페이스
[경륜전개] 기후 2경주: 하이(주도권 경합) · 라인 3개 · 페어 [[3, 4], [7, 2], [6, 1]]
[경륜전개] 기후 2경주: 하이(주도권 경합) · 라인 3개 · 페어 [[3, 4], [7, 2], [6, 1]]
[복승불일치 축교정] 기후 2경주: 축 [3, 4]로 교정(자금이탈 강등 [6]·🔴🔴)
[복승불일치 축교정] 기후 2경주: 축 [3, 4]로 교정(자금이탈 강등 [6]·🔴🔴)
[각질편성] 기후 2경주: 선행3·선입0·추입4 → ⚡ 빠른 페이스
[경륜전개] 기후 2경주: 하이(주도권 경합) · 라인 3개 · 페어 [[3, 4], [7, 2], [6, 1]]
[복승불일치 축교정] 기후 2경주: 축 [3, 4]로 교정(자금이탈 강등 [6]·🔴🔴)
[3종 수집] 사세보 3경주: {'quinella': 21, 'exacta': 42, 'trio': 0, 'win': 0} (history 10)
[각질편성] 사세보 3경주: 선행4·선입0·추입3 → ⚡ 빠른 페이스
[경륜전개] 사세보 3경주: 하이(주도권 경합) · 라인 4개 · 페어 [[5, 1], [6, 2]]
[복병 이동 상한] 1+2 71.2배 > 특별상한 50.0배 → 💎 노출 제외(참고)
[경륜 추천 모순 수정] 고배당 강제조합 1건 메인→복병 이동(25배 상한)
[경륜 추천 개수] 7명 → 메인 3개(상한 3) · 복병 이동 1개
[자동예상] 사세보 3경주 최종예상 저장(2026_08_01_사세보_3경주.json)
[각질편성] 사세보 3경주: 선행4·선입0·추입3 → ⚡ 빠른 페이스
[경륜전개] 사세보 3경주: 하이(주도권 경합) · 라인 4개 · 페어 [[5, 1], [6, 2]]
[복병 이동 상한] 1+2 71.2배 > 특별상한 50.0배 → 💎 노출 제외(참고)
[경륜 추천 모순 수정] 고배당 강제조합 1건 메인→복병 이동(25배 상한)
[경륜 추천 개수] 7명 → 메인 3개(상한 3) · 복병 이동 1개
[자동분석·배경] 사세보 3경주: 마감 273초 전 재분석(rec_history 누적·cycle)
[카톡 변경알림·즉시] 사세보 3경주 (남은 273s): 삼복승 제외: 1+2+5 · 1+3+5
[각질편성] 기후 2경주: 선행3·선입0·추입4 → ⚡ 빠른 페이스
[경륜전개] 기후 2경주: 하이(주도권 경합) · 라인 3개 · 페어 [[3, 4], [7, 2], [6, 1]]
[복승불일치 축교정] 기후 2경주: 축 [3, 4]로 교정(자금이탈 강등 [6]·🔴🔴)
📊 [채점] 사세보 2경주: Gemini 2/3 ↔ 시장 3/3 · 놓침 [4]
📝 [복기] 사세보 2경주: 4번 徳吉 広紀는 '7/31 예선 6착' 등 최근 성적이 저조하여 추입형임에도 불구하고 상 → 규칙(4): 선행형 간의 강한 주도권 다툼이 예상될 경우, 등급이 낮더라도 복병 추입형의 최근 착순 분포와 기어비 변화를
[각질편성] 사세보 2경주: 선행2·선입0·추입5 → 보통 페이스
[경륜전개] 사세보 2경주: 보통 · 라인 2개 · 페어 [[7, 2], [5, 1]]
[복승불일치 축교정] 사세보 2경주: 축 [2, 7]로 교정(자금이탈 강등 [1]·🔴🔴)
[보조조합 적중] 사세보 2경주 · 2+4+7 (삼복승 보험) — 승격 후보 표본 누적
[신호별학습] 사세보 2경주 · 활성신호 ['급락', '전적이중수렴', '크로스역배열'] · 유력마적중 복승=True 삼복승=True
[결과 수정] 사세보 2경주: 기존 레코드 교체(재입력)
[복병케이스] 사세보 2경주: 복병 7두 저장(입상 3)
[각질편성] 사세보 2경주: 선행2·선입0·추입5 → 보통 페이스
[경륜전개] 사세보 2경주: 보통 · 라인 2개 · 페어 [[7, 2], [5, 1]]
[복승불일치 축교정] 사세보 2경주: 축 [2, 7]로 교정(자금이탈 강등 [1]·🔴🔴)
[readonly 잠금] 사세보 2경주: 마감 확정 파일 — corePicks/시계열 보존, result/hit만 업데이트 허용
[마감 동결] 사세보 2경주: 확정본 복원(출처 closed_row · 기준 11:08:27)
[각질편성] 기후 2경주: 선행3·선입0·추입4 → ⚡ 빠른 페이스
[각질편성] 기후 2경주: 선행3·선입0·추입4 → ⚡ 빠른 페이스
[경륜전개] 기후 2경주: 하이(주도권 경합) · 라인 3개 · 페어 [[3, 4], [7, 2], [6, 1]]
[경륜전개] 기후 2경주: 하이(주도권 경합) · 라인 3개 · 페어 [[3, 4], [7, 2], [6, 1]]
[복승불일치 축교정] 기후 2경주: 축 [3, 4]로 교정(자금이탈 강등 [6]·🔴🔴)
[복승불일치 축교정] 기후 2경주: 축 [3, 4]로 교정(자금이탈 강등 [6]·🔴🔴)
[패턴발견] 결과 1525경주 스캔 → 발견 패턴 10개(기준 적중률 35.3%)
[자동학습] 사세보 2경주 결과 [2, 7, 4] → 추천적중 True, 급락적중 False, 전적유력마 1(실패), 제거적중 False
📊 [채점] 기후 1경주: Gemini 2/3 ↔ 시장 2/3 · 놓침 [5]
📝 [복기] 기후 1경주: 5번은 이전 경주에서 선행마와의 경쟁 중에도 준수한 후반 가속력을 보였으며, 서북서풍의 영 → 규칙(3): 바람의 영향으로 선행마가 약해질 때, 직전 경주에서 후반 가속력이 좋은 추입형 말을 잠재적인 변수로 고려한다
[각질편성] 기후 1경주: 선행2·선입0·추입5 → 보통 페이스
[경륜전개] 기후 1경주: 보통 · 라인 2개 · 페어 [[7, 3], [1, 4]]
[각질편성] 오다와라 2경주: 선행4·선입0·추입5 → ⚡ 빠른 페이스
[경륜전개] 오다와라 2경주: 슬로우(단독 선행) · 라인 4개 · 페어 [[2, 7], [9, 1], [6, 4], [8, 3]]
[각질편성] 오다와라 2경주: 선행4·선입0·추입5 → ⚡ 빠른 페이스
[각질편성] 아오모리 4경주: 선행2·선입0·추입5 → 보통 페이스
[경륜전개] 오다와라 2경주: 슬로우(단독 선행) · 라인 4개 · 페어 [[2, 7], [9, 1], [6, 4], [8, 3]]
[경륜전개] 아오모리 4경주: 슬로우(단독 선행) · 라인 2개 · 페어 [[2, 7], [4, 1]]
[각질편성] 기후 2경주: 선행3·선입0·추입4 → ⚡ 빠른 페이스
[복승불일치 축교정] 아오모리 4경주: 축 [1, 4]로 교정(자금이탈 강등 [7]·🔴🔴)
[각질편성] 기후 2경주: 선행3·선입0·추입4 → ⚡ 빠른 페이스
[경륜전개] 기후 2경주: 하이(주도권 경합) · 라인 3개 · 페어 [[3, 4], [7, 2], [6, 1]]
[경륜전개] 기후 2경주: 하이(주도권 경합) · 라인 3개 · 페어 [[3, 4], [7, 2], [6, 1]]
[복승불일치 축교정] 기후 2경주: 축 [3, 4]로 교정(자금이탈 강등 [6]·🔴🔴)
[복승불일치 축교정] 기후 2경주: 축 [3, 4]로 교정(자금이탈 강등 [6]·🔴🔴)
[각질편성] 호후 4경주: 선행2·선입0·추입5 → 보통 페이스
[경륜전개] 호후 4경주: 보통 · 라인 2개 · 페어 [[2, 7], [3, 4]]
[각질편성] 아오모리 5경주: 선행2·선입0·추입5 → 보통 페이스
[경륜전개] 아오모리 5경주: 보통 · 라인 2개 · 페어 [[3, 4], [5, 1]]
[복승불일치 축교정] 아오모리 5경주: 축 [1, 3]로 교정(자금이탈 강등 [6]·🔴)
[각질편성] 호후 5경주: 선행3·선입0·추입4 → ⚡ 빠른 페이스
[경륜전개] 호후 5경주: 보통 · 라인 3개 · 페어 [[5, 1], [4, 2], [3, 7]]
[결과기록] 캐시 갱신 — 재파싱 2건 / 전체 1665건
[각질편성] 아오모리 6경주: 선행4·선입0·추입3 → ⚡ 빠른 페이스
[경륜전개] 아오모리 6경주: 하이(주도권 경합) · 라인 4개 · 페어 [[1, 3], [7, 4], [6, 2]]
[placeholder 필터] 호후 6경주 쌍승 껍데기 배당 3조합 제외(값: [300.2])
[각질편성] 호후 6경주: 선행5·선입0·추입2 → ⚡ 빠른 페이스
[경륜전개] 호후 6경주: 보통 · 라인 5개 · 페어 [[5, 1], [4, 2]]
[신호별학습] 기후 1경주 · 활성신호 ['급락', '전적이중수렴'] · 유력마적중 복승=True 삼복승=True
[결과 수정] 기후 1경주: 기존 레코드 교체(재입력)
[placeholder 필터] 아오모리 7경주 쌍승 껍데기 배당 3조합 제외(값: [1703.0])
[각질편성] 아오모리 7경주: 선행5·선입0·추입2 → ⚡ 빠른 페이스
[경륜전개] 아오모리 7경주: 슬로우(단독 선행) · 라인 5개 · 페어 [[4, 5], [3, 7]]
[각질편성] 호후 7경주: 선행5·선입0·추입2 → ⚡ 빠른 페이스
[경륜전개] 호후 7경주: 하이(주도권 경합) · 라인 5개 · 페어 [[5, 2], [3, 7]]
[각질편성] 기후 2경주: 선행3·선입0·추입4 → ⚡ 빠른 페이스
[경륜전개] 기후 2경주: 하이(주도권 경합) · 라인 3개 · 페어 [[3, 4], [7, 2], [6, 1]]
[복승불일치 축교정] 기후 2경주: 축 [3, 4]로 교정(자금이탈 강등 [6]·🔴🔴)
[각질편성] 사세보 1경주: 선행2·선입0·추입5 → 보통 페이스
[경륜전개] 사세보 1경주: 보통 · 라인 2개 · 페어 [[1, 5], [6, 2]]
[복병케이스] 기후 1경주: 복병 4두 저장(입상 3)
[각질편성] 오다와라 1경주: 선행5·선입0·추입4 → ⚡ 빠른 페이스
[경륜전개] 오다와라 1경주: 보통 · 라인 5개 · 페어 [[1, 5], [7, 3]]
[각질편성] 기후 1경주: 선행2·선입0·추입5 → 보통 페이스
[경륜전개] 기후 1경주: 보통 · 라인 2개 · 페어 [[7, 3], [1, 4]]
[각질편성] 사세보 2경주: 선행2·선입0·추입5 → 보통 페이스
[경륜전개] 사세보 2경주: 보통 · 라인 2개 · 페어 [[7, 2], [5, 1]]
[복승불일치 축교정] 사세보 2경주: 축 [2, 7]로 교정(자금이탈 강등 [1]·🔴🔴)
[각질편성] 오다와라 2경주: 선행4·선입0·추입5 → ⚡ 빠른 페이스
[경륜전개] 오다와라 2경주: 슬로우(단독 선행) · 라인 4개 · 페어 [[2, 7], [9, 1], [6, 4], [8, 3]]
[각질편성] 기후 2경주: 선행3·선입0·추입4 → ⚡ 빠른 페이스
[경륜전개] 기후 2경주: 하이(주도권 경합) · 라인 3개 · 페어 [[3, 4], [7, 2], [6, 1]]
[복승불일치 축교정] 기후 2경주: 축 [3, 4]로 교정(자금이탈 강등 [6]·🔴🔴)
[각질편성] 사세보 3경주: 선행4·선입0·추입3 → ⚡ 빠른 페이스
[경륜전개] 사세보 3경주: 하이(주도권 경합) · 라인 4개 · 페어 [[5, 1], [6, 2]]
[복병 이동 상한] 1+2 71.2배 > 특별상한 50.0배 → 💎 노출 제외(참고)
[경륜 추천 모순 수정] 고배당 강제조합 1건 메인→복병 이동(25배 상한)
[경륜 추천 개수] 7명 → 메인 3개(상한 3) · 복병 이동 1개
[각질편성] 기후 1경주: 선행2·선입0·추입5 → 보통 페이스
[경륜전개] 기후 1경주: 보통 · 라인 2개 · 페어 [[7, 3], [1, 4]]
[readonly 잠금] 기후 1경주: 마감 확정 파일 — corePicks/시계열 보존, result/hit만 업데이트 허용
[마감 동결] 기후 1경주: 확정본 복원(출처 closed_row · 기준 11:00:17)
[패턴발견] 결과 1526경주 스캔 → 발견 패턴 10개(기준 적중률 35.4%)
[자동학습] 기후 1경주 결과 [7, 3, 5] → 추천적중 True, 급락적중 False, 전적유력마 1(실패), 제거적중 False
🔴 [joCode 미등록] 삿포로 — 결과 백필·경주 흐름 수집이 **통째로 스킵**됩니다. RaceKekka.do 를 joCode 01~89 로 조회해 <title>의 ○○競輪 로 확정 후 KEIRIN_JO 에 추가하십시오.
🔴 [joCode 미등록] 중경 — 결과 백필·경주 흐름 수집이 **통째로 스킵**됩니다. RaceKekka.do 를 joCode 01~89 로 조회해 <title>의 ○○競輪 로 확정 후 KEIRIN_JO 에 추가하십시오.
[경륜 결과 백필] 2026-08-01: 시도 5 · 성공 2 · 실패 3
  ↳ 실패: 사세보 3경주 - 결과 미게시/파싱 실패
  ↳ 실패: 기후 2경주 - 결과 미게시/파싱 실패
  ↳ 실패: 오다와라 2경주 - 결과 미게시/파싱 실패
[3종 수집] 사세보 3경주: {'quinella': 21, 'exacta': 42, 'trio': 0, 'win': 0} (history 11)
[각질편성] 사세보 3경주: 선행4·선입0·추입3 → ⚡ 빠른 페이스
[경륜전개] 사세보 3경주: 하이(주도권 경합) · 라인 4개 · 페어 [[5, 1], [6, 2]]
[복승불일치 축교정] 사세보 3경주: 축 [1, 5]로 교정(자금이탈 강등 [7]·🔴🔴)
[경륜 추천 모순 수정] 고배당 강제조합 1건 메인→복병 이동(25배 상한)
🔎 [결정론 검수] 사세보 3경주: B라인누락
[자동분석·배경] 사세보 3경주: 마감 241초 전 재분석(rec_history 누적·cycle)
[데이터백업] commit 건너뜀: 
[각질편성] 기후 2경주: 선행3·선입0·추입4 → ⚡ 빠른 페이스
[경륜전개] 기후 2경주: 하이(주도권 경합) · 라인 3개 · 페어 [[3, 4], [7, 2], [6, 1]]
[복승불일치 축교정] 기후 2경주: 축 [3, 4]로 교정(자금이탈 강등 [6]·🔴🔴)
[각질편성] 기후 2경주: 선행3·선입0·추입4 → ⚡ 빠른 페이스
[각질편성] 기후 2경주: 선행3·선입0·추입4 → ⚡ 빠른 페이스
[경륜전개] 기후 2경주: 하이(주도권 경합) · 라인 3개 · 페어 [[3, 4], [7, 2], [6, 1]]
[경륜전개] 기후 2경주: 하이(주도권 경합) · 라인 3개 · 페어 [[3, 4], [7, 2], [6, 1]]
[복승불일치 축교정] 기후 2경주: 축 [3, 4]로 교정(자금이탈 강등 [6]·🔴🔴)
[복승불일치 축교정] 기후 2경주: 축 [3, 4]로 교정(자금이탈 강등 [6]·🔴🔴)
[데이터백업] ✅ GitHub 반영: 결과 자동백업: 기후 1경주 7-3-5
[각질편성] 기후 2경주: 선행3·선입0·추입4 → ⚡ 빠른 페이스
[경륜전개] 기후 2경주: 하이(주도권 경합) · 라인 3개 · 페어 [[3, 4], [7, 2], [6, 1]]
[복승불일치 축교정] 기후 2경주: 축 [3, 4]로 교정(자금이탈 강등 [6]·🔴🔴)
[각질편성] 기후 2경주: 선행3·선입0·추입4 → ⚡ 빠른 페이스
[경륜전개] 기후 2경주: 하이(주도권 경합) · 라인 3개 · 페어 [[3, 4], [7, 2], [6, 1]]
[복승불일치 축교정] 기후 2경주: 축 [3, 4]로 교정(자금이탈 강등 [6]·🔴🔴)
[3종 수집] 사세보 3경주: {'quinella': 21, 'exacta': 42, 'trio': 0, 'win': 0} (history 12)
[각질편성] 사세보 3경주: 선행4·선입0·추입3 → ⚡ 빠른 페이스
[경륜전개] 사세보 3경주: 하이(주도권 경합) · 라인 4개 · 페어 [[5, 1], [6, 2]]
[복승불일치 축교정] 사세보 3경주: 축 [1, 5]로 교정(자금이탈 강등 [7]·🔴🔴)
[경륜 추천 모순 수정] 고배당 강제조합 1건 메인→복병 이동(25배 상한)
[자동분석·배경] 사세보 3경주: 마감 208초 전 재분석(rec_history 누적·cycle)
[각질편성] 기후 2경주: 선행3·선입0·추입4 → ⚡ 빠른 페이스
[경륜전개] 기후 2경주: 하이(주도권 경합) · 라인 3개 · 페어 [[3, 4], [7, 2], [6, 1]]
[복승불일치 축교정] 기후 2경주: 축 [3, 4]로 교정(자금이탈 강등 [6]·🔴🔴)
[각질편성] 오다와라 2경주: 선행4·선입0·추입5 → ⚡ 빠른 페이스
[경륜전개] 오다와라 2경주: 슬로우(단독 선행) · 라인 4개 · 페어 [[2, 7], [9, 1], [6, 4], [8, 3]]
[각질편성] 아오모리 4경주: 선행2·선입0·추입5 → 보통 페이스
[각질편성] 오다와라 2경주: 선행4·선입0·추입5 → ⚡ 빠른 페이스
[경륜전개] 오다와라 2경주: 슬로우(단독 선행) · 라인 4개 · 페어 [[2, 7], [9, 1], [6, 4], [8, 3]]
[경륜전개] 아오모리 4경주: 슬로우(단독 선행) · 라인 2개 · 페어 [[2, 7], [4, 1]]
[각질편성] 기후 2경주: 선행3·선입0·추입4 → ⚡ 빠른 페이스
[각질편성] 기후 2경주: 선행3·선입0·추입4 → ⚡ 빠른 페이스
[경륜전개] 기후 2경주: 하이(주도권 경합) · 라인 3개 · 페어 [[3, 4], [7, 2], [6, 1]]
[경륜전개] 기후 2경주: 하이(주도권 경합) · 라인 3개 · 페어 [[3, 4], [7, 2], [6, 1]]
[복승불일치 축교정] 아오모리 4경주: 축 [1, 4]로 교정(자금이탈 강등 [7]·🔴🔴)
[복승불일치 축교정] 기후 2경주: 축 [3, 4]로 교정(자금이탈 강등 [6]·🔴🔴)
[복승불일치 축교정] 기후 2경주: 축 [3, 4]로 교정(자금이탈 강등 [6]·🔴🔴)
[각질편성] 호후 4경주: 선행2·선입0·추입5 → 보통 페이스
[경륜전개] 호후 4경주: 보통 · 라인 2개 · 페어 [[2, 7], [3, 4]]
[각질편성] 아오모리 5경주: 선행2·선입0·추입5 → 보통 페이스
[경륜전개] 아오모리 5경주: 보통 · 라인 2개 · 페어 [[3, 4], [5, 1]]
[복승불일치 축교정] 아오모리 5경주: 축 [1, 3]로 교정(자금이탈 강등 [6]·🔴)
[각질편성] 호후 5경주: 선행3·선입0·추입4 → ⚡ 빠른 페이스
[경륜전개] 호후 5경주: 보통 · 라인 3개 · 페어 [[5, 1], [4, 2], [3, 7]]
[각질편성] 아오모리 6경주: 선행4·선입0·추입3 → ⚡ 빠른 페이스
[경륜전개] 아오모리 6경주: 하이(주도권 경합) · 라인 4개 · 페어 [[1, 3], [7, 4], [6, 2]]
[결과기록] 캐시 갱신 — 재파싱 2건 / 전체 1665건
[placeholder 필터] 호후 6경주 쌍승 껍데기 배당 3조합 제외(값: [300.2])
[각질편성] 호후 6경주: 선행5·선입0·추입2 → ⚡ 빠른 페이스
[경륜전개] 호후 6경주: 보통 · 라인 5개 · 페어 [[5, 1], [4, 2]]
[placeholder 필터] 아오모리 7경주 쌍승 껍데기 배당 3조합 제외(값: [1703.0])
[각질편성] 아오모리 7경주: 선행5·선입0·추입2 → ⚡ 빠른 페이스
[경륜전개] 아오모리 7경주: 슬로우(단독 선행) · 라인 5개 · 페어 [[4, 5], [3, 7]]
[각질편성] 호후 7경주: 선행5·선입0·추입2 → ⚡ 빠른 페이스
[경륜전개] 호후 7경주: 하이(주도권 경합) · 라인 5개 · 페어 [[5, 2], [3, 7]]
[각질편성] 사세보 1경주: 선행2·선입0·추입5 → 보통 페이스
[경륜전개] 사세보 1경주: 보통 · 라인 2개 · 페어 [[1, 5], [6, 2]]
[각질편성] 오다와라 1경주: 선행5·선입0·추입4 → ⚡ 빠른 페이스
[경륜전개] 오다와라 1경주: 보통 · 라인 5개 · 페어 [[1, 5], [7, 3]]
[각질편성] 기후 2경주: 선행3·선입0·추입4 → ⚡ 빠른 페이스
[각질편성] 기후 2경주: 선행3·선입0·추입4 → ⚡ 빠른 페이스
[경륜전개] 기후 2경주: 하이(주도권 경합) · 라인 3개 · 페어 [[3, 4], [7, 2], [6, 1]]
[각질편성] 기후 1경주: 선행2·선입0·추입5 → 보통 페이스
[경륜전개] 기후 2경주: 하이(주도권 경합) · 라인 3개 · 페어 [[3, 4], [7, 2], [6, 1]][경륜전개] 기후 1경주: 보통 · 라인 2개 · 페어 [[7, 3], [1, 4]]

[복승불일치 축교정] 기후 2경주: 축 [3, 4]로 교정(자금이탈 강등 [6]·🔴🔴)
[복승불일치 축교정] 기후 2경주: 축 [3, 4]로 교정(자금이탈 강등 [6]·🔴🔴)
[각질편성] 사세보 2경주: 선행2·선입0·추입5 → 보통 페이스
[경륜전개] 사세보 2경주: 보통 · 라인 2개 · 페어 [[7, 2], [5, 1]]
[복승불일치 축교정] 사세보 2경주: 축 [2, 7]로 교정(자금이탈 강등 [1]·🔴🔴)
[각질편성] 오다와라 2경주: 선행4·선입0·추입5 → ⚡ 빠른 페이스
[경륜전개] 오다와라 2경주: 슬로우(단독 선행) · 라인 4개 · 페어 [[2, 7], [9, 1], [6, 4], [8, 3]]
[각질편성] 기후 2경주: 선행3·선입0·추입4 → ⚡ 빠른 페이스
[경륜전개] 기후 2경주: 하이(주도권 경합) · 라인 3개 · 페어 [[3, 4], [7, 2], [6, 1]]
[복승불일치 축교정] 기후 2경주: 축 [3, 4]로 교정(자금이탈 강등 [6]·🔴🔴)
[각질편성] 사세보 3경주: 선행4·선입0·추입3 → ⚡ 빠른 페이스
[경륜전개] 사세보 3경주: 하이(주도권 경합) · 라인 4개 · 페어 [[5, 1], [6, 2]]
[복승불일치 축교정] 사세보 3경주: 축 [1, 5]로 교정(자금이탈 강등 [7]·🔴🔴)
[경륜 추천 모순 수정] 고배당 강제조합 1건 메인→복병 이동(25배 상한)
[각질편성] 기후 2경주: 선행3·선입0·추입4 → ⚡ 빠른 페이스
[경륜전개] 기후 2경주: 하이(주도권 경합) · 라인 3개 · 페어 [[3, 4], [7, 2], [6, 1]]
[복승불일치 축교정] 기후 2경주: 축 [3, 4]로 교정(자금이탈 강등 [6]·🔴🔴)
[3종 수집] 사세보 3경주: {'quinella': 21, 'exacta': 42, 'trio': 0, 'win': 0} (history 12)
[각질편성] 사세보 3경주: 선행4·선입0·추입3 → ⚡ 빠른 페이스
[경륜전개] 사세보 3경주: 하이(주도권 경합) · 라인 4개 · 페어 [[5, 1], [6, 2]]
[복승불일치 축교정] 사세보 3경주: 축 [1, 5]로 교정(자금이탈 강등 [7]·🔴🔴)
[T-2분 왕축 동결] 사세보 3경주: [1, 5] → [1, 5] 유지(cur_mb=2)
[경륜 추천 모순 수정] 고배당 강제조합 1건 메인→복병 이동(25배 상한)
[자동분석·배경] 사세보 3경주: 마감 176초 전 재분석(rec_history 누적·cycle)
[각질편성] 기후 2경주: 선행3·선입0·추입4 → ⚡ 빠른 페이스
[경륜전개] 기후 2경주: 하이(주도권 경합) · 라인 3개 · 페어 [[3, 4], [7, 2], [6, 1]]
[복승불일치 축교정] 기후 2경주: 축 [3, 4]로 교정(자금이탈 강등 [6]·🔴🔴)
[각질편성] 사세보 3경주: 선행4·선입0·추입3 → ⚡ 빠른 페이스
[경륜전개] 사세보 3경주: 하이(주도권 경합) · 라인 4개 · 페어 [[5, 1], [6, 2]]
[각질편성] 기후 2경주: 선행3·선입0·추입4 → ⚡ 빠른 페이스
[복승불일치 축교정] 사세보 3경주: 축 [1, 5]로 교정(자금이탈 강등 [7]·🔴🔴)
[경륜전개] 기후 2경주: 하이(주도권 경합) · 라인 3개 · 페어 [[3, 4], [7, 2], [6, 1]]
[복승불일치 축교정] 기후 2경주: 축 [3, 4]로 교정(자금이탈 강등 [6]·🔴🔴)
[각질편성] 사세보 3경주: 선행4·선입0·추입3 → ⚡ 빠른 페이스
[T-2분 왕축 동결] 사세보 3경주: [1, 5] → [1, 5] 유지(cur_mb=2)
[경륜전개] 사세보 3경주: 하이(주도권 경합) · 라인 4개 · 페어 [[5, 1], [6, 2]]
[경륜 추천 모순 수정] 고배당 강제조합 1건 메인→복병 이동(25배 상한)
[복승불일치 축교정] 사세보 3경주: 축 [1, 5]로 교정(자금이탈 강등 [7]·🔴🔴)
[T-2분 왕축 동결] 사세보 3경주: [1, 5] → [1, 5] 유지(cur_mb=2)
[경륜 추천 모순 수정] 고배당 강제조합 1건 메인→복병 이동(25배 상한)
[스냅샷] 저장: 2026_08_01_사세보_3경주_T-10.png (759 KB · T-10)
[각질편성] 사세보 3경주: 선행4·선입0·추입3 → ⚡ 빠른 페이스
[경륜전개] 사세보 3경주: 하이(주도권 경합) · 라인 4개 · 페어 [[5, 1], [6, 2]]
[복승불일치 축교정] 사세보 3경주: 축 [1, 5]로 교정(자금이탈 강등 [7]·🔴🔴)
[스냅샷] 저장: 2026_08_01_사세보_3경주_T-2.png (742 KB · T-2)
[T-2분 왕축 동결] 사세보 3경주: [1, 5] → [1, 5] 유지(cur_mb=2)
[경륜 추천 모순 수정] 고배당 강제조합 1건 메인→복병 이동(25배 상한)
[다중경주] 하트비트 #21 · 스케줄 ymd=20260801 (-1초 전 갱신 · 트랙 12개)
[3종 수집] 사세보 3경주: {'quinella': 21, 'exacta': 42, 'trio': 0, 'win': 0} (history 12)
[각질편성] 사세보 3경주: 선행4·선입0·추입3 → ⚡ 빠른 페이스
[경륜전개] 사세보 3경주: 하이(주도권 경합) · 라인 4개 · 페어 [[5, 1], [6, 2]]
[복승불일치 축교정] 사세보 3경주: 축 [1, 5]로 교정(자금이탈 강등 [7]·🔴🔴)
[T-2분 왕축 동결] 사세보 3경주: [1, 5] → [1, 5] 유지(cur_mb=2)
[경륜 추천 모순 수정] 고배당 강제조합 1건 메인→복병 이동(25배 상한)
[각질편성] 오다와라 2경주: 선행4·선입0·추입5 → ⚡ 빠른 페이스
[경륜전개] 오다와라 2경주: 슬로우(단독 선행) · 라인 4개 · 페어 [[2, 7], [9, 1], [6, 4], [8, 3]]
[각질편성] 오다와라 2경주: 선행4·선입0·추입5 → ⚡ 빠른 페이스
[각질편성] 아오모리 4경주: 선행2·선입0·추입5 → 보통 페이스
[경륜전개] 오다와라 2경주: 슬로우(단독 선행) · 라인 4개 · 페어 [[2, 7], [9, 1], [6, 4], [8, 3]]
[경륜전개] 아오모리 4경주: 슬로우(단독 선행) · 라인 2개 · 페어 [[2, 7], [4, 1]]
[각질편성] 기후 2경주: 선행3·선입0·추입4 → ⚡ 빠른 페이스
[경륜전개] 기후 2경주: 하이(주도권 경합) · 라인 3개 · 페어 [[3, 4], [7, 2], [6, 1]]
[각질편성] 사세보 3경주: 선행4·선입0·추입3 → ⚡ 빠른 페이스
[경륜전개] 사세보 3경주: 하이(주도권 경합) · 라인 4개 · 페어 [[5, 1], [6, 2]]
[복승불일치 축교정] 아오모리 4경주: 축 [1, 4]로 교정(자금이탈 강등 [7]·🔴🔴)
[각질편성] 기후 2경주: 선행3·선입0·추입4 → ⚡ 빠른 페이스
[경륜전개] 기후 2경주: 하이(주도권 경합) · 라인 3개 · 페어 [[3, 4], [7, 2], [6, 1]]
[복승불일치 축교정] 기후 2경주: 축 [3, 4]로 교정(자금이탈 강등 [6]·🔴🔴)
[복승불일치 축교정] 사세보 3경주: 축 [1, 5]로 교정(자금이탈 강등 [7]·🔴🔴)
[복승불일치 축교정] 기후 2경주: 축 [3, 4]로 교정(자금이탈 강등 [6]·🔴🔴)
[T-2분 왕축 동결] 사세보 3경주: [1, 5] → [1, 5] 유지(cur_mb=2)
[경륜 추천 모순 수정] 고배당 강제조합 1건 메인→복병 이동(25배 상한)
[각질편성] 호후 4경주: 선행2·선입0·추입5 → 보통 페이스
[경륜전개] 호후 4경주: 보통 · 라인 2개 · 페어 [[2, 7], [3, 4]]
[KRA] 30초 자동수집 데몬 시작(watch 등록 경주만 대상)
[각질편성] 아오모리 5경주: 선행2·선입0·추입5 → 보통 페이스
[경륜전개] 아오모리 5경주: 보통 · 라인 2개 · 페어 [[3, 4], [5, 1]]
[복승불일치 축교정] 아오모리 5경주: 축 [1, 3]로 교정(자금이탈 강등 [6]·🔴)
[스냅샷] 저장: 2026_08_01_사세보_3경주_T-2.png (765 KB · T-2)
[각질편성] 호후 5경주: 선행3·선입0·추입4 → ⚡ 빠른 페이스
[경륜전개] 호후 5경주: 보통 · 라인 3개 · 페어 [[5, 1], [4, 2], [3, 7]]
[각질편성] 아오모리 6경주: 선행4·선입0·추입3 → ⚡ 빠른 페이스
[경륜전개] 아오모리 6경주: 하이(주도권 경합) · 라인 4개 · 페어 [[1, 3], [7, 4], [6, 2]]
[결과기록] 캐시 갱신 — 재파싱 1건 / 전체 1665건
[placeholder 필터] 호후 6경주 쌍승 껍데기 배당 3조합 제외(값: [300.2])
[각질편성] 호후 6경주: 선행5·선입0·추입2 → ⚡ 빠른 페이스
[경륜전개] 호후 6경주: 보통 · 라인 5개 · 페어 [[5, 1], [4, 2]]
[placeholder 필터] 아오모리 7경주 쌍승 껍데기 배당 3조합 제외(값: [1703.0])
[각질편성] 아오모리 7경주: 선행5·선입0·추입2 → ⚡ 빠른 페이스
[경륜전개] 아오모리 7경주: 슬로우(단독 선행) · 라인 5개 · 페어 [[4, 5], [3, 7]]
[각질편성] 호후 7경주: 선행5·선입0·추입2 → ⚡ 빠른 페이스
[경륜전개] 호후 7경주: 하이(주도권 경합) · 라인 5개 · 페어 [[5, 2], [3, 7]]
[각질편성] 사세보 1경주: 선행2·선입0·추입5 → 보통 페이스
[경륜전개] 사세보 1경주: 보통 · 라인 2개 · 페어 [[1, 5], [6, 2]]
[각질편성] 사세보 3경주: 선행4·선입0·추입3 → ⚡ 빠른 페이스
[경륜전개] 사세보 3경주: 하이(주도권 경합) · 라인 4개 · 페어 [[5, 1], [6, 2]]
[복승불일치 축교정] 사세보 3경주: 축 [1, 5]로 교정(자금이탈 강등 [7]·🔴🔴)
[각질편성] 오다와라 1경주: 선행5·선입0·추입4 → ⚡ 빠른 페이스
[경륜전개] 오다와라 1경주: 보통 · 라인 5개 · 페어 [[1, 5], [7, 3]]
[T-2분 왕축 동결] 사세보 3경주: [1, 5] → [1, 5] 유지(cur_mb=2)
[경륜 추천 모순 수정] 고배당 강제조합 1건 메인→복병 이동(25배 상한)
[각질편성] 기후 1경주: 선행2·선입0·추입5 → 보통 페이스
[경륜전개] 기후 1경주: 보통 · 라인 2개 · 페어 [[7, 3], [1, 4]]
[각질편성] 사세보 2경주: 선행2·선입0·추입5 → 보통 페이스
[경륜전개] 사세보 2경주: 보통 · 라인 2개 · 페어 [[7, 2], [5, 1]]
[복승불일치 축교정] 사세보 2경주: 축 [2, 7]로 교정(자금이탈 강등 [1]·🔴🔴)
[각질편성] 오다와라 2경주: 선행4·선입0·추입5 → ⚡ 빠른 페이스
[경륜전개] 오다와라 2경주: 슬로우(단독 선행) · 라인 4개 · 페어 [[2, 7], [9, 1], [6, 4], [8, 3]]
[각질편성] 기후 2경주: 선행3·선입0·추입4 → ⚡ 빠른 페이스
[경륜전개] 기후 2경주: 하이(주도권 경합) · 라인 3개 · 페어 [[3, 4], [7, 2], [6, 1]]
[복승불일치 축교정] 기후 2경주: 축 [3, 4]로 교정(자금이탈 강등 [6]·🔴🔴)
[각질편성] 사세보 3경주: 선행4·선입0·추입3 → ⚡ 빠른 페이스
[경륜전개] 사세보 3경주: 하이(주도권 경합) · 라인 4개 · 페어 [[5, 1], [6, 2]]
[복승불일치 축교정] 사세보 3경주: 축 [1, 5]로 교정(자금이탈 강등 [7]·🔴🔴)
[T-2분 왕축 동결] 사세보 3경주: [1, 5] → [1, 5] 유지(cur_mb=2)
[경륜 추천 모순 수정] 고배당 강제조합 1건 메인→복병 이동(25배 상한)
[각질편성] 오다와라 2경주: 선행4·선입0·추입5 → ⚡ 빠른 페이스
[경륜전개] 오다와라 2경주: 슬로우(단독 선행) · 라인 4개 · 페어 [[2, 7], [9, 1], [6, 4], [8, 3]]
[각질편성] 오다와라 2경주: 선행4·선입0·추입5 → ⚡ 빠른 페이스
[경륜전개] 오다와라 2경주: 슬로우(단독 선행) · 라인 4개 · 페어 [[2, 7], [9, 1], [6, 4], [8, 3]]
[각질편성] 사세보 3경주: 선행4·선입0·추입3 → ⚡ 빠른 페이스
[경륜전개] 사세보 3경주: 하이(주도권 경합) · 라인 4개 · 페어 [[5, 1], [6, 2]]
[각질편성] 사세보 3경주: 선행4·선입0·추입3 → ⚡ 빠른 페이스
[경륜전개] 사세보 3경주: 하이(주도권 경합) · 라인 4개 · 페어 [[5, 1], [6, 2]]
[복승불일치 축교정] 사세보 3경주: 축 [1, 5]로 교정(자금이탈 강등 [7]·🔴🔴)
[복승불일치 축교정] 사세보 3경주: 축 [1, 5]로 교정(자금이탈 강등 [7]·🔴🔴)
[T-2분 왕축 동결] 사세보 3경주: [1, 5] → [1, 5] 유지(cur_mb=1)
[경륜 추천 모순 수정] 고배당 강제조합 1건 메인→복병 이동(25배 상한)
[T-2분 왕축 동결] 사세보 3경주: [1, 5] → [1, 5] 유지(cur_mb=1)
[경륜 추천 모순 수정] 고배당 강제조합 1건 메인→복병 이동(25배 상한)
[분석로그] 저장 실패: [WinError 32] 다른 프로세스가 파일을 사용 중이기 때문에 프로세스가 액세스 할 수 없습니다: 'C:\\Users\\Administrator\\Desktop\\경마분석서버\\data\\analysis_log\\2026_08_01_사세보_3경주.json.tmp' -> 'C:\\Users\\Administrator\\Desktop\\경마분석서버\\data\\analysis_log\\2026_08_01_사세보_3경주.json'
[각질편성] 오다와라 2경주: 선행4·선입0·추입5 → ⚡ 빠른 페이스
[경륜전개] 오다와라 2경주: 슬로우(단독 선행) · 라인 4개 · 페어 [[2, 7], [9, 1], [6, 4], [8, 3]]
[3종 수집] 사세보 3경주: {'quinella': 21, 'exacta': 42, 'trio': 0, 'win': 0} (history 12)
[각질편성] 사세보 3경주: 선행4·선입0·추입3 → ⚡ 빠른 페이스
[경륜전개] 사세보 3경주: 하이(주도권 경합) · 라인 4개 · 페어 [[5, 1], [6, 2]]
[복승불일치 축교정] 사세보 3경주: 축 [1, 5]로 교정(자금이탈 강등 [7]·🔴🔴)
[T-2분 왕축 동결] 사세보 3경주: [1, 5] → [1, 5] 유지(cur_mb=1)
[경륜 추천 모순 수정] 고배당 강제조합 1건 메인→복병 이동(25배 상한)
[각질편성] 오다와라 2경주: 선행4·선입0·추입5 → ⚡ 빠른 페이스
[경륜전개] 오다와라 2경주: 슬로우(단독 선행) · 라인 4개 · 페어 [[2, 7], [9, 1], [6, 4], [8, 3]]
[각질편성] 사세보 3경주: 선행4·선입0·추입3 → ⚡ 빠른 페이스
[경륜전개] 사세보 3경주: 하이(주도권 경합) · 라인 4개 · 페어 [[5, 1], [6, 2]]
[복승불일치 축교정] 사세보 3경주: 축 [1, 5]로 교정(자금이탈 강등 [7]·🔴🔴)
[T-2분 왕축 동결] 사세보 3경주: [1, 5] → [1, 5] 유지(cur_mb=1)
[경륜 추천 모순 수정] 고배당 강제조합 1건 메인→복병 이동(25배 상한)
[각질편성] 사세보 3경주: 선행4·선입0·추입3 → ⚡ 빠른 페이스
[경륜전개] 사세보 3경주: 하이(주도권 경합) · 라인 4개 · 페어 [[5, 1], [6, 2]]
[각질편성] 사세보 3경주: 선행4·선입0·추입3 → ⚡ 빠른 페이스
[복승불일치 축교정] 사세보 3경주: 축 [1, 5]로 교정(자금이탈 강등 [7]·🔴🔴)
[경륜전개] 사세보 3경주: 하이(주도권 경합) · 라인 4개 · 페어 [[5, 1], [6, 2]]
[복승불일치 축교정] 사세보 3경주: 축 [1, 5]로 교정(자금이탈 강등 [7]·🔴🔴)
[T-2분 왕축 동결] 사세보 3경주: [1, 5] → [1, 5] 유지(cur_mb=1)
[경륜 추천 모순 수정] 고배당 강제조합 1건 메인→복병 이동(25배 상한)
[T-2분 왕축 동결] 사세보 3경주: [1, 5] → [1, 5] 유지(cur_mb=1)
[경륜 추천 모순 수정] 고배당 강제조합 1건 메인→복병 이동(25배 상한)
[분석로그] 저장 실패: [WinError 32] 다른 프로세스가 파일을 사용 중이기 때문에 프로세스가 액세스 할 수 없습니다: 'C:\\Users\\Administrator\\Desktop\\경마분석서버\\data\\analysis_log\\2026_08_01_사세보_3경주.json.tmp' -> 'C:\\Users\\Administrator\\Desktop\\경마분석서버\\data\\analysis_log\\2026_08_01_사세보_3경주.json'
[3종 수집] 사세보 3경주: {'quinella': 21, 'exacta': 42, 'trio': 0, 'win': 0} (history 12)
[각질편성] 사세보 3경주: 선행4·선입0·추입3 → ⚡ 빠른 페이스
[경륜전개] 사세보 3경주: 하이(주도권 경합) · 라인 4개 · 페어 [[5, 1], [6, 2]]
[복승불일치 축교정] 사세보 3경주: 축 [1, 5]로 교정(자금이탈 강등 [7]·🔴🔴)
[T-2분 왕축 동결] 사세보 3경주: [1, 5] → [1, 5] 유지(cur_mb=1)
[경륜 추천 모순 수정] 고배당 강제조합 1건 메인→복병 이동(25배 상한)
[각질편성] 아오모리 4경주: 선행2·선입0·추입5 → 보통 페이스
[경륜전개] 아오모리 4경주: 슬로우(단독 선행) · 라인 2개 · 페어 [[2, 7], [4, 1]]
[각질편성] 오다와라 2경주: 선행4·선입0·추입5 → ⚡ 빠른 페이스
[복승불일치 축교정] 아오모리 4경주: 축 [1, 4]로 교정(자금이탈 강등 [7]·🔴🔴)
[경륜전개] 오다와라 2경주: 슬로우(단독 선행) · 라인 4개 · 페어 [[2, 7], [9, 1], [6, 4], [8, 3]]
[각질편성] 오다와라 2경주: 선행4·선입0·추입5 → ⚡ 빠른 페이스
[각질편성] 사세보 3경주: 선행4·선입0·추입3 → ⚡ 빠른 페이스
[경륜전개] 오다와라 2경주: 슬로우(단독 선행) · 라인 4개 · 페어 [[2, 7], [9, 1], [6, 4], [8, 3]]
[각질편성] 사세보 3경주: 선행4·선입0·추입3 → ⚡ 빠른 페이스
[경륜전개] 사세보 3경주: 하이(주도권 경합) · 라인 4개 · 페어 [[5, 1], [6, 2]]
[경륜전개] 사세보 3경주: 하이(주도권 경합) · 라인 4개 · 페어 [[5, 1], [6, 2]]
[복승불일치 축교정] 사세보 3경주: 축 [1, 5]로 교정(자금이탈 강등 [7]·🔴🔴)
[복승불일치 축교정] 사세보 3경주: 축 [1, 5]로 교정(자금이탈 강등 [7]·🔴🔴)
[T-2분 왕축 동결] 사세보 3경주: [1, 5] → [1, 5] 유지(cur_mb=1)
[T-2분 왕축 동결] 사세보 3경주: [1, 5] → [1, 5] 유지(cur_mb=1)
[경륜 추천 모순 수정] 고배당 강제조합 1건 메인→복병 이동(25배 상한)
[경륜 추천 모순 수정] 고배당 강제조합 1건 메인→복병 이동(25배 상한)
[각질편성] 호후 4경주: 선행2·선입0·추입5 → 보통 페이스
[경륜전개] 호후 4경주: 보통 · 라인 2개 · 페어 [[2, 7], [3, 4]]
[분석로그] 저장 실패: [WinError 32] 다른 프로세스가 파일을 사용 중이기 때문에 프로세스가 액세스 할 수 없습니다: 'C:\\Users\\Administrator\\Desktop\\경마분석서버\\data\\analysis_log\\2026_08_01_사세보_3경주.json.tmp' -> 'C:\\Users\\Administrator\\Desktop\\경마분석서버\\data\\analysis_log\\2026_08_01_사세보_3경주.json'
[각질편성] 아오모리 5경주: 선행2·선입0·추입5 → 보통 페이스
[경륜전개] 아오모리 5경주: 보통 · 라인 2개 · 페어 [[3, 4], [5, 1]]
[복승불일치 축교정] 아오모리 5경주: 축 [1, 3]로 교정(자금이탈 강등 [6]·🔴)
[각질편성] 호후 5경주: 선행3·선입0·추입4 → ⚡ 빠른 페이스
[경륜전개] 호후 5경주: 보통 · 라인 3개 · 페어 [[5, 1], [4, 2], [3, 7]]
[각질편성] 아오모리 6경주: 선행4·선입0·추입3 → ⚡ 빠른 페이스
[경륜전개] 아오모리 6경주: 하이(주도권 경합) · 라인 4개 · 페어 [[1, 3], [7, 4], [6, 2]]
[placeholder 필터] 호후 6경주 쌍승 껍데기 배당 3조합 제외(값: [300.2])
[각질편성] 호후 6경주: 선행5·선입0·추입2 → ⚡ 빠른 페이스
[경륜전개] 호후 6경주: 보통 · 라인 5개 · 페어 [[5, 1], [4, 2]]
[placeholder 필터] 아오모리 7경주 쌍승 껍데기 배당 3조합 제외(값: [1703.0])
[각질편성] 아오모리 7경주: 선행5·선입0·추입2 → ⚡ 빠른 페이스
[경륜전개] 아오모리 7경주: 슬로우(단독 선행) · 라인 5개 · 페어 [[4, 5], [3, 7]]
[각질편성] 호후 7경주: 선행5·선입0·추입2 → ⚡ 빠른 페이스
[경륜전개] 호후 7경주: 하이(주도권 경합) · 라인 5개 · 페어 [[5, 2], [3, 7]]
[결과기록] 캐시 갱신 — 재파싱 1건 / 전체 1665건
[각질편성] 사세보 1경주: 선행2·선입0·추입5 → 보통 페이스
[경륜전개] 사세보 1경주: 보통 · 라인 2개 · 페어 [[1, 5], [6, 2]]
[각질편성] 오다와라 1경주: 선행5·선입0·추입4 → ⚡ 빠른 페이스
[경륜전개] 오다와라 1경주: 보통 · 라인 5개 · 페어 [[1, 5], [7, 3]]
[각질편성] 기후 1경주: 선행2·선입0·추입5 → 보통 페이스
[경륜전개] 기후 1경주: 보통 · 라인 2개 · 페어 [[7, 3], [1, 4]]
[각질편성] 사세보 2경주: 선행2·선입0·추입5 → 보통 페이스
[경륜전개] 사세보 2경주: 보통 · 라인 2개 · 페어 [[7, 2], [5, 1]]
[복승불일치 축교정] 사세보 2경주: 축 [2, 7]로 교정(자금이탈 강등 [1]·🔴🔴)
[각질편성] 오다와라 2경주: 선행4·선입0·추입5 → ⚡ 빠른 페이스
[경륜전개] 오다와라 2경주: 슬로우(단독 선행) · 라인 4개 · 페어 [[2, 7], [9, 1], [6, 4], [8, 3]]
[각질편성] 사세보 3경주: 선행4·선입0·추입3 → ⚡ 빠른 페이스
[경륜전개] 사세보 3경주: 하이(주도권 경합) · 라인 4개 · 페어 [[5, 1], [6, 2]]
[복승불일치 축교정] 사세보 3경주: 축 [1, 5]로 교정(자금이탈 강등 [7]·🔴🔴)
[각질편성] 기후 2경주: 선행3·선입0·추입4 → ⚡ 빠른 페이스
[T-2분 왕축 동결] 사세보 3경주: [1, 5] → [1, 5] 유지(cur_mb=1)
[경륜전개] 기후 2경주: 하이(주도권 경합) · 라인 3개 · 페어 [[3, 4], [7, 2], [6, 1]]
[경륜 추천 모순 수정] 고배당 강제조합 1건 메인→복병 이동(25배 상한)
[복승불일치 축교정] 기후 2경주: 축 [3, 4]로 교정(자금이탈 강등 [6]·🔴🔴)
[각질편성] 사세보 3경주: 선행4·선입0·추입3 → ⚡ 빠른 페이스
[경륜전개] 사세보 3경주: 하이(주도권 경합) · 라인 4개 · 페어 [[5, 1], [6, 2]]
[복승불일치 축교정] 사세보 3경주: 축 [1, 5]로 교정(자금이탈 강등 [7]·🔴🔴)
[T-2분 왕축 동결] 사세보 3경주: [1, 5] → [1, 5] 유지(cur_mb=1)
[경륜 추천 모순 수정] 고배당 강제조합 1건 메인→복병 이동(25배 상한)
[각질편성] 사세보 3경주: 선행4·선입0·추입3 → ⚡ 빠른 페이스
[경륜전개] 사세보 3경주: 하이(주도권 경합) · 라인 4개 · 페어 [[5, 1], [6, 2]]
[복승불일치 축교정] 사세보 3경주: 축 [1, 5]로 교정(자금이탈 강등 [7]·🔴🔴)
[경륜 추천 모순 수정] 고배당 강제조합 1건 메인→복병 이동(25배 상한)
[각질편성] 사세보 3경주: 선행4·선입0·추입3 → ⚡ 빠른 페이스
[경륜전개] 사세보 3경주: 하이(주도권 경합) · 라인 4개 · 페어 [[5, 1], [6, 2]]
[각질편성] 사세보 3경주: 선행4·선입0·추입3 → ⚡ 빠른 페이스
[경륜전개] 사세보 3경주: 하이(주도권 경합) · 라인 4개 · 페어 [[5, 1], [6, 2]]
[복승불일치 축교정] 사세보 3경주: 축 [1, 5]로 교정(자금이탈 강등 [7]·🔴🔴)
[복승불일치 축교정] 사세보 3경주: 축 [1, 5]로 교정(자금이탈 강등 [7]·🔴🔴)
[경륜 추천 모순 수정] 고배당 강제조합 1건 메인→복병 이동(25배 상한)
[경륜 추천 모순 수정] 고배당 강제조합 1건 메인→복병 이동(25배 상한)
[활성정리] 끝난 경주 1건 제거(히스토리 보존): 기후 1경주
[3종 수집] 사세보 3경주: {'quinella': 21, 'exacta': 42, 'trio': 0, 'win': 0} (history 12)
[경륜 득점갭] 오다와라 3경주: 9번 득점 1위 갭 4.3 → +5 가점
[경륜 전적·자동] 오다와라 3경주: 9두 수집(競走得点·절대등급 A/B/C/D·라인[5, 1, 7, 2, 8, 6, 3, 9, 4]) → 통합등급 자동 반영
[3종 수집] 오다와라 3경주: {'quinella': 36, 'exacta': 72, 'trio': 0, 'win': 0} (history 1)
🔮 [예측] 오다와라 3경주: top3=[3, 9, 2] conf=4 · 3번(각)과 2번(田中) 모두 젖히기/도주 각질로 선행을 노릴 수 있어 
[placeholder 필터] 오다와라 3경주 쌍승 껍데기 배당 6조합 제외(값: [474.3, 885.4])
[각질편성] 오다와라 3경주: 선행3·선입0·추입6 → ⚡ 빠른 페이스
[경륜전개] 오다와라 3경주: 슬로우(단독 선행) · 라인 3개 · 페어 [[2, 8], [5, 1], [3, 9]]
[경륜 추천 모순 수정] 고배당 강제조합 1건 메인→복병 이동(25배 상한)
[경륜 B라인v2] 에러(무시·보류 항목): name 'key_horses' is not defined
[자동분석·배경] 오다와라 3경주: 마감 588초 전 재분석(rec_history 누적·cycle)
[placeholder 필터] 오다와라 3경주 쌍승 껍데기 배당 6조합 제외(값: [474.3, 885.4])
[각질편성] 오다와라 3경주: 선행3·선입0·추입6 → ⚡ 빠른 페이스
[경륜전개] 오다와라 3경주: 슬로우(단독 선행) · 라인 3개 · 페어 [[2, 8], [5, 1], [3, 9]]
[경륜 추천 모순 수정] 고배당 강제조합 1건 메인→복병 이동(25배 상한)
[경주전환 감지] 사세보 3경주: 비정상 변동폭(95%+ 다수) → 기준값 재설정(이전 배당 초기화)
[3종 수집] 사세보 3경주: {'quinella': 21, 'exacta': 0, 'trio': 0, 'win': 0} (history 1 · 기준재설정)
[각질편성] 사세보 3경주: 선행4·선입0·추입3 → ⚡ 빠른 페이스
[경륜전개] 사세보 3경주: 하이(주도권 경합) · 라인 4개 · 페어 [[5, 1], [6, 2]]
[경륜 추천 모순 수정] 고배당 강제조합 1건 메인→복병 이동(25배 상한)
[각질편성] 사세보 3경주: 선행4·선입0·추입3 → ⚡ 빠른 페이스
[경륜전개] 사세보 3경주: 하이(주도권 경합) · 라인 4개 · 페어 [[5, 1], [6, 2]]
[경륜 추천 모순 수정] 고배당 강제조합 1건 메인→복병 이동(25배 상한)
[각질편성] 사세보 3경주: 선행4·선입0·추입3 → ⚡ 빠른 페이스
[경륜전개] 사세보 3경주: 하이(주도권 경합) · 라인 4개 · 페어 [[5, 1], [6, 2]]
[경륜 추천 모순 수정] 고배당 강제조합 1건 메인→복병 이동(25배 상한)
[스냅샷] 저장: 2026_08_01_사세보_3경주_마감후.png (642 KB · close)
[각질편성] 사세보 3경주: 선행4·선입0·추입3 → ⚡ 빠른 페이스
[경륜전개] 사세보 3경주: 하이(주도권 경합) · 라인 4개 · 페어 [[5, 1], [6, 2]]
[각질편성] 사세보 3경주: 선행4·선입0·추입3 → ⚡ 빠른 페이스
[경륜전개] 사세보 3경주: 하이(주도권 경합) · 라인 4개 · 페어 [[5, 1], [6, 2]]
[readonly 잠금] 사세보 3경주: 마감 확정 파일 — corePicks/시계열 보존, result/hit만 업데이트 허용
[readonly 잠금] 사세보 3경주: 마감 확정 파일 — corePicks/시계열 보존, result/hit만 업데이트 허용
[마감 동결] 사세보 3경주: 확정본 복원(출처 closed_row · 기준 11:33:32)
[마감 동결] 사세보 3경주: 확정본 복원(출처 closed_row · 기준 11:33:32)
[분석로그] 저장 실패: [WinError 32] 다른 프로세스가 파일을 사용 중이기 때문에 프로세스가 액세스 할 수 없습니다: 'C:\\Users\\Administrator\\Desktop\\경마분석서버\\data\\analysis_log\\2026_08_01_사세보_3경주.json.tmp' -> 'C:\\Users\\Administrator\\Desktop\\경마분석서버\\data\\analysis_log\\2026_08_01_사세보_3경주.json'
[스냅샷] 저장: 2026_08_01_사세보_3경주_마감후.png (682 KB · close)
[각질편성] 오다와라 2경주: 선행4·선입0·추입5 → ⚡ 빠른 페이스
[경륜전개] 오다와라 2경주: 슬로우(단독 선행) · 라인 4개 · 페어 [[2, 7], [9, 1], [6, 4], [8, 3]]
[각질편성] 아오모리 4경주: 선행2·선입0·추입5 → 보통 페이스
[각질편성] 오다와라 2경주: 선행4·선입0·추입5 → ⚡ 빠른 페이스
[경륜전개] 아오모리 4경주: 슬로우(단독 선행) · 라인 2개 · 페어 [[2, 7], [4, 1]]
[경륜전개] 오다와라 2경주: 슬로우(단독 선행) · 라인 4개 · 페어 [[2, 7], [9, 1], [6, 4], [8, 3]]
[각질편성] 사세보 3경주: 선행4·선입0·추입3 → ⚡ 빠른 페이스
[각질편성] 사세보 3경주: 선행4·선입0·추입3 → ⚡ 빠른 페이스
[경륜전개] 사세보 3경주: 하이(주도권 경합) · 라인 4개 · 페어 [[5, 1], [6, 2]]
[복승불일치 축교정] 아오모리 4경주: 축 [1, 4]로 교정(자금이탈 강등 [7]·🔴🔴)
[경륜전개] 사세보 3경주: 하이(주도권 경합) · 라인 4개 · 페어 [[5, 1], [6, 2]]
⏸ [폴링 저장 가드] 사세보 3경주: 마감 후 readonly → 로그 저장 생략(분석·표시는 정상)
[각질편성] 호후 4경주: 선행2·선입0·추입5 → 보통 페이스
[경륜전개] 호후 4경주: 보통 · 라인 2개 · 페어 [[2, 7], [3, 4]]
[각질편성] 아오모리 5경주: 선행2·선입0·추입5 → 보통 페이스
[경륜전개] 아오모리 5경주: 보통 · 라인 2개 · 페어 [[3, 4], [5, 1]]
[복승불일치 축교정] 아오모리 5경주: 축 [1, 3]로 교정(자금이탈 강등 [6]·🔴)
[각질편성] 호후 5경주: 선행3·선입0·추입4 → ⚡ 빠른 페이스
[경륜전개] 호후 5경주: 보통 · 라인 3개 · 페어 [[5, 1], [4, 2], [3, 7]]
[다중경주] 사세보 3경주: 사설(확장) 수집 활성(32초 전) → 복승은 사설 유지·서버 쌍승42/삼복승0 보완
[각질편성] 아오모리 6경주: 선행4·선입0·추입3 → ⚡ 빠른 페이스
[경륜전개] 아오모리 6경주: 하이(주도권 경합) · 라인 4개 · 페어 [[1, 3], [7, 4], [6, 2]]
[3종 수집] 오다와라 3경주: {'quinella': 36, 'exacta': 72, 'trio': 0, 'win': 0} (history 2)
[placeholder 필터] 오다와라 3경주 쌍승 껍데기 배당 3조합 제외(값: [829.5])
[각질편성] 오다와라 3경주: 선행3·선입0·추입6 → ⚡ 빠른 페이스
[경륜전개] 오다와라 3경주: 슬로우(단독 선행) · 라인 3개 · 페어 [[2, 8], [5, 1], [3, 9]]
[복승불일치 축교정] 오다와라 3경주: 축 [3, 9]로 교정(자금이탈 강등 [1]·🔴)
[경륜 추천 모순 수정] 고배당 강제조합 1건 메인→복병 이동(25배 상한)
[자동분석·배경] 오다와라 3경주: 마감 553초 전 재분석(rec_history 누적·cycle)
[결과기록] 캐시 갱신 — 재파싱 2건 / 전체 1666건
[placeholder 필터] 호후 6경주 쌍승 껍데기 배당 3조합 제외(값: [300.2])
[각질편성] 호후 6경주: 선행5·선입0·추입2 → ⚡ 빠른 페이스
[경륜전개] 호후 6경주: 보통 · 라인 5개 · 페어 [[5, 1], [4, 2]]
[placeholder 필터] 아오모리 7경주 쌍승 껍데기 배당 3조합 제외(값: [1703.0])
[각질편성] 아오모리 7경주: 선행5·선입0·추입2 → ⚡ 빠른 페이스
[경륜전개] 아오모리 7경주: 슬로우(단독 선행) · 라인 5개 · 페어 [[4, 5], [3, 7]]
[각질편성] 호후 7경주: 선행5·선입0·추입2 → ⚡ 빠른 페이스
[경륜전개] 호후 7경주: 하이(주도권 경합) · 라인 5개 · 페어 [[5, 2], [3, 7]]
[각질편성] 사세보 3경주: 선행4·선입0·추입3 → ⚡ 빠른 페이스
[경륜전개] 사세보 3경주: 하이(주도권 경합) · 라인 4개 · 페어 [[5, 1], [6, 2]]
[각질편성] 사세보 1경주: 선행2·선입0·추입5 → 보통 페이스
[경륜전개] 사세보 1경주: 보통 · 라인 2개 · 페어 [[1, 5], [6, 2]]
[각질편성] 오다와라 1경주: 선행5·선입0·추입4 → ⚡ 빠른 페이스
[경륜전개] 오다와라 1경주: 보통 · 라인 5개 · 페어 [[1, 5], [7, 3]]
[각질편성] 기후 1경주: 선행2·선입0·추입5 → 보통 페이스
[경륜전개] 기후 1경주: 보통 · 라인 2개 · 페어 [[7, 3], [1, 4]]
[각질편성] 사세보 2경주: 선행2·선입0·추입5 → 보통 페이스
[경륜전개] 사세보 2경주: 보통 · 라인 2개 · 페어 [[7, 2], [5, 1]]
[복승불일치 축교정] 사세보 2경주: 축 [2, 7]로 교정(자금이탈 강등 [1]·🔴🔴)
[각질편성] 오다와라 2경주: 선행4·선입0·추입5 → ⚡ 빠른 페이스
[경륜전개] 오다와라 2경주: 슬로우(단독 선행) · 라인 4개 · 페어 [[2, 7], [9, 1], [6, 4], [8, 3]]
[각질편성] 기후 2경주: 선행3·선입0·추입4 → ⚡ 빠른 페이스
[경륜전개] 기후 2경주: 하이(주도권 경합) · 라인 3개 · 페어 [[3, 4], [7, 2], [6, 1]]
[복승불일치 축교정] 기후 2경주: 축 [3, 4]로 교정(자금이탈 강등 [6]·🔴🔴)
[각질편성] 사세보 3경주: 선행4·선입0·추입3 → ⚡ 빠른 페이스
[경륜전개] 사세보 3경주: 하이(주도권 경합) · 라인 4개 · 페어 [[5, 1], [6, 2]]
[placeholder 필터] 오다와라 3경주 쌍승 껍데기 배당 6조합 제외(값: [474.3, 885.4])
[각질편성] 오다와라 3경주: 선행3·선입0·추입6 → ⚡ 빠른 페이스
[경륜전개] 오다와라 3경주: 슬로우(단독 선행) · 라인 3개 · 페어 [[2, 8], [5, 1], [3, 9]]
[경륜 추천 모순 수정] 고배당 강제조합 1건 메인→복병 이동(25배 상한)
[3종 수집] 사세보 3경주: {'quinella': 21, 'exacta': 0, 'trio': 0, 'win': 0} (history 2)
[각질편성] 사세보 3경주: 선행4·선입0·추입3 → ⚡ 빠른 페이스
[경륜전개] 사세보 3경주: 하이(주도권 경합) · 라인 4개 · 페어 [[5, 1], [6, 2]]
[각질편성] 사세보 3경주: 선행4·선입0·추입3 → ⚡ 빠른 페이스
[경륜전개] 사세보 3경주: 하이(주도권 경합) · 라인 4개 · 페어 [[5, 1], [6, 2]]
[각질편성] 사세보 3경주: 선행4·선입0·추입3 → ⚡ 빠른 페이스
[각질편성] 사세보 3경주: 선행4·선입0·추입3 → ⚡ 빠른 페이스
[경륜전개] 사세보 3경주: 하이(주도권 경합) · 라인 4개 · 페어 [[5, 1], [6, 2]]
[경륜전개] 사세보 3경주: 하이(주도권 경합) · 라인 4개 · 페어 [[5, 1], [6, 2]]
[각질편성] 사세보 3경주: 선행4·선입0·추입3 → ⚡ 빠른 페이스
[경륜전개] 사세보 3경주: 하이(주도권 경합) · 라인 4개 · 페어 [[5, 1], [6, 2]]
[3종 수집] 오다와라 3경주: {'quinella': 36, 'exacta': 72, 'trio': 0, 'win': 0} (history 3)
[다중경주] 사세보 3경주: 사설(확장) 수집 활성(24초 전) → 복승은 사설 유지·서버 쌍승42/삼복승0 보완
[각질편성] 오다와라 3경주: 선행3·선입0·추입6 → ⚡ 빠른 페이스
[경륜전개] 오다와라 3경주: 슬로우(단독 선행) · 라인 3개 · 페어 [[2, 8], [5, 1], [3, 9]]
[복승불일치 축교정] 오다와라 3경주: 축 [3, 9]로 교정(자금이탈 강등 [1]·🔴)
[경륜 추천 모순 수정] 고배당 강제조합 1건 메인→복병 이동(25배 상한)
[자동분석·배경] 오다와라 3경주: 마감 519초 전 재분석(rec_history 누적·cycle)
[3종 수집] 사세보 3경주: {'quinella': 21, 'exacta': 0, 'trio': 0, 'win': 0} (history 3)
[각질편성] 사세보 3경주: 선행4·선입0·추입3 → ⚡ 빠른 페이스
[경륜전개] 사세보 3경주: 하이(주도권 경합) · 라인 4개 · 페어 [[5, 1], [6, 2]]
[각질편성] 사세보 3경주: 선행4·선입0·추입3 → ⚡ 빠른 페이스
[경륜전개] 사세보 3경주: 하이(주도권 경합) · 라인 4개 · 페어 [[5, 1], [6, 2]]
[각질편성] 사세보 3경주: 선행4·선입0·추입3 → ⚡ 빠른 페이스
[각질편성] 사세보 3경주: 선행4·선입0·추입3 → ⚡ 빠른 페이스
[경륜전개] 사세보 3경주: 하이(주도권 경합) · 라인 4개 · 페어 [[5, 1], [6, 2]]
[경륜전개] 사세보 3경주: 하이(주도권 경합) · 라인 4개 · 페어 [[5, 1], [6, 2]]
[각질편성] 오다와라 2경주: 선행4·선입0·추입5 → ⚡ 빠른 페이스
[경륜전개] 오다와라 2경주: 슬로우(단독 선행) · 라인 4개 · 페어 [[2, 7], [9, 1], [6, 4], [8, 3]]
[각질편성] 오다와라 2경주: 선행4·선입0·추입5 → ⚡ 빠른 페이스
[각질편성] 아오모리 4경주: 선행2·선입0·추입5 → 보통 페이스
[경륜전개] 오다와라 2경주: 슬로우(단독 선행) · 라인 4개 · 페어 [[2, 7], [9, 1], [6, 4], [8, 3]]
[경륜전개] 아오모리 4경주: 슬로우(단독 선행) · 라인 2개 · 페어 [[2, 7], [4, 1]]
[각질편성] 사세보 3경주: 선행4·선입0·추입3 → ⚡ 빠른 페이스
[각질편성] 사세보 3경주: 선행4·선입0·추입3 → ⚡ 빠른 페이스
[경륜전개] 사세보 3경주: 하이(주도권 경합) · 라인 4개 · 페어 [[5, 1], [6, 2]]
[경륜전개] 사세보 3경주: 하이(주도권 경합) · 라인 4개 · 페어 [[5, 1], [6, 2]]
[복승불일치 축교정] 아오모리 4경주: 축 [1, 4]로 교정(자금이탈 강등 [7]·🔴🔴)
[각질편성] 호후 4경주: 선행2·선입0·추입5 → 보통 페이스
[경륜전개] 호후 4경주: 보통 · 라인 2개 · 페어 [[2, 7], [3, 4]]
[각질편성] 아오모리 5경주: 선행2·선입0·추입5 → 보통 페이스
[경륜전개] 아오모리 5경주: 보통 · 라인 2개 · 페어 [[3, 4], [5, 1]]
[복승불일치 축교정] 아오모리 5경주: 축 [1, 3]로 교정(자금이탈 강등 [6]·🔴)
[각질편성] 호후 5경주: 선행3·선입0·추입4 → ⚡ 빠른 페이스
[경륜전개] 호후 5경주: 보통 · 라인 3개 · 페어 [[5, 1], [4, 2], [3, 7]]
[각질편성] 아오모리 6경주: 선행4·선입0·추입3 → ⚡ 빠른 페이스
[경륜전개] 아오모리 6경주: 하이(주도권 경합) · 라인 4개 · 페어 [[1, 3], [7, 4], [6, 2]]
[placeholder 필터] 호후 6경주 쌍승 껍데기 배당 3조합 제외(값: [300.2])
[각질편성] 호후 6경주: 선행5·선입0·추입2 → ⚡ 빠른 페이스
[경륜전개] 호후 6경주: 보통 · 라인 5개 · 페어 [[5, 1], [4, 2]]
[placeholder 필터] 아오모리 7경주 쌍승 껍데기 배당 3조합 제외(값: [1703.0])
[각질편성] 아오모리 7경주: 선행5·선입0·추입2 → ⚡ 빠른 페이스
[경륜전개] 아오모리 7경주: 슬로우(단독 선행) · 라인 5개 · 페어 [[4, 5], [3, 7]]
[각질편성] 호후 7경주: 선행5·선입0·추입2 → ⚡ 빠른 페이스
[경륜전개] 호후 7경주: 하이(주도권 경합) · 라인 5개 · 페어 [[5, 2], [3, 7]]
[결과기록] 캐시 갱신 — 재파싱 1건 / 전체 1666건
[각질편성] 사세보 1경주: 선행2·선입0·추입5 → 보통 페이스
[경륜전개] 사세보 1경주: 보통 · 라인 2개 · 페어 [[1, 5], [6, 2]]
[각질편성] 오다와라 1경주: 선행5·선입0·추입4 → ⚡ 빠른 페이스
[경륜전개] 오다와라 1경주: 보통 · 라인 5개 · 페어 [[1, 5], [7, 3]]
[각질편성] 기후 1경주: 선행2·선입0·추입5 → 보통 페이스
[경륜전개] 기후 1경주: 보통 · 라인 2개 · 페어 [[7, 3], [1, 4]]
[각질편성] 사세보 3경주: 선행4·선입0·추입3 → ⚡ 빠른 페이스
[경륜전개] 사세보 3경주: 하이(주도권 경합) · 라인 4개 · 페어 [[5, 1], [6, 2]]
[각질편성] 사세보 2경주: 선행2·선입0·추입5 → 보통 페이스
[경륜전개] 사세보 2경주: 보통 · 라인 2개 · 페어 [[7, 2], [5, 1]]
[복승불일치 축교정] 사세보 2경주: 축 [2, 7]로 교정(자금이탈 강등 [1]·🔴🔴)
[각질편성] 오다와라 2경주: 선행4·선입0·추입5 → ⚡ 빠른 페이스
[경륜전개] 오다와라 2경주: 슬로우(단독 선행) · 라인 4개 · 페어 [[2, 7], [9, 1], [6, 4], [8, 3]]
[각질편성] 기후 2경주: 선행3·선입0·추입4 → ⚡ 빠른 페이스
[경륜전개] 기후 2경주: 하이(주도권 경합) · 라인 3개 · 페어 [[3, 4], [7, 2], [6, 1]]
[복승불일치 축교정] 기후 2경주: 축 [3, 4]로 교정(자금이탈 강등 [6]·🔴🔴)
[각질편성] 사세보 3경주: 선행4·선입0·추입3 → ⚡ 빠른 페이스
[경륜전개] 사세보 3경주: 하이(주도권 경합) · 라인 4개 · 페어 [[5, 1], [6, 2]]
[각질편성] 오다와라 3경주: 선행3·선입0·추입6 → ⚡ 빠른 페이스
[경륜전개] 오다와라 3경주: 슬로우(단독 선행) · 라인 3개 · 페어 [[2, 8], [5, 1], [3, 9]]
[복승불일치 축교정] 오다와라 3경주: 축 [3, 9]로 교정(자금이탈 강등 [1]·🔴)
[경륜 추천 모순 수정] 고배당 강제조합 1건 메인→복병 이동(25배 상한)
[3종 수집] 오다와라 3경주: {'quinella': 36, 'exacta': 72, 'trio': 0, 'win': 0} (history 4)
[다중경주] 사세보 3경주: 사설(확장) 수집 활성(27초 전) → 복승은 사설 유지·서버 쌍승42/삼복승0 보완
[각질편성] 오다와라 3경주: 선행3·선입0·추입6 → ⚡ 빠른 페이스
[경륜전개] 오다와라 3경주: 슬로우(단독 선행) · 라인 3개 · 페어 [[2, 8], [5, 1], [3, 9]]
[복승불일치 축교정] 오다와라 3경주: 축 [3, 9]로 교정(자금이탈 강등 [1]·🔴)
[경륜 추천 모순 수정] 고배당 강제조합 1건 메인→복병 이동(25배 상한)
[경륜 추천 개수] 9명 → 메인 3개(상한 3) · 복병 이동 1개
[자동분석·배경] 오다와라 3경주: 마감 487초 전 재분석(rec_history 누적·cycle)
[각질편성] 사세보 3경주: 선행4·선입0·추입3 → ⚡ 빠른 페이스
[경륜전개] 사세보 3경주: 하이(주도권 경합) · 라인 4개 · 페어 [[5, 1], [6, 2]]
[카톡 변경알림] 사세보 3경주 발송: 복승 추가: 2+5 / 복승 제외: 2+6
[3종 수집] 사세보 3경주: {'quinella': 21, 'exacta': 0, 'trio': 0, 'win': 0} (history 4)
[각질편성] 사세보 3경주: 선행4·선입0·추입3 → ⚡ 빠른 페이스
[경륜전개] 사세보 3경주: 하이(주도권 경합) · 라인 4개 · 페어 [[5, 1], [6, 2]]
[각질편성] 사세보 3경주: 선행4·선입0·추입3 → ⚡ 빠른 페이스
[경륜전개] 사세보 3경주: 하이(주도권 경합) · 라인 4개 · 페어 [[5, 1], [6, 2]]
[각질편성] 사세보 3경주: 선행4·선입0·추입3 → ⚡ 빠른 페이스
[경륜전개] 사세보 3경주: 하이(주도권 경합) · 라인 4개 · 페어 [[5, 1], [6, 2]]
[각질편성] 사세보 3경주: 선행4·선입0·추입3 → ⚡ 빠른 페이스
[각질편성] 사세보 3경주: 선행4·선입0·추입3 → ⚡ 빠른 페이스
[경륜전개] 사세보 3경주: 하이(주도권 경합) · 라인 4개 · 페어 [[5, 1], [6, 2]]
[경륜전개] 사세보 3경주: 하이(주도권 경합) · 라인 4개 · 페어 [[5, 1], [6, 2]]
[다중경주] 사세보 3경주: 사설(확장) 수집 활성(29초 전) → 복승은 사설 유지·서버 쌍승42/삼복승0 보완
[3종 수집] 오다와라 3경주: {'quinella': 36, 'exacta': 72, 'trio': 0, 'win': 0} (history 5)
[각질편성] 오다와라 3경주: 선행3·선입0·추입6 → ⚡ 빠른 페이스
[경륜전개] 오다와라 3경주: 슬로우(단독 선행) · 라인 3개 · 페어 [[2, 8], [5, 1], [3, 9]]
[복승불일치 축교정] 오다와라 3경주: 축 [3, 9]로 교정(자금이탈 강등 [1]·🔴)
[경륜 추천 모순 수정] 고배당 강제조합 1건 메인→복병 이동(25배 상한)
[자동분석·배경] 오다와라 3경주: 마감 454초 전 재분석(rec_history 누적·cycle)
[각질편성] 사세보 3경주: 선행4·선입0·추입3 → ⚡ 빠른 페이스
[경륜전개] 사세보 3경주: 하이(주도권 경합) · 라인 4개 · 페어 [[5, 1], [6, 2]]
[3종 수집] 사세보 3경주: {'quinella': 21, 'exacta': 0, 'trio': 0, 'win': 0} (history 5)
[각질편성] 사세보 3경주: 선행4·선입0·추입3 → ⚡ 빠른 페이스
[경륜전개] 사세보 3경주: 하이(주도권 경합) · 라인 4개 · 페어 [[5, 1], [6, 2]]
[각질편성] 사세보 3경주: 선행4·선입0·추입3 → ⚡ 빠른 페이스
[경륜전개] 사세보 3경주: 하이(주도권 경합) · 라인 4개 · 페어 [[5, 1], [6, 2]]
[각질편성] 오다와라 2경주: 선행4·선입0·추입5 → ⚡ 빠른 페이스
[경륜전개] 오다와라 2경주: 슬로우(단독 선행) · 라인 4개 · 페어 [[2, 7], [9, 1], [6, 4], [8, 3]]
[각질편성] 아오모리 4경주: 선행2·선입0·추입5 → 보통 페이스
[각질편성] 오다와라 2경주: 선행4·선입0·추입5 → ⚡ 빠른 페이스
[경륜전개] 아오모리 4경주: 슬로우(단독 선행) · 라인 2개 · 페어 [[2, 7], [4, 1]]
[각질편성] 사세보 3경주: 선행4·선입0·추입3 → ⚡ 빠른 페이스
[경륜전개] 오다와라 2경주: 슬로우(단독 선행) · 라인 4개 · 페어 [[2, 7], [9, 1], [6, 4], [8, 3]]
[경륜전개] 사세보 3경주: 하이(주도권 경합) · 라인 4개 · 페어 [[5, 1], [6, 2]]
[각질편성] 사세보 3경주: 선행4·선입0·추입3 → ⚡ 빠른 페이스
[경륜전개] 사세보 3경주: 하이(주도권 경합) · 라인 4개 · 페어 [[5, 1], [6, 2]]
[복승불일치 축교정] 아오모리 4경주: 축 [1, 4]로 교정(자금이탈 강등 [7]·🔴🔴)
[각질편성] 호후 4경주: 선행2·선입0·추입5 → 보통 페이스
[경륜전개] 호후 4경주: 보통 · 라인 2개 · 페어 [[2, 7], [3, 4]]
[각질편성] 아오모리 5경주: 선행2·선입0·추입5 → 보통 페이스
[경륜전개] 아오모리 5경주: 보통 · 라인 2개 · 페어 [[3, 4], [5, 1]]
[복승불일치 축교정] 아오모리 5경주: 축 [1, 3]로 교정(자금이탈 강등 [6]·🔴)
[각질편성] 호후 5경주: 선행3·선입0·추입4 → ⚡ 빠른 페이스
[경륜전개] 호후 5경주: 보통 · 라인 3개 · 페어 [[5, 1], [4, 2], [3, 7]]
[각질편성] 아오모리 6경주: 선행4·선입0·추입3 → ⚡ 빠른 페이스
[경륜전개] 아오모리 6경주: 하이(주도권 경합) · 라인 4개 · 페어 [[1, 3], [7, 4], [6, 2]]
[placeholder 필터] 호후 6경주 쌍승 껍데기 배당 3조합 제외(값: [300.2])
[각질편성] 호후 6경주: 선행5·선입0·추입2 → ⚡ 빠른 페이스
[경륜전개] 호후 6경주: 보통 · 라인 5개 · 페어 [[5, 1], [4, 2]]
[placeholder 필터] 아오모리 7경주 쌍승 껍데기 배당 3조합 제외(값: [1703.0])
[각질편성] 아오모리 7경주: 선행5·선입0·추입2 → ⚡ 빠른 페이스
[경륜전개] 아오모리 7경주: 슬로우(단독 선행) · 라인 5개 · 페어 [[4, 5], [3, 7]]
[각질편성] 호후 7경주: 선행5·선입0·추입2 → ⚡ 빠른 페이스
[경륜전개] 호후 7경주: 하이(주도권 경합) · 라인 5개 · 페어 [[5, 2], [3, 7]]
[결과기록] 캐시 갱신 — 재파싱 1건 / 전체 1666건
[각질편성] 사세보 1경주: 선행2·선입0·추입5 → 보통 페이스
[경륜전개] 사세보 1경주: 보통 · 라인 2개 · 페어 [[1, 5], [6, 2]]
[각질편성] 오다와라 1경주: 선행5·선입0·추입4 → ⚡ 빠른 페이스
[경륜전개] 오다와라 1경주: 보통 · 라인 5개 · 페어 [[1, 5], [7, 3]]
[각질편성] 사세보 3경주: 선행4·선입0·추입3 → ⚡ 빠른 페이스
[각질편성] 사세보 3경주: 선행4·선입0·추입3 → ⚡ 빠른 페이스
[경륜전개] 사세보 3경주: 하이(주도권 경합) · 라인 4개 · 페어 [[5, 1], [6, 2]]
[경륜전개] 사세보 3경주: 하이(주도권 경합) · 라인 4개 · 페어 [[5, 1], [6, 2]]
[각질편성] 기후 1경주: 선행2·선입0·추입5 → 보통 페이스
[경륜전개] 기후 1경주: 보통 · 라인 2개 · 페어 [[7, 3], [1, 4]]
[각질편성] 사세보 2경주: 선행2·선입0·추입5 → 보통 페이스
[경륜전개] 사세보 2경주: 보통 · 라인 2개 · 페어 [[7, 2], [5, 1]]
[복승불일치 축교정] 사세보 2경주: 축 [2, 7]로 교정(자금이탈 강등 [1]·🔴🔴)
[각질편성] 오다와라 2경주: 선행4·선입0·추입5 → ⚡ 빠른 페이스
[경륜전개] 오다와라 2경주: 슬로우(단독 선행) · 라인 4개 · 페어 [[2, 7], [9, 1], [6, 4], [8, 3]]
[각질편성] 기후 2경주: 선행3·선입0·추입4 → ⚡ 빠른 페이스
[경륜전개] 기후 2경주: 하이(주도권 경합) · 라인 3개 · 페어 [[3, 4], [7, 2], [6, 1]]
[복승불일치 축교정] 기후 2경주: 축 [3, 4]로 교정(자금이탈 강등 [6]·🔴🔴)
[각질편성] 사세보 3경주: 선행4·선입0·추입3 → ⚡ 빠른 페이스
[경륜전개] 사세보 3경주: 하이(주도권 경합) · 라인 4개 · 페어 [[5, 1], [6, 2]]
[각질편성] 오다와라 3경주: 선행3·선입0·추입6 → ⚡ 빠른 페이스
[경륜전개] 오다와라 3경주: 슬로우(단독 선행) · 라인 3개 · 페어 [[2, 8], [5, 1], [3, 9]]
[복승불일치 축교정] 오다와라 3경주: 축 [3, 9]로 교정(자금이탈 강등 [1]·🔴)
[경륜 추천 모순 수정] 고배당 강제조합 1건 메인→복병 이동(25배 상한)
[다중경주] 사세보 3경주: 사설(확장) 수집 활성(21초 전) → 복승은 사설 유지·서버 쌍승42/삼복승0 보완
[3종 수집] 오다와라 3경주: {'quinella': 36, 'exacta': 72, 'trio': 0, 'win': 0} (history 6)
[placeholder 필터] 오다와라 3경주 쌍승 껍데기 배당 3조합 제외(값: [363.9])
[각질편성] 오다와라 3경주: 선행3·선입0·추입6 → ⚡ 빠른 페이스
[경륜전개] 오다와라 3경주: 슬로우(단독 선행) · 라인 3개 · 페어 [[2, 8], [5, 1], [3, 9]]
[복승불일치 축교정] 오다와라 3경주: 축 [3, 9]로 교정(자금이탈 강등 [1]·🔴)
[경륜 추천 모순 수정] 고배당 강제조합 1건 메인→복병 이동(25배 상한)
[자동분석·배경] 오다와라 3경주: 마감 422초 전 재분석(rec_history 누적·cycle)
[placeholder 필터] 오다와라 3경주 쌍승 껍데기 배당 3조합 제외(값: [363.9])
[각질편성] 오다와라 3경주: 선행3·선입0·추입6 → ⚡ 빠른 페이스
[경륜전개] 오다와라 3경주: 슬로우(단독 선행) · 라인 3개 · 페어 [[2, 8], [5, 1], [3, 9]]
[복승불일치 축교정] 오다와라 3경주: 축 [3, 9]로 교정(자금이탈 강등 [1]·🔴)
[경륜 추천 모순 수정] 고배당 강제조합 1건 메인→복병 이동(25배 상한)
[카카오알림] 오다와라 3경주 T-7 → 큐 적재
[각질편성] 사세보 3경주: 선행4·선입0·추입3 → ⚡ 빠른 페이스
[경륜전개] 사세보 3경주: 하이(주도권 경합) · 라인 4개 · 페어 [[5, 1], [6, 2]]
[3종 수집] 사세보 3경주: {'quinella': 21, 'exacta': 0, 'trio': 0, 'win': 0} (history 6)
[각질편성] 사세보 3경주: 선행4·선입0·추입3 → ⚡ 빠른 페이스
[경륜전개] 사세보 3경주: 하이(주도권 경합) · 라인 4개 · 페어 [[5, 1], [6, 2]]
[각질편성] 사세보 3경주: 선행4·선입0·추입3 → ⚡ 빠른 페이스
[경륜전개] 사세보 3경주: 하이(주도권 경합) · 라인 4개 · 페어 [[5, 1], [6, 2]]
[각질편성] 사세보 3경주: 선행4·선입0·추입3 → ⚡ 빠른 페이스
[경륜전개] 사세보 3경주: 하이(주도권 경합) · 라인 4개 · 페어 [[5, 1], [6, 2]]
[각질편성] 사세보 3경주: 선행4·선입0·추입3 → ⚡ 빠른 페이스
[각질편성] 사세보 3경주: 선행4·선입0·추입3 → ⚡ 빠른 페이스
[경륜전개] 사세보 3경주: 하이(주도권 경합) · 라인 4개 · 페어 [[5, 1], [6, 2]]
[경륜전개] 사세보 3경주: 하이(주도권 경합) · 라인 4개 · 페어 [[5, 1], [6, 2]]
[3종 수집] 오다와라 3경주: {'quinella': 36, 'exacta': 72, 'trio': 0, 'win': 0} (history 7)
[placeholder 필터] 오다와라 3경주 쌍승 껍데기 배당 3조합 제외(값: [363.9])
[각질편성] 오다와라 3경주: 선행3·선입0·추입6 → ⚡ 빠른 페이스
[경륜전개] 오다와라 3경주: 슬로우(단독 선행) · 라인 3개 · 페어 [[2, 8], [5, 1], [3, 9]]
[복승불일치 축교정] 오다와라 3경주: 축 [3, 9]로 교정(자금이탈 강등 [1]·🔴)
[경륜 추천 모순 수정] 고배당 강제조합 1건 메인→복병 이동(25배 상한)
[자동분석·배경] 오다와라 3경주: 마감 389초 전 재분석(rec_history 누적·cycle)
[각질편성] 사세보 3경주: 선행4·선입0·추입3 → ⚡ 빠른 페이스
[경륜전개] 사세보 3경주: 하이(주도권 경합) · 라인 4개 · 페어 [[5, 1], [6, 2]]
[각질편성] 사세보 3경주: 선행4·선입0·추입3 → ⚡ 빠른 페이스
[경륜전개] 사세보 3경주: 하이(주도권 경합) · 라인 4개 · 페어 [[5, 1], [6, 2]]
[각질편성] 오다와라 2경주: 선행4·선입0·추입5 → ⚡ 빠른 페이스
[경륜전개] 오다와라 2경주: 슬로우(단독 선행) · 라인 4개 · 페어 [[2, 7], [9, 1], [6, 4], [8, 3]]
[각질편성] 아오모리 4경주: 선행2·선입0·추입5 → 보통 페이스
[각질편성] 오다와라 2경주: 선행4·선입0·추입5 → ⚡ 빠른 페이스
[경륜전개] 아오모리 4경주: 슬로우(단독 선행) · 라인 2개 · 페어 [[2, 7], [4, 1]]
[경륜전개] 오다와라 2경주: 슬로우(단독 선행) · 라인 4개 · 페어 [[2, 7], [9, 1], [6, 4], [8, 3]]
[복승불일치 축교정] 아오모리 4경주: 축 [1, 4]로 교정(자금이탈 강등 [7]·🔴🔴)
[각질편성] 사세보 3경주: 선행4·선입0·추입3 → ⚡ 빠른 페이스
[각질편성] 사세보 3경주: 선행4·선입0·추입3 → ⚡ 빠른 페이스
[경륜전개] 사세보 3경주: 하이(주도권 경합) · 라인 4개 · 페어 [[5, 1], [6, 2]]
[경륜전개] 사세보 3경주: 하이(주도권 경합) · 라인 4개 · 페어 [[5, 1], [6, 2]]
[3종 수집] 사세보 3경주: {'quinella': 21, 'exacta': 0, 'trio': 0, 'win': 0} (history 7)
[각질편성] 호후 4경주: 선행2·선입0·추입5 → 보통 페이스
[경륜전개] 호후 4경주: 보통 · 라인 2개 · 페어 [[2, 7], [3, 4]]
[각질편성] 사세보 3경주: 선행4·선입0·추입3 → ⚡ 빠른 페이스
[경륜전개] 사세보 3경주: 하이(주도권 경합) · 라인 4개 · 페어 [[5, 1], [6, 2]]
[각질편성] 아오모리 5경주: 선행2·선입0·추입5 → 보통 페이스
[경륜전개] 아오모리 5경주: 보통 · 라인 2개 · 페어 [[3, 4], [5, 1]]
[복승불일치 축교정] 아오모리 5경주: 축 [1, 3]로 교정(자금이탈 강등 [6]·🔴)
[각질편성] 호후 5경주: 선행3·선입0·추입4 → ⚡ 빠른 페이스
[경륜전개] 호후 5경주: 보통 · 라인 3개 · 페어 [[5, 1], [4, 2], [3, 7]]
[각질편성] 아오모리 6경주: 선행4·선입0·추입3 → ⚡ 빠른 페이스
[경륜전개] 아오모리 6경주: 하이(주도권 경합) · 라인 4개 · 페어 [[1, 3], [7, 4], [6, 2]]
[placeholder 필터] 호후 6경주 쌍승 껍데기 배당 3조합 제외(값: [300.2])
[각질편성] 호후 6경주: 선행5·선입0·추입2 → ⚡ 빠른 페이스
[경륜전개] 호후 6경주: 보통 · 라인 5개 · 페어 [[5, 1], [4, 2]]
[placeholder 필터] 아오모리 7경주 쌍승 껍데기 배당 3조합 제외(값: [1703.0])
[각질편성] 아오모리 7경주: 선행5·선입0·추입2 → ⚡ 빠른 페이스
[경륜전개] 아오모리 7경주: 슬로우(단독 선행) · 라인 5개 · 페어 [[4, 5], [3, 7]]
[각질편성] 호후 7경주: 선행5·선입0·추입2 → ⚡ 빠른 페이스
[경륜전개] 호후 7경주: 하이(주도권 경합) · 라인 5개 · 페어 [[5, 2], [3, 7]]
[결과기록] 캐시 갱신 — 재파싱 1건 / 전체 1666건
[각질편성] 사세보 1경주: 선행2·선입0·추입5 → 보통 페이스
[경륜전개] 사세보 1경주: 보통 · 라인 2개 · 페어 [[1, 5], [6, 2]]
[각질편성] 사세보 3경주: 선행4·선입0·추입3 → ⚡ 빠른 페이스
[경륜전개] 사세보 3경주: 하이(주도권 경합) · 라인 4개 · 페어 [[5, 1], [6, 2]]
[각질편성] 오다와라 1경주: 선행5·선입0·추입4 → ⚡ 빠른 페이스
[경륜전개] 오다와라 1경주: 보통 · 라인 5개 · 페어 [[1, 5], [7, 3]]
[각질편성] 기후 1경주: 선행2·선입0·추입5 → 보통 페이스
[경륜전개] 기후 1경주: 보통 · 라인 2개 · 페어 [[7, 3], [1, 4]]
[각질편성] 사세보 2경주: 선행2·선입0·추입5 → 보통 페이스
[경륜전개] 사세보 2경주: 보통 · 라인 2개 · 페어 [[7, 2], [5, 1]]
[복승불일치 축교정] 사세보 2경주: 축 [2, 7]로 교정(자금이탈 강등 [1]·🔴🔴)
[각질편성] 오다와라 2경주: 선행4·선입0·추입5 → ⚡ 빠른 페이스
[경륜전개] 오다와라 2경주: 슬로우(단독 선행) · 라인 4개 · 페어 [[2, 7], [9, 1], [6, 4], [8, 3]]
[각질편성] 기후 2경주: 선행3·선입0·추입4 → ⚡ 빠른 페이스
[경륜전개] 기후 2경주: 하이(주도권 경합) · 라인 3개 · 페어 [[3, 4], [7, 2], [6, 1]]
[복승불일치 축교정] 기후 2경주: 축 [3, 4]로 교정(자금이탈 강등 [6]·🔴🔴)
[각질편성] 사세보 3경주: 선행4·선입0·추입3 → ⚡ 빠른 페이스
[경륜전개] 사세보 3경주: 하이(주도권 경합) · 라인 4개 · 페어 [[5, 1], [6, 2]]
[placeholder 필터] 오다와라 3경주 쌍승 껍데기 배당 3조합 제외(값: [363.9])
[각질편성] 오다와라 3경주: 선행3·선입0·추입6 → ⚡ 빠른 페이스
[경륜전개] 오다와라 3경주: 슬로우(단독 선행) · 라인 3개 · 페어 [[2, 8], [5, 1], [3, 9]]
[복승불일치 축교정] 오다와라 3경주: 축 [3, 9]로 교정(자금이탈 강등 [1]·🔴)
[경륜 추천 모순 수정] 고배당 강제조합 1건 메인→복병 이동(25배 상한)
[각질편성] 사세보 3경주: 선행4·선입0·추입3 → ⚡ 빠른 페이스
[경륜전개] 사세보 3경주: 하이(주도권 경합) · 라인 4개 · 페어 [[5, 1], [6, 2]]
[각질편성] 사세보 3경주: 선행4·선입0·추입3 → ⚡ 빠른 페이스
[경륜전개] 사세보 3경주: 하이(주도권 경합) · 라인 4개 · 페어 [[5, 1], [6, 2]]
[다중경주] 하트비트 #31 · 스케줄 ymd=20260801 (-1초 전 갱신 · 트랙 12개)
[3종 수집] 오다와라 3경주: {'quinella': 36, 'exacta': 72, 'trio': 0, 'win': 0} (history 8)
[placeholder 필터] 오다와라 3경주 쌍승 껍데기 배당 3조합 제외(값: [363.9])
[각질편성] 오다와라 3경주: 선행3·선입0·추입6 → ⚡ 빠른 페이스
[경륜전개] 오다와라 3경주: 슬로우(단독 선행) · 라인 3개 · 페어 [[2, 8], [5, 1], [3, 9]]
[복승불일치 축교정] 오다와라 3경주: 축 [3, 9]로 교정(자금이탈 강등 [1]·🔴)
[경륜 추천 모순 수정] 고배당 강제조합 1건 메인→복병 이동(25배 상한)
[자동분석·배경] 오다와라 3경주: 마감 356초 전 재분석(rec_history 누적·cycle)
[각질편성] 사세보 3경주: 선행4·선입0·추입3 → ⚡ 빠른 페이스
[경륜전개] 사세보 3경주: 하이(주도권 경합) · 라인 4개 · 페어 [[5, 1], [6, 2]]
[3종 수집] 사세보 3경주: {'quinella': 21, 'exacta': 0, 'trio': 0, 'win': 0} (history 8)
[각질편성] 사세보 3경주: 선행4·선입0·추입3 → ⚡ 빠른 페이스
[경륜전개] 사세보 3경주: 하이(주도권 경합) · 라인 4개 · 페어 [[5, 1], [6, 2]]
[각질편성] 사세보 3경주: 선행4·선입0·추입3 → ⚡ 빠른 페이스
[경륜전개] 사세보 3경주: 하이(주도권 경합) · 라인 4개 · 페어 [[5, 1], [6, 2]]
[각질편성] 사세보 3경주: 선행4·선입0·추입3 → ⚡ 빠른 페이스
[각질편성] 사세보 3경주: 선행4·선입0·추입3 → ⚡ 빠른 페이스
[경륜전개] 사세보 3경주: 하이(주도권 경합) · 라인 4개 · 페어 [[5, 1], [6, 2]]
[경륜전개] 사세보 3경주: 하이(주도권 경합) · 라인 4개 · 페어 [[5, 1], [6, 2]]
[3종 수집] 오다와라 3경주: {'quinella': 36, 'exacta': 72, 'trio': 0, 'win': 0} (history 9)
[placeholder 필터] 오다와라 3경주 쌍승 껍데기 배당 3조합 제외(값: [477.7])
[각질편성] 오다와라 3경주: 선행3·선입0·추입6 → ⚡ 빠른 페이스
[경륜전개] 오다와라 3경주: 슬로우(단독 선행) · 라인 3개 · 페어 [[2, 8], [5, 1], [3, 9]]
[복승불일치 축교정] 오다와라 3경주: 축 [3, 9]로 교정(자금이탈 강등 [1]·🔴)
[경륜 추천 모순 수정] 고배당 강제조합 1건 메인→복병 이동(25배 상한)
[자동분석·배경] 오다와라 3경주: 마감 324초 전 재분석(rec_history 누적·cycle)
[placeholder 필터] 오다와라 3경주 쌍승 껍데기 배당 3조합 제외(값: [477.7])
[각질편성] 오다와라 3경주: 선행3·선입0·추입6 → ⚡ 빠른 페이스
[경륜전개] 오다와라 3경주: 슬로우(단독 선행) · 라인 3개 · 페어 [[2, 8], [5, 1], [3, 9]]
[복승불일치 축교정] 오다와라 3경주: 축 [3, 9]로 교정(자금이탈 강등 [1]·🔴)
[경륜 추천 모순 수정] 고배당 강제조합 1건 메인→복병 이동(25배 상한)
[카카오알림] 오다와라 3경주 T-5 → 큐 적재
[각질편성] 사세보 3경주: 선행4·선입0·추입3 → ⚡ 빠른 페이스
[경륜전개] 사세보 3경주: 하이(주도권 경합) · 라인 4개 · 페어 [[5, 1], [6, 2]]
[각질편성] 오다와라 2경주: 선행4·선입0·추입5 → ⚡ 빠른 페이스
[경륜전개] 오다와라 2경주: 슬로우(단독 선행) · 라인 4개 · 페어 [[2, 7], [9, 1], [6, 4], [8, 3]]
[각질편성] 오다와라 2경주: 선행4·선입0·추입5 → ⚡ 빠른 페이스
[경륜전개] 오다와라 2경주: 슬로우(단독 선행) · 라인 4개 · 페어 [[2, 7], [9, 1], [6, 4], [8, 3]]
[각질편성] 아오모리 4경주: 선행2·선입0·추입5 → 보통 페이스
[각질편성] 사세보 3경주: 선행4·선입0·추입3 → ⚡ 빠른 페이스
[경륜전개] 아오모리 4경주: 슬로우(단독 선행) · 라인 2개 · 페어 [[2, 7], [4, 1]]
[경륜전개] 사세보 3경주: 하이(주도권 경합) · 라인 4개 · 페어 [[5, 1], [6, 2]]
[각질편성] 사세보 3경주: 선행4·선입0·추입3 → ⚡ 빠른 페이스
[복승불일치 축교정] 아오모리 4경주: 축 [1, 4]로 교정(자금이탈 강등 [7]·🔴🔴)
[경륜전개] 사세보 3경주: 하이(주도권 경합) · 라인 4개 · 페어 [[5, 1], [6, 2]]
[3종 수집] 사세보 3경주: {'quinella': 21, 'exacta': 0, 'trio': 0, 'win': 0} (history 9)
[각질편성] 호후 4경주: 선행2·선입0·추입5 → 보통 페이스
[경륜전개] 호후 4경주: 보통 · 라인 2개 · 페어 [[2, 7], [3, 4]]
[각질편성] 사세보 3경주: 선행4·선입0·추입3 → ⚡ 빠른 페이스
[경륜전개] 사세보 3경주: 하이(주도권 경합) · 라인 4개 · 페어 [[5, 1], [6, 2]]
[각질편성] 아오모리 5경주: 선행2·선입0·추입5 → 보통 페이스
[경륜전개] 아오모리 5경주: 보통 · 라인 2개 · 페어 [[3, 4], [5, 1]]
[복승불일치 축교정] 아오모리 5경주: 축 [1, 3]로 교정(자금이탈 강등 [6]·🔴)
[각질편성] 호후 5경주: 선행3·선입0·추입4 → ⚡ 빠른 페이스
[경륜전개] 호후 5경주: 보통 · 라인 3개 · 페어 [[5, 1], [4, 2], [3, 7]]
[각질편성] 아오모리 6경주: 선행4·선입0·추입3 → ⚡ 빠른 페이스
[경륜전개] 아오모리 6경주: 하이(주도권 경합) · 라인 4개 · 페어 [[1, 3], [7, 4], [6, 2]]
[placeholder 필터] 호후 6경주 쌍승 껍데기 배당 3조합 제외(값: [300.2])
[각질편성] 호후 6경주: 선행5·선입0·추입2 → ⚡ 빠른 페이스
[경륜전개] 호후 6경주: 보통 · 라인 5개 · 페어 [[5, 1], [4, 2]]
[placeholder 필터] 아오모리 7경주 쌍승 껍데기 배당 3조합 제외(값: [1703.0])
[각질편성] 아오모리 7경주: 선행5·선입0·추입2 → ⚡ 빠른 페이스
[경륜전개] 아오모리 7경주: 슬로우(단독 선행) · 라인 5개 · 페어 [[4, 5], [3, 7]]
[각질편성] 호후 7경주: 선행5·선입0·추입2 → ⚡ 빠른 페이스
[경륜전개] 호후 7경주: 하이(주도권 경합) · 라인 5개 · 페어 [[5, 2], [3, 7]]
[결과기록] 캐시 갱신 — 재파싱 1건 / 전체 1666건
[각질편성] 사세보 1경주: 선행2·선입0·추입5 → 보통 페이스
[경륜전개] 사세보 1경주: 보통 · 라인 2개 · 페어 [[1, 5], [6, 2]]
[각질편성] 사세보 3경주: 선행4·선입0·추입3 → ⚡ 빠른 페이스
[경륜전개] 사세보 3경주: 하이(주도권 경합) · 라인 4개 · 페어 [[5, 1], [6, 2]]
[각질편성] 오다와라 1경주: 선행5·선입0·추입4 → ⚡ 빠른 페이스
[경륜전개] 오다와라 1경주: 보통 · 라인 5개 · 페어 [[1, 5], [7, 3]]
[각질편성] 기후 1경주: 선행2·선입0·추입5 → 보통 페이스
[경륜전개] 기후 1경주: 보통 · 라인 2개 · 페어 [[7, 3], [1, 4]]
[각질편성] 사세보 2경주: 선행2·선입0·추입5 → 보통 페이스
[경륜전개] 사세보 2경주: 보통 · 라인 2개 · 페어 [[7, 2], [5, 1]]
[복승불일치 축교정] 사세보 2경주: 축 [2, 7]로 교정(자금이탈 강등 [1]·🔴🔴)
[각질편성] 오다와라 2경주: 선행4·선입0·추입5 → ⚡ 빠른 페이스
[경륜전개] 오다와라 2경주: 슬로우(단독 선행) · 라인 4개 · 페어 [[2, 7], [9, 1], [6, 4], [8, 3]]
[각질편성] 기후 2경주: 선행3·선입0·추입4 → ⚡ 빠른 페이스
[경륜전개] 기후 2경주: 하이(주도권 경합) · 라인 3개 · 페어 [[3, 4], [7, 2], [6, 1]]
[복승불일치 축교정] 기후 2경주: 축 [3, 4]로 교정(자금이탈 강등 [6]·🔴🔴)
[각질편성] 사세보 3경주: 선행4·선입0·추입3 → ⚡ 빠른 페이스
[경륜전개] 사세보 3경주: 하이(주도권 경합) · 라인 4개 · 페어 [[5, 1], [6, 2]]
[placeholder 필터] 오다와라 3경주 쌍승 껍데기 배당 3조합 제외(값: [477.7])
[각질편성] 오다와라 3경주: 선행3·선입0·추입6 → ⚡ 빠른 페이스
[경륜전개] 오다와라 3경주: 슬로우(단독 선행) · 라인 3개 · 페어 [[2, 8], [5, 1], [3, 9]]
[복승불일치 축교정] 오다와라 3경주: 축 [3, 9]로 교정(자금이탈 강등 [1]·🔴)
[경륜 추천 모순 수정] 고배당 강제조합 1건 메인→복병 이동(25배 상한)
[각질편성] 사세보 3경주: 선행4·선입0·추입3 → ⚡ 빠른 페이스
[경륜전개] 사세보 3경주: 하이(주도권 경합) · 라인 4개 · 페어 [[5, 1], [6, 2]]
[각질편성] 사세보 3경주: 선행4·선입0·추입3 → ⚡ 빠른 페이스
[경륜전개] 사세보 3경주: 하이(주도권 경합) · 라인 4개 · 페어 [[5, 1], [6, 2]]
[3종 수집] 오다와라 3경주: {'quinella': 36, 'exacta': 72, 'trio': 0, 'win': 0} (history 10)
[각질편성] 오다와라 3경주: 선행3·선입0·추입6 → ⚡ 빠른 페이스
[경륜전개] 오다와라 3경주: 슬로우(단독 선행) · 라인 3개 · 페어 [[2, 8], [5, 1], [3, 9]]
[복승불일치 축교정] 오다와라 3경주: 축 [3, 9]로 교정(자금이탈 강등 [1]·🔴)
[경륜 추천 모순 수정] 고배당 강제조합 1건 메인→복병 이동(25배 상한)
[자동예상] 오다와라 3경주 최종예상 저장(2026_08_01_오다와라_3경주.json)
[각질편성] 오다와라 3경주: 선행3·선입0·추입6 → ⚡ 빠른 페이스
[경륜전개] 오다와라 3경주: 슬로우(단독 선행) · 라인 3개 · 페어 [[2, 8], [5, 1], [3, 9]]
[복승불일치 축교정] 오다와라 3경주: 축 [3, 9]로 교정(자금이탈 강등 [1]·🔴)
[경륜 추천 모순 수정] 고배당 강제조합 1건 메인→복병 이동(25배 상한)
[자동분석·배경] 오다와라 3경주: 마감 291초 전 재분석(rec_history 누적·cycle)
[각질편성] 사세보 3경주: 선행4·선입0·추입3 → ⚡ 빠른 페이스
[경륜전개] 사세보 3경주: 하이(주도권 경합) · 라인 4개 · 페어 [[5, 1], [6, 2]]
[3종 수집] 사세보 3경주: {'quinella': 21, 'exacta': 0, 'trio': 0, 'win': 0} (history 10)
[각질편성] 사세보 3경주: 선행4·선입0·추입3 → ⚡ 빠른 페이스
[경륜전개] 사세보 3경주: 하이(주도권 경합) · 라인 4개 · 페어 [[5, 1], [6, 2]]
[각질편성] 사세보 3경주: 선행4·선입0·추입3 → ⚡ 빠른 페이스
[경륜전개] 사세보 3경주: 하이(주도권 경합) · 라인 4개 · 페어 [[5, 1], [6, 2]]
[각질편성] 사세보 3경주: 선행4·선입0·추입3 → ⚡ 빠른 페이스
[각질편성] 사세보 3경주: 선행4·선입0·추입3 → ⚡ 빠른 페이스
[경륜전개] 사세보 3경주: 하이(주도권 경합) · 라인 4개 · 페어 [[5, 1], [6, 2]]
[경륜전개] 사세보 3경주: 하이(주도권 경합) · 라인 4개 · 페어 [[5, 1], [6, 2]]
[3종 수집] 사세보 3경주: {'quinella': 21, 'exacta': 0, 'trio': 0, 'win': 0} (history 11)
[각질편성] 사세보 3경주: 선행4·선입0·추입3 → ⚡ 빠른 페이스
[경륜전개] 사세보 3경주: 하이(주도권 경합) · 라인 4개 · 페어 [[5, 1], [6, 2]]
[3종 수집] 오다와라 3경주: {'quinella': 36, 'exacta': 72, 'trio': 0, 'win': 0} (history 11)
[각질편성] 사세보 3경주: 선행4·선입0·추입3 → ⚡ 빠른 페이스
[경륜전개] 사세보 3경주: 하이(주도권 경합) · 라인 4개 · 페어 [[5, 1], [6, 2]]
[placeholder 필터] 오다와라 3경주 쌍승 껍데기 배당 3조합 제외(값: [331.9])
[각질편성] 오다와라 3경주: 선행3·선입0·추입6 → ⚡ 빠른 페이스
[경륜전개] 오다와라 3경주: 슬로우(단독 선행) · 라인 3개 · 페어 [[2, 8], [5, 1], [3, 9]]
[복승불일치 축교정] 오다와라 3경주: 축 [3, 9]로 교정(자금이탈 강등 [1]·🔴)
[경륜 추천 모순 수정] 고배당 강제조합 1건 메인→복병 이동(25배 상한)
[자동분석·배경] 오다와라 3경주: 마감 259초 전 재분석(rec_history 누적·cycle)
[카톡 변경알림·즉시] 오다와라 3경주 (남은 259s): 삼복승 제외: 3+4+9 · 3+8+9
[각질편성] 오다와라 2경주: 선행4·선입0·추입5 → ⚡ 빠른 페이스
[각질편성] 오다와라 2경주: 선행4·선입0·추입5 → ⚡ 빠른 페이스
[경륜전개] 오다와라 2경주: 슬로우(단독 선행) · 라인 4개 · 페어 [[2, 7], [9, 1], [6, 4], [8, 3]]
[경륜전개] 오다와라 2경주: 슬로우(단독 선행) · 라인 4개 · 페어 [[2, 7], [9, 1], [6, 4], [8, 3]]
[각질편성] 아오모리 4경주: 선행2·선입0·추입5 → 보통 페이스
[경륜전개] 아오모리 4경주: 슬로우(단독 선행) · 라인 2개 · 페어 [[2, 7], [4, 1]]
[각질편성] 사세보 3경주: 선행4·선입0·추입3 → ⚡ 빠른 페이스
[경륜전개] 사세보 3경주: 하이(주도권 경합) · 라인 4개 · 페어 [[5, 1], [6, 2]]
[각질편성] 사세보 3경주: 선행4·선입0·추입3 → ⚡ 빠른 페이스
[복승불일치 축교정] 아오모리 4경주: 축 [1, 4]로 교정(자금이탈 강등 [7]·🔴🔴)
[경륜전개] 사세보 3경주: 하이(주도권 경합) · 라인 4개 · 페어 [[5, 1], [6, 2]]
[각질편성] 호후 4경주: 선행2·선입0·추입5 → 보통 페이스
[경륜전개] 호후 4경주: 보통 · 라인 2개 · 페어 [[2, 7], [3, 4]]
[각질편성] 아오모리 5경주: 선행2·선입0·추입5 → 보통 페이스
[경륜전개] 아오모리 5경주: 보통 · 라인 2개 · 페어 [[3, 4], [5, 1]]
[복승불일치 축교정] 아오모리 5경주: 축 [1, 3]로 교정(자금이탈 강등 [6]·🔴)
[각질편성] 호후 5경주: 선행3·선입0·추입4 → ⚡ 빠른 페이스
[경륜전개] 호후 5경주: 보통 · 라인 3개 · 페어 [[5, 1], [4, 2], [3, 7]]
[각질편성] 아오모리 6경주: 선행4·선입0·추입3 → ⚡ 빠른 페이스
[경륜전개] 아오모리 6경주: 하이(주도권 경합) · 라인 4개 · 페어 [[1, 3], [7, 4], [6, 2]]
[placeholder 필터] 호후 6경주 쌍승 껍데기 배당 3조합 제외(값: [300.2])
[각질편성] 호후 6경주: 선행5·선입0·추입2 → ⚡ 빠른 페이스
[경륜전개] 호후 6경주: 보통 · 라인 5개 · 페어 [[5, 1], [4, 2]]
[placeholder 필터] 아오모리 7경주 쌍승 껍데기 배당 3조합 제외(값: [1703.0])
[각질편성] 아오모리 7경주: 선행5·선입0·추입2 → ⚡ 빠른 페이스
[경륜전개] 아오모리 7경주: 슬로우(단독 선행) · 라인 5개 · 페어 [[4, 5], [3, 7]]
[각질편성] 호후 7경주: 선행5·선입0·추입2 → ⚡ 빠른 페이스
[경륜전개] 호후 7경주: 하이(주도권 경합) · 라인 5개 · 페어 [[5, 2], [3, 7]]
[각질편성] 사세보 1경주: 선행2·선입0·추입5 → 보통 페이스
[경륜전개] 사세보 1경주: 보통 · 라인 2개 · 페어 [[1, 5], [6, 2]]
[결과기록] 캐시 갱신 — 재파싱 1건 / 전체 1666건
[각질편성] 오다와라 1경주: 선행5·선입0·추입4 → ⚡ 빠른 페이스
[경륜전개] 오다와라 1경주: 보통 · 라인 5개 · 페어 [[1, 5], [7, 3]]
[각질편성] 사세보 3경주: 선행4·선입0·추입3 → ⚡ 빠른 페이스
[경륜전개] 사세보 3경주: 하이(주도권 경합) · 라인 4개 · 페어 [[5, 1], [6, 2]]
[각질편성] 기후 1경주: 선행2·선입0·추입5 → 보통 페이스
[경륜전개] 기후 1경주: 보통 · 라인 2개 · 페어 [[7, 3], [1, 4]]
[각질편성] 사세보 2경주: 선행2·선입0·추입5 → 보통 페이스
[경륜전개] 사세보 2경주: 보통 · 라인 2개 · 페어 [[7, 2], [5, 1]]
[복승불일치 축교정] 사세보 2경주: 축 [2, 7]로 교정(자금이탈 강등 [1]·🔴🔴)
[각질편성] 오다와라 2경주: 선행4·선입0·추입5 → ⚡ 빠른 페이스
[경륜전개] 오다와라 2경주: 슬로우(단독 선행) · 라인 4개 · 페어 [[2, 7], [9, 1], [6, 4], [8, 3]]
[각질편성] 기후 2경주: 선행3·선입0·추입4 → ⚡ 빠른 페이스
[경륜전개] 기후 2경주: 하이(주도권 경합) · 라인 3개 · 페어 [[3, 4], [7, 2], [6, 1]]
[복승불일치 축교정] 기후 2경주: 축 [3, 4]로 교정(자금이탈 강등 [6]·🔴🔴)
[각질편성] 사세보 3경주: 선행4·선입0·추입3 → ⚡ 빠른 페이스
[경륜전개] 사세보 3경주: 하이(주도권 경합) · 라인 4개 · 페어 [[5, 1], [6, 2]]
[placeholder 필터] 오다와라 3경주 쌍승 껍데기 배당 3조합 제외(값: [331.9])
[각질편성] 오다와라 3경주: 선행3·선입0·추입6 → ⚡ 빠른 페이스
[경륜전개] 오다와라 3경주: 슬로우(단독 선행) · 라인 3개 · 페어 [[2, 8], [5, 1], [3, 9]]
[복승불일치 축교정] 오다와라 3경주: 축 [3, 9]로 교정(자금이탈 강등 [1]·🔴)
[경륜 추천 모순 수정] 고배당 강제조합 1건 메인→복병 이동(25배 상한)
[각질편성] 사세보 3경주: 선행4·선입0·추입3 → ⚡ 빠른 페이스
[경륜전개] 사세보 3경주: 하이(주도권 경합) · 라인 4개 · 페어 [[5, 1], [6, 2]]
[각질편성] 사세보 3경주: 선행4·선입0·추입3 → ⚡ 빠른 페이스
[경륜전개] 사세보 3경주: 하이(주도권 경합) · 라인 4개 · 페어 [[5, 1], [6, 2]]
[각질편성] 사세보 3경주: 선행4·선입0·추입3 → ⚡ 빠른 페이스
[경륜전개] 사세보 3경주: 하이(주도권 경합) · 라인 4개 · 페어 [[5, 1], [6, 2]]
[각질편성] 사세보 3경주: 선행4·선입0·추입3 → ⚡ 빠른 페이스
[각질편성] 사세보 3경주: 선행4·선입0·추입3 → ⚡ 빠른 페이스
[경륜전개] 사세보 3경주: 하이(주도권 경합) · 라인 4개 · 페어 [[5, 1], [6, 2]]
[경륜전개] 사세보 3경주: 하이(주도권 경합) · 라인 4개 · 페어 [[5, 1], [6, 2]]
[3종 수집] 오다와라 3경주: {'quinella': 36, 'exacta': 72, 'trio': 0, 'win': 0} (history 12)
[placeholder 필터] 오다와라 3경주 쌍승 껍데기 배당 3조합 제외(값: [331.9])
[각질편성] 오다와라 3경주: 선행3·선입0·추입6 → ⚡ 빠른 페이스
[경륜전개] 오다와라 3경주: 슬로우(단독 선행) · 라인 3개 · 페어 [[2, 8], [5, 1], [3, 9]]
[복승불일치 축교정] 오다와라 3경주: 축 [3, 9]로 교정(자금이탈 강등 [1]·🔴)
[경륜 추천 모순 수정] 고배당 강제조합 1건 메인→복병 이동(25배 상한)
[자동분석·배경] 오다와라 3경주: 마감 227초 전 재분석(rec_history 누적·cycle)
[각질편성] 사세보 3경주: 선행4·선입0·추입3 → ⚡ 빠른 페이스
[경륜전개] 사세보 3경주: 하이(주도권 경합) · 라인 4개 · 페어 [[5, 1], [6, 2]]
[각질편성] 사세보 3경주: 선행4·선입0·추입3 → ⚡ 빠른 페이스
[경륜전개] 사세보 3경주: 하이(주도권 경합) · 라인 4개 · 페어 [[5, 1], [6, 2]]
[3종 수집] 사세보 3경주: {'quinella': 21, 'exacta': 0, 'trio': 0, 'win': 0} (history 12)
[각질편성] 사세보 3경주: 선행4·선입0·추입3 → ⚡ 빠른 페이스
[경륜전개] 사세보 3경주: 하이(주도권 경합) · 라인 4개 · 페어 [[5, 1], [6, 2]]
